actual,predicted
2.079441541679836,2.7031476285928946
0.0,-0.3838548101374557
0.6931471805599453,3.4304422629575653
0.0,-0.2570254263945926
0.0,-0.29727653134253185
0.0,-0.5381593465278067
0.0,-0.43128464003624867
3.5263605246161616,3.3520694753247193
0.6931471805599453,2.7399093240864127
4.465908118654584,2.9335922931825658
3.970291913552122,2.8531521384622307
2.639057329615259,2.7841195838457047
1.0986122886681096,2.778348106416763
2.19722457733622,2.9554003768740085
0.6931471805599453,2.855824849701645
0.0,0.543234376466756
0.0,0.3404374969188819
3.6635616461296463,3.2428839273951846
3.9318256327243257,3.203021163572024
0.0,0.41975438149591415
0.0,-0.2220415886759275
4.68213122712422,2.9319967025333376
1.9459101490553128,2.4632199662606413
1.6094379124341005,3.0524379707812326
0.0,0.42882846793180796
0.0,-0.09027902580432379
0.6931471805599453,2.21997488868736
4.442651256490317,3.4841626486702912
1.0986122886681096,2.5378472117352295
4.219507705176107,3.269082913570939
0.0,-0.19140368567622534
0.0,-0.10192315267003815
1.791759469228055,2.659928201587147
0.0,0.17477973567050653
2.4849066497880004,3.3148121619079514
0.0,0.4615881773388981
4.941642422609304,3.268251296408273
0.0,0.6976166700253887
0.0,0.17276526794957947
0.6931471805599453,2.4720210867846326
0.0,-0.1327934721417796
0.0,0.038191594601933776
0.0,-0.2018099363059802
0.0,0.19623321288839612
4.727387818712341,2.779295283227368
1.0986122886681096,2.610417934567441
0.0,-0.01125568699208812
1.3862943611198906,2.9224118941972392
1.0986122886681096,3.0623747485430175
4.219507705176107,2.7002733176348883
0.0,0.05642879686571489
0.6931471805599453,2.4606121487088064
3.951243718581428,3.062496308533915
3.218875824868201,3.1301952570770157
0.0,0.31809296037128787
3.9889840465642745,3.357967992985085
1.0986122886681096,3.1239521273564295
2.19722457733622,2.070023448317167
0.0,-0.4242951424816921
0.0,-0.18053167985863539
4.969813299576001,3.258896575753767
4.882801922586371,3.2459982449031815
1.0986122886681096,2.6780449632087024
4.882801922586371,3.133793553680891
3.4339872044851463,2.983067170791159
0.0,-0.1781445437788438
3.9318256327243257,3.191486793743417
0.0,-0.06609865230087464
0.6931471805599453,3.3239222028100444
0.6931471805599453,2.3508164086688934
0.0,0.5418060886226566
3.737669618283368,2.9348587280512954
4.672828834461906,2.8253994459099365
0.0,0.6843308632924339
4.6443908991413725,3.1320272243742
0.0,-0.0323984984280139
4.248495242049359,3.055686830542834
0.0,-0.04168895827428187
1.0986122886681096,2.5858761780523047
0.0,-0.743915169687297
0.0,1.1757951294544076
0.0,-0.13835993679640146
0.0,-0.46589666980864974
2.3978952727983707,2.940685182314698
0.0,-0.46063287085913274
0.0,-0.28122833165833283
2.639057329615259,2.8064154728613433
1.0986122886681096,2.585035172271909
0.0,-0.12215976690678798
0.0,1.4121528098899812
0.0,-0.02341341782091133
0.0,-0.12516212158370177
0.0,-0.14037966830524384
0.0,-0.051866520806929994
2.772588722239781,2.8337113003969927
0.6931471805599453,2.3531045058261446
0.0,-0.03500322399397371
0.0,-0.15772172766176107
0.0,-0.14382470317579843
0.0,-0.29467508733611814
0.0,0.25041397736729265
4.060443010546419,2.4969854724239786
1.9459101490553128,2.212452703445002
4.110873864173311,3.053807089431662
4.060443010546419,3.139330934118502
0.0,0.5454141184496515
0.0,-0.16087306182161631
0.0,-0.47619908242795983
0.0,0.3421550111752547
0.0,0.21793999921167173
3.1354942159291497,2.9850188833533275
1.0986122886681096,2.7678127719995658
0.0,0.0952969733748088
3.295836866004329,3.517215141184395
0.0,0.08461865567850468
0.0,-0.22449733507407643
0.0,-0.20709473468896533
4.060443010546419,2.877447849627583
3.6635616461296463,3.3831662169793004
0.6931471805599453,2.8869926613554515
0.0,-0.22919843365964931
2.4849066497880004,2.1481898450311894
0.0,-0.0755453807036397
0.0,-0.4801652972509425
5.771441123130016,3.4825791846759087
5.049856007249537,3.6433469597212365
3.784189633918261,2.6206558177639088
1.0986122886681096,2.4053390094635043
4.584967478670572,2.805268638538216
0.0,0.12392744089896057
4.74493212836325,2.7455845126384313
3.4657359027997265,3.0127215180214066
0.6931471805599453,2.495650160397931
0.0,0.49831350624455784
0.0,-0.3338027804428001
3.044522437723423,2.817500472803495
0.0,-0.29072895065950854
0.0,0.1092320793890682
5.043425116919247,3.373909147022913
0.6931471805599453,2.62725082737519
1.3862943611198906,3.2237178804458653
3.332204510175204,2.6590190647478824
0.0,0.4152281738281278
0.0,0.09622396273107015
0.0,-0.2557953781140849
0.0,-0.12294369663193394
0.0,0.4911702363439543
0.0,-0.12080896806683361
0.0,-0.3128611882826511
2.3978952727983707,2.0781908905485307
0.0,0.42283668122748064
4.700480365792417,3.0597404215616018
0.0,0.5703599094193963
5.049856007249537,3.3489291102209386
0.0,-0.3354302715224491
4.51085950651685,3.29895552450199
0.0,-0.5753220915457491
0.0,0.6251270123538213
0.0,-0.29772028686009744
4.859812404361672,3.5985711388472943
5.560681631015528,3.498184381137487
3.8918202981106265,2.846134374317068
0.0,-0.3017688195547259
0.6931471805599453,2.5359264980016363
0.0,0.23160859378452314
0.6931471805599453,2.355613268582567
0.0,-0.24363284836155152
0.0,0.034154878953364554
0.0,-0.27857036438740224
3.951243718581428,2.717645353548009
3.4657359027997265,2.973213042504585
4.394449154672439,2.969414100028396
0.0,-0.6992323837002234
3.713572066704308,3.0482684630529397
0.0,-0.3681195456852713
4.330733340286331,3.208177789445699
3.044522437723423,2.9194273572452305
0.0,0.02190302677248246
0.0,0.042736083377776124
0.0,0.06295340117152204
0.6931471805599453,3.2923903712631652
4.948759890378168,3.0428761602043526
3.688879454113936,3.210312435241419
0.0,-0.7549050119302771
0.6931471805599453,2.634526152522826
0.0,-0.34333801383933116
0.0,0.20517813776892968
0.6931471805599453,2.6909462028034614
3.9889840465642745,2.89186588188708
0.6931471805599453,3.234714967806994
1.3862943611198906,2.131716821177773
3.828641396489095,2.7771135222014562
0.0,0.004768444400106153
0.0,-0.24487948883713173
1.0986122886681096,2.650711192659388
4.74493212836325,3.3206948017441063
2.70805020110221,3.2872313029531255
4.532599493153256,4.312967470237492
3.9889840465642745,3.6808302692795016
2.833213344056216,2.85799216066727
0.0,0.5128662785248581
0.0,-0.630670896413271
0.6931471805599453,2.440285582755467
0.0,0.9859078993498928
0.0,-0.6801794106111023
4.394449154672439,3.0856660678846186
0.6931471805599453,2.660331415296448
3.6375861597263857,2.853351917310105
0.0,0.09345896668222542
0.0,-0.39766159267187673
0.0,0.13527992911610687
0.0,-0.19926823327485454
4.3694478524670215,3.495094334294366
0.6931471805599453,2.1983594458915077
1.0986122886681096,2.6295790360516778
0.0,-0.386100817579937
3.091042453358316,3.140262369269549
2.5649493574615367,2.155401505784813
0.0,0.7500747720611287
0.0,-0.12178814461272625
0.0,0.5349423601345957
3.044522437723423,3.012088319298825
0.0,-0.09418521394623713
0.0,-0.08257166546696526
4.700480365792417,3.6334108014921203
1.0986122886681096,2.5346753492226606
0.0,-0.19295419937641167
0.0,0.04451269318052864
0.0,-0.41182129032649284
0.0,-0.30992744853981247
0.0,0.15343921777920322
1.791759469228055,2.333060644801084
2.70805020110221,2.610083974024082
0.0,-0.592750282871624
0.0,0.3725150890408646
0.0,0.11009948122649549
0.0,0.12111847934908293
4.48863636973214,3.368513889473647
2.9444389791664403,2.6196146585319253
0.0,-0.7366469750206557
0.0,0.3574302020528306
0.0,-0.4210589978959498
3.091042453358316,3.1039918388878505
1.0986122886681096,3.825765083419976
0.0,-0.07577310967709483
0.0,0.4901104733086201
4.68213122712422,2.723091754458022
0.0,-0.601631430933963
0.0,0.40592428597561003
3.4011973816621555,2.9440477878995615
0.0,-0.17076451172235663
1.0986122886681096,2.609160074545057
1.3862943611198906,3.1645288886399605
0.6931471805599453,3.0708457613618867
0.0,0.49718583220774826
0.0,0.15445881386770566
0.0,0.08082616103660856
1.6094379124341005,2.232524089809546
0.0,-0.5674750724264177
3.218875824868201,3.628702247086424
4.127134385045092,2.972006840629069
3.828641396489095,2.8906700962996563
0.0,-0.4016489570279864
0.0,0.5092720868085399
4.867534450455582,3.4036883363013413
5.552959584921617,3.507491983526412
0.0,0.11488852486877654
0.0,-0.05698777597949145
1.0986122886681096,2.3261152261108786
4.330733340286331,3.5143715320083295
0.0,-0.027657869904546217
0.0,-0.20598705033674936
0.0,0.12359459892563307
5.093750200806762,3.048154858535657
0.0,-0.27318199486804273
4.110873864173311,3.602173881261688
1.0986122886681096,2.439409615500029
0.0,-0.10081898605122941
0.0,0.42996369311194416
0.0,-0.12540932696846685
4.110873864173311,3.5714569917435037
0.0,-0.006755610186699901
0.0,0.23736508713207805
3.7612001156935615,2.8734989259822123
4.219507705176107,3.4558414795618058
3.8501476017100575,3.224861206770365
3.828641396489095,3.1849638831286593
1.0986122886681096,2.9310141992979357
0.0,0.4451653441563235
2.079441541679836,3.1644992452020713
0.6931471805599453,1.8799131430965461
1.0986122886681096,2.0748836218908764
0.0,0.1163921082714654
2.639057329615259,3.239418007296476
0.0,0.0978485745388118
3.9889840465642745,3.1549920147074944
1.6094379124341005,2.066699589392069
0.6931471805599453,2.2155029816325653
3.332204510175204,2.6600592377086745
2.3978952727983707,2.396831418724344
0.0,-0.4222873983521027
0.0,0.07945738625866072
0.0,0.28554439533185705
3.332204510175204,3.1323400694779555
3.218875824868201,3.194430391724911
4.304065093204169,3.3432441375903887
0.6931471805599453,2.111349886235522
4.709530201312334,3.2635225600929987
0.0,-0.35533979589208364
4.189654742026425,2.9461952675376857
2.19722457733622,2.940145715088907
0.0,0.0350996945942843
4.07753744390572,3.137409742298392
1.0986122886681096,2.5644442725955123
2.4849066497880004,2.968148834897902
2.8903717578961645,2.216182679837119
4.382026634673881,2.547130841447424
4.653960350157523,2.9027276291509776
4.51085950651685,3.2883839535802712
3.091042453358316,3.48436785909432
0.0,0.020384259417404182
0.0,-0.42531487852295236
3.4339872044851463,2.9251551721059195
3.7612001156935615,2.866194276956745
3.044522437723423,3.2854608664644807
0.0,-0.045662094106722284
4.02535169073515,3.485825544306696
0.0,-0.004095609989996918
4.204692619390966,3.0237528862786744
0.0,-0.5271071581145441
0.0,0.3305846031281956
0.0,0.6654173747816521
4.543294782270004,3.2374322323174116
3.951243718581428,3.4582363778863985
0.0,-0.36299587661831234
0.0,0.11253109930537608
0.0,0.08038316253527467
0.0,-0.11790461573042643
3.1354942159291497,2.9898884459860446
1.0986122886681096,2.437554170268159
1.9459101490553128,2.605176087901477
0.0,0.16407048549940195
2.3978952727983707,2.812570730142643
4.07753744390572,4.456721408210091
0.0,0.028824437554446414
4.248495242049359,3.144891879514004
2.3978952727983707,2.227188274775355
1.3862943611198906,2.647970021988291
0.0,0.03666678949638813
0.0,0.3232464230293006
3.555348061489413,3.1608905994652634
1.9459101490553128,2.463622866566542
3.688879454113936,3.5236511242355317
0.0,0.4575982715543918
0.0,-0.07679063955731236
2.639057329615259,2.6758113910258423
1.9459101490553128,2.8300893751173675
4.430816798843313,2.818707784354792
0.0,0.0765620060282679
1.791759469228055,3.0621661845100876
4.882801922586371,3.6940619720260433
4.343805421853684,2.9132196240811967
0.0,0.5678097038112753
1.3862943611198906,3.2519707319445157
0.0,-0.6876076686054957
0.0,-0.38088857710878843
0.0,-0.26768638428757807
0.0,0.7504921817025627
0.0,-0.22096020552348294
2.639057329615259,2.3639659659714707
0.0,0.11930699767039732
3.9889840465642745,2.322415549022701
0.6931471805599453,2.477035345519544
0.0,0.3645557294431514
1.0986122886681096,3.262409501740977
0.0,-0.15703524936452462
0.0,0.13481643352281059
0.0,-0.44982489874353915
2.772588722239781,2.2038457431730842
0.0,-0.29761287893281363
3.9889840465642745,3.346401582573872
0.0,-0.08190652730707182
0.0,0.3309189846035141
2.639057329615259,2.589127080146469
4.330733340286331,2.997202013816061
0.0,-0.6427198458886316
0.0,-0.45220696499038526
0.0,0.09626910386046772
0.0,-0.2041713490790511
0.0,-0.026750366884134458
4.787491742782046,3.452636075314616
2.302585092994046,1.9943912595230746
3.4339872044851463,2.9992314360828454
0.0,0.302841590500341
1.3862943611198906,2.3401448488034267
0.0,0.865460197336013
0.0,0.7643712855479257
0.0,-0.36675176217429284
3.295836866004329,3.031613105070489
0.0,-0.20776043191954674
3.4657359027997265,3.4325183903088425
4.31748811353631,2.854363887115587
0.0,-0.4178266271767743
0.0,-0.2334351675045374
3.4657359027997265,3.475389962410414
0.0,-0.23578965946347186
1.0986122886681096,2.548007319449656
0.0,-0.17242265088905384
0.6931471805599453,2.2660567864451524
0.0,0.2715872530740213
1.0986122886681096,2.5332292855612435
3.258096538021482,3.2753687903913633
0.0,-0.2448150248387364
0.0,0.27590784746434305
0.0,0.0915027141293765
3.367295829986474,3.013849703469882
0.0,-0.19511472798765883
1.791759469228055,2.7081309742649426
4.465908118654584,3.076588765357717
0.0,-0.15123134733780974
0.0,0.3555511766683934
0.0,-0.4412250611363726
4.709530201312334,3.242106215179219
0.0,-0.2906920738143781
0.0,-0.11940658684931127
0.6931471805599453,2.0071054773434347
1.9459101490553128,2.875098444075256
1.9459101490553128,2.7311310434305844
4.143134726391533,2.9080171021019368
0.6931471805599453,2.279286631867558
0.0,0.22417607537204942
2.19722457733622,2.7075898844305835
0.6931471805599453,2.0519032396118604
0.6931471805599453,2.3213500273588408
4.219507705176107,3.1834849988961063
0.0,-0.21415534141832504
3.6375861597263857,2.906149932477481
0.0,-0.12435117239537918
2.8903717578961645,2.954464433837884
1.6094379124341005,2.919329268340923
3.58351893845611,3.3326498823275097
0.0,0.04849520286152553
3.1780538303479458,2.8980612055363766
0.0,-0.13823762344746893
2.19722457733622,2.44580533098676
0.6931471805599453,2.6493045676008022
0.6931471805599453,2.362795917719752
0.0,-0.4195444891795619
4.624972813284271,3.3693426432980815
0.0,-0.5595477336885901
0.0,-0.4057454317288398
3.8712010109078903,3.000122262061625
3.828641396489095,2.754243080218334
0.0,-0.38160658803208314
1.0986122886681096,3.1516365236224764
3.80666248977032,3.148001960333704
0.0,0.19206917392065614
0.0,-0.20123217001105997
0.0,-0.1739405385792856
4.007333185232471,3.068232778659539
0.0,-0.2014641887557005
0.0,-0.5082522593146055
3.258096538021482,3.2187942190044576
3.58351893845611,2.857900799123404
3.555348061489413,2.2633207151618278
0.0,0.4363118595213096
1.3862943611198906,3.405203359017388
0.0,-0.5167727360051915
4.477336814478207,2.907673915943444
4.204692619390966,3.2312806683515545
0.6931471805599453,2.4836419746246277
0.0,-0.16027503782035746
0.0,0.6915881122565293
0.0,-0.04629413458643694
0.0,0.19519595840325143
2.3978952727983707,2.301976864415466
2.079441541679836,2.685106846164114
0.0,0.1749815577193008
5.075173815233827,3.2721838649376593
3.4339872044851463,2.8624400694344425
3.784189633918261,2.722650390542764
0.0,0.022486167282957714
3.970291913552122,3.3428885250502
2.302585092994046,2.909543450987294
4.23410650459726,3.6447057616011542
0.0,-0.7357817061603953
0.0,-0.1314910963386875
5.5909869805108565,3.5650509366093184
0.0,-0.20016261517860734
4.430816798843313,3.815560356026116
0.0,0.2615669978108466
3.970291913552122,3.287672359301122
3.6635616461296463,3.4131053300553353
1.0986122886681096,2.8563908874997925
4.02535169073515,2.597601519903561
1.791759469228055,3.1604617277734257
2.079441541679836,2.655117137341688
1.0986122886681096,2.798706873701459
5.2574953720277815,3.331881388627733
0.0,-0.39680799609884465
4.454347296253507,3.7174147706685376
3.258096538021482,3.3518737697880083
2.079441541679836,3.0378181062508167
0.0,-0.35569269343160714
0.0,0.08395746532142256
0.0,0.5641705080008619
0.0,0.7733372853728455
0.0,-0.501835982205463
3.951243718581428,3.971603439520313
1.791759469228055,2.583791308489793
4.174387269895637,3.1451013352627717
0.0,0.6868748017335262
3.218875824868201,3.013524419829154
4.007333185232471,3.432514709007325
1.3862943611198906,2.3499973222659962
0.0,0.526250825866321
2.639057329615259,2.9879413162020585
4.418840607796598,3.0646401499327136
4.189654742026425,3.163106373967578
3.828641396489095,2.9542910589925766
2.3978952727983707,3.053037498817752
3.713572066704308,2.6653471285393513
0.0,0.4212344365605021
1.0986122886681096,2.326529859881537
0.0,0.06393399986729875
3.970291913552122,3.2252063219079723
2.772588722239781,4.0538376523372595
2.302585092994046,2.055374412813681
3.091042453358316,3.0464993424281683
0.0,-0.22613923145904158
0.0,0.32538608857299756
3.5263605246161616,3.9983199481761598
3.912023005428146,2.77443586892597
0.0,-0.4586002516338259
4.795790545596741,3.426959929517153
0.0,-0.45415014781794394
5.0238805208462765,2.8215714124224895
4.0943445622221,3.1057723684644927
0.6931471805599453,2.635214132603749
0.0,0.5469987328372814
0.0,0.7314995884540696
0.0,0.38415038453602146
0.0,-0.5509850606278612
0.0,-0.09374160286877253
4.875197323201151,3.123728250235688
0.0,-0.23486589020615334
1.0986122886681096,2.000373837811396
4.262679877041316,3.075291674111789
3.7612001156935615,3.3967848791306006
3.218875824868201,3.363449737011053
1.9459101490553128,2.883248691916605
3.6635616461296463,3.359716282651562
3.58351893845611,3.254313305780234
0.0,0.2143237149152859
2.8903717578961645,2.21560751332049
0.0,-0.47294447044101506
0.0,0.6819889077083827
1.0986122886681096,2.1266737444236354
4.406719247264253,3.3605880098228518
0.0,0.27616253980936567
0.0,0.17625831694030225
1.791759469228055,2.7797340648112026
3.367295829986474,3.1956078688833958
5.272999558563747,3.016205977580971
3.8918202981106265,3.201432867409895
0.6931471805599453,3.2107476374956434
0.0,-0.006728546350242892
1.6094379124341005,2.840499894040116
0.0,-0.44436079321740696
0.0,0.16160256766093584
0.0,-0.2905054592411367
1.3862943611198906,2.108571312360279
2.639057329615259,2.889223288205421
0.0,-0.09446521632769156
0.0,0.3522114655030095
0.0,-0.2063090074096956
3.737669618283368,2.673325028523273
0.0,-0.3811477756041115
0.0,-0.31085725042474444
0.0,-0.13271591556023177
0.0,0.3880917679467566
0.0,0.021835154473333063
3.044522437723423,2.5419739729979614
0.6931471805599453,1.9879347693838088
2.9444389791664403,2.37872884666118
4.04305126783455,3.260209452905836
4.110873864173311,2.388008962129689
4.248495242049359,2.904707924536121
1.9459101490553128,3.1116504537933913
5.003946305945459,3.345640884861119
0.0,-0.21590670952510171
0.0,-0.08962932806003088
2.995732273553991,3.033662859724259
2.079441541679836,2.7147195907393478
4.499809670330265,3.229408704692667
0.0,0.07159543020119075
0.6931471805599453,2.7295042729036636
0.0,0.8641851454091027
2.5649493574615367,3.1508439887638735
4.962844630259907,3.150269230551578
0.0,0.1695019285886601
0.0,0.17318356687090963
4.343805421853684,3.3381222571139224
1.3862943611198906,2.928453334686555
4.276666119016055,3.2146095536704618
3.912023005428146,2.6166923439384147
0.0,-0.43237629814726874
4.6443908991413725,3.304708409363687
2.639057329615259,2.8044479524884443
2.19722457733622,2.4538728834734815
4.276666119016055,3.244847353143465
0.0,0.5397928835675514
0.0,0.30206345081145614
0.0,0.6208090467087544
4.430816798843313,3.338002422159867
0.6931471805599453,3.1453311735487386
0.0,0.04652418967740779
1.6094379124341005,2.0468710463078326
0.0,-0.31546862020838917
4.174387269895637,3.158453912089553
3.688879454113936,3.710933052219797
0.0,-0.2330429976291537
4.709530201312334,3.0856297261194134
0.0,-0.29775436583093695
0.0,0.2728191720510085
0.0,-0.4644238143399235
1.0986122886681096,2.468812996223236
4.204692619390966,2.8250578384353973
2.302585092994046,2.834649841014702
3.8712010109078903,3.0327448311382987
0.0,-0.8689135241169237
2.3978952727983707,2.3238027491122137
0.0,0.07840808842173508
0.0,0.3971622043797365
0.0,0.18729893385042495
0.0,-0.0013836962790514384
4.983606621708336,2.9853594363416995
0.0,0.6623608530414953
3.80666248977032,2.4618955742871753
0.0,0.04660213915685718
0.0,-0.2027803603214342
4.219507705176107,3.344805432570511
0.0,-0.46562777110441456
0.0,-0.42900404821318316
4.330733340286331,3.491727430176952
1.0986122886681096,2.5940393006417697
1.0986122886681096,2.4717742171689117
0.0,-0.6682247521301377
0.0,-0.39535085287357496
1.0986122886681096,3.3680797019618467
5.049856007249537,3.5154427399254473
2.4849066497880004,2.2116243390735315
2.5649493574615367,2.429157729008856
1.6094379124341005,3.554299997010143
0.0,0.13804342815918025
0.0,0.041684275922206915
1.0986122886681096,2.4794383244885387
0.0,0.9459010246191963
0.0,0.7028145529409646
2.8903717578961645,2.8219116457961384
0.0,0.20206620205420234
4.304065093204169,2.627924094868114
2.5649493574615367,2.1613260569913018
0.0,0.43804132586112887
2.772588722239781,2.9468792869303417
2.833213344056216,2.846635601393033
0.0,-0.46210113199737535
0.0,-0.22774707319580445
0.0,0.2387677332935425
0.0,-0.4598550868204434
3.58351893845611,3.183403128455155
2.9444389791664403,3.005497063868143
0.0,0.6020299585771278
1.0986122886681096,4.067299674387661
0.0,-0.08249427595267989
0.6931471805599453,3.3959977396474383
4.262679877041316,3.0344340782722243
3.8712010109078903,3.013854061622509
3.091042453358316,3.3044592167303364
4.418840607796598,3.527231000994306
0.0,-0.44690424505791393
2.19722457733622,3.0940965206755653
2.079441541679836,2.0596713956366015
0.0,-0.5756928248312843
4.174387269895637,3.1186388656267807
0.0,-0.10749935203687677
3.6375861597263857,3.393356904548763
0.0,-0.26706178996042107
5.351858133476067,3.5441428526846304
0.0,0.2024505506479679
2.70805020110221,2.8414110301146107
0.0,-0.4198984971130746
2.772588722239781,3.080337880737443
0.0,0.34729574923954454
0.0,0.3818415667401325
4.04305126783455,3.1092591096438045
0.0,-0.40488392117906047
4.406719247264253,3.9613963609525933
0.0,-0.16243493431187694
0.6931471805599453,2.383025781482923
0.0,-0.046886362411117544
0.0,0.11839463559073438
1.791759469228055,2.425616159873318
0.0,-0.32966905164203775
0.0,-0.4146670907978325
3.332204510175204,3.5232447636060495
3.555348061489413,3.071592127245758
3.610917912644224,3.1063436917356384
2.3978952727983707,2.9223287581757917
5.0369526024136295,3.0886745716136357
0.0,-0.13404385536573105
0.0,0.30817463260176337
0.0,-0.31828013599581073
3.6375861597263857,2.7125806111978017
1.6094379124341005,3.221428756846734
0.0,-0.1388156583211937
2.19722457733622,3.0760582325519374
0.0,-0.47453671192648805
0.0,-0.24116868498845978
2.995732273553991,3.2005615699913896
0.0,-0.632637200443193
1.9459101490553128,2.642966943058566
0.0,-0.4378856834087266
0.0,0.12397607540682332
0.0,-0.7048745601158517
0.0,-0.40083951458681355
0.0,0.020188179096412462
4.61512051684126,3.656140390103758
3.1780538303479458,2.5519949626269156
3.49650756146648,3.2865485919956683
4.59511985013459,2.970463106994677
0.0,-0.15951678555435533
0.0,0.7310425827379385
3.091042453358316,3.005896573049483
4.127134385045092,2.800102099684854
3.970291913552122,3.2643345055419952
0.0,0.9304783867693478
0.0,0.0020469187784397658
3.688879454113936,2.8702630489289014
4.204692619390966,3.317073065636888
4.5217885770490405,3.5239435803737535
5.3230099791384085,3.292237704276837
4.23410650459726,2.581960848405473
0.0,-0.2558702302289442
0.0,-0.27617227053225735
2.8903717578961645,3.0006772331468414
4.189654742026425,3.15143877801171
0.0,0.32943222900650393
4.060443010546419,3.1526136869639885
0.6931471805599453,2.917916611601834
4.158883083359672,3.2365971207635513
3.258096538021482,3.2828207965703644
4.219507705176107,3.096672636360921
0.0,0.2102255534856381
4.465908118654584,3.1624819897239886
0.0,0.6971268587550721
0.0,0.11164386174584329
1.3862943611198906,2.903925805753744
4.189654742026425,2.7634922219897917
0.0,0.29482612487416215
4.919980925828125,3.6146725990633373
0.0,0.07703770670728205
3.737669618283368,3.297897442829965
0.0,-0.12059095849251555
0.0,-0.04528135652140586
1.6094379124341005,3.308006180231009
0.0,0.02914997603248559
0.0,-0.4170827240507502
3.1780538303479458,2.8148117419186085
3.218875824868201,3.127204991883602
0.6931471805599453,2.488397348551812
0.6931471805599453,3.2135956931832093
4.0943445622221,3.2980513382257803
0.0,-0.16488262370745943
0.0,-0.13436091135069117
0.0,0.27400614495463627
0.0,0.8236705241269888
0.0,0.5956613936581356
0.0,0.07541299530378875
3.4011973816621555,2.6193270175054293
4.859812404361672,3.464611853018491
2.302585092994046,2.4267479276049997
3.6375861597263857,3.1968497983096347
1.0986122886681096,3.546533404191451
4.007333185232471,3.0021129981219525
0.0,-0.35027480989324555
3.1354942159291497,3.7754960065009766
0.0,0.5717169775875317
1.0986122886681096,2.6330648079802375
0.0,0.12267545429913373
0.0,0.3322124717011461
0.0,0.2910747150960713
0.6931471805599453,3.0544853274977717
0.0,-0.10824043500942371
0.0,-0.48497205405982635
0.6931471805599453,2.880010798702478
3.610917912644224,3.1715900818837053
0.0,-0.1530132086465239
0.0,0.1868470173616259
3.367295829986474,2.809248457543614
4.584967478670572,3.0495954392819864
0.6931471805599453,2.4060135279863495
4.248495242049359,2.730781050816559
0.6931471805599453,3.035875634278482
0.0,-0.398650762362037
3.555348061489413,3.4752388365638858
0.0,-0.4400572920338832
3.8712010109078903,2.9582635587596187
2.079441541679836,3.4189288221241814
5.117993812416755,4.102391750872687
0.0,-0.2199996206200705
4.3694478524670215,2.792918445057437
3.912023005428146,3.111441138983367
0.0,0.2127203211183366
0.0,-0.2907320779931313
4.382026634673881,2.7779655094419224
0.0,-0.4099848678155009
1.791759469228055,2.809723221983382
2.639057329615259,3.166530541806738
4.007333185232471,2.8545344991464257
0.0,-0.30992086330608837
3.688879454113936,3.056771599208351
0.0,0.7404479772305199
0.0,-0.5295902715720384
3.610917912644224,3.0306642039927754
4.624972813284271,3.4499744459072605
3.828641396489095,2.4226872959561176
0.0,-0.13546703126390813
1.6094379124341005,2.9765167644744253
0.0,0.13061222500120762
0.0,-0.13124589322134939
0.0,0.9091392207422232
2.5649493574615367,3.911102921699552
1.3862943611198906,1.8986017872180634
0.0,0.2829441811579394
0.0,-0.07933206140329041
0.0,0.2465524375676842
0.0,0.1024657198185599
4.672828834461906,3.76761779982746
0.0,-0.065321414015586
0.0,-0.06166297009431365
0.0,-0.5579138227790481
4.219507705176107,2.9153989980856654
0.0,0.4241866591258334
0.0,0.21423522998649247
3.49650756146648,3.2396200330784066
4.477336814478207,3.4313820690055254
2.8903717578961645,2.340530870442464
0.6931471805599453,2.439591601811693
3.828641396489095,3.614348386069382
0.0,0.6666102965686318
0.0,0.5721564136777206
3.5263605246161616,2.9435882518771344
1.9459101490553128,3.099065967872335
1.6094379124341005,2.706723687674965
0.0,0.5378525901585482
2.772588722239781,3.3757539755821515
0.0,-0.24363718500952558
4.0943445622221,3.3311560649517413
2.5649493574615367,2.989806832199232
0.0,0.5970688065575209
1.791759469228055,2.118997268061771
0.0,-0.12962120593424853
0.0,0.23039656659771346
4.02535169073515,2.876040796099219
2.3978952727983707,2.608297630063396
4.406719247264253,3.5552203813525796
2.70805020110221,2.4335662633011923
0.0,0.07990950529101193
4.356708826689592,2.8126508507701873
4.060443010546419,2.8287459713382406
0.0,-0.25174379255924473
2.70805020110221,2.9315765575822965
0.0,-0.15965443292502046
2.70805020110221,2.892200385343073
4.204692619390966,3.0833052848911033
0.6931471805599453,3.3999635236811194
4.248495242049359,2.980889384047643
0.0,0.31042614614948993
2.3978952727983707,3.046666343763755
1.9459101490553128,3.1933763773374486
0.0,-0.7151734973608028
0.0,0.23415489658211674
0.0,0.3108542454873633
1.0986122886681096,2.009199787542883
2.9444389791664403,2.713888333269973
3.091042453358316,3.1200785628157863
0.0,-0.29301934001522634
0.0,-0.263971075929641
0.6931471805599453,2.4788793576185095
0.0,-0.012075449772189106
4.204692619390966,2.6725620019267
1.0986122886681096,3.030672452951383
0.0,0.7251929324499222
0.0,1.3114203691583803
4.804021044733257,3.5474155492323227
0.0,0.2212329352007878
0.0,0.16086638342834703
0.0,-0.8227987151990654
0.0,-0.20253664115056358
0.0,-0.29354408251493824
0.0,0.1791127642148389
1.9459101490553128,2.0073697116807754
3.555348061489413,2.7664200994847548
3.9889840465642745,3.217608742545532
0.0,-0.4385862721706424
1.791759469228055,3.2695004583089693
3.9889840465642745,2.8404044056866717
4.23410650459726,3.4886525232372008
0.0,-0.35835735718757533
0.6931471805599453,2.826366630215191
0.0,-0.011214317101690074
0.0,-0.447393849423368
0.0,-0.16650397974770703
3.80666248977032,2.53958613774449
1.0986122886681096,3.023973004824768
0.0,0.11597525939893827
1.3862943611198906,2.5887372931904093
0.0,-0.2109936472907714
0.0,-0.23775979592256435
0.0,-0.2318759811005302
0.0,-0.25120896126301373
3.828641396489095,3.6938061711021546
1.0986122886681096,2.7641558185522914
3.610917912644224,4.078552505408765
0.0,0.07550706500558291
0.0,0.10094690545925777
3.1354942159291497,3.0327673331001046
0.0,-0.2557015407167538
0.0,-0.35193961091425674
0.0,0.39713758604698124
5.298317366548036,3.637544625470637
4.882801922586371,3.5842373454303975
4.454347296253507,2.898628492972316
0.0,0.2382690313618614
0.0,0.7635597802617298
4.624972813284271,3.0741322560051705
0.0,-0.6352991394878598
3.737669618283368,2.883143635822197
2.772588722239781,2.786148096862747
3.8501476017100575,3.103112777610133
0.0,0.13139010644274585
1.0986122886681096,2.1391725996916406
0.0,-0.4688921785409472
3.4011973816621555,2.511985125287759
0.0,0.06811384619196303
0.0,0.8168190985947863
1.0986122886681096,2.6760794925741376
1.3862943611198906,2.0777074365663766
2.4849066497880004,3.06276373789571
0.6931471805599453,3.014715399730152
0.0,0.3205773752586363
1.0986122886681096,2.163136387483818
0.0,-0.18097338832196952
2.19722457733622,3.316480824166588
3.332204510175204,3.310999476338159
4.04305126783455,2.4594655272151305
0.0,0.891024206979177
1.0986122886681096,2.5114544185794863
1.0986122886681096,2.7912096855316673
0.0,-0.16293809341636045
4.007333185232471,2.376276720179254
0.0,0.05322867803546605
0.0,0.553683726625338
0.6931471805599453,3.0478269416943813
0.0,0.04071157394779945
0.0,-0.01935799222225687
0.0,0.6082464762341753
4.653960350157523,3.540204072464726
3.4339872044851463,2.9855034752166993
0.0,0.5795109347795973
4.394449154672439,3.301234395685648
0.0,-0.2951947938463344
0.0,-0.14961277930465933
0.0,-0.12054802526260344
0.0,0.26804509242657204
3.9889840465642745,2.8663763482286995
0.0,0.12112792321290167
3.1354942159291497,2.737880022860386
0.0,-0.45871212638146197
0.0,-0.24772047481227277
1.0986122886681096,3.0023052645122985
3.737669618283368,2.870065267966357
4.787491742782046,3.5965626221644165
0.0,-0.04685693667989499
0.0,-0.42227930107485356
4.174387269895637,3.476500873291757
3.5263605246161616,3.118014128274572
0.0,-0.1816239513258795
0.0,-0.052932045774295666
1.9459101490553128,3.051942019925841
0.0,0.12051686856199018
2.995732273553991,3.1161595858247457
4.564348191467836,3.023494998500996
0.6931471805599453,2.5451576385015495
0.0,-0.14506484210716408
0.0,0.25542977842468817
1.9459101490553128,1.979524390304778
4.5217885770490405,3.1205382850419943
5.081404364984463,3.2215092131122667
0.0,0.1416968720952445
0.0,-0.16482292104009533
0.0,0.8664271894762031
0.0,0.31634332213191385
0.0,-0.06867177832702298
1.9459101490553128,2.8491884050472054
1.0986122886681096,2.856183106037688
1.9459101490553128,2.6678833488226985
0.0,0.32146692852818304
0.0,-0.012620806366280046
0.0,-0.4391233921237765
0.0,0.24226973911591054
0.0,0.10864235536588573
1.791759469228055,2.2674011154033025
0.6931471805599453,2.4280890684638265
0.0,-0.02366282957021104
0.0,-0.5944184913112203
4.0943445622221,3.2398109453455284
4.574710978503383,3.298296539110829
4.382026634673881,3.2089686808056146
1.0986122886681096,2.7475285564725622
1.791759469228055,2.9428513825929232
0.0,-0.4012387218673732
0.0,0.07874802321063701
1.0986122886681096,3.441870074385953
0.0,-0.24674305814139608
0.0,0.558313571766061
0.0,-0.14084132394445792
2.995732273553991,2.8281968155653012
0.0,0.11348372528608319
0.6931471805599453,2.673572981334158
2.4849066497880004,2.7928718716469536
3.80666248977032,2.9221565312216233
0.6931471805599453,2.616600704420398
0.6931471805599453,3.081849090482735
0.0,0.7209620672331964
0.0,-0.01584341872866224
1.0986122886681096,2.7980865751268627
3.091042453358316,3.272109485035652
4.304065093204169,2.901153091780602
2.3978952727983707,3.1861360543569246
0.0,-0.5515744100302422
0.0,0.3992017841225415
2.19722457733622,2.586826282297742
0.0,-0.30384780243370857
0.0,0.4560542639265317
1.0986122886681096,2.4026108066291663
3.8712010109078903,2.5063360773897694
0.0,-0.3027143209123331
4.912654885736052,3.7661454707640263
4.5217885770490405,3.1840101092781063
3.688879454113936,3.268019335179971
0.0,0.33804121046147073
0.0,-0.23500021440488972
1.3862943611198906,2.447658470959566
0.0,0.6036557141777714
0.0,0.5417942041814607
1.9459101490553128,2.29403718102563
4.74493212836325,2.912628259874654
1.3862943611198906,2.900844086112695
0.0,0.39252394252798606
3.4011973816621555,3.7464631326890476
3.295836866004329,3.1144241996105677
3.737669618283368,3.391630979336628
3.218875824868201,3.1285396108842187
2.079441541679836,2.328235692489257
0.0,0.3376637889848604
0.0,-0.32282897128090804
3.5263605246161616,3.1258703128721934
0.0,-0.21590477367721173
0.0,-0.04027486006300851
4.343805421853684,2.935560147608519
0.0,0.2125983340344173
0.0,-0.5115810214007923
0.0,-0.6287317989416445
4.248495242049359,3.085997785890217
1.9459101490553128,2.515811927396708
4.143134726391533,3.0585687971931392
4.836281906951478,3.046069073926223
0.0,0.2258444954999812
3.951243718581428,3.695415831291702
0.0,0.19313960266979424
0.0,-0.1759019813128213
2.19722457733622,3.038872673345727
0.0,-0.23510940472259323
4.59511985013459,3.033587549784017
1.9459101490553128,2.1182060059438816
0.0,-0.3279159514613226
0.0,0.018189522673413006
2.079441541679836,3.408838090191134
1.0986122886681096,2.3513626200938544
0.0,-0.5425555154663688
3.1780538303479458,2.2935775945341947
0.0,-0.5560252494296924
0.0,0.4831969916468064
0.0,0.4758990978368829
0.0,0.003289226646113308
3.713572066704308,2.9041931857380323
2.19722457733622,2.486563398612395
0.0,-0.4312990794473599
0.0,-0.4391140288566535
1.3862943611198906,2.5562640962969714
0.0,0.25958320276971003
0.0,-0.04783255791374508
3.4011973816621555,2.731366348421909
0.0,0.19839739902925868
0.0,0.22553402722527904
3.912023005428146,3.167815322011715
0.0,-0.13100952978536928
1.0986122886681096,2.6219712420896584
2.302585092994046,2.890086730568798
3.4657359027997265,3.207815128691249
0.0,0.17027020363158707
2.8903717578961645,2.7855938151639035
3.49650756146648,3.2203483645216657
0.0,0.3922629557324513
0.0,0.20819718083611027
0.0,0.16105256626025688
0.0,-0.5353433700418333
0.0,-0.13673907783943706
0.0,-0.31897958226679
4.983606621708336,3.27725117129555
1.9459101490553128,2.6081264018124415
0.0,-0.46518198113964004
3.9889840465642745,3.2334086065410528
0.0,0.18583662015644853
0.0,-0.17953027337967198
4.499809670330265,2.777812779439817
2.5649493574615367,2.5607523621919506
0.0,0.20216267177212388
0.0,0.02896894772405556
2.8903717578961645,2.836759165205266
0.0,-0.20599395060730785
0.0,-0.17128937199865035
0.0,-0.16572324829981655
0.6931471805599453,2.241445374161798
0.0,-0.4099129451182604
2.8903717578961645,2.917245909462162
1.6094379124341005,2.0402933337994056
1.0986122886681096,2.993234001495557
0.0,-0.14342498591201336
0.0,0.19878276154169794
0.0,-0.3994467464339908
0.0,-0.32407452748677024
4.68213122712422,2.8776500167623857
3.49650756146648,3.3712179781038083
0.0,0.5682754986891139
0.0,-0.45684027314305364
0.0,-0.03994097939461816
1.6094379124341005,1.9587675834104508
0.0,-0.05546122744149806
4.736198448394496,3.408540456116927
1.0986122886681096,2.4577684815964354
1.9459101490553128,2.301509664504739
0.0,-0.41784947483266466
0.0,0.2761914515434478
1.0986122886681096,2.6877626027156403
1.9459101490553128,2.878267357128301
1.0986122886681096,3.0687012395938167
3.1354942159291497,2.7077382670697956
3.6375861597263857,3.3923816202857955
3.7612001156935615,2.9119977422955228
1.0986122886681096,2.262896360628959
4.31748811353631,3.565653788267134
2.9444389791664403,3.13661247443636
2.8903717578961645,2.4365827492229037
4.941642422609304,3.4799605513356275
0.0,-0.54160513075341
0.0,-0.5432129325896797
0.0,0.5214320857535175
0.0,-0.15156845224318594
2.772588722239781,2.8774084356629284
0.0,0.5721488459099007
3.8712010109078903,2.9578520707005818
1.3862943611198906,2.88179170064622
4.553876891600541,3.4540112965957475
1.6094379124341005,2.8286943997025347
0.0,0.13451925856903713
4.02535169073515,3.3326421385516336
4.532599493153256,2.843007376712746
0.0,0.5938454774976105
4.304065093204169,3.21608172270399
3.367295829986474,3.0195843632731294
0.0,-0.3427375511128874
0.6931471805599453,2.457934622974582
0.6931471805599453,2.190524836032698
2.9444389791664403,3.1359720311821593
2.302585092994046,3.039378565166413
5.075173815233827,3.1599023980605567
1.0986122886681096,2.749170013663869
0.0,0.15959414586819487
0.0,-0.33724257846039674
0.0,-0.04676096723633649
4.672828834461906,3.2655082177764303
0.0,-0.08280938516840952
1.9459101490553128,2.6233168231363546
0.0,-0.5047159179358975
0.0,0.18751669279932415
4.204692619390966,3.4358358542125806
4.605170185988092,3.511441122094128
0.0,-0.31886734194171895
0.6931471805599453,2.6847871584308614
0.0,1.1246666963965586
0.0,-0.09212872882672585
0.0,0.2568676946791897
0.0,-0.3269402152160086
4.248495242049359,2.9268629162315962
1.0986122886681096,3.009483494383776
0.0,-0.09825289755174937
2.995732273553991,3.2397844042890895
1.0986122886681096,2.757238618518858
3.688879454113936,3.4055494985938353
0.0,0.39453320612668086
1.0986122886681096,2.379867529579983
4.653960350157523,2.8229060912492305
0.0,-0.23144868308567768
0.0,-0.4097004448780486
1.0986122886681096,2.426304071531698
3.912023005428146,2.573691284124627
4.844187086458591,3.8289140068454586
0.6931471805599453,2.3912012450992552
0.0,-0.22084389446690578
4.532599493153256,2.970527595047742
4.174387269895637,3.1016173264721836
0.0,-0.18365365756933416
0.0,0.2681569215291326
3.9889840465642745,3.1340022339850835
0.0,0.07202817610578593
0.0,-0.14190310421690855
4.465908118654584,3.020683926988777
0.0,0.41784012782262137
2.302585092994046,2.8993329047300334
0.0,-0.704178797513856
0.0,0.35128150522383916
4.189654742026425,2.9881343014490307
0.0,-0.04173358930481408
0.6931471805599453,2.7469730018187146
2.4849066497880004,2.969551186651088
0.0,0.21590294022835366
0.0,0.051972184494738505
0.0,0.34352532740169517
1.0986122886681096,2.2204106337544696
2.833213344056216,2.0458266531495632
3.912023005428146,3.4754923169067995
4.795790545596741,2.862790863334757
2.5649493574615367,2.9019925972574936
0.0,0.4450226096021783
3.970291913552122,2.8595699979085096
1.3862943611198906,2.563971871156307
3.951243718581428,2.9240553390069284
3.8712010109078903,3.6267410070076718
1.9459101490553128,1.8887215891866687
1.0986122886681096,2.296586539343138
3.6375861597263857,3.649206852281353
0.0,-0.19170809262625665
0.0,-0.33258438194520457
0.0,0.20562767318349584
0.0,0.518013633508652
4.174387269895637,3.5394689677673963
4.219507705176107,3.026507432011615
3.58351893845611,2.9732526450351853
4.189654742026425,3.6303827288276698
0.0,-0.07137632282294648
0.0,-0.383474997781339
0.0,0.23892649465242677
0.0,0.08474957537487682
0.0,-0.539189834954096
0.0,-0.6276804406038696
0.0,0.0567190890973257
4.77912349311153,3.282587916573332
0.6931471805599453,2.610401252366483
3.4339872044851463,2.5037552526733466
0.0,-0.252663065294203
3.258096538021482,3.083616149639485
4.219507705176107,2.8491631975001894
2.079441541679836,2.680704963853323
0.0,0.07000677496830221
4.02535169073515,2.693028030720207
3.80666248977032,3.51710783899871
0.0,-0.15101218818028372
0.0,-0.325423580133839
0.0,0.3533753201565242
3.9889840465642745,2.8947046564069145
1.3862943611198906,2.0150303212109
4.343805421853684,3.316311281206593
0.0,-0.019812178414748693
3.7612001156935615,3.3664736710581886
0.0,0.03397113575423805
0.0,-0.7578084419518434
0.0,-0.4479118221185221
0.6931471805599453,2.0939958931495846
4.07753744390572,2.9681929274776304
3.4657359027997265,2.6113077250875056
0.0,-0.42529142551028754
4.0943445622221,2.9060486165366957
3.044522437723423,2.390467780056321
2.772588722239781,3.0857656603169143
1.0986122886681096,2.7678619799274715
1.0986122886681096,2.1971318615881885
0.0,-0.5937618048632829
0.0,-0.355984481411046
4.532599493153256,3.7754255522188545
0.0,0.7475570633478352
3.688879454113936,3.1505388385013777
2.3978952727983707,2.9989374953654675
4.812184355372417,3.095365063877142
4.709530201312334,3.154095165112301
0.0,-0.2789315745196088
0.0,-0.19432411521809811
0.0,-0.3796648671236236
4.3694478524670215,2.9054504328650514
3.713572066704308,2.8622085032371016
0.0,-0.3761036174039698
2.3978952727983707,2.8785832945676955
0.0,0.04984128706085045
0.0,0.39854532033073586
3.80666248977032,2.960492695335782
0.0,-0.2828426672677087
4.174387269895637,3.381675641890353
0.0,-0.12507047508000202
0.0,0.5508819442644519
0.0,-0.35915902968839175
0.6931471805599453,2.0532826114913343
0.0,0.3573951359346075
1.3862943611198906,2.449180828852799
4.304065093204169,2.909844931597243
0.0,0.5604398334482525
4.110873864173311,2.639780608753717
0.0,0.3344689360559576
4.718498871295094,2.9886591520156323
0.0,-0.23877004365061083
3.4657359027997265,3.2425501783604265
0.0,-0.031222285773985448
1.3862943611198906,2.3804560638706587
2.3978952727983707,2.6198964505999305
0.0,-0.2965778252231628
5.1647859739235145,3.0092504726454647
0.0,-0.5942733928042241
3.6635616461296463,2.8190729138873705
4.532599493153256,2.6296201135121646
4.912654885736052,4.112607445725567
0.0,0.04569565398198261
1.3862943611198906,2.8544331195276955
4.158883083359672,2.45410049249615
1.0986122886681096,2.745886737491641
0.0,-0.5602643415954756
0.0,-0.2692238986452038
4.634728988229636,2.8328157986236278
0.0,0.13969539882755733
1.0986122886681096,1.8157976073436286
4.330733340286331,3.1105854221381506
0.0,-0.008565171968110574
0.0,0.9817856172902926
0.0,-0.5954371504740226
0.0,0.7380470431440365
3.8918202981106265,3.004482238300489
0.0,0.4490820005272367
4.330733340286331,2.5003909937927293
0.0,0.6948703449707547
0.0,-0.05958545625124301
0.0,-0.14265914761189769
0.0,-0.20417531521067023
0.6931471805599453,2.3557749917510913
3.58351893845611,3.639956740407721
0.0,0.022885797823043008
0.6931471805599453,3.0510487386958474
1.0986122886681096,2.9487153053924873
0.0,-0.05608948645599687
2.639057329615259,3.281736818639672
3.58351893845611,3.1895087920001943
0.0,-0.3152064228571012
3.1354942159291497,3.176032913736369
0.6931471805599453,2.9386920138388617
4.976733742420574,3.409890767862552
0.0,-0.5792505502244252
1.6094379124341005,2.4407074675041986
0.0,0.09805028432589546
1.0986122886681096,3.0133191492547597
2.302585092994046,2.2883853707938715
0.0,-0.23831588208679122
1.3862943611198906,3.210243456160879
0.0,-0.2347509023374772
3.218875824868201,3.542023667794822
3.912023005428146,3.3937873469195345
0.0,0.26465931954453437
0.0,-0.13415922883430187
1.3862943611198906,3.1102143355118246
0.0,0.29673093419469665
0.0,1.218380554632987
4.02535169073515,3.535607081285228
3.688879454113936,3.704372790155632
1.3862943611198906,2.4463642548049602
4.465908118654584,3.537742220223319
0.0,0.5171709811650043
0.0,0.23294328018090882
0.0,-0.0046016681930169945
4.5217885770490405,3.3755785570447623
0.6931471805599453,2.460485802447947
0.0,-0.13720998197778367
3.688879454113936,3.358335410535729
3.610917912644224,3.103596932874635
0.0,-0.1655396677677019
3.912023005428146,2.9505648600828076
0.0,-0.36365508129261936
1.0986122886681096,3.0865001190112356
3.828641396489095,2.912642110107665
0.0,0.04851330323748604
0.0,0.528935321700301
0.0,-0.06040778459161489
3.80666248977032,3.2895493689213584
0.0,0.3748288063867078
5.303304908059076,4.269579978823606
0.6931471805599453,2.69687923884616
3.555348061489413,3.1006913287219184
1.3862943611198906,3.1081422936392977
0.0,0.564599958898991
0.6931471805599453,3.3215805936070266
0.0,-0.2491221551865639
3.951243718581428,2.5694843993258236
0.0,0.6754689133846692
4.110873864173311,2.8825043815632068
0.0,-0.24786785957550928
0.0,-0.17010433294092087
0.0,0.48283012583324836
0.0,-0.580326806618455
0.0,-0.31121316945197375
3.4657359027997265,2.8927626750323436
0.0,-0.31877356667993606
0.0,0.20175538326585318
0.0,0.28828360298987854
4.143134726391533,3.3381668067311487
4.204692619390966,2.6257711582930465
0.0,0.9969816293740483
0.0,-0.4619770762658222
3.4657359027997265,2.4459619517999673
0.0,-0.2170852463240842
0.0,0.10180935453462325
0.0,0.4155269482067845
0.0,0.795825757696025
1.791759469228055,2.9487258477457146
0.0,0.10560573532466
3.555348061489413,3.2192606392126044
2.639057329615259,2.384111244363621
1.9459101490553128,3.2290156121264255
3.610917912644224,2.7476756125430715
1.0986122886681096,3.0890579044774267
3.49650756146648,3.065942047814625
0.0,-0.1557570575207743
2.19722457733622,2.8256717762889583
3.713572066704308,3.6993586417475877
4.867534450455582,3.066559425679285
0.0,0.41656316979025343
1.3862943611198906,2.8355340677809657
0.0,-0.26241192321232765
0.0,0.06988978704637239
5.272999558563747,3.220664127575832
2.19722457733622,3.0507992620268842
0.0,-0.42263822966506304
1.6094379124341005,2.7473505942442378
0.0,0.07268778222111716
0.0,-0.3047649823702794
0.0,-0.1657755699896306
0.0,0.5287099413081466
0.0,0.8220810478913079
0.0,-0.030469162442548603
4.653960350157523,2.7168149913062054
2.639057329615259,3.1485118643982135
0.0,0.5047244449976354
0.0,-0.08000848087159307
0.0,-0.373506953483163
3.9889840465642745,2.648713641718632
0.0,0.024347658214601386
2.3978952727983707,2.712687125585199
3.6375861597263857,3.139436759745208
0.0,-0.4564921078493813
0.0,0.36505569482730404
0.0,-0.5701043759120847
3.9318256327243257,3.144246665791469
2.4849066497880004,2.32139736323212
4.663439094112067,3.533807735131942
4.304065093204169,3.296086298855003
0.0,-0.3582655910364889
1.6094379124341005,2.8589246113507465
1.6094379124341005,2.7025364128937674
0.0,0.06177573273224235
0.0,0.5973751454926259
0.0,-0.5286966209776409
4.330733340286331,3.3520490348786023
0.0,0.41483425221837544
0.6931471805599453,3.351851286263475
0.0,0.10888269403265793
3.8918202981106265,2.81508323510651
3.912023005428146,2.4606363403867997
0.6931471805599453,2.9664451648237833
1.0986122886681096,2.821261412940832
4.007333185232471,2.351624699576054
0.0,0.04718096066901878
0.0,-0.46555337490595594
2.3978952727983707,2.8785468914151435
4.110873864173311,3.5714684166540414
0.0,0.03035518778011248
0.0,0.009473817138735185
1.0986122886681096,2.4252377993511898
0.0,0.2039651441332151
1.3862943611198906,3.020823043816062
3.295836866004329,3.3098260751444832
3.610917912644224,3.3481477882038426
0.0,0.3652583308852009
0.0,0.2401730562096187
0.0,-0.15606241498767437
0.0,-0.11416184424854814
0.0,-0.11318703140859765
4.276666119016055,2.9199263980133594
3.6635616461296463,3.0125591022432503
3.1354942159291497,2.9865264079221827
1.0986122886681096,2.1811879995859127
0.0,0.022924692283298187
4.406719247264253,3.3746297633956326
0.0,1.3431658317874935
0.0,1.216713056436078
0.6931471805599453,3.1137548342507726
0.0,0.1573319612703361
0.0,-0.5321788248282031
0.0,-0.005580044991821964
0.0,-0.41956888310430385
0.0,0.36637714099566177
0.0,-0.4052252246983339
3.912023005428146,2.5368027206616404
4.382026634673881,3.1235558634701164
0.0,-0.4184069797002725
0.0,-0.3386606311477762
1.791759469228055,2.7875915106565463
2.079441541679836,2.2348305291409103
4.624972813284271,3.571318607911447
0.0,-0.11843474125220799
0.0,-0.026608847293499327
4.553876891600541,2.9162471626375397
5.187385805840755,4.184029334172731
3.6635616461296463,2.3302974697047123
3.4339872044851463,2.8735958717215246
0.0,-0.1460600614247234
0.0,0.822669052230599
0.0,0.20010328519274911
0.0,0.03506048689378116
0.0,0.10572800058339138
5.288267030694535,3.5295073447065697
3.332204510175204,3.24299705822262
0.0,-0.5285808314845033
0.0,-0.2570893840827635
0.0,-0.0490326542143964
5.293304824724492,3.300095338217115
0.6931471805599453,2.0271046311055922
0.0,0.04446573572902057
4.653960350157523,3.1187441856509426
2.9444389791664403,2.9830186739145508
2.639057329615259,2.2789141151016037
4.07753744390572,2.622643098788496
0.6931471805599453,2.407779678804329
0.0,0.45039378041635647
0.6931471805599453,2.626615945441156
3.7612001156935615,3.2829013253582815
1.791759469228055,3.3636292121409967
4.605170185988092,2.9858590674987293
3.7612001156935615,3.3595183825682566
0.0,-0.006653701671085255
0.6931471805599453,2.351910550777457
0.0,0.426721743259745
0.0,-0.0858559176591327
0.0,0.4085809446148503
0.0,0.016841826436216234
4.584967478670572,2.9228215708703043
0.0,0.03560530871144252
1.791759469228055,2.3445524597199214
0.6931471805599453,2.48212060729525
0.0,0.3928730596786838
1.9459101490553128,2.9623397683539316
0.0,0.15955897291757748
4.31748811353631,3.0749912675276136
2.639057329615259,2.3995831973973565
4.499809670330265,3.131864760870757
2.3978952727983707,2.3309102728372677
0.0,-0.44408835963628057
3.9889840465642745,3.3021807693766134
0.0,-0.42557453074592155
0.0,-0.03031092171040095
4.262679877041316,3.1475679441874695
1.0986122886681096,2.0272675853942883
0.0,-0.3220290094236731
3.9318256327243257,3.2208776306806253
1.0986122886681096,2.8662328112422677
0.0,0.34558863406740237
0.0,-0.13275377559670254
0.6931471805599453,2.3377614516404446
3.5263605246161616,3.108451575631083
5.181783550292085,3.2601965859628823
2.19722457733622,2.3920401692433946
4.653960350157523,3.5623354131061253
1.3862943611198906,2.658074223389762
3.8501476017100575,3.1874774969918866
0.0,0.5760269988711539
2.302585092994046,2.802028852462705
0.0,-0.3358595198778498
1.3862943611198906,2.468778582575964
1.6094379124341005,1.9415425859450364
0.0,0.28439992304210593
1.0986122886681096,2.0956540139041033
0.6931471805599453,3.3219292743483138
0.0,0.11962022931976257
1.0986122886681096,2.693110329858809
0.6931471805599453,2.515214263465605
2.3978952727983707,2.505021551479177
3.4339872044851463,3.3649781244160866
3.1354942159291497,2.9882399580862056
0.0,0.6513115821059983
3.912023005428146,3.4690065667884022
3.091042453358316,2.532879196397764
2.9444389791664403,2.7099831469373354
4.736198448394496,3.225648472345047
0.0,-0.48559822401721675
3.332204510175204,2.547631707036798
0.0,0.34099018459678776
4.248495242049359,2.8697901670249264
1.3862943611198906,2.8375778532277875
0.0,0.390332550002201
0.0,-0.6917464191475822
0.0,0.3071489491270074
0.0,0.5660233063434112
4.663439094112067,3.357627835281717
0.0,0.18439214010046023
1.6094379124341005,2.874281806257179
1.0986122886681096,2.5080871241866007
3.218875824868201,2.921291671883453
0.6931471805599453,2.441252979579115
0.0,-0.6113433252886482
1.3862943611198906,2.8126549389189766
0.0,0.11451148995817406
4.7535901911063645,2.814760123493566
0.6931471805599453,3.1018297602743226
0.0,-0.3505723357282755
0.0,-0.274464282886167
0.0,-0.37268228155638505
4.653960350157523,3.2873685878715446
4.795790545596741,2.645099029966643
0.0,-0.24258947396470143
4.3694478524670215,3.39599592812678
0.0,0.11636152380025289
0.6931471805599453,2.787949613186526
2.5649493574615367,3.3789165605953984
0.0,-0.25825721941274526
0.0,0.21830103906769738
1.3862943611198906,2.8698238061176387
0.0,0.9849493187351803
0.0,-0.5435281409441561
0.0,-0.19149702138209834
0.0,-0.5893180943471692
0.0,0.6094261889121575
0.0,0.2567394478664007
3.951243718581428,3.1793968120326417
0.0,-0.5770500953397466
3.7612001156935615,3.045522592707642
3.8918202981106265,2.660416669764529
3.688879454113936,3.355401443590223
0.0,0.32189260862880875
0.0,-0.4134243856805102
1.3862943611198906,3.010671663016825
1.0986122886681096,2.8416389234130564
0.0,0.16554433754876885
0.0,0.3063808144912574
0.0,-0.44895886939211493
0.0,0.24008689580272735
0.0,0.07715883668444001
4.143134726391533,3.1925228176601053
0.0,0.3595863001591657
0.0,-0.020193149202354377
3.784189633918261,3.325498844017684
0.0,-0.36230165117545976
0.0,-0.3745938689033719
0.0,-0.06640064541212531
0.0,-0.2865958998105542
3.828641396489095,3.3971989590737524
0.0,0.7160561843875981
0.6931471805599453,2.0605658003487557
0.0,0.36213595493357986
2.70805020110221,3.067530304184645
5.181783550292085,3.2942038008416956
0.0,0.4260139047291105
2.8903717578961645,2.9300415286013086
3.1780538303479458,2.8165032238794305
0.0,-0.15820649564382405
5.010635294096256,2.9212895296331753
0.6931471805599453,2.6451435897992273
2.995732273553991,2.9403602712801233
0.0,0.7062055332919159
0.0,-0.19186630880434707
4.553876891600541,3.3055355634217434
0.0,-0.5069347191225062
4.382026634673881,2.8997928884382276
0.0,0.3549685921878809
0.0,-0.10899923589435034
0.0,0.32891396608510237
0.0,0.13576503967333942
3.1354942159291497,2.699911491943796
0.0,-0.4585916980133824
3.367295829986474,3.1840645886643406
0.0,0.4389043605764136
1.3862943611198906,3.1449179830911635
0.0,-0.2159726445022816
4.465908118654584,3.7259226568465316
0.0,0.30809736153477174
3.8918202981106265,3.3004361470985804
0.0,-0.21990037751430114
0.0,-0.5487368276741864
3.6635616461296463,3.3307164393925675
0.0,-0.2344807038796337
0.0,1.3034643971618571
1.791759469228055,1.8840294256949273
5.111987788356544,3.4835304979580055
1.3862943611198906,3.4208723027351984
0.0,-0.3165750747411704
0.0,-0.26498064450657166
0.6931471805599453,2.948273906970214
0.0,0.11459027674346811
4.394449154672439,2.892205184561172
0.0,-0.07716850900781047
0.0,-0.4252790780299889
0.0,-0.2849011600613576
5.187385805840755,3.31379415146254
2.302585092994046,2.991172065055564
4.127134385045092,3.196332262289124
4.330733340286331,3.2365373963797706
0.0,0.4203653781245791
0.0,0.9014122473679366
2.079441541679836,2.1756101873126217
1.0986122886681096,3.0059776571091463
0.0,0.8494788019079381
1.0986122886681096,2.5844562339356205
4.990432586778736,3.4659210688480613
0.0,1.044220163776239
2.8903717578961645,2.848876750040626
4.787491742782046,2.8680425333019732
0.0,-0.457678394529609
2.302585092994046,2.8061910437724755
0.0,-0.45062485596736623
0.6931471805599453,2.4602612429670865
0.0,0.14789521867821986
0.0,-0.3276272765613957
0.0,0.562571864964835
0.0,-0.07849562366245211
0.0,0.24012728023912389
0.6931471805599453,2.124043387535888
1.0986122886681096,2.528402469339843
0.0,-0.3992433505006989
4.718498871295094,3.4535211624610316
2.4849066497880004,2.1301149397216745
0.0,-0.06244473376048276
4.290459441148391,3.146188769910668
0.6931471805599453,2.9535651925688393
2.079441541679836,3.158529643117885
2.9444389791664403,2.6533239716017816
1.0986122886681096,2.9561160390101904
0.0,-0.35402582758140255
1.0986122886681096,2.4509320117638933
4.060443010546419,2.873609022267478
2.5649493574615367,4.361707126112733
0.0,-0.46142878665702414
1.0986122886681096,2.3951175454462805
0.0,0.40596934312448374
5.1647859739235145,3.1242781004995503
4.0943445622221,3.5334662212810395
5.1647859739235145,3.749591968054106
0.6931471805599453,2.8404187575520594
0.6931471805599453,3.0046752795997924
4.948759890378168,2.98091802591769
0.0,0.0225772072771675
0.0,0.8006282289952149
3.218875824868201,2.928542453940376
3.044522437723423,3.0789624683956385
0.0,0.1383807741932661
2.5649493574615367,2.8515168120096934
2.995732273553991,2.54449086851268
4.6443908991413725,3.1381835683063004
0.0,0.0627755801255141
0.0,-0.03835815079031901
0.0,0.4645946552811395
3.951243718581428,2.610392864233692
0.6931471805599453,2.878679802906328
1.9459101490553128,2.6667358207501386
3.4657359027997265,3.450708388622475
0.0,0.482330943293217
0.0,0.3093412057096039
0.0,0.19345195393183667
0.0,-0.3622750774244934
3.58351893845611,3.2003329203237287
4.189654742026425,3.3032315199662525
2.995732273553991,3.0264619376552093
0.0,-0.11258913348003441
0.0,0.2637848098900377
4.204692619390966,4.207814369167862
0.0,0.3644088050057921
0.6931471805599453,2.316228961547279
4.189654742026425,2.663204883779132
0.0,0.35661528739364456
0.0,-0.033695645658043505
0.6931471805599453,2.5796403688500624
0.0,-0.2956286936765973
0.0,0.524412829679807
4.04305126783455,3.03919107330572
0.0,0.22712088977363898
4.23410650459726,3.5029075285270004
2.4849066497880004,2.4054395389676744
4.634728988229636,3.191828721137413
3.4011973816621555,3.3577061822190846
3.688879454113936,3.1237648269235674
0.0,0.13062728308330773
0.6931471805599453,2.4365073626735656
4.23410650459726,2.911659381306311
0.6931471805599453,2.6165992594815854
0.0,-0.1300525289715031
3.6635616461296463,3.1967075970982815
4.127134385045092,3.711093685066968
0.0,-0.449845283855034
2.639057329615259,2.667532099040038
0.0,0.2914510030139701
0.0,-0.14427443910151116
0.0,-0.24466617070523888
0.0,0.21373542149304714
5.2574953720277815,3.727876451034699
0.0,0.21109033992709536
3.6375861597263857,2.9228963237023846
0.0,0.5592888674286052
1.3862943611198906,2.1278423985976205
0.0,0.5143257555406024
0.0,-0.10127945917813963
4.127134385045092,2.6471886112795744
3.4011973816621555,3.1552771133953184
4.990432586778736,2.8752225916912924
0.0,-0.06078334130602148
0.0,0.9910939543063104
0.0,-0.09248473526545653
0.0,-0.26075559040203045
0.0,-0.07885322109563697
2.4849066497880004,2.527810564352027
0.6931471805599453,3.334401859902056
0.0,-0.3452301191644107
3.5263605246161616,2.5660742407654937
1.3862943611198906,3.014842207600987
0.0,-0.07123506036290395
0.0,0.3535032576995081
3.044522437723423,2.1549658817111483
0.0,0.2287021696243483
3.258096538021482,2.968627833929908
0.0,-0.3591506270178977
0.0,-0.2787267728833984
0.0,-0.4490944688514853
1.9459101490553128,3.0995290504995854
3.5263605246161616,3.058331860937095
0.0,-0.17077799381135428
0.6931471805599453,2.4472090671824027
0.0,-0.4369779952739856
1.791759469228055,2.5410179029376025
2.8903717578961645,2.915371139510623
3.8501476017100575,3.2554420370033856
4.343805421853684,2.9434347227126554
0.0,0.26655382670891425
1.791759469228055,2.5937296649771975
2.772588722239781,2.9344318515583145
0.6931471805599453,3.093351708721766
2.302585092994046,2.234978013747574
1.0986122886681096,2.2274155821539736
3.1780538303479458,2.9364728359316503
0.0,-0.3010513509445718
3.49650756146648,3.4317056764993685
4.61512051684126,2.9275447317805816
0.0,-0.3583701747663599
0.0,-0.43054598022144797
4.304065093204169,3.012560536269428
0.0,0.11553512237782981
2.5649493574615367,2.8837146305795387
5.37989735354046,3.22764857735127
0.0,-0.5094013978351901
2.833213344056216,2.897867142967633
3.784189633918261,3.2550661918629813
0.0,-0.35753085619658576
3.258096538021482,2.7751464601545894
1.0986122886681096,2.8647210863061776
0.0,0.3986177588580775
0.0,0.4633977208313591
0.0,0.7732646262037555
1.0986122886681096,2.605823002783602
4.0943445622221,2.872694609007026
0.0,-0.15468893806988593
1.6094379124341005,2.8768811826031397
0.0,0.28203940232801394
0.0,-0.06747472071094762
3.044522437723423,3.5958681487783952
3.295836866004329,2.971758642632614
0.0,-0.49266407549969404
4.3694478524670215,3.1242912046413465
1.0986122886681096,2.944695890237522
0.0,-0.1526385631953988
0.0,-0.14756876152594955
0.0,-0.3292763280570825
0.0,0.14764358379169296
4.406719247264253,3.1963506307156377
0.0,-0.2253369813302739
0.0,0.04283466610175091
0.0,-0.2671783736591835
3.610917912644224,3.1077057044048706
0.0,0.12355455999987397
4.23410650459726,2.996807720118386
0.0,-0.20273391135403562
3.367295829986474,3.447004702265197
0.0,0.18892428323830357
0.0,-0.040842046242178576
0.0,-0.339355759260453
4.700480365792417,4.084680363463097
0.0,0.016223794677404868
0.0,0.24067419183251793
1.9459101490553128,2.5818011299749783
0.0,-0.6261813447489577
4.060443010546419,3.4143696643454717
2.079441541679836,1.9944447834358994
1.3862943611198906,3.3908160821698927
0.0,0.6163277533092169
3.784189633918261,3.1787506042486133
3.8712010109078903,3.133477214861788
2.833213344056216,3.1360798877103266
0.0,-0.20012250678824506
3.367295829986474,3.170835617578841
3.8712010109078903,3.4366829932681613
0.0,-0.11164776032896828
4.564348191467836,3.1884574715555374
0.0,-0.06498937723883014
0.0,0.22169567558578684
0.0,0.4898520459777971
4.174387269895637,2.890922459830682
0.0,0.8180787277729213
3.80666248977032,2.9307061530366845
0.0,1.1430750212485372
4.060443010546419,3.398316005179593
0.0,-0.4935815987044676
3.8501476017100575,3.291932401164654
0.0,-0.4847693429163762
1.3862943611198906,2.802176741158922
0.0,-0.26976395516239204
1.0986122886681096,2.3994975475323463
0.0,-0.022968850754322645
0.0,-0.35716985051792394
4.700480365792417,3.402156598822658
0.0,0.2016599972683888
0.0,-0.5632206447763237
0.6931471805599453,3.299722313004033
0.0,0.02103284886941048
0.0,-0.0032962902425599516
0.0,0.6930138401337917
0.0,-0.24250857968531792
0.0,-0.6531258337544323
2.302585092994046,2.887656895037794
2.3978952727983707,2.641502119385976
2.639057329615259,3.24590946150108
0.0,-0.1551847066123786
0.0,-0.5578780271214501
0.0,0.12302906870087371
0.0,-0.2553869340839876
4.709530201312334,2.7482612692205164
2.5649493574615367,2.659086519346485
0.0,0.14666284317905598
4.553876891600541,2.573598830806256
4.04305126783455,2.683495353087591
0.0,0.6662545102575501
4.276666119016055,3.1692081105345347
4.836281906951478,3.6982782356563035
4.23410650459726,3.4452802408011296
0.0,0.20221617198029085
3.828641396489095,3.3129748363444778
0.0,0.2073318271953577
0.0,-0.06712201572291288
5.616771097666572,3.844359834374731
4.219507705176107,2.419111168236376
2.4849066497880004,3.080418700614401
3.091042453358316,2.722965553581698
0.0,0.6117703838106481
0.0,0.3053697114352132
2.639057329615259,3.1472862044044785
2.639057329615259,1.8048808848345008
0.0,0.11569321770968699
1.0986122886681096,2.9181808654289334
0.0,0.2696076526776576
1.0986122886681096,2.5214491969406856
0.0,-0.21452315472698968
0.0,-0.14612178022529965
0.0,0.7835464251145197
0.0,-0.1531556212811891
4.727387818712341,3.119225658258382
4.07753744390572,3.1904753897212856
1.0986122886681096,2.173548329738277
0.0,0.6653343008159072
4.584967478670572,3.034084183632943
0.0,-0.44516991317980636
0.0,0.8278131032599729
0.0,-0.34516744505536456
3.7612001156935615,2.6084939944131396
0.0,0.3470203901516242
0.0,0.21664164286854293
4.795790545596741,4.64473423106924
1.0986122886681096,3.0905729818885375
1.3862943611198906,3.518728655835929
2.19722457733622,2.712259567873525
0.6931471805599453,2.401130971627911
4.564348191467836,3.1645901263230414
0.0,-0.14158663952820016
0.0,0.11116507168218837
0.0,0.9120077032354634
0.0,-0.011722378490594432
1.0986122886681096,3.3404243589678715
0.0,-0.5653489156683014
1.9459101490553128,2.3226807812598826
0.0,-0.4854083447434445
4.770684624465665,2.7410377343175103
4.060443010546419,2.52994490486977
1.3862943611198906,2.452457485076326
0.0,-0.6738672718140255
1.0986122886681096,2.2419500662176395
0.0,0.23154264075666164
0.0,-0.5162924771399369
2.19722457733622,2.6440990345787125
0.6931471805599453,2.280585895072217
1.0986122886681096,2.3652181125248677
2.19722457733622,3.071416006991641
5.356586274672012,3.570561488035028
0.6931471805599453,2.6670958811406065
0.6931471805599453,3.1147602484471193
0.0,0.006902313319621101
0.0,0.572558522503082
0.0,-0.011393523478360201
0.0,-0.2709687800027445
0.0,-0.07780276588440493
0.0,-0.37446568260614477
0.0,-0.48129407502753674
4.060443010546419,3.0877593786187716
3.784189633918261,3.109623135102037
0.0,0.30756572772379
0.0,0.13679015283985674
4.0943445622221,3.3912789639140426
1.0986122886681096,2.0677624884854113
2.302585092994046,2.6054205341478074
4.812184355372417,3.7453744191385985
1.3862943611198906,2.4552678669735277
3.49650756146648,2.983838686801506
0.0,-0.6833739363729436
0.0,-0.14187469325589874
0.0,0.42249109824274456
0.0,0.11403028640220203
3.7612001156935615,3.3994038954470267
0.0,1.2555479993093202
1.3862943611198906,2.642213730532153
0.0,-0.39546193432335075
0.6931471805599453,3.9673386609370875
0.0,-0.38977478774949814
0.0,-0.5913813278019182
0.6931471805599453,1.9724989889389466
0.0,0.10402811644426113
4.02535169073515,2.950133753720385
0.6931471805599453,2.8321708030725263
4.442651256490317,2.891112677612915
0.0,-0.38981810861399957
4.304065093204169,2.8006374727594543
1.9459101490553128,2.6236658919055147
0.0,-0.25244770567261066
0.0,-0.0397592876430759
2.3978952727983707,3.0118524444107635
0.0,-0.5851314565646213
1.0986122886681096,2.5887671320200676
0.0,-0.4637343107733982
0.0,-0.46693473914874684
3.555348061489413,3.3890330938796795
0.0,-0.1458751683002173
1.0986122886681096,2.3502132998190186
1.3862943611198906,2.6995540828245588
0.0,0.6281967612642261
0.0,-0.25599620194424455
0.0,0.5978382908765805
0.0,-0.12029478471736121
1.6094379124341005,2.3314734697009363
0.0,-0.5166943132945279
0.0,0.5273354688106546
0.0,-0.36002613108754344
1.6094379124341005,2.137321909668351
0.0,0.02671585405060295
0.6931471805599453,2.858237724887238
0.0,-0.30057073135590073
0.0,-0.1414884097060738
3.6635616461296463,2.618636786097387
1.0986122886681096,3.309607728657724
5.135798437050262,3.022604752461427
1.0986122886681096,3.511980349152698
3.80666248977032,3.1250310660738045
0.0,-0.2197103436126211
0.0,-0.28914861540173975
0.0,0.5103537189326584
0.0,-0.01326409021274233
3.295836866004329,3.4793735294250334
0.0,-0.4924110090834217
4.6443908991413725,2.862355782165721
1.0986122886681096,3.3518612166450326
0.0,0.24956764489188066
3.367295829986474,3.1363745511357086
4.5217885770490405,3.444810583428317
0.0,0.23998516842714568
1.791759469228055,2.678873191137508
3.9318256327243257,3.1040515413941554
1.0986122886681096,2.9705282597718536
0.0,0.2282559568252589
3.555348061489413,3.0547535656372107
0.0,-0.3698014087978092
0.0,0.04765794554885017
3.784189633918261,2.518093750643996
3.044522437723423,3.1021077012490927
0.0,-0.5807453904360305
0.0,-0.03789620256668358
4.584967478670572,3.576934491168108
4.204692619390966,2.830555657001582
0.0,0.5336650404910552
0.0,-0.341025152204538
1.0986122886681096,2.204531811237277
0.0,-0.38978210025785387
3.7612001156935615,2.551648767971746
0.0,0.341012525466031
0.0,-0.12783269792895724
0.0,0.05449043668287712
1.6094379124341005,3.036036353953313
4.477336814478207,3.136140424095962
3.5263605246161616,3.0073541927071847
4.564348191467836,2.836173846602382
2.70805020110221,3.080882444000101
3.6375861597263857,3.1335158488058794
0.0,-0.002443173685190203
1.791759469228055,2.8573203859449094
2.9444389791664403,3.097211701410226
1.0986122886681096,2.34424892544918
2.833213344056216,2.553695011087524
4.983606621708336,3.45377838920382
0.0,-0.13024443354624293
0.6931471805599453,1.9587735692204222
4.127134385045092,3.298930174977885
0.0,-0.28419142946687037
0.0,0.8671080147737875
2.995732273553991,2.8872893676139197
0.6931471805599453,2.8763898618992227
3.828641396489095,2.759372895519655
4.442651256490317,3.1006604268183904
2.995732273553991,2.435175341922009
4.330733340286331,3.549163829659382
0.0,0.1566037691410227
2.302585092994046,2.5179853409866597
0.6931471805599453,2.5719917947607898
0.6931471805599453,2.467779919169666
0.0,-0.31674499942900036
1.0986122886681096,3.2871825024773287
0.0,-0.18191076452202948
0.6931471805599453,2.631892664866995
0.0,0.27726389788523376
4.219507705176107,2.4460091196987053
3.8712010109078903,2.880326785842366
4.127134385045092,3.0551028852314515
1.9459101490553128,2.6857050519591787
0.0,0.21078459830993124
0.6931471805599453,2.615377915685704
3.49650756146648,3.3815892773208476
3.912023005428146,3.3226513692206403
0.0,-0.47443033560724635
0.6931471805599453,2.1996373052733222
3.8501476017100575,3.483100843442781
4.219507705176107,3.421454846021147
0.0,0.8646017863843471
0.6931471805599453,2.155503415584658
0.0,-0.08584818870777644
0.0,0.723166514955123
2.995732273553991,3.2890234345253173
3.912023005428146,2.9163220317461955
0.0,-0.23666692934640254
1.0986122886681096,2.5543216191246314
3.688879454113936,3.1199897582084795
2.19722457733622,2.618204497144244
4.304065093204169,2.673753710766194
4.454347296253507,3.4767189896404056
4.948759890378168,3.1381757374988246
0.0,0.38044768229709325
0.0,0.8541844432946402
0.0,-0.3017310844702874
2.302585092994046,3.4583550607355082
3.80666248977032,3.2848598776017752
0.0,0.48222450490029245
0.0,-0.11612167638279547
0.0,0.2345941737024373
4.143134726391533,2.8481781015920595
0.0,-0.2925605035495913
3.58351893845611,2.791316496692697
1.6094379124341005,2.079898301967774
5.117993812416755,3.1934481502203975
0.0,-0.06784621377090172
1.3862943611198906,2.2856061619048766
0.0,0.225235447678793
3.5263605246161616,3.2544482369617858
4.219507705176107,2.8519009705431846
0.0,-0.49515415602440127
3.49650756146648,2.1989692268417236
3.713572066704308,3.693120293690796
0.0,-0.02318812182192964
2.772588722239781,3.000261691328112
4.304065093204169,3.197030011466145
4.31748811353631,2.7963587558342624
3.258096538021482,3.2013944059880606
0.0,0.452223322103791
1.6094379124341005,2.5660601692138814
1.0986122886681096,2.797694148584558
1.0986122886681096,2.1321739786820433
4.110873864173311,3.509587676016059
0.0,-0.2430937519184564
0.0,-0.3340915491873586
1.0986122886681096,2.5113130894617233
4.23410650459726,2.8751301847502737
1.6094379124341005,2.0920211500453814
4.844187086458591,3.23158165125899
0.0,0.09862019328116478
0.0,0.5807090417869953
2.8903717578961645,2.300846185076519
3.9318256327243257,5.570637118616158
3.4339872044851463,2.953309128819239
0.6931471805599453,2.3566656681920546
0.0,-0.06587456823903848
0.0,0.5059403322662197
0.0,0.060027969884385524
4.499809670330265,3.162165492271629
0.0,-0.3456560263061026
0.0,-0.28223337526272285
3.7612001156935615,3.3884983429748483
1.3862943611198906,2.4519270298171323
4.700480365792417,3.2002767633544895
3.951243718581428,3.321154678121673
0.6931471805599453,2.472425779410946
0.0,-0.17307158742851358
4.262679877041316,3.041542276696181
0.6931471805599453,2.5249503951821746
0.0,-0.13228134745924258
1.0986122886681096,2.4861410652859997
0.6931471805599453,3.313930809912512
3.737669618283368,2.7100213220579197
0.0,0.45943683424293025
0.6931471805599453,2.925059795951575
4.276666119016055,2.6130390627110103
0.0,-0.419093300637718
1.0986122886681096,2.288638641292736
3.218875824868201,2.645494262819088
3.9318256327243257,3.140020862278724
2.70805020110221,2.8949491008399093
0.0,0.2921972772179706
4.04305126783455,2.8302707621098993
3.1780538303479458,3.245187391160666
0.0,0.6750604102688715
4.653960350157523,3.0174264001275004
0.0,0.896297843793804
2.639057329615259,2.6021678957402012
0.0,0.11214650596636955
0.0,-0.5186227345503531
0.0,-0.11117333537148033
3.784189633918261,3.527989704294927
0.0,-0.05696195064700693
0.0,0.01401424051823863
0.0,0.32048482324843164
1.0986122886681096,2.606610312544762
1.791759469228055,2.857242960003278
1.3862943611198906,2.0085150377567076
3.5263605246161616,3.4474560185766316
0.0,-0.33484210210187904
3.258096538021482,2.9478535073253838
0.0,-0.14174653048261465
0.0,-0.47973187006675255
0.0,-0.14743759303832382
0.0,-0.2085664738255426
2.639057329615259,2.8196573710615636
0.0,0.12841978689958866
0.0,-0.281862935777637
0.0,-0.30320752579399324
0.0,0.09327426212217405
0.0,0.26618399378517976
0.0,0.47590630615184537
0.0,0.6356124125552898
0.0,-0.5250371296042968
0.0,-0.48398875778518535
0.0,0.636818540567635
3.4657359027997265,2.2984595665461898
0.6931471805599453,2.489070474459746
2.5649493574615367,2.7649036445367217
3.828641396489095,3.0534095320811216
3.8918202981106265,2.825620155378922
2.19722457733622,2.8976758038823904
0.0,0.4826433955890701
5.10594547390058,3.1151197184521084
3.828641396489095,3.2456815598270286
1.3862943611198906,3.1504248219329556
0.0,-0.27737508037292224
0.6931471805599453,2.5307071245763257
0.0,-0.2829824707967359
0.0,-0.27494629259563075
0.0,0.589820107924317
0.0,-0.15701831130567845
0.0,0.2752012361313203
3.610917912644224,2.1407563811582984
0.0,0.18208670539892857
4.3694478524670215,2.283658009107909
0.0,-0.0679308599587718
0.6931471805599453,2.2941238769722427
4.430816798843313,2.695989073190268
1.9459101490553128,2.430439126325457
0.0,-0.12051666434633401
1.6094379124341005,2.411940706369297
4.356708826689592,3.0359983928277128
4.04305126783455,3.604026285303375
0.6931471805599453,3.3527105926319165
0.0,-0.36262675954072465
3.332204510175204,2.8909375915084468
3.295836866004329,3.1276959783274254
3.7612001156935615,2.621318026616661
4.04305126783455,3.353355844665945
0.0,-0.5019329042973952
0.6931471805599453,2.7535104305009668
0.0,1.0893961199204785
5.003946305945459,3.444336341002657
0.0,0.13849806479279314
0.0,0.17504480678362966
0.0,0.2217365597757146
0.0,-0.11137819344710365
0.0,-0.11848502411979833
0.0,-0.07541242151760041
4.875197323201151,3.068089548204834
1.0986122886681096,3.4440279600911543
0.0,0.16907792277423717
4.51085950651685,3.2808999645250942
5.010635294096256,3.3856847240283265
0.0,-0.05654586271785411
0.0,0.04271038267679628
1.3862943611198906,2.5364338969605864
4.189654742026425,2.5882649015381443
3.951243718581428,3.287402769268522
3.8501476017100575,3.4474066672150245
0.0,0.38012632670141544
0.0,-0.3414275264617004
0.0,0.1215327225922227
3.610917912644224,3.8574605864195495
0.0,0.6241581133428151
0.0,-0.5154563229329625
1.0986122886681096,2.5535226252150185
0.0,-0.3554909971236073
0.0,0.3761969159308636
0.0,-0.17337056596000933
3.713572066704308,2.6801503147007875
1.3862943611198906,3.0680904805883915
0.0,-0.1778948113658556
0.0,0.5394593192963946
0.0,0.18048664235556577
0.0,0.5123807610089026
4.060443010546419,2.916053531852386
5.10594547390058,3.1832842237341974
0.0,0.4730751705793983
1.0986122886681096,2.377321832665517
3.4339872044851463,3.19668083936648
3.091042453358316,2.8763020184012884
0.0,-0.2695966863352828
0.0,0.2835121934225242
2.70805020110221,2.6086239803320463
0.0,0.348558925223301
1.9459101490553128,2.851799334724273
0.0,-0.05179248593832986
0.0,0.08580668644406897
0.0,-0.17200109568624944
1.0986122886681096,3.3337848441694864
0.6931471805599453,2.224122882207921
0.0,0.281861149281299
0.0,-0.24053823579058164
4.02535169073515,2.6840855690104064
4.454347296253507,2.721492121203507
0.0,0.035649781551655435
2.70805020110221,2.25120942516708
4.174387269895637,3.155488263266708
1.0986122886681096,3.4193707516758343
1.0986122886681096,2.565255203433741
0.6931471805599453,2.471980761632341
0.0,0.6836700728129632
0.0,-0.15015535364695531
3.737669618283368,2.5410880635676123
0.0,-0.29905806756907527
1.3862943611198906,2.682908895233776
2.302585092994046,2.909807241010127
1.0986122886681096,2.8210487839531626
0.0,0.15253140100171692
4.248495242049359,3.3118260350459883
3.4011973816621555,2.6451711044780533
0.0,-0.20879204165271403
0.0,0.013078144391241331
3.610917912644224,3.0920444606286526
4.499809670330265,3.0782208671090068
0.0,-0.021818963289247817
4.691347882229144,3.542601212300279
0.0,0.011401069593548918
0.0,-0.4215153625830501
1.791759469228055,2.5973482775716454
0.0,1.0612015878803929
0.0,0.43530401670610774
4.700480365792417,3.0211767628990227
0.0,-0.268063764350166
0.0,0.0652940072965591
3.6375861597263857,2.6615968872761395
4.304065093204169,3.1752632120963296
0.0,-0.12883681358839238
0.0,-0.3322880221926554
1.0986122886681096,2.717941496162787
3.044522437723423,3.0993619781440644
0.0,0.7498759522683307
4.532599493153256,3.3300441307908395
0.0,-0.010053803125084526
0.0,0.9232968834431032
0.0,-0.4025969201065358
0.6931471805599453,2.8664472801767644
1.9459101490553128,2.751798107152367
0.0,-0.45987846200182547
0.0,0.3130848028858586
2.4849066497880004,2.7125836247635693
2.5649493574615367,3.3000676949925394
2.8903717578961645,3.234243838940161
1.0986122886681096,2.473848625777315
2.995732273553991,2.8648715130040046
0.0,-0.26260302643883904
0.0,0.3076007990706684
5.8522024797744745,3.7738569728373927
4.454347296253507,3.0466645616134698
4.158883083359672,2.9072767602146943
0.0,0.01747625467344882
3.1780538303479458,3.4931260361729075
4.976733742420574,3.455025860901249
0.0,0.4293378956965199
0.0,-0.21097024891187166
4.356708826689592,2.888363192661913
2.5649493574615367,2.425133271534608
4.6443908991413725,3.0211984421296636
0.0,-0.09770459778411134
1.0986122886681096,2.34240090393957
4.189654742026425,2.723988484569258
0.0,-0.29186855249938715
1.6094379124341005,2.024804650934071
5.062595033026967,3.4141839950025883
0.0,0.03678679033819754
1.6094379124341005,3.244717019273984
3.367295829986474,3.0269994279805115
0.0,0.41747657196642285
4.262679877041316,2.749596779356024
4.07753744390572,2.899867442812732
3.6375861597263857,3.497955368189069
1.0986122886681096,2.4929756937277046
5.351858133476067,3.4263738683396374
3.6635616461296463,3.11114212959843
0.0,-0.6818694505685476
3.5263605246161616,3.182247048044582
0.0,0.5755824424510405
0.0,0.3093837698505202
0.0,0.5996425398909258
4.262679877041316,2.9844200327760935
2.19722457733622,2.1902600229715925
0.0,0.03142437740272985
1.791759469228055,2.784805025203488
0.0,-0.1490462486610049
3.713572066704308,2.7666119333503563
0.0,-0.33518920371830063
0.0,-0.3880156018821199
5.645446897643238,3.3305558306666443
0.0,-0.24369734091210304
0.0,-0.5840040223143728
0.0,-0.30185544895209837
1.9459101490553128,2.7697048321216795
1.0986122886681096,3.213375769376553
0.0,0.1525608867582111
1.0986122886681096,2.459974236562608
0.0,-0.5525977979602548
1.9459101490553128,2.4625748733452015
4.812184355372417,3.032160273075657
3.4339872044851463,3.2692027710004785
3.49650756146648,3.1773959027164347
0.0,-0.10306652640583192
2.4849066497880004,2.1181941291360147
0.0,0.1818012733697656
0.0,0.4180379412506585
0.0,-0.37736774262564454
2.3978952727983707,2.312132826518344
0.0,0.453455401439969
0.0,-0.21026665386413423
0.0,0.06715918381314068
4.836281906951478,3.2858718873738475
4.07753744390572,2.84410378342615
1.0986122886681096,2.467883383421934
0.0,0.43511587711695454
0.0,-0.2373502023472125
2.8903717578961645,3.5707638055275517
3.828641396489095,2.9066987164005473
4.060443010546419,2.610668366043694
2.833213344056216,2.40173755035289
3.713572066704308,3.196831978832339
5.170483995038151,3.4666041536281096
4.532599493153256,2.983647325658251
3.5263605246161616,3.099351994966474
4.61512051684126,2.809360053895406
0.6931471805599453,2.0296733778188716
1.0986122886681096,2.3239190951713464
0.0,0.49866640629000947
1.9459101490553128,2.6391956427974392
0.0,0.32351052859628715
0.0,-0.21557339891361238
0.0,0.057852954253097444
4.060443010546419,2.900612576240791
0.0,-0.6211432657232812
0.0,0.32182552607932857
0.0,0.8359207598399525
0.0,-0.3362754574648785
0.0,-0.01654059298241295
4.653960350157523,3.450711855857527
1.3862943611198906,2.4309262552825452
0.0,0.25618792680876723
0.0,0.17419056658868604
2.302585092994046,2.1857441777596054
4.574710978503383,2.7893856471304317
3.8918202981106265,2.639692028993286
1.3862943611198906,2.968581199666117
3.912023005428146,2.917767523505962
1.3862943611198906,2.671218697394736
0.6931471805599453,3.477644693713442
0.0,-0.5983810082431771
0.0,0.33058140430503435
0.0,-0.6653662960399904
0.6931471805599453,2.1719378029751697
0.6931471805599453,2.9962818414114176
0.0,0.8768030524617708
1.0986122886681096,2.3696972206745373
0.0,-0.15019337575360048
1.3862943611198906,2.3175226102704727
3.8712010109078903,3.2973245058665333
0.0,0.6182462412462959
5.488937726156687,3.5924708875665075
3.8918202981106265,2.800036983876603
0.0,0.01454625717182445
0.0,-0.013546647362029818
2.3978952727983707,2.861437278449254
0.0,-0.2501794514062383
0.0,-0.23449260356054147
0.0,-0.07095766802346981
4.804021044733257,3.409515938544136
4.7535901911063645,3.203885579446749
0.0,-0.11212735429193188
3.258096538021482,2.997484095268996
0.0,-0.007884573535493544
0.6931471805599453,1.723399289987054
1.3862943611198906,2.9713131312470686
1.9459101490553128,3.0886439528169687
0.0,-0.09267648793933869
0.0,0.4283047365140331
0.0,0.3665542381823568
4.110873864173311,3.2058546606402576
0.0,-0.29006437870959445
1.0986122886681096,2.181684809930305
3.8501476017100575,3.4650629475460595
3.1354942159291497,3.903627945960612
0.0,0.2063162824036009
0.0,-0.726826081282395
1.6094379124341005,2.7572070092074368
0.0,0.10263467202355825
0.0,-0.15355361011972257
0.0,-0.6295741150673613
3.828641396489095,3.2310054662548175
5.342334251964811,3.3842838181980075
0.0,0.16726109026094438
3.7612001156935615,3.6365786128077047
0.6931471805599453,2.615563193207377
0.0,-0.025477291128196633
0.0,-0.2926398965964858
3.4011973816621555,2.9156799304053194
4.290459441148391,2.67500028710767
4.110873864173311,2.995212820515701
0.0,-0.13554355641432148
4.23410650459726,3.1124539635927873
0.6931471805599453,2.708048313619365
0.0,-0.304090756057414
4.605170185988092,3.8753145066013697
2.079441541679836,2.337428351271241
0.0,0.5520963045421958
1.6094379124341005,2.1893102934288478
0.6931471805599453,3.474261767110902
0.0,-0.3140651814011859
3.912023005428146,3.1059165292976676
0.0,-0.5708873808667159
0.0,-0.34572851289956086
3.80666248977032,3.2936240763955094
2.5649493574615367,3.141243852855556
0.0,-0.05262087372894553
0.0,0.3292862698890284
4.61512051684126,2.8592522528403705
4.219507705176107,2.754638573825301
2.19722457733622,2.548004067593454
0.0,-0.06715540192381564
1.0986122886681096,2.091157445213529
0.0,0.06480221395349228
0.0,-0.40915834579857613
3.555348061489413,2.487747303670316
0.0,0.35275966838803186
0.0,0.5590319352222703
3.49650756146648,2.5693356648455064
4.189654742026425,2.6981248226473795
0.0,-0.5324795614404421
0.0,-0.05842249515886233
0.0,0.6335990042456441
0.0,0.017250034219562504
0.0,0.8021135086457201
0.0,-0.0049870725776293146
0.0,-0.4785527016275548
4.02535169073515,3.4082049415721745
2.8903717578961645,2.556429144575375
0.0,0.7150493873108694
0.0,0.33461241458555224
3.044522437723423,3.2582493108618
0.6931471805599453,3.0267402122933342
2.772588722239781,3.011538346078596
3.044522437723423,3.0156591465743334
2.19722457733622,2.4119556027945133
1.791759469228055,2.1572840065410843
0.0,-0.3602495512551207
0.0,-0.5090712986833204
0.0,-0.3153238948990804
0.0,-0.3617289277156974
1.3862943611198906,2.123167851323902
1.0986122886681096,3.3085596275852645
2.9444389791664403,3.272751269465481
4.189654742026425,2.9784762710281196
0.0,0.4278449754468361
4.276666119016055,3.220835167198622
0.0,-0.001974618944781348
0.0,0.5076497155794866
3.555348061489413,3.01102865690548
0.0,-0.012664033811451869
0.0,0.18505182375186036
0.0,-0.11524100483505162
0.6931471805599453,2.6403204529835818
0.6931471805599453,2.570696190145431
5.25227342804663,3.8108710572761804
0.0,-0.7433318049997548
2.19722457733622,3.1996716039324893
0.0,-0.26529241510370083
0.0,-0.14182683804806606
2.639057329615259,2.7850458048933096
1.3862943611198906,2.9015243074343084
4.543294782270004,3.1677624973464655
1.9459101490553128,2.686165196593546
2.19722457733622,2.2668620409262585
0.0,0.8582750089458757
0.0,0.6753874850471502
3.8712010109078903,2.9725952965042888
0.0,0.09926306681507602
2.639057329615259,2.5907529686571396
0.0,0.25794106545334783
0.0,-0.3418774197019294
4.882801922586371,3.367693451202845
0.0,-0.3805149497542102
0.0,-0.24889531833002732
1.3862943611198906,2.4398982412617305
0.0,-0.46320482846642363
0.0,0.0528107428044684
0.0,-0.06908798094948043
2.079441541679836,2.0359493904420205
0.0,-0.48988016744153207
0.0,-0.3730492419769429
0.0,-0.2669492207783999
0.0,-0.3052669193637243
0.0,-0.4958225326821646
2.3978952727983707,2.9417086312947287
3.091042453358316,3.121164443300277
0.0,-0.4101197563999053
0.6931471805599453,3.2759052452271193
4.543294782270004,3.5804761969330867
4.727387818712341,3.8804517040964264
2.5649493574615367,1.8798550001829888
0.0,0.12657199773953387
0.0,0.33403656926846814
0.0,-0.2102165250672945
4.23410650459726,3.411969860103426
0.0,-0.4388900933245048
4.48863636973214,3.03315753360547
0.0,0.362519093059112
1.791759469228055,3.0259443648966284
1.3862943611198906,2.286510712413892
0.0,-0.11110279726003403
5.44673737166631,3.4280008274190408
1.3862943611198906,2.764234240769941
4.007333185232471,3.1219425367573597
0.0,0.22612704248216264
0.0,-0.30681232842543826
0.0,-0.07240419208206705
0.0,-0.10085227923909823
5.267858159063328,3.4376215534326633
0.0,-0.5173451386373653
2.19722457733622,2.9168288710111243
4.04305126783455,3.220272206935514
4.5217885770490405,3.3351701442611295
1.0986122886681096,2.368965370469199
0.6931471805599453,2.6894888062928874
2.9444389791664403,3.114737222091583
0.0,0.3439929792323433
2.639057329615259,3.4278479781208215
0.0,-0.32270381467051257
0.6931471805599453,2.7411797030263685
4.584967478670572,2.9905248455338658
0.0,-0.027043066934591797
0.0,0.5342887672322136
0.6931471805599453,2.3854173490927044
4.07753744390572,3.035251576584778
0.0,0.3702278290455425
0.0,-0.22950137640057733
0.0,-0.05472036834239624
0.0,0.24122913767876453
1.3862943611198906,3.2859604160625366
3.218875824868201,2.841552107385013
0.0,1.1968949122368184
0.0,-0.4535562062106444
5.117993812416755,3.6710396464687576
0.0,-0.1259360745472362
4.532599493153256,2.8615971883220053
0.0,0.05096606892613886
4.499809670330265,2.842982197642275
1.791759469228055,2.293368035758273
0.6931471805599453,2.708068460569838
2.639057329615259,2.993698684964468
0.0,0.11137132561584129
0.0,0.12049844470325599
0.0,0.7443854027537355
0.0,-0.11549566845551884
4.127134385045092,2.9972022420239695
1.3862943611198906,3.359993621757853
0.6931471805599453,3.0043439341809246
0.0,0.393663963192983
3.912023005428146,2.929406431944429
4.418840607796598,3.6022557056796884
1.6094379124341005,2.7601370167540367
0.0,-0.1810530022681638
4.418840607796598,2.7012006682280676
4.948759890378168,3.0437384374001577
3.6375861597263857,3.6733512864060636
0.0,-0.33778350874636454
4.262679877041316,3.05729033514837
0.0,-0.17631879009913787
0.0,-0.05687361293390736
4.955827057601261,3.1414441128985744
3.295836866004329,2.9231474656686647
0.0,0.23970955534773353
0.0,-0.15958862625344272
1.0986122886681096,2.1667592612301165
0.0,0.022908599515784722
0.0,0.27420524454664985
0.0,0.31580129707925475
4.204692619390966,3.038677853549594
0.0,-0.19484241755537424
0.0,-0.3442221639815033
4.430816798843313,3.0938652696866074
0.0,-0.5547398768162384
0.0,0.10084975900154092
1.0986122886681096,2.4019625379980933
5.062595033026967,3.213928161708014
3.713572066704308,3.1688115047152454
0.0,0.04735232531817157
0.6931471805599453,2.3544091969860212
0.0,0.11090001247792092
1.9459101490553128,1.8089779658866174
5.068904202220232,3.7974386089283945
0.0,0.5394927150485325
0.0,-0.2839761278866453
0.0,0.28131237935950937
0.0,0.4293993901174198
4.61512051684126,3.0552705128804933
3.610917912644224,2.912100142912914
0.0,-0.43796581739273943
1.791759469228055,2.7073205740183757
0.0,-0.37273549795252814
0.0,-0.09643566969948769
4.290459441148391,2.877798381467489
1.0986122886681096,2.7453736431406712
0.0,-0.09456553221389807
0.0,0.09051138084570054
0.0,-0.00654456063538289
4.477336814478207,3.7872554480531586
1.6094379124341005,2.4613607905740498
4.543294782270004,2.840792908863053
0.0,0.14504608181042866
0.0,-0.7010841153192633
0.0,-0.3444003322879863
0.0,0.2038262246436333
1.9459101490553128,2.0579781081174517
0.0,0.07335698295534687
0.6931471805599453,3.2909711091610463
1.0986122886681096,2.848260317823243
5.049856007249537,3.6801587681698953
0.0,-0.40022062615884435
2.5649493574615367,2.3399129519362125
5.049856007249537,3.3990406258862818
0.0,0.44757964200351386
5.25227342804663,3.534678742751993
4.204692619390966,3.3458789968234717
0.0,0.7241792909500415
0.0,0.4777294752613408
0.0,0.4879290246050003
2.70805020110221,3.180415528400611
0.6931471805599453,2.2552259881576333
4.189654742026425,2.709364472276078
3.5263605246161616,2.9245113426112246
2.3978952727983707,2.2569874921750674
0.0,-0.10184296005818849
1.3862943611198906,2.4268105716394777
0.0,-0.31414087102946464
0.0,-0.0007822868399982585
0.0,-0.3763220702603962
0.6931471805599453,2.9599932642947477
0.0,-0.5063393539024617
0.0,-0.2338913918510328
1.9459101490553128,2.8814946918174686
5.204006687076795,3.564901704992903
0.0,-0.2443806359985703
0.0,0.48513403106481623
0.0,-0.1750284333053611
2.772588722239781,2.5739112683447716
2.833213344056216,2.5319978786940793
4.406719247264253,3.290361836825558
0.0,0.019489203370293806
4.127134385045092,2.7454601425307787
1.791759469228055,2.097064944634106
5.209486152841421,3.709739153102287
1.0986122886681096,2.232760089085792
2.9444389791664403,2.7614336388690406
0.0,-0.500584528887047
0.0,-0.4721036871879969
2.5649493574615367,2.1191546972331414
0.0,-0.263746425426882
0.0,0.06682060638983645
1.0986122886681096,2.644847414028499
0.6931471805599453,2.4526560310902097
1.0986122886681096,2.819619954084616
0.6931471805599453,2.7280599431675405
0.0,-0.3498852719355492
1.0986122886681096,2.316727456527088
4.795790545596741,3.001982069184368
0.0,-0.21828096999314228
1.3862943611198906,2.5561647954630846
0.0,0.23461787194781714
4.219507705176107,3.243158265168014
4.356708826689592,2.4859304232159123
0.0,-0.040092041845211535
0.0,-0.48323594264545466
3.951243718581428,3.2414255488071313
0.0,-0.34683657880405994
3.8918202981106265,2.934502937037567
0.0,0.49379966185136026
3.258096538021482,3.0129057371682597
1.3862943611198906,2.1372551171011067
0.0,-0.1095716338883217
0.0,0.032742061096216135
4.07753744390572,3.140038944406064
0.0,-0.30738067988654993
3.6375861597263857,2.591172672653779
1.0986122886681096,2.296044061895119
0.0,-0.4083316782896418
0.6931471805599453,2.8560711058531627
0.0,-0.37414500998527567
1.6094379124341005,2.8400730497993374
2.3978952727983707,2.356833944466534
1.3862943611198906,3.145009725752045
5.043425116919247,2.823416845952849
1.9459101490553128,2.573330813641055
5.1647859739235145,3.288814757935752
0.0,-0.1425960171515972
0.0,0.04068919809335636
0.0,-0.3566708940981491
0.0,-0.13147484848793578
4.624972813284271,2.7231627892046424
0.0,-0.3943333594139471
0.0,0.503976375343397
5.225746673713202,3.1204757279167503
0.0,0.8557362818434415
0.0,-0.41127495074733433
0.0,-0.22125437463269693
3.332204510175204,3.3907075549776065
4.499809670330265,3.345730728402403
1.0986122886681096,2.487022457684689
0.0,0.2898727921789457
3.58351893845611,2.1587975869066964
0.0,-0.4732923014119903
4.844187086458591,2.9282687101898337
4.204692619390966,2.7742293972549086
0.0,-0.04991437084991768
0.0,0.07731820899651032
0.0,-0.22015785775243524
5.575949103146316,4.4095050867313645
3.091042453358316,2.5782005278752314
0.0,-0.2892431428768285
3.555348061489413,3.549870332474133
0.0,0.30288469311034816
0.0,0.12258310400819306
0.0,0.9621951012947799
0.0,0.3387881568489448
3.737669618283368,3.1110265203592466
0.0,-0.5494382182696342
0.0,-0.07811850721343871
3.218875824868201,3.6559255799188684
0.0,0.0455120445534285
0.0,0.28071488890990004
0.0,-0.09417851457937143
0.0,-0.3249931282392562
1.6094379124341005,2.2093096652835857
0.0,-0.08807498478905273
0.0,0.2173433300968508
0.0,-0.6587216667695377
0.0,-0.20037810923749655
0.0,0.5626184344630201
0.0,0.04488096804601138
3.295836866004329,2.7607381100392994
0.0,-0.20903727943866635
0.0,0.2534354493312687
0.0,0.013885356990982478
0.0,-0.045629905571910934
0.0,-0.053590871779304106
2.70805020110221,2.697162511842734
4.61512051684126,3.8577990818345396
1.791759469228055,2.07020961414519
0.0,0.4262472864831699
0.0,0.13247824199032587
4.276666119016055,3.2518759627914915
0.0,-0.174517400201482
4.127134385045092,3.6518232724746964
2.19722457733622,2.8203064095808434
0.0,-0.03882905776910839
0.0,0.09600825942766544
3.4657359027997265,2.8985718400428646
0.0,1.4589693060325897
4.290459441148391,2.8928411072229547
0.0,-0.6357855041099878
4.48863636973214,2.977182126861001
0.0,-0.12484053289326313
5.480638923341991,3.2920913317619114
0.0,-0.5310395302448554
4.762173934797756,3.0744876248466526
0.0,-0.17050999310904524
0.0,0.047574863404532985
0.0,-0.11065144465296495
0.0,0.042444286282756316
5.030437921392435,4.010294562260324
0.0,-0.5606034663165391
2.079441541679836,2.6810181177225543
0.0,0.38850025567077884
0.6931471805599453,2.9302730687619767
0.6931471805599453,2.3323297461625163
0.0,0.12140374575144341
4.304065093204169,2.4888859414326996
1.0986122886681096,2.2892700283689305
4.897839799950911,3.7361426413479464
3.828641396489095,3.2665908106135646
0.6931471805599453,2.8019442113891735
3.49650756146648,2.9971602708997644
0.0,0.7096509724356692
0.0,-0.49693385569760373
0.0,-0.3269361377744118
0.0,0.6552810904915025
3.5263605246161616,3.420562840586624
0.0,-0.4861542509946881
4.820281565605037,3.334847789820474
0.0,0.6899621977956396
0.0,-0.029173548189606047
0.0,0.41547748649311833
2.772588722239781,3.0232420245035287
3.49650756146648,2.9751146193347706
0.0,-0.34396188902391467
4.356708826689592,3.082837602105773
1.9459101490553128,2.8022990503552556
3.713572066704308,3.60663550057377
0.0,-0.1713187604962858
0.0,-0.020793591945167833
0.0,-0.05769291192554937
3.688879454113936,3.6587681724986254
0.0,-0.5901617760954685
4.174387269895637,3.1310255741231954
0.0,-0.49413507474114926
2.5649493574615367,3.207937816971058
0.0,0.7740239080979672
0.0,-0.07721059575794875
0.0,0.43260990133340793
0.0,-0.2773079957865141
3.1354942159291497,2.644630418672297
0.0,-0.07086241388629655
0.0,-0.5931707769583747
0.0,0.5187889441043871
0.0,-0.18276984980047306
1.3862943611198906,2.667691578694901
0.0,0.5995117679422057
1.0986122886681096,3.1197141770111383
2.4849066497880004,2.1041738601529567
4.553876891600541,3.261933140665104
0.0,0.22908888209487133
0.0,0.6160261952477286
0.0,-0.37569649824308593
0.6931471805599453,2.908296097523362
1.3862943611198906,2.7886618657995546
0.0,-0.36610302098963654
4.0943445622221,3.6691018382851337
0.0,-0.1258149142432048
2.079441541679836,2.286682669554846
2.19722457733622,2.476720579119953
3.044522437723423,3.123575390854689
3.332204510175204,3.286905331868196
0.0,-0.40180047367226424
0.0,0.6198305399478123
0.0,0.297590468485476
1.3862943611198906,2.4944017377595205
5.010635294096256,3.6638341295458003
4.07753744390572,2.6101848993572947
0.0,0.6355700478014172
1.0986122886681096,2.6741707735961535
3.8918202981106265,2.831316080679155
1.3862943611198906,3.0795481532176274
4.219507705176107,3.112601501153026
2.70805020110221,2.244197348441804
0.0,0.5231487497310074
3.828641396489095,3.2919574941877583
0.0,-0.06735838801959826
2.639057329615259,2.6095027258909482
1.791759469228055,3.2127889135946033
0.0,0.459447146045326
3.713572066704308,3.1856547907187585
4.430816798843313,3.0176258908346743
0.0,-0.16769036139550542
2.5649493574615367,2.401797820930131
1.0986122886681096,3.0838254106059324
2.995732273553991,2.6880265791076203
0.0,-0.4502208387199018
1.0986122886681096,3.171644975327923
0.0,0.04858300488386447
5.3981627015177525,3.089284884733954
0.0,-0.28902638273879333
0.0,1.1560699591425385
4.204692619390966,3.422346844757854
0.6931471805599453,3.0494025473646147
0.0,-0.3180065834714152
0.0,-0.17182625804356721
3.8918202981106265,2.5787105404763704
0.0,0.4712987566121163
3.80666248977032,3.151502046322231
2.19722457733622,3.2696711115438672
4.060443010546419,3.25637672342919
0.0,0.31495279839722645
4.59511985013459,3.236526142874726
4.330733340286331,3.0043850381245734
2.70805020110221,3.522809299238439
0.0,-0.6138796049711477
0.0,0.44109253348000776
0.0,0.014579017920728354
4.941642422609304,3.2618331278517205
4.110873864173311,3.1709265566693947
1.791759469228055,2.6364278377611674
0.0,-0.2130300174713331
0.0,-0.027136257571635847
1.0986122886681096,2.4710341548469836
4.430816798843313,3.461025916190451
0.6931471805599453,1.814819905078692
0.0,0.34980215170919116
1.0986122886681096,2.421265836111352
4.204692619390966,3.1169901653477217
0.6931471805599453,2.452900513266004
0.0,-0.12314303221313416
0.0,-0.4409463142070149
4.499809670330265,3.0575831329335257
1.3862943611198906,2.172787509441334
0.0,-0.10898157433144595
0.0,-0.3250911278542481
3.258096538021482,3.0702201602026182
4.795790545596741,2.9682746093127585
3.828641396489095,2.626157785151373
0.0,0.5164912651858384
0.0,-0.3996370062650363
4.158883083359672,2.6516321786044625
1.9459101490553128,1.9868153882507016
0.0,-0.1377156318535282
1.0986122886681096,4.174821824430111
0.0,-0.35938436293290144
0.0,-0.030852161675602563
0.0,0.12458447323570176
1.9459101490553128,2.6014344428115654
0.0,-0.3673845320800391
3.610917912644224,3.1856021448630703
0.0,-0.13911229392864732
0.0,0.4082469515214635
1.0986122886681096,2.598003298828819
4.158883083359672,2.508233038876251
4.418840607796598,2.683076470284725
1.0986122886681096,2.6826535810302943
0.0,-0.2322066357440784
2.3978952727983707,2.641416109464101
0.6931471805599453,3.2748315133448935
3.784189633918261,3.1381377156167773
0.0,0.15264580058810662
4.59511985013459,2.845915440178648
3.8918202981106265,3.1396226178890876
0.0,0.35586904943906594
0.0,-0.25620369421960465
3.5263605246161616,2.8288433096836703
4.442651256490317,3.7013153947648205
0.0,-0.3358631684132263
0.0,-0.4476862045957173
0.0,-0.464005860934408
0.0,0.046627190495774684
3.970291913552122,2.8573829942835944
0.0,0.6620061772694048
0.0,-0.2166018117609645
4.574710978503383,3.664573649316176
0.6931471805599453,2.8313146977719343
0.0,-0.2693792537989874
3.8918202981106265,3.089254159157719
2.772588722239781,3.246106682467698
0.0,0.876645254435061
1.791759469228055,2.1751514797244766
3.80666248977032,2.8819465198408913
1.0986122886681096,2.2305473039737134
0.0,-0.1423245669212494
4.499809670330265,2.8371817460629694
0.0,0.250277372005431
2.833213344056216,3.481704414023458
0.0,-0.08252684628155627
0.6931471805599453,2.330233106178623
1.9459101490553128,2.601012647894903
0.0,-0.006788380415902795
0.0,0.49830445104015
0.0,-0.3772682229508284
4.787491742782046,3.2586437675646156
2.9444389791664403,2.858927019346722
1.3862943611198906,2.2238901480866295
1.0986122886681096,2.1832682477968057
0.0,0.2814155395635205
4.248495242049359,3.1751353992405136
4.465908118654584,3.0682879431606818
1.791759469228055,3.414968418133246
2.70805020110221,2.847368519949828
1.791759469228055,3.588386137958284
3.6635616461296463,3.1427893018228135
3.713572066704308,3.17403770696587
3.970291913552122,3.0156565258689287
1.0986122886681096,3.315410589656177
3.5263605246161616,2.9427570917924206
0.0,-0.5113993209856411
3.80666248977032,3.3728370704583788
0.0,-0.06988693747293406
0.6931471805599453,2.8225011373324023
4.276666119016055,3.0530820664292397
0.0,-0.28973798034342746
3.688879454113936,3.27806414457811
0.6931471805599453,3.0985292168783545
3.49650756146648,3.5766715284051176
0.6931471805599453,2.922707604857154
0.0,-0.04030416116170099
0.0,0.1836090904026777
4.110873864173311,3.4355201259324843
0.0,0.22432427698242763
3.1354942159291497,2.703439436723527
0.0,0.07016968021344305
1.0986122886681096,2.3190933496884427
2.9444389791664403,3.006383150719735
2.639057329615259,3.307853260262996
4.787491742782046,2.908260847895151
4.653960350157523,3.0570844664571717
2.8903717578961645,3.0274005175158987
4.663439094112067,2.857975695547932
0.0,-0.10305482329962223
0.0,-0.4140360778657679
2.639057329615259,2.845008405876292
4.110873864173311,2.6957111209854894
3.218875824868201,3.233583795162999
4.330733340286331,3.806767882886384
1.6094379124341005,2.5581544186622738
3.6635616461296463,3.2069728294327624
0.0,-0.17497945041659735
0.0,0.27946479999293383
0.0,0.22015065689229796
3.1354942159291497,3.077316710945749
4.304065093204169,3.4254277168569853
0.0,1.230767108267107
0.0,0.30113287021295276
5.123963979403259,3.953862007317585
4.532599493153256,3.062328292553115
0.0,0.37072856953637423
3.8712010109078903,2.578847471218768
3.970291913552122,3.149072285407965
3.713572066704308,3.2486708980079357
0.0,0.7814481786723149
0.0,-0.19490064231549065
0.0,-0.17462944062617547
0.0,0.13310927186489918
0.0,0.11747484026375954
0.0,0.4999289459671117
0.0,0.8663618940061796
2.995732273553991,2.9382494835044346
0.0,-0.21420556616788033
3.951243718581428,3.0974329656632387
0.0,-0.3411120147764275
0.0,0.2943398160789408
4.31748811353631,3.3331444670539687
0.0,0.237749784813591
2.833213344056216,2.6910470080047815
4.812184355372417,3.0422812993442907
0.0,0.07620384008714787
1.0986122886681096,2.1424248034590168
0.0,-0.01183850443068013
5.049856007249537,3.361801411150743
3.6635616461296463,3.7304951673861924
0.0,0.1723955874482106
3.58351893845611,3.458069212497281
2.5649493574615367,2.888411605910071
1.6094379124341005,2.3791992608901857
2.3978952727983707,2.68596001970184
0.0,-0.26057366240761093
3.49650756146648,3.516775425830902
4.219507705176107,3.311007019871952
0.0,-0.6047802724971398
4.634728988229636,2.7972403126109935
0.0,-0.012960666262350484
0.0,0.6161033535262155
0.0,0.24956471178210693
0.0,-0.5437896157480893
3.8501476017100575,2.9943564675240957
4.430816798843313,3.170060696039195
0.0,-0.1095882600195408
0.0,-0.3351361401137414
0.0,0.07171935726425138
0.0,0.25534295322679235
1.9459101490553128,2.8340567944947765
1.3862943611198906,2.083287662644917
3.6375861597263857,2.8078683138047973
0.0,0.46298325814098096
0.0,0.4840898663861253
0.0,0.1585317158314148
0.0,0.6086149112289854
0.0,0.22493050693025185
0.0,0.4621724389043802
3.367295829986474,3.6020956129978376
0.0,0.3212190311863725
0.0,-0.46742683086176395
1.0986122886681096,2.5258469067684333
0.0,0.01564589261475713
0.0,-0.5693908609414398
0.0,0.08334542476397377
0.6931471805599453,2.1561661990060514
0.0,-0.2013758160894965
3.258096538021482,2.8515127080622955
0.6931471805599453,2.1991671898435072
0.0,-0.5272313276597971
1.0986122886681096,2.8691053075636486
1.0986122886681096,3.315831739366167
4.356708826689592,3.159036766096276
0.0,0.26685972727135
0.6931471805599453,2.132650314057028
0.0,-0.4046821293161944
0.0,0.18366137649667214
0.0,-0.3836670525467838
0.0,0.5291015486362591
0.0,-0.3523888055567488
1.3862943611198906,2.0643451174107286
3.610917912644224,3.459092645871517
4.31748811353631,3.180322595088592
0.0,0.8495655625923058
0.0,-0.061291967722199026
1.9459101490553128,3.0963172881172323
0.0,-0.5638304906063456
1.3862943611198906,2.8301258666899027
2.4849066497880004,2.3425354503114137
1.3862943611198906,2.261061621403649
0.0,-0.17213009168036786
2.5649493574615367,1.8055786463940093
0.0,-0.3326861316082783
0.0,-0.004474888286762901
0.0,-0.26538555469049774
3.8501476017100575,3.5118272146820444
2.4849066497880004,2.9070161603538263
0.0,0.6136911924505166
5.181783550292085,3.3500233947214477
0.0,-0.42411326287223927
1.3862943611198906,2.969484643262403
0.6931471805599453,2.901959795131726
4.189654742026425,2.464375932189127
0.6931471805599453,3.6360302296285183
2.4849066497880004,2.744640471810048
4.624972813284271,2.9344273321479655
0.0,0.5033811889310906
0.0,0.6860355591979352
0.6931471805599453,2.586180029466638
0.0,-0.24152261481410653
5.062595033026967,3.554170345760922
0.0,-0.6954217505321334
4.962844630259907,3.8225179758730574
0.0,-0.32116344288122267
0.0,0.19760202817735095
2.3978952727983707,3.510997003899912
3.332204510175204,3.1769756842555044
0.6931471805599453,2.9493655012981392
0.6931471805599453,3.489976125161366
3.80666248977032,2.7914524726904615
0.0,0.4865933505447777
4.060443010546419,3.0431923356173805
0.6931471805599453,2.5799575313006975
1.0986122886681096,2.9632200628781944
0.0,0.34159035723306097
0.0,0.24551529020515317
0.0,-0.05894450031584442
4.543294782270004,2.650095431149471
1.0986122886681096,2.6773896353788924
0.0,-0.2687914250306007
0.0,-0.1927018690768536
4.02535169073515,3.392968949872074
2.3978952727983707,2.5697863944899195
1.3862943611198906,2.7171641813929437
0.0,-0.3889467026908111
0.0,0.3864750949325908
0.0,-0.33320164492461446
4.110873864173311,3.0933370934835667
2.079441541679836,2.5616535327404693
0.6931471805599453,2.33416907582079
0.0,0.18831481397567473
0.0,0.46043590142238133
0.0,0.08757832634151508
0.0,0.24283300085858173
0.0,-0.7721354621013568
1.0986122886681096,3.415766080654049
0.0,-0.005933355567870224
0.0,0.30385320296563334
1.6094379124341005,2.0505316664194497
4.23410650459726,3.2868361856366732
0.0,-0.44400752314985636
3.332204510175204,3.130878020589151
0.0,-0.18608724854092662
2.9444389791664403,2.6694541616365184
4.5217885770490405,2.719095155106098
4.394449154672439,2.7388005088262313
3.4339872044851463,3.5391878301561093
3.4339872044851463,2.96336640525174
0.0,-0.16109833511841876
4.852030263919617,3.7566518577607124
0.0,-0.08598689623743105
4.343805421853684,2.773428631374981
3.8501476017100575,3.0373629647167695
0.0,0.8645670698148602
0.0,-0.5361614411926467
4.276666119016055,2.887917458760819
0.6931471805599453,2.195151406558666
4.532599493153256,2.622435698421698
1.0986122886681096,2.741963754568551
1.3862943611198906,3.0477969392999547
0.6931471805599453,2.1211559064159884
0.0,-0.26679686641730394
3.6375861597263857,2.5023316868084464
0.0,0.24746028751063331
0.0,0.3388783573017762
0.0,0.15738822321815404
0.0,0.10254960666514723
0.6931471805599453,2.9542524891087245
0.6931471805599453,2.6620475281514526
4.859812404361672,3.146982596540478
0.0,-0.6829278941093557
0.0,-0.43254680050476546
0.0,-0.4630407226482114
0.0,-0.5676286666589632
0.0,0.23733365257364247
0.0,0.06607209645943946
0.0,-0.5773307032775059
0.6931471805599453,2.6789955895919295
0.0,-0.022106785248247274
0.0,-0.38289700375322866
4.158883083359672,4.124256682610875
0.0,-0.3542837757359476
2.70805020110221,2.4641859381509086
0.0,-0.3732434973589305
0.0,-0.1528309317381562
0.0,0.04591901150342004
0.0,-0.2110960030192044
2.079441541679836,2.82581522524103
3.367295829986474,3.142305869594446
2.079441541679836,2.9167410464736934
0.0,-0.28641643263800276
4.343805421853684,3.0576718009955317
3.1354942159291497,2.93817011705519
0.0,0.6471905774555828
0.0,-0.07974381599669522
3.7612001156935615,3.0003741458334368
1.0986122886681096,2.5748061030272282
0.0,0.054018334865931994
0.0,-0.33567140901492953
0.0,0.22751730015914595
0.0,-0.21662823675697984
0.0,-0.3114720041415855
4.262679877041316,2.7968833318378286
0.6931471805599453,2.411036937859868
3.951243718581428,3.4574734424596185
3.8712010109078903,3.2920457572695376
3.9889840465642745,2.617680016971405
4.919980925828125,3.3556149270045124
0.0,0.09856208565983748
0.0,0.5582933894581652
0.0,-0.2805427644734362
3.367295829986474,2.976059349093233
4.204692619390966,2.9932831486132128
0.0,0.08369042426315176
0.0,0.1724894024768604
2.302585092994046,2.5091502495197586
0.0,-0.3314201699855013
0.0,-0.3006034319455546
0.0,0.21037612814356965
0.0,0.414693033089383
1.6094379124341005,2.652731903096174
0.0,-0.27598137343775875
3.1354942159291497,3.0486516450083627
2.3978952727983707,2.058061788875218
5.135798437050262,3.0573491130792365
0.0,-0.2713117212483245
0.0,-0.004546398303578947
0.0,0.6340817617929257
3.912023005428146,2.6103545555646246
0.0,-0.284355290490899
0.0,0.5399889248134615
4.330733340286331,3.518384882087975
4.477336814478207,2.8141207004155913
0.0,-0.6501483418308562
2.079441541679836,2.721883531672317
4.262679877041316,2.746899421577872
0.0,-0.17773604704420576
3.367295829986474,3.0393655683185674
0.6931471805599453,2.871119180261088
0.6931471805599453,2.266096851956455
0.0,0.1352549514956387
1.3862943611198906,2.2779188920215288
0.6931471805599453,2.1266616813340504
0.0,-0.5988924980494024
0.0,-0.24719277870003076
0.0,-0.45319735025851626
3.49650756146648,2.8556294294146296
0.6931471805599453,2.826898524859688
0.0,-0.3565633701082507
0.0,-0.08401876235010874
3.784189633918261,2.9069820494566114
4.07753744390572,3.3936220929154928
0.0,-0.002868115233400692
2.8903717578961645,2.848068556691638
0.0,-0.44255948500404196
0.0,-0.5795207937620108
3.367295829986474,3.3874582261205193
4.727387818712341,3.692018713998974
0.0,-0.3764017565878479
1.791759469228055,2.39831339305599
0.0,-0.021939283438842327
1.0986122886681096,3.2168573625709134
3.295836866004329,3.3067814655289247
0.0,-0.2570729975525792
0.6931471805599453,2.505551489353192
0.0,-0.3828194662838085
0.0,-0.2392125089002448
1.0986122886681096,2.895692834989123
0.0,0.015860805889702956
0.0,-0.17757282294387666
0.0,-0.20303399108373066
0.0,-0.4412032021807839
1.9459101490553128,2.653843689725387
2.19722457733622,2.613889438841169
3.295836866004329,3.293069012928184
0.6931471805599453,2.3003614000798827
5.159055299214529,3.7944536120889736
0.6931471805599453,2.262255548120189
1.0986122886681096,3.122129398883713
4.700480365792417,3.2482231387428193
0.0,0.12123120476787141
3.4339872044851463,3.120638267705497
1.9459101490553128,2.3036065219771578
0.6931471805599453,2.7873793600778027
0.0,-0.5261680388464929
1.9459101490553128,2.9256200956371625
3.218875824868201,2.9593275445602703
0.0,-0.284156077545449
3.1780538303479458,2.7053481398328376
4.465908118654584,2.7086675823877346
0.0,-0.21478452151255834
2.3978952727983707,2.384219744593267
2.3978952727983707,2.1673202381476093
2.9444389791664403,3.3559280735494887
0.0,-0.4760549372833611
0.0,-0.1830388926863855
1.3862943611198906,2.410702951032827
0.0,0.7040176421867737
4.804021044733257,3.304414941309168
1.0986122886681096,2.2755975414358427
4.8283137373023015,3.0685515375018015
0.0,-0.22848488521328747
3.713572066704308,2.86756905719738
0.6931471805599453,2.540175275057224
0.0,0.31864863569115576
0.0,0.00866582440570629
0.0,0.12446311219303663
0.0,-0.1074709967231422
0.0,-0.12210133831492187
0.0,-0.5508090712231648
5.14166355650266,3.0436213947525657
1.0986122886681096,2.593942401054612
0.0,-0.0675426015489704
0.0,1.1076186293293873
0.0,-0.07857285010994541
0.0,-0.3029534228342423
0.0,0.18880382527137884
3.828641396489095,2.5486682383969277
2.079441541679836,2.4067926094533276
1.0986122886681096,2.6259980300386268
2.833213344056216,2.631586621389887
2.772588722239781,2.0817227295623026
2.5649493574615367,2.578403555052541
0.0,0.22005899882141544
2.70805020110221,2.669513683872113
0.0,0.3302001401809449
0.0,0.34538255879792734
0.6931471805599453,3.6317041464779853
0.0,0.45792669326978963
2.079441541679836,2.470007132121024
0.0,0.32348050617064805
0.0,-0.11878991212368795
0.0,0.18295621363969605
1.6094379124341005,2.1139015122709504
0.0,-0.4210631738681947
0.6931471805599453,2.898852535305278
0.0,-0.590721442989381
1.9459101490553128,2.8848349597003256
0.0,-0.4417584396104912
3.4011973816621555,3.140979871032807
3.555348061489413,3.6097605204956786
0.0,-0.22785287490281947
3.091042453358316,3.2151782883019973
1.791759469228055,2.941754373425662
2.8903717578961645,2.8238642238837293
0.0,0.37234252069162976
4.770684624465665,3.5502844295970366
4.672828834461906,3.0604018698529076
1.0986122886681096,2.6965588729086023
0.0,0.1712442218339243
3.091042453358316,3.0407472722106217
0.6931471805599453,2.240312816877666
1.3862943611198906,2.043880588713962
4.394449154672439,2.805479117852885
0.0,-0.3659667400465545
1.0986122886681096,2.123873962343705
4.262679877041316,3.0619321116318883
0.0,-0.089726261799709
0.0,0.5716318453251563
0.0,-0.05718731569841662
4.356708826689592,2.7823530102218372
4.499809670330265,3.6525967417704432
1.0986122886681096,2.3540220246335046
0.0,-0.20498329597597076
0.6931471805599453,2.012012858869896
0.0,0.38366542468345544
0.0,-0.17915235623747972
1.0986122886681096,2.715806320395079
3.218875824868201,3.071508360737977
0.0,-0.1621226751144964
1.0986122886681096,2.9538377338698276
1.791759469228055,3.172339757944439
2.3978952727983707,2.085315869805975
0.0,-0.3919060695754073
0.0,0.39412381159541177
0.0,-0.03386967901332172
1.791759469228055,2.743353415039562
4.553876891600541,3.3839702509716743
1.791759469228055,3.0196453625301576
3.044522437723423,3.034410604653144
0.0,0.020003695518691966
1.6094379124341005,3.1499409396333022
0.0,-0.47272651039940605
2.833213344056216,2.869542634568165
1.6094379124341005,2.3498572822756794
2.5649493574615367,3.2247957269913314
0.0,-0.20319883988690401
1.791759469228055,3.054095277022022
0.0,-0.34573034620961174
1.0986122886681096,2.426902415937348
4.02535169073515,2.822916760254418
2.9444389791664403,2.363816832483832
0.0,0.07671142536927644
0.0,-0.046317222688149196
1.0986122886681096,2.845400984015462
2.70805020110221,3.0011654146230167
1.6094379124341005,3.100210559233802
3.044522437723423,3.207461193508055
0.0,0.31598285648531976
0.6931471805599453,3.0321001631225526
4.663439094112067,3.356401473350955
1.791759469228055,2.1941218459205807
0.0,0.3771375296754649
3.713572066704308,3.670528777805867
0.0,-0.3126494502826467
0.0,-0.19960723021636806
4.304065093204169,3.497672151189686
0.0,-0.09207115548075362
0.0,0.08230116277307298
0.0,-0.2749154311383424
1.6094379124341005,2.7259300079043527
2.639057329615259,2.7195655718723253
2.70805020110221,3.051140305761722
0.0,0.6428390550814842
0.0,0.8589707494798502
0.0,-0.04695886849491315
0.0,-0.023928290257316354
0.0,-0.09018802334386056
3.610917912644224,3.4477122837557674
0.0,0.3285719773678897
3.58351893845611,3.1868088765968254
3.970291913552122,2.746262039586902
0.6931471805599453,2.3696468801890958
0.0,0.47116083402079423
4.442651256490317,3.0160933241647574
3.1354942159291497,2.693111414323122
1.791759469228055,2.7087399176757248
0.0,0.3722223089390768
0.0,-0.1173441299929765
0.0,0.27040976193760735
0.0,0.6700412194973477
0.0,-0.40947651156769904
4.7535901911063645,2.8672160458017633
4.532599493153256,3.1424711061846926
0.6931471805599453,2.807307153197458
0.0,0.1739810564343547
4.6443908991413725,3.0181668483397774
0.0,-0.6839685910570452
0.0,-0.15609922407122134
0.0,0.3358072477633198
2.5649493574615367,2.728561823891857
0.0,-0.22201363116856188
3.610917912644224,2.894901252599954
1.6094379124341005,3.0658621858749058
1.791759469228055,3.203198584854804
0.0,-0.42398780966105143
0.0,-0.2841810038041066
1.0986122886681096,2.5672317584763813
2.302585092994046,2.5905928809260796
3.8712010109078903,2.630544635021768
0.0,0.247077144232833
0.0,-0.48467079742049757
4.564348191467836,3.2987958805547932
2.833213344056216,3.528658187856923
4.605170185988092,3.197812376028736
4.3694478524670215,3.0268254626318356
0.0,-0.24416432514683084
0.6931471805599453,2.5361230350380115
0.0,0.2914663932688544
3.332204510175204,2.75631186486668
1.0986122886681096,2.639367712396707
3.713572066704308,3.3427101943402224
2.079441541679836,3.0038836631881782
0.0,-0.3124106619024256
0.6931471805599453,1.977833947993627
0.0,-0.5817569987134381
0.0,-0.3990005527664091
0.0,0.6145585810745833
0.0,-0.3303052559252935
4.189654742026425,3.181024948754942
1.3862943611198906,3.356015169051653
1.0986122886681096,2.7267074779748808
0.0,0.49118184023384814
3.367295829986474,3.676253726975004
0.0,0.7667043225476382
0.0,0.2081991437288857
4.110873864173311,3.366407942114992
0.0,-0.3532304927707166
1.0986122886681096,2.8164015072556263
0.0,0.4256527782571893
0.0,0.4393094549807559
0.0,-0.21865549795340744
0.0,0.3743673472243383
2.70805020110221,2.6014225845445575
3.295836866004329,3.0581641066639915
0.0,0.6474269259904066
0.0,-0.3872249375419794
0.0,-0.12817668264104198
2.3978952727983707,2.077805829490256
0.0,-0.29140659176811967
0.0,0.13566719253657156
0.0,-0.2747015454982278
0.0,-0.22961785982416227
1.6094379124341005,2.1244924511292105
0.0,-0.2716603874527208
0.0,-0.5507727104836504
2.3978952727983707,2.7561480041700106
0.0,0.6150542337385725
2.639057329615259,2.6146455268571405
0.0,-0.10410590947913723
3.1780538303479458,3.395625236400665
0.0,-0.26994877271315554
0.0,-0.3872453105059761
0.0,-0.19154709551081472
0.6931471805599453,3.064362220828961
0.0,0.12598591856962926
3.4657359027997265,2.3059833924724
4.02535169073515,2.306919588807582
0.0,0.47360049628083334
4.969813299576001,3.3584407750863168
1.3862943611198906,2.689385588682166
4.499809670330265,3.163438825002104
0.0,-0.44017586774757245
0.0,-0.44257247173963066
0.0,0.39518738284590005
4.394449154672439,2.9939257014859075
0.6931471805599453,2.5050918412105783
0.0,-0.11328518177238611
0.0,-0.11958578404336206
0.0,-0.040559509654153336
2.4849066497880004,2.7303843433406896
3.295836866004329,3.080314266668752
0.0,-0.3337526138138798
0.0,-0.43808459469671845
0.0,-0.23812568139642742
0.0,-0.3873394614557579
0.0,0.5523289093099677
1.9459101490553128,2.1924558837867223
5.342334251964811,3.2365297912942057
0.0,0.37364843880297927
0.0,0.3223744976046101
4.584967478670572,2.96538867853942
0.6931471805599453,3.1971858112344353
0.6931471805599453,2.1379651313289885
0.0,-0.17292803280216695
4.584967478670572,3.084437872747468
1.6094379124341005,3.359677505789921
0.0,-0.3278075383396577
1.3862943611198906,3.101633318506151
0.0,0.5557076502754019
5.1298987149230735,3.9305222626973046
1.0986122886681096,3.2266347263544652
0.6931471805599453,2.333943919507014
0.0,0.9337797268355174
0.0,-0.2817566142486996
3.295836866004329,2.756375119398588
2.9444389791664403,2.1045839173781857
1.6094379124341005,3.0879138936438624
1.0986122886681096,2.7674734941808268
0.6931471805599453,2.7961353068141115
3.332204510175204,3.3444387161317826
4.02535169073515,2.7119451833070656
3.951243718581428,2.7447746858306106
2.079441541679836,2.2664309757326437
1.0986122886681096,2.146871996631946
1.791759469228055,3.3260803805286905
0.0,-0.9462913415423957
0.0,-0.13583367159771464
1.0986122886681096,3.0426480268393674
3.4339872044851463,3.513209484397277
0.0,0.4303928626117681
0.6931471805599453,2.182769669575003
0.0,-0.14339168564639637
3.4657359027997265,3.0631586345062107
0.0,0.23184740677926952
0.0,0.49924271189341085
0.0,0.7663366621239645
0.0,0.6342797461393581
0.0,-0.5563918095744342
0.6931471805599453,3.6177951558436314
0.0,-0.44430633157253085
2.9444389791664403,2.681211950246125
0.0,-0.20413325105340618
0.0,-0.2330966327942603
2.302585092994046,3.0959984657143
0.0,-0.27112490639150977
4.174387269895637,3.140380069398162
0.6931471805599453,2.5320552414500215
0.0,-0.09668299706049499
2.772588722239781,2.7687572680466435
0.0,0.2406533599601226
0.0,0.2042122492301648
1.0986122886681096,3.076824097267816
1.3862943611198906,2.6024804740578027
4.343805421853684,2.982743920429243
4.795790545596741,3.368935952139179
0.0,0.05548945574987907
3.4011973816621555,3.245249748480388
0.0,-0.07917690111059494
0.0,0.14778087671502504
0.0,-0.016488203912304877
4.51085950651685,2.9968075319212106
1.3862943611198906,3.264493478105612
0.0,-0.45423452988503454
0.6931471805599453,2.5648652350902363
4.852030263919617,3.549532977204783
4.290459441148391,3.4308350372889636
0.0,0.03567105505165724
0.0,0.02569652259146804
0.0,0.0747554532172543
0.6931471805599453,2.708034873808299
0.0,-0.2963118099748989
0.0,0.2301979400168197
4.48863636973214,3.692551612584578
0.0,-0.20788479812482796
0.0,-0.4438055957138811
0.0,-0.21178063111424406
0.0,0.4615849836111221
2.4849066497880004,2.99565147350144
0.6931471805599453,2.830133467562508
0.0,0.46723582809506925
4.31748811353631,3.3090495643048476
1.6094379124341005,2.032598499070887
1.9459101490553128,3.113948023679179
0.0,0.2421861301181305
1.0986122886681096,2.381509406022022
0.0,0.5216816777987547
4.330733340286331,3.013133106932675
0.0,-0.42531179086735715
0.6931471805599453,2.720626635148437
4.330733340286331,3.3986729640571096
0.0,0.1051560284195836
0.0,-0.19593958842865478
0.0,-0.21401152786957311
0.0,-0.05480616208651168
0.0,0.17499239859623628
4.912654885736052,3.5821670944781148
4.605170185988092,3.0832294621701246
2.19722457733622,2.2728003675526915
1.0986122886681096,2.3547445323579
2.833213344056216,2.8424386337173098
2.8903717578961645,3.406714084746778
4.543294782270004,3.704859272188884
0.0,0.7543597791609882
0.0,-0.2116358419365807
3.737669618283368,3.7788602648448406
4.700480365792417,3.4543249793277635
0.0,-0.5485563987575675
1.6094379124341005,3.0134055073572137
0.6931471805599453,2.0760769733953293
0.0,0.14014276510504442
0.0,0.5101164148280986
0.0,0.1579121039695619
0.6931471805599453,3.0649359400134544
3.49650756146648,3.356947681625619
4.060443010546419,3.983192897678679
0.0,0.5245865060199719
1.6094379124341005,2.778253091042198
0.0,0.14724807853547284
0.0,0.138268029203654
0.0,0.5149156563841903
4.454347296253507,2.7764124765083036
2.9444389791664403,2.8150285269711808
0.0,0.23243027361361168
4.983606621708336,3.3562578239599743
3.713572066704308,3.5093799683961833
4.499809670330265,3.295824875490246
2.3978952727983707,2.7281181686585994
0.0,-0.5218492800395715
0.0,0.042440169451777976
0.0,-0.5115935249636752
4.941642422609304,3.415525742912908
0.0,0.7943153224692805
0.6931471805599453,2.848627169632201
0.0,-0.53356074466629
0.0,-0.3385626348898696
2.3978952727983707,2.7107928110925643
0.0,-0.5419488694967756
2.9444389791664403,2.871503124963892
0.0,0.0769474373009067
0.0,0.4261978370891897
1.9459101490553128,3.6903194335233223
0.0,0.3100912493428758
2.19722457733622,2.8029982068008668
0.6931471805599453,2.7328660634477497
0.0,-0.5487382913921617
0.0,-0.6218248505287223
0.0,-0.43585364871479815
4.189654742026425,2.7711352535529192
1.0986122886681096,3.4108604481561047
4.158883083359672,3.8932777709507707
0.0,-0.20007684680527626
3.6635616461296463,2.5167952973313907
0.6931471805599453,2.4894679251973315
1.3862943611198906,2.3652937442948496
3.6375861597263857,3.1233349663908125
0.0,0.5690874828588435
1.9459101490553128,2.9320728468937345
1.0986122886681096,3.2785014546420714
3.688879454113936,2.5442296451061903
0.6931471805599453,2.7318815361597366
2.079441541679836,2.9074285911796482
3.80666248977032,3.225276554640341
4.762173934797756,2.9752900920266754
0.0,0.01657976806871453
0.0,-0.34575436518713776
0.0,0.9538359209917207
0.0,-0.2501552193728833
1.0986122886681096,2.414015736882753
2.5649493574615367,3.143130343991661
4.0943445622221,3.525240695339182
0.6931471805599453,2.3334414948768254
4.02535169073515,3.2768288899179847
0.0,0.4184970239918573
0.0,0.7693057738751055
0.0,0.41528371426752564
3.951243718581428,3.2378603828979435
2.8903717578961645,2.786014579615745
1.3862943611198906,2.849900412112026
3.1780538303479458,3.1605747395590558
0.0,-0.13510352480526655
4.02535169073515,2.717974954383793
4.61512051684126,3.483243921820188
0.6931471805599453,2.561923454468143
0.0,0.25883634935395894
5.247024072160486,3.2281018716860954
4.762173934797756,2.8091334824264584
0.0,-0.5720226480726587
0.0,-0.4349480134198469
3.970291913552122,3.4793040751039834
0.0,-0.6833518358564228
0.0,-0.19367271074982462
4.276666119016055,3.281458228092167
0.0,-0.3445900249778062
4.31748811353631,3.0356535114706227
0.0,0.2502776466428258
0.0,0.6366761198915398
0.0,-0.24581933060931416
0.0,-0.5257193197496721
3.8501476017100575,3.67956535486068
1.0986122886681096,3.1765362153054593
2.833213344056216,3.4705054473504866
0.0,-0.03878863294310464
1.6094379124341005,2.1657939204077423
3.044522437723423,3.2098277231950156
4.553876891600541,3.1641614125308766
3.1354942159291497,3.4310165545877958
0.0,0.05558457582529508
0.0,0.664637420124272
0.0,0.705270259857725
3.58351893845611,2.985133744077488
3.218875824868201,3.0753136365426896
0.0,-0.2473311030854939
4.406719247264253,3.91945449545362
4.454347296253507,2.9483295821609525
4.990432586778736,3.5006554267351992
0.6931471805599453,2.2774292152133526
4.189654742026425,3.0386584712431044
4.174387269895637,3.0643237500215856
0.0,-0.1759763854472216
0.0,-0.047924831844397664
5.198497031265826,3.234590708260277
4.0943445622221,3.3226213452138507
3.4339872044851463,3.2686167071696572
3.713572066704308,3.095831758820932
4.219507705176107,2.7782373161685165
4.174387269895637,3.515704164652912
0.0,-0.08810346917095946
3.688879454113936,2.569955011803698
0.0,0.05073568772006731
4.663439094112067,2.912162968595724
4.02535169073515,3.2112953183698236
2.19722457733622,2.5345890618641507
0.0,0.2051693509143342
4.07753744390572,3.087366071023469
0.0,0.533010263398783
0.6931471805599453,2.343695572274808
0.0,0.8884455934232385
3.5263605246161616,3.2268910022443285
1.0986122886681096,2.4622618000724965
0.0,0.08740234321157114
1.0986122886681096,2.3430962400034017
4.394449154672439,3.692640733238245
0.0,0.09033981694658788
0.0,0.07314621968193924
0.0,0.9615168171153451
2.302585092994046,2.226670646381924
3.258096538021482,3.3001969089787844
0.0,0.07553663397355836
0.0,-0.0030966301506205607
3.9318256327243257,2.890091058083171
0.0,0.39319004637768407
4.934473933130692,3.120276559542181
0.0,0.1219638441657862
3.9889840465642745,3.241338926912617
0.0,-0.11822363114481327
2.4849066497880004,2.6802404285514356
4.454347296253507,3.2988039991683467
1.0986122886681096,2.884147506038926
2.639057329615259,2.0674443658872512
0.0,-0.14168596234114328
3.951243718581428,3.224651071462435
0.0,-0.21235246896290771
0.0,-0.2052423626830806
0.0,-0.05340754469739761
0.0,-0.09445062426978446
0.0,0.03999037713704401
0.0,0.5276772030271448
1.0986122886681096,2.332429556952689
0.0,0.8739830866721569
4.219507705176107,3.1260868430339976
3.912023005428146,3.082578356911362
1.3862943611198906,2.6458701023936158
0.0,-0.08714573536760373
1.791759469228055,2.3666764268366705
4.060443010546419,3.0778728081781983
4.343805421853684,3.058174959192569
5.017279836814924,3.6484738001877273
4.248495242049359,3.204083117290878
0.0,0.8217025362087742
4.727387818712341,3.4543600844381785
0.0,0.4144467837763932
0.0,0.3776126654648384
3.4657359027997265,2.4369439934118224
0.6931471805599453,2.7676856031857238
0.6931471805599453,3.057693851685887
0.6931471805599453,2.7436827510875865
1.3862943611198906,2.319966087900559
0.0,0.4924348804249863
4.143134726391533,2.858762775337516
2.4849066497880004,2.988581886203256
2.4849066497880004,2.036864648241341
0.0,-0.581971930724086
0.0,-0.6599636315236297
4.653960350157523,3.81077398883276
1.0986122886681096,2.3140664047639783
1.0986122886681096,1.8649629984384433
3.4657359027997265,3.42931856243606
3.9318256327243257,2.744289455046423
0.0,-0.5141295624353464
0.6931471805599453,2.4994986024478356
3.912023005428146,2.540351030949758
0.0,-0.37489185449375784
0.0,0.29463779804533496
4.672828834461906,2.8960180192737086
3.737669618283368,3.293569155141844
3.912023005428146,2.797356729886033
4.795790545596741,3.8651220892022846
0.0,-0.1927457151699694
0.0,-0.056958420066540505
0.0,-0.23524581332811945
1.0986122886681096,2.6662431383911835
0.0,0.257505626804887
0.0,-0.1681181321651528
4.430816798843313,3.416893312126028
2.3978952727983707,2.903923227853497
0.0,-0.497049910020519
0.0,0.16027795841936054
0.6931471805599453,2.6495155162079485
4.941642422609304,3.395696931847085
4.912654885736052,3.774299949593513
5.003946305945459,3.911439798447884
4.158883083359672,3.2262755140818578
0.6931471805599453,3.1046278714613136
4.605170185988092,3.1745062477104984
0.0,0.11621841891798468
0.0,-0.1365153102437795
0.0,-0.35212324947333906
1.9459101490553128,2.5265301702002345
0.0,-0.32211465568371267
4.204692619390966,3.384934914694924
3.912023005428146,3.293328511933731
0.0,0.25664058740451323
0.0,-0.41389322722977084
0.0,-0.11069054944263357
1.3862943611198906,2.1927871802862136
3.970291913552122,3.658024214202089
4.248495242049359,2.7770345476961182
0.0,-0.1268251987504656
0.0,-0.4064914903016321
4.955827057601261,3.0543672475105
4.997212273764115,3.4967208021446234
3.295836866004329,2.9579042743192954
0.0,0.32197344124420546
0.0,0.5774574366026746
0.0,0.06149121178812944
4.700480365792417,3.1369519795840937
0.0,-0.2793158999704284
0.0,0.34086099487093
0.0,-0.7995069113747202
4.356708826689592,3.1678257797034526
1.6094379124341005,3.434822011379686
0.6931471805599453,2.020492994905859
2.079441541679836,3.45795162602598
0.0,-0.6341743930072812
1.9459101490553128,2.708333431585488
0.0,-0.4931760132328784
0.0,-0.09717156153208473
3.80666248977032,3.211651350705015
2.4849066497880004,3.157818717080092
0.0,0.5295428230776931
0.0,0.06636451427553203
4.499809670330265,3.213401063495372
2.833213344056216,2.851167073521845
3.332204510175204,2.1382306690031565
0.0,0.5559513360006931
0.0,-0.07560022353051177
3.6375861597263857,3.2194151015198615
0.0,0.09635046832855254
4.820281565605037,3.7187605837016813
0.0,-0.12352407146119337
3.4657359027997265,2.9687332865500493
0.0,-0.3489378011816795
0.0,0.48998434597192553
1.0986122886681096,2.7873829662268657
0.0,-0.11856544005791592
0.0,0.3388699938684494
0.0,-0.10824816282292171
0.0,0.1292280831321162
0.0,-0.11650384999709296
5.5053315359323625,3.4290302658787555
0.0,0.16903473390001822
0.0,0.07547712730115652
0.0,-0.2473508886529876
0.0,-0.27185172554736203
0.6931471805599453,2.700077947569164
0.0,-0.34784670627194814
4.382026634673881,3.393322540821353
0.0,-0.143892156633596
4.110873864173311,2.753656318087789
0.6931471805599453,2.676076937681251
0.0,0.1346409855250117
2.833213344056216,2.580056649773159
0.0,0.13564981227234396
4.553876891600541,3.2301900295673143
1.0986122886681096,3.024715221128327
3.555348061489413,2.985039779486981
4.605170185988092,3.232425375258154
0.0,-0.2559604846576651
0.6931471805599453,2.6179216207262592
1.3862943611198906,2.3181192260390437
1.9459101490553128,2.2243827863701173
0.0,-0.35523230133459016
3.091042453358316,3.5081324131439966
2.4849066497880004,3.283641164082608
0.0,0.05001838346980225
0.6931471805599453,3.2467499113102822
0.6931471805599453,2.4508839709973897
0.6931471805599453,2.1269523030870743
0.0,-0.04776065374407157
0.0,0.7879707061374162
4.394449154672439,2.8518874395526113
3.218875824868201,2.8397711813218054
4.382026634673881,2.711992001968893
3.9889840465642745,2.774944278575405
2.8903717578961645,2.532428609326577
0.0,-0.06767690284836525
3.332204510175204,3.29471267217958
0.6931471805599453,3.238815268744493
0.0,-0.15917814908641947
1.0986122886681096,2.2445312599809037
0.0,0.35676470800396554
0.6931471805599453,3.0989978545578367
0.0,-0.4579335882818407
2.302585092994046,3.080805442935334
0.0,-0.25357000674376806
3.9889840465642745,2.4618581527680026
0.0,0.06943393404575304
0.0,-0.23112659543037983
0.0,-0.36965398412140305
0.0,-0.3700303094267423
4.442651256490317,2.9633132157166635
1.6094379124341005,3.078942765167183
3.970291913552122,3.4800386620148056
0.0,-0.369878214813264
0.0,-0.03576065144952234
1.6094379124341005,3.097749199715761
0.0,0.6085700075055014
0.0,-0.4466487857314019
0.0,0.26777521371264723
2.4849066497880004,3.1842548459788835
2.639057329615259,3.220303739234293
0.0,0.1892073297355623
4.820281565605037,3.0906276148850305
0.0,0.31373951348151174
0.0,0.520445675695336
0.0,-0.5369227108023766
0.0,-0.3699009737697021
0.0,-0.21685768367792813
0.0,0.29641018001298036
0.0,0.5482590818023598
0.0,-0.2528716784381526
2.4849066497880004,2.8739353138885892
3.8712010109078903,3.0745474927833536
4.3694478524670215,3.056038641620204
0.0,-0.4184326898598636
1.0986122886681096,3.141125715278907
0.0,0.8807245985721974
0.0,-0.5544806276430188
4.23410650459726,2.5406617796501654
0.0,-0.28375718936471284
0.0,-0.0439899568791966
4.110873864173311,2.7076182567181055
4.330733340286331,2.993736534195947
0.6931471805599453,3.0603509163592433
1.0986122886681096,2.362317677773526
0.0,-0.2724253670971062
0.0,-0.18756167106811272
0.0,-0.10285313225572112
1.0986122886681096,2.4586582802241117
4.07753744390572,3.127788492038827
0.0,-0.04212247279608761
4.04305126783455,2.737747683733967
4.51085950651685,3.3867200858374464
1.791759469228055,2.8177629960172395
3.610917912644224,3.335338117146854
0.0,0.23801058697336952
0.0,-0.035292477804864664
0.6931471805599453,3.3253129283949403
5.075173815233827,2.9839107634321183
0.0,-0.011480344160210487
0.0,0.22597461886517967
0.0,-0.02651381782041473
1.791759469228055,2.1404649948278793
3.49650756146648,3.360922594627177
2.833213344056216,2.344437959278574
0.0,0.7605710330034354
0.0,-0.3137387836686618
4.007333185232471,3.1222855251189925
3.688879454113936,3.371733960925045
3.828641396489095,2.5513981513071906
3.295836866004329,3.0287090977094513
3.49650756146648,2.85655137512326
0.0,0.4345302603100558
0.0,0.35793989922256375
3.1354942159291497,2.993306244574938
3.258096538021482,3.3899097542808114
4.430816798843313,3.0463978148102693
1.0986122886681096,2.830406145647845
5.017279836814924,3.1820865062380377
0.0,0.053297054796801024
0.0,-0.20045772301213205
4.290459441148391,3.1974118742099495
0.0,-0.11265165846992353
2.302585092994046,2.9128221226811117
1.0986122886681096,2.4521033737658957
4.007333185232471,3.5048851314383245
0.0,0.10731865962315457
1.0986122886681096,1.9847156055527078
3.610917912644224,3.2909454840432226
1.3862943611198906,2.4407537405721564
3.713572066704308,4.297811960766408
0.0,-0.34108084558360474
3.1354942159291497,2.3653267724985323
1.0986122886681096,3.525847702511556
0.0,-0.5463042473976585
0.0,-0.3924232787226143
0.0,-0.5405775522406575
0.0,0.015495885043917745
0.0,-0.5992019630673182
3.555348061489413,2.8902823011639933
3.5263605246161616,3.1048302429501686
3.5263605246161616,3.5919861908474147
0.0,-0.33553099378509676
4.48863636973214,3.1752876542569677
2.833213344056216,2.7128558140576695
4.07753744390572,3.5520172618142043
4.343805421853684,3.330669018734218
3.737669618283368,3.1066947157565847
3.4339872044851463,2.489886083778195
4.110873864173311,3.0443744964906676
0.6931471805599453,2.7031104186517503
4.007333185232471,3.059051513061978
0.0,0.11166284232799417
0.0,-0.2700665263852615
2.995732273553991,3.4627438158980572
2.70805020110221,2.9521318126340943
2.772588722239781,2.314225037120495
0.0,-0.14407841967527024
2.639057329615259,3.9461999476637546
1.6094379124341005,2.5832409445876277
3.4657359027997265,2.8209742219114577
4.465908118654584,3.2831072142621123
1.6094379124341005,2.9423777057888465
1.0986122886681096,2.706266935020919
0.0,-0.2156411659117814
0.6931471805599453,3.131474267800238
3.044522437723423,2.427534742663799
1.0986122886681096,2.588216824718991
0.0,0.13550738330807466
0.0,-0.10364243243595417
1.0986122886681096,2.909199313584094
4.430816798843313,3.4185750412317697
0.0,0.09348046195771831
0.0,-0.4243671609419919
2.9444389791664403,2.7115944504434872
0.0,-0.14021317530424748
0.0,-0.4518605344161144
0.0,-0.5702019013053086
0.0,-0.1551151633659522
2.5649493574615367,2.5240046805564127
0.0,0.40830557829606073
2.079441541679836,2.2846342801917747
0.6931471805599453,3.6016827687577555
1.3862943611198906,2.080190298308685
0.0,-0.3699640982964274
0.0,0.42094870173141175
2.3978952727983707,3.1825319247382415
0.0,-0.5584032525571501
0.0,0.36641871639120804
0.0,-0.3774431138998642
0.0,0.34424731823695875
0.0,-0.185529988911751
3.332204510175204,2.925990262621703
0.0,0.5160859022681417
0.0,0.7707790779465957
2.3978952727983707,2.376281409268537
1.0986122886681096,2.7360259941429472
5.476463551931511,3.8813407836349403
0.0,-0.36464179490511084
3.6375861597263857,3.2135498106684453
0.0,0.20408741494800653
4.189654742026425,2.9946154207462277
4.127134385045092,3.318401076354116
0.0,0.6769252393985166
4.060443010546419,3.1979009727848875
0.0,-0.4967836562872061
0.6931471805599453,2.9595836685473595
1.3862943611198906,1.8635418938783876
0.0,0.6395801301260513
4.060443010546419,2.7706328355391454
0.0,-0.5135194126250049
0.0,-0.33210207828114546
3.1780538303479458,3.6164444532193123
4.262679877041316,3.1039198441662323
0.0,0.8728395806188032
0.0,1.0216087596176933
0.0,0.46270665837662817
0.0,-0.46731097325834847
1.6094379124341005,2.387789705370846
2.639057329615259,2.5778529265306545
0.0,0.08541194498891214
0.0,-0.4721494146976015
3.9318256327243257,3.328946460634684
4.127134385045092,3.0118183538225782
4.859812404361672,3.429514389831242
1.6094379124341005,3.6298375260775337
4.343805421853684,2.740559778744839
0.0,-0.3882500866906322
0.0,0.6204067207412247
1.3862943611198906,3.085415358881973
0.0,-0.23007626153075167
0.0,1.3092191133620599
5.525452939131784,3.5681065753679526
0.0,-0.5146646324868556
0.0,-0.4662346121147434
0.0,0.039577983566186026
0.0,-0.05393632810854676
4.770684624465665,2.840078101474662
0.0,0.8445533851701361
0.0,-0.07992781138602667
0.0,0.10634488166897804
2.70805020110221,2.791077555358055
4.442651256490317,3.1257685269274065
0.0,-0.2095495789149875
0.0,-0.5069186217239503
1.9459101490553128,2.0871147007473527
0.0,-0.03393449414870342
0.0,0.601828227967774
2.5649493574615367,2.948052650142899
0.0,-0.564116867390624
0.6931471805599453,3.5463392416096085
0.0,-0.5251210880230612
4.543294782270004,4.222362805376251
1.6094379124341005,2.0826805130117383
2.995732273553991,2.604430706352254
4.248495242049359,3.021159068557914
0.0,0.14756127907494654
0.0,-0.07373039016832239
0.0,-0.1479178039179283
0.0,-0.24342746525080106
0.0,0.4095511560523777
0.6931471805599453,2.347199223455893
0.6931471805599453,2.7658617851872016
0.0,-0.630681265943001
0.0,-0.010157008705011794
0.0,-0.160948200968686
0.0,-0.41274057234299777
3.713572066704308,3.190176325001292
0.0,0.7086869131021445
4.02535169073515,3.012763066128649
0.0,0.19585087412539104
0.0,-0.7223096369847979
3.5263605246161616,3.1701104804591305
2.995732273553991,3.1529727512738916
1.3862943611198906,2.440275612490904
4.143134726391533,3.181864800457923
1.0986122886681096,2.314941998634818
0.0,-0.4967736210953535
0.0,-0.39380834544841115
0.0,0.08176314094556303
2.5649493574615367,2.6552574550586963
2.19722457733622,3.0386963142874084
0.0,0.2618855159056557
0.0,-0.3569928233898487
5.442417710521793,3.514714729286443
4.624972813284271,2.821004258848236
0.0,-0.2602450014060165
1.3862943611198906,2.634941889680172
5.043425116919247,2.7403105379545427
0.6931471805599453,2.9790534546586493
0.0,0.10754291730839594
1.3862943611198906,3.1631812806754964
1.6094379124341005,2.1209791469011585
3.8712010109078903,2.9507903845333683
0.0,0.592915638601698
4.07753744390572,2.8539557001475693
0.0,-0.18354060332745492
1.3862943611198906,2.520603235559295
4.110873864173311,3.4500692609728345
0.0,-0.29922573515298945
0.6931471805599453,2.6596197008345945
0.0,-0.011920732365047648
2.4849066497880004,2.689542222588478
0.6931471805599453,2.987545350514016
0.0,-0.06103042570935058
1.3862943611198906,2.5574407293005468
2.302585092994046,2.7973988536041614
1.3862943611198906,2.386659842447029
0.0,0.05171590189634401
1.6094379124341005,3.214774458907364
0.0,-0.5786013753195749
3.6375861597263857,3.2595630854496207
0.0,-0.09015248580287971
0.0,0.0944241597112554
0.0,-0.5600171673007126
2.079441541679836,2.5758269471020494
0.0,-0.3324775807946163
0.0,0.3738949576101782
0.0,-0.24534117964300295
3.951243718581428,2.536558572228291
3.4011973816621555,2.9245928820859097
0.0,-0.7039829389334296
1.6094379124341005,3.203292206369264
0.0,-0.01584349093113535
4.3694478524670215,2.899978956588112
3.713572066704308,2.6933308684396575
3.218875824868201,2.9292003185655515
4.709530201312334,3.2512606177374312
4.127134385045092,2.8169956841866775
3.4011973816621555,3.0866904965707547
0.0,-0.025777151312826874
1.3862943611198906,2.835783325095448
4.61512051684126,4.153203875718232
0.0,0.7373206377806278
0.0,-0.3240656759596443
4.553876891600541,3.1987656429049967
0.0,-0.32520403531519015
0.0,0.43342045888912994
2.3978952727983707,3.233738403947663
1.0986122886681096,3.349836357854528
0.0,-0.30480940271187196
4.248495242049359,2.9382401369670132
2.4849066497880004,2.514454740054875
0.0,-0.1821528286965286
1.3862943611198906,2.578918544782885
0.0,-0.4006519942238409
0.0,0.5083964683918034
0.0,-0.07996783557086817
0.0,0.2381002646988517
0.0,0.05228728301489105
0.0,0.1186941688927583
2.70805020110221,3.224585031327533
2.19722457733622,3.1122416538873248
0.0,-0.35283993003192693
2.9444389791664403,3.2137761645190475
5.003946305945459,3.2099988566552966
0.0,0.2958820363919472
0.0,0.316108658288329
0.0,0.12994267490213396
4.634728988229636,3.33800887646992
1.0986122886681096,2.517364712229779
0.0,-0.28059336342110974
0.0,-0.334321972162277
3.4657359027997265,2.922128849342924
4.158883083359672,2.68774771505308
0.0,0.08603178195745054
3.4011973816621555,2.611767013029037
2.302585092994046,3.210976529071956
1.0986122886681096,2.2776686507534354
0.0,0.054856951836975476
5.225746673713202,3.3615714581128215
0.0,0.27719288913121454
2.302585092994046,2.6518080364678505
0.0,-0.3287885572374756
3.555348061489413,3.015813112176162
0.0,0.07893548144091689
2.4849066497880004,3.458582191642572
4.356708826689592,3.2404890853144916
0.0,0.549651538741188
0.6931471805599453,3.0407828224012685
3.1780538303479458,2.762286844232288
2.079441541679836,2.385881086870385
3.5263605246161616,2.8429078183566503
3.951243718581428,2.958876660462021
0.0,0.5414057939534604
0.6931471805599453,2.1944919669732212
0.0,-0.23529152431983968
0.0,0.05813003141423634
0.0,0.1666227009837815
0.0,-0.015499793403144668
0.0,-0.5598381705004343
2.772588722239781,3.2432505754430347
0.0,-0.24199939184758312
0.6931471805599453,2.8767853447195573
0.0,-0.39142136404156913
4.430816798843313,3.232592803062591
0.0,-0.024394716506729752
0.0,-0.3410380814405065
3.9889840465642745,2.491388748432481
1.3862943611198906,3.0823623855970546
0.0,-0.3932525244798346
3.044522437723423,2.7977702412994074
1.0986122886681096,3.1403185931432
4.442651256490317,3.3508705207437726
4.51085950651685,2.9494218516625503
0.0,0.3120027803674459
0.0,-0.22854859613565504
1.3862943611198906,2.3824817152367945
4.727387818712341,3.4079105539601113
2.5649493574615367,2.557154373437652
0.0,-0.5494228226194648
1.6094379124341005,2.931143307812423
4.442651256490317,3.1155018934144936
0.0,-0.5873920754314805
0.0,-0.10285949646104164
0.0,-0.08705363483749862
0.0,-0.08727491661704811
1.0986122886681096,2.163526407585476
4.330733340286331,3.621950657982206
0.0,-0.06592488101058191
0.0,0.3102503357257158
3.6375861597263857,3.53629119749222
0.6931471805599453,2.967141142807252
0.0,0.36533701905468874
0.0,-0.28880346619526565
0.6931471805599453,3.4804052302144663
3.80666248977032,3.3119893752836234
2.833213344056216,2.75332439668956
4.787491742782046,3.538700070556427
1.3862943611198906,2.3088117103411405
3.295836866004329,2.591697248872458
0.0,-0.20146500412857105
0.6931471805599453,2.461302843791777
0.0,-0.4849998350863145
4.477336814478207,3.5656426804015044
1.0986122886681096,2.9931251757432165
0.0,-0.5987254399792574
0.0,-0.12100045808480786
1.0986122886681096,3.0120190899757437
2.639057329615259,3.083290560826022
1.0986122886681096,2.786147549976637
0.0,0.6504728530753223
0.6931471805599453,2.2807549836310037
0.0,-0.3211466071951352
0.0,-0.17723386389603712
4.584967478670572,3.4316082754253743
0.0,0.8869211753363098
3.218875824868201,2.7837146414936633
0.6931471805599453,2.7709644858249263
0.6931471805599453,2.956584271170126
4.007333185232471,3.3831624758675423
4.276666119016055,3.485873536986168
0.0,-0.1885640445064043
0.6931471805599453,3.44975305859131
3.6635616461296463,2.2117554973008264
0.6931471805599453,2.194793403944262
5.225746673713202,3.4871403391100495
4.007333185232471,3.3443151033578404
0.0,0.461947606829725
4.634728988229636,3.2672011101109546
0.0,-0.493928349621108
1.0986122886681096,2.42260423188009
2.5649493574615367,2.701198214031331
0.0,-0.15846751499524414
1.0986122886681096,2.514402332630092
0.0,-0.12431284884120752
4.204692619390966,3.2143554804753895
4.290459441148391,2.9234455061008764
1.3862943611198906,2.7220902805676244
4.997212273764115,3.333281080928318
0.0,0.06265031379900776
0.0,-0.13900983842539194
0.6931471805599453,2.5229122933310544
1.3862943611198906,2.6854419170234647
0.6931471805599453,2.294199149194754
0.0,-0.12907883621547644
3.091042453358316,3.0234799264851246
0.0,0.27921141432709495
0.0,0.02149505025320808
1.6094379124341005,2.186215960814363
1.0986122886681096,3.2731020758683256
4.343805421853684,3.0107911209985554
0.0,0.134022025331761
0.0,0.46071539956414065
3.688879454113936,3.3741673097390303
0.0,-0.41077183619911395
0.0,-0.12555947695806036
0.0,-0.2528525506985022
1.6094379124341005,2.6570780594383416
0.0,-0.5312714621847756
3.332204510175204,3.191423623925223
2.19722457733622,2.359248957073473
3.555348061489413,3.262714047085378
1.0986122886681096,2.4697130516944474
0.6931471805599453,3.101491118658549
0.0,-0.1310028596276296
0.0,-0.3869472056875165
0.6931471805599453,1.9535097275471467
3.828641396489095,2.864537163186208
3.9318256327243257,3.47753773557982
1.0986122886681096,2.7780964555021335
0.0,-0.007829048409463857
3.4657359027997265,3.1298229954338783
0.0,0.032801584331841216
0.0,0.08523022081641352
0.0,0.6477152597083871
0.0,-0.3023234153089822
4.770684624465665,3.0517669432537824
0.0,0.5502616719607096
3.367295829986474,2.8831316262347184
3.258096538021482,2.542582893288511
0.0,0.46652445046110036
0.0,0.34428090639015285
3.091042453358316,3.0121272557125627
0.0,0.5468816514349659
0.0,-0.6642863716394443
3.6375861597263857,2.870434718152001
0.0,-0.2960696693816809
1.0986122886681096,2.5160000772538256
5.327876168789581,3.327063306386238
3.610917912644224,3.166445707284935
0.0,0.15497837862095443
0.0,0.2213010229585224
0.0,-0.31432585280542513
0.0,0.7044424793081627
4.605170185988092,2.7821289497256414
0.0,0.16527734890624468
0.0,-0.23072992584614838
0.0,0.31602106659115714
1.0986122886681096,2.8713786209561807
2.70805020110221,3.1182154984533375
0.0,-0.5490811778002027
0.0,-0.025712961226985076
0.0,-0.4259533615327782
3.828641396489095,2.707097220910599
4.23410650459726,2.6352620331580936
0.0,0.9653785509692719
0.0,-0.36305437111563554
0.0,0.17558221435613008
0.0,0.5245470133659089
1.3862943611198906,2.6085079413453283
3.4011973816621555,2.226814970017352
0.0,-0.43133440290770597
0.0,0.11063034855030796
0.0,0.4164769259112353
0.0,-0.1220922216007605
4.709530201312334,3.2561374432571073
0.6931471805599453,3.0430138046868063
2.833213344056216,3.180728699515646
0.0,-0.3095645598631518
0.0,0.2897955724808101
1.0986122886681096,2.82356324751389
3.1354942159291497,3.1976472609140942
0.0,0.3346058965135885
0.0,-0.6751634281737435
0.0,-0.12716074011420364
0.6931471805599453,3.2402187553720765
4.820281565605037,3.2282156998736715
0.0,0.22253560310839804
0.0,-0.6631438166085206
1.3862943611198906,2.463161491116525
1.0986122886681096,2.2181395442097744
0.0,0.14823000763036376
0.0,-0.43759095580454543
3.1354942159291497,3.160639949157937
4.934473933130692,3.516869876877916
4.304065093204169,3.1191869627532784
0.0,0.22491453944086426
4.955827057601261,3.6138829613198293
4.727387818712341,3.435173323315123
2.4849066497880004,2.121185478735211
2.079441541679836,2.8341054837721535
0.0,-0.3399972266826512
0.0,-0.2803146377297385
1.9459101490553128,2.204628492213074
4.584967478670572,3.4781563728238196
0.0,0.2927803621681935
0.0,0.6333905138302565
4.912654885736052,3.0014383995854006
0.6931471805599453,2.224202845893032
0.0,-0.4744147408143653
3.218875824868201,3.048793785583001
1.9459101490553128,2.2166551436472086
3.258096538021482,2.7999023142965713
0.0,0.06890885135518143
0.0,0.09008357655080301
1.3862943611198906,3.0076856656611506
3.58351893845611,3.5515678921822253
3.970291913552122,2.3328294435437185
3.49650756146648,3.188244960623167
3.8918202981106265,2.4870785928284356
4.709530201312334,4.077733007037368
2.70805020110221,2.396970413385098
1.0986122886681096,2.2350261222456016
4.454347296253507,3.4913551932563
4.189654742026425,2.795031056900543
5.087596335232384,3.3408386956078937
0.0,0.08742062974395504
0.0,-0.13127852344856983
4.330733340286331,3.4962258090700016
0.0,0.18834314998125645
0.0,0.1571917965972367
0.0,0.4262475414590594
3.80666248977032,3.4654842124467455
3.295836866004329,3.4886500326491525
0.0,-0.07976591655697596
3.912023005428146,3.0901902770090386
1.6094379124341005,2.2052644500168332
3.80666248977032,3.646626311366727
2.3978952727983707,2.2272820893413696
4.543294782270004,3.483154489894465
0.0,-0.15816090626462742
0.6931471805599453,3.1596938039976603
0.0,-0.44719246727259954
1.791759469228055,3.040805588947377
0.0,0.49516148251767134
0.0,-0.6182126919858488
4.382026634673881,3.547075492998726
4.07753744390572,3.1918858017306317
0.0,0.06048046240218796
2.995732273553991,2.248432863120407
5.75890177387728,3.5151292079628775
0.0,0.4260942256302527
0.0,0.3831216969984981
4.02535169073515,2.6245682448372154
0.0,-0.04788861284759238
2.19722457733622,3.037170414649551
0.0,-0.25608306983505313
2.302585092994046,2.4754586609709426
4.762173934797756,3.323888273725676
0.0,-0.38652722856884125
0.0,-0.479199504844559
0.0,0.4537807971442138
0.0,0.6348669791032722
0.0,-0.25819008948777356
0.0,0.17506270484174724
0.0,-0.01780549096514683
0.0,-0.061973360533145616
0.0,0.05080024077281298
2.4849066497880004,2.793754153243406
4.5217885770490405,3.1858506767780495
3.1780538303479458,3.1891064513452827
0.0,-0.2485359309479489
1.0986122886681096,2.8571009524048496
4.430816798843313,3.3263074997161497
1.0986122886681096,2.625171998783602
0.6931471805599453,2.782748034952657
0.0,-0.34383415499416525
2.302585092994046,2.749460740764369
0.0,0.3159212928142776
1.0986122886681096,2.0513407432622195
3.4339872044851463,3.1877643444288055
0.0,0.21263584080333597
0.0,-0.7894559947390984
4.276666119016055,3.2830345168778683
4.276666119016055,2.795084876193936
0.0,-0.20996739102073114
0.0,0.48263156513991845
2.9444389791664403,3.4170667666393344
2.4849066497880004,2.6399865012714265
0.0,0.20466519877606615
4.736198448394496,2.9849971555776733
3.737669618283368,2.290944885606479
3.1354942159291497,3.0822650006780705
2.079441541679836,2.9571921312398155
0.6931471805599453,2.1430621967190397
1.3862943611198906,3.0854169140249734
0.6931471805599453,2.114818974539295
1.0986122886681096,2.6195233757935625
1.9459101490553128,2.8375921544428397
0.0,-0.23571819747313238
2.302585092994046,2.889015948471397
3.8918202981106265,2.5074917519470374
0.0,0.2081303669602037
0.0,-0.24274870140919225
0.0,-0.11743140368045024
4.356708826689592,3.5448789177554643
0.0,-0.06220262718932501
0.0,-0.007463143117544924
0.0,0.1842298099894475
4.127134385045092,3.1723035906713326
4.553876891600541,2.872472737847298
1.0986122886681096,2.9815877306557574
4.499809670330265,3.032810779351414
0.6931471805599453,2.660480700363989
0.0,-0.1889449928557796
0.0,0.05907665137164364
1.791759469228055,2.9358035330118297
0.0,-0.32394540703886454
0.0,0.25273772478510415
0.0,0.4371544931779665
0.0,0.1424058016017713
1.3862943611198906,2.343676611603189
0.0,-0.10998478747092788
0.0,-0.5148798890483501
0.6931471805599453,2.4918553573317332
0.0,0.014535825836738514
4.262679877041316,2.6515108825897453
1.0986122886681096,3.0266944205119737
2.3978952727983707,2.701576510705415
5.342334251964811,3.850671858785016
0.0,-0.5045222847911419
0.0,0.48190410255768046
2.639057329615259,1.9599977013277927
1.3862943611198906,2.9067586024946372
5.236441962829949,3.325168317379692
1.0986122886681096,2.0343509972075977
0.0,-0.5214815670288813
0.0,0.0871999791521918
2.3978952727983707,2.988628191485459
4.709530201312334,3.6345059311399717
0.0,0.6604176322501836
0.0,-0.5615198972323046
3.8712010109078903,3.009640823945589
0.0,-0.3979344567722731
0.0,-0.40956830254534404
1.0986122886681096,2.253443319028454
0.0,0.41926497718562983
1.6094379124341005,2.711755256810667
0.0,0.10882624218695547
0.0,0.027669882315589645
4.804021044733257,3.1898050309791692
2.3978952727983707,3.732276678463173
0.0,-0.23321218230490848
0.0,0.36197587224430317
1.791759469228055,2.054304238747373
0.0,0.2517734470823223
0.0,-0.22724231902760605
4.48863636973214,3.482960852707877
2.639057329615259,3.0990172998260572
1.791759469228055,2.609573751623821
0.0,-0.7279357540054279
0.0,0.7453931909303497
2.833213344056216,3.2014175369130466
0.0,-0.292247475733046
4.204692619390966,3.129229414669531
0.0,-0.5135564159473036
0.0,-0.27134614914400323
0.0,-0.5109336133217344
1.6094379124341005,2.2433145819504507
3.8918202981106265,3.1180690039895853
2.639057329615259,3.247292253809941
0.0,0.11653280487044326
2.19722457733622,2.5693751038308412
0.0,-0.3560741329779935
1.9459101490553128,3.0313696799526912
3.1780538303479458,3.33470497967484
0.0,-0.69491819750617
4.532599493153256,2.924241667261603
2.079441541679836,2.799538596142556
2.19722457733622,2.6345353950683315
4.634728988229636,3.360328866276924
4.430816798843313,2.810910694880681
0.0,-0.4247117166375589
4.31748811353631,3.4258358377888682
2.3978952727983707,2.630651889523028
3.6635616461296463,3.425094823167954
0.6931471805599453,2.4794726491624925
4.0943445622221,3.0648535324409885
4.59511985013459,3.0748630417443277
1.9459101490553128,3.1334237142747368
4.672828834461906,3.539213422640649
3.951243718581428,3.535758716426871
0.0,0.38781094077653155
3.1354942159291497,3.170126293599174
2.639057329615259,2.8446997921764825
4.477336814478207,3.1239188714961776
4.406719247264253,2.671744601790418
0.0,-0.2238836690428423
4.23410650459726,2.735085083203429
3.9318256327243257,3.1170576221695256
3.912023005428146,3.3412536608430683
0.0,0.1647220783466561
1.0986122886681096,2.271484430614483
0.0,0.11534792055943499
3.80666248977032,2.927576694660221
0.0,0.21741102198030227
4.248495242049359,3.307574831958922
0.0,-0.1097912113760986
4.955827057601261,3.457723069919442
0.0,0.15029993967224375
0.0,-0.7099894548464021
0.0,-0.19471386858004047
4.007333185232471,3.046017491146093
0.0,-0.5417344302778129
1.6094379124341005,3.141377908941286
0.0,-0.09689084982117135
0.0,0.27651914898408947
3.58351893845611,2.878617375593758
0.0,0.4871450480946009
0.0,0.140364597365366
1.9459101490553128,3.5992196901746354
0.0,-0.3571549738724009
5.062595033026967,3.9346931943345704
1.6094379124341005,2.7181759306605837
3.4011973816621555,3.0541578924995796
4.574710978503383,3.335442263672255
0.0,0.7068643148054621
0.6931471805599453,2.13902845225915
0.0,0.037759510764809434
0.0,-0.5811494680847029
0.6931471805599453,2.202104660731072
0.0,-0.06351736853278878
0.0,-0.30668242509689403
0.0,-0.6125332355253583
1.0986122886681096,1.998655125183155
0.0,-0.5638129755692711
4.219507705176107,3.755242669275873
4.174387269895637,3.172688688337641
3.784189633918261,2.85820777368434
3.49650756146648,3.619798612363614
3.58351893845611,2.966400664586783
3.8918202981106265,2.7028582349494155
0.0,0.5533418689585137
0.6931471805599453,2.6492524570022504
0.6931471805599453,2.1767334439115538
0.0,-0.3529285129939854
3.713572066704308,3.409306962678781
0.6931471805599453,2.206780347341081
4.969813299576001,3.1884707080226393
3.5263605246161616,3.2166752779691397
0.0,-0.5518331721113161
3.58351893845611,2.971977460107442
0.6931471805599453,3.0694750493598146
1.9459101490553128,2.277298936717833
3.9318256327243257,3.1398404249024052
0.0,0.018839645214913325
1.0986122886681096,2.585836950501842
4.59511985013459,3.0967264271617845
4.532599493153256,3.0410434693654325
0.0,-0.046478134418621364
0.0,-0.10778130804293773
4.262679877041316,3.4391417073116006
4.51085950651685,3.5125854685811433
1.791759469228055,2.0606443696995926
1.3862943611198906,2.8490936502942397
0.0,0.6968789020836219
0.0,-0.349785378906045
0.0,-0.11686510918758186
0.0,-0.6458307560888099
1.3862943611198906,2.7151430045474862
1.791759469228055,2.8596750577906467
4.02535169073515,3.335897947918639
2.3978952727983707,2.997714490262725
0.0,0.3451999520811575
0.0,-0.6511699711713117
0.0,0.16431893117016605
1.0986122886681096,2.4295785319680148
0.0,-0.16534326116353215
0.0,0.05042382952689861
2.9444389791664403,3.121858328838729
0.0,0.3013315150881666
0.0,0.453882275401456
4.219507705176107,3.2939880750510917
4.02535169073515,3.726789660625503
0.0,-0.1881383769181646
0.6931471805599453,3.0550040328135175
4.736198448394496,3.145168983374669
0.0,-0.04098404713669179
0.0,-0.17961606963215448
1.0986122886681096,2.8490024574939454
3.713572066704308,2.6600164277779506
1.0986122886681096,2.6982892866731913
2.639057329615259,2.840770728789196
0.0,0.01560636921641989
0.0,0.37376544634940445
1.6094379124341005,2.903835384531308
3.970291913552122,3.2964560555228957
0.0,-0.39431034195976133
3.713572066704308,3.0770249176840805
0.0,-0.3606879162691028
2.833213344056216,2.8263052001826416
4.934473933130692,3.3047116728069357
0.6931471805599453,2.4522171325786717
3.4657359027997265,2.7662519048446073
4.290459441148391,3.0674886978506004
0.0,-0.3265719715626041
0.0,-0.47915449197668414
1.3862943611198906,2.109979039361385
0.0,0.32224462151170297
0.0,-0.5105427951099095
0.0,0.005156676577859898
0.0,0.07554471340661628
0.0,-0.07082552129068964
4.3694478524670215,3.3684468916043184
2.639057329615259,2.5833202085172076
0.0,0.844969370243801
0.0,-0.08521846627083751
0.0,-0.32048727601890104
0.0,-0.20790109637785692
0.0,-0.07455965601990622
5.030437921392435,3.1268498041069606
2.5649493574615367,2.9037759393345404
0.6931471805599453,2.9336351924646156
0.0,0.5042910821298523
3.4339872044851463,3.253927084175425
3.951243718581428,3.1920003531354646
1.0986122886681096,2.582227202685566
3.4339872044851463,3.262700212498225
1.6094379124341005,2.706711785696666
0.0,-0.3362529485176946
0.0,0.02356521920423149
0.0,0.3837488104483491
0.0,0.1874878916458027
1.0986122886681096,2.910478216345658
1.9459101490553128,2.20617539650092
1.6094379124341005,3.3643994520016083
1.0986122886681096,2.506836744931226
1.0986122886681096,3.1003933212554227
3.713572066704308,2.923203740433153
0.0,-0.14312552371286658
2.5649493574615367,3.2624162976140423
0.0,0.27724049678040186
0.0,-0.15699011553746933
0.0,0.514003091867322
0.0,0.32853050571705666
0.0,-0.46575088967304623
0.0,0.015731679105210006
0.6931471805599453,2.501560709862708
0.0,0.37296457036873787
2.3978952727983707,2.187385184222725
3.6635616461296463,3.5195858895190133
0.6931471805599453,2.52137390162593
0.0,-0.17371631113029773
4.442651256490317,2.725076146841971
3.4657359027997265,3.3003074049046255
1.791759469228055,2.701203655842284
0.0,0.023159801713033445
4.394449154672439,3.6735688972748957
0.0,-0.15658610197951406
0.6931471805599453,3.294480613723171
0.0,0.8683198939301411
0.0,0.37490875131837287
0.0,-0.573361743782208
0.0,-0.08188835495141289
0.0,-0.10872153972979648
0.0,-0.3390132379135804
5.068904202220232,3.246278957377453
2.70805020110221,2.9122495741389636
4.02535169073515,3.1551178157249664
0.6931471805599453,2.596678574868078
1.3862943611198906,2.58302195751413
0.0,-0.5505316344142104
0.0,0.30997869278037093
0.0,0.3124516018833099
0.0,-0.5308148084312205
1.0986122886681096,2.8510724285050633
3.80666248977032,2.7338435809051416
0.0,-0.3401275357828437
2.639057329615259,3.02053685408738
5.58724865840025,4.016358692219521
3.4339872044851463,3.4414621294061103
4.605170185988092,3.764812463767801
0.0,0.20549177015431352
0.0,-0.3190740400729766
0.0,0.6422389631452692
0.0,-0.34643398550274407
0.0,-0.09633273730034175
1.3862943611198906,1.913291752392053
4.418840607796598,2.9313598884057526
0.0,-0.5783258209335456
4.48863636973214,3.2296533438653876
0.0,-0.4995406341223414
0.0,-0.6028060324793576
0.0,-0.23377403311399014
4.3694478524670215,3.3190358820789734
0.0,-0.42523404779557383
0.0,-0.3692226910401528
4.499809670330265,2.759175187646182
4.276666119016055,2.7940390569629234
0.0,-0.49172440430360487
2.639057329615259,2.6285440034244028
0.0,-0.43759970001549986
0.0,-0.41214035561398976
0.0,-0.06304222319889652
0.0,-0.3908480508472567
4.343805421853684,2.8736728899625974
2.639057329615259,3.715332749378309
4.8283137373023015,3.4444655900022454
4.454347296253507,3.3689775551309142
1.3862943611198906,2.570452868604208
4.110873864173311,3.6609264498073966
0.0,-0.0873236958111252
0.0,0.4453537591036054
0.0,0.07466795410656646
0.0,-0.09448990981021232
0.0,-0.2674867789845021
0.0,0.23713588364130667
3.4339872044851463,3.20240259297841
4.23410650459726,2.9953989883824503
0.0,-0.06684560140259532
0.0,-0.625658412983467
3.49650756146648,2.8831725168963276
0.6931471805599453,2.595114764242085
3.218875824868201,2.508915364553451
0.0,-0.11123661368990123
1.6094379124341005,1.859394754095172
1.0986122886681096,2.8751516909857253
1.0986122886681096,2.4342712637888226
0.0,-0.050354638333740986
0.0,0.2614094777374809
0.0,-0.1606745468167814
0.0,0.09514664416883223
1.0986122886681096,2.455652112953461
0.0,0.39094678012755146
0.0,0.05275065674208701
4.394449154672439,2.975264787200855
0.0,-0.42179414272019944
0.0,-0.2901199045194467
0.6931471805599453,2.5670611644580945
2.5649493574615367,3.3754515946847548
2.772588722239781,2.7984285895459853
0.0,0.061350614135550874
0.0,-0.1033675389758617
0.0,-0.149298273827684
0.0,0.31665028650061333
3.912023005428146,3.1804929581821213
4.553876891600541,2.756471547553827
3.044522437723423,3.058608826318066
4.04305126783455,2.785427576109176
0.0,0.8296902095340801
0.0,0.08046144400522048
0.0,0.1922665489776494
0.0,0.49730565236271795
2.9444389791664403,2.788274362373334
0.6931471805599453,2.8057506946344657
0.0,0.9318802402466555
4.31748811353631,3.3967295392961856
3.258096538021482,2.593212665101113
3.8918202981106265,2.9575828238978508
4.770684624465665,3.975331869676762
0.0,0.3760787869589377
0.0,0.959901411375729
3.828641396489095,3.500965762772698
0.6931471805599453,2.5143906671902854
0.0,0.2106593494740172
0.0,0.5686237786302002
4.3694478524670215,3.2332210654091433
0.0,-0.08044242284830672
0.0,-0.09324426024379062
1.791759469228055,2.2181899893462
4.477336814478207,3.021027544988411
0.0,0.020051329866146217
4.356708826689592,3.4738891945347152
0.0,-0.45160787875234076
0.0,0.5436394415489365
0.0,-0.09264498294354762
4.955827057601261,3.1036289507916015
0.0,-0.624571561199609
0.0,-0.27558658926977486
0.0,-0.3525062847434519
1.3862943611198906,2.489021167133891
3.828641396489095,3.085522426622292
0.0,-0.016733476081198573
0.0,0.3562490983975226
0.0,-0.21824155783611232
0.0,-0.5076167282446482
0.0,0.32940877438936145
0.0,-0.24769616837716235
0.0,-0.49569200686080483
2.995732273553991,3.235108473545391
0.6931471805599453,3.195553469892349
3.091042453358316,3.0831448893863618
3.737669618283368,2.7981147617306457
0.0,0.2834217775687504
0.6931471805599453,2.983593694415927
0.0,0.30119085944029367
0.0,0.16812491271056706
0.0,-0.5924589740691655
0.0,0.5062017470888827
0.0,0.6204934433710088
4.356708826689592,3.2270034213029843
4.934473933130692,3.168821840977002
0.6931471805599453,2.6947310960038187
3.4657359027997265,2.735034744079805
0.0,0.3991575335741364
4.804021044733257,3.1880474706124025
0.0,0.3371894971995404
3.4339872044851463,3.151065913239601
0.0,0.0676155133151406
1.0986122886681096,2.903687702008884
0.0,0.5987262121610946
4.204692619390966,2.7654671999556903
0.0,-0.3515540078732937
0.0,-0.27470270268528907
0.0,0.31859727347290234
4.672828834461906,2.8162991705925173
0.0,1.172712235726122
0.0,-0.4055994545258108
0.0,0.6054178135257398
1.3862943611198906,2.6151812443750195
1.0986122886681096,3.2439205835184852
3.8712010109078903,2.6978108168814012
0.0,0.1397035729129703
0.0,-0.4819634140678075
0.0,0.8217114544348785
0.0,-0.06238121126665286
1.0986122886681096,2.5158496919326443
3.49650756146648,3.1273433732285194
0.0,0.21965021977731136
3.7612001156935615,3.216054234412166
0.0,1.1115634408060049
0.0,0.6570943973399492
0.0,-0.12012471690210824
0.0,-0.19956875743736147
0.0,-0.18510334410882123
0.0,-0.20246092158472795
1.0986122886681096,1.9686443340177093
0.0,0.3642733650927743
0.0,-0.40980551631460704
4.5217885770490405,2.8894775629504905
0.0,0.07419295810110182
0.0,-0.33334091351214257
0.0,0.15113047435008453
1.791759469228055,2.203735812513052
4.219507705176107,2.9552966033113517
0.0,-0.36034223995985304
0.0,0.039497748865870985
3.828641396489095,3.049335250544298
4.204692619390966,4.124281059243923
3.044522437723423,2.7078064167001923
0.0,-0.4850703245887087
5.10594547390058,3.5274966801682504
4.143134726391533,2.8654696707744245
3.8501476017100575,3.467994412877111
0.0,-0.12833413847178798
3.737669618283368,2.621303286705004
1.0986122886681096,2.3954107608095727
0.6931471805599453,2.345052549942884
0.0,-0.21046896784614155
1.791759469228055,2.6173444193304407
1.0986122886681096,2.2479563089368666
0.0,-0.020908276880645893
3.784189633918261,3.4373534413722564
4.04305126783455,3.280728951711998
0.0,-0.3978878301837647
2.5649493574615367,2.527890978071121
4.727387818712341,2.9833598320181443
0.0,0.2843727305122927
3.9318256327243257,4.290079556996457
2.8903717578961645,2.6842174626227435
0.0,-0.34150789338804177
2.19722457733622,2.832492298446544
0.0,0.45421719033971764
4.718498871295094,3.478246096486549
3.258096538021482,3.1500268834888425
2.8903717578961645,3.2415230012408403
0.0,-0.5803146118359481
0.0,-0.38418829681527145
1.0986122886681096,2.389318344819131
0.0,-0.459485290598852
1.0986122886681096,2.6602348124752053
0.0,-0.2798180713563885
0.0,0.4037269517312283
0.0,-0.44743887996387643
4.897839799950911,3.235756189335765
2.19722457733622,2.444635527096338
2.833213344056216,2.9049501978038847
2.8903717578961645,2.7720141250758092
4.553876891600541,3.1044580186861923
0.6931471805599453,2.6879681890331595
0.0,0.5344836390447751
0.0,-0.10184629106067167
1.3862943611198906,2.3296568354336373
0.0,0.8519885386800812
2.639057329615259,2.6100506772822634
4.07753744390572,2.8620317008671305
0.0,-0.23823461791302902
4.859812404361672,3.1100512617158333
2.833213344056216,2.2176903307177036
3.6375861597263857,2.913560700435366
4.060443010546419,2.8884955690283323
0.0,-0.3146387942620632
0.6931471805599453,2.942277761463499
0.0,-0.23718501642250223
0.0,-0.02691332360011023
0.0,-0.10804882210903699
0.0,0.1893790356802929
3.828641396489095,3.1491531354288815
0.0,-0.10794584619713365
3.044522437723423,2.8787031697213763
0.0,-0.42331276703876153
0.0,0.7718240278531079
0.0,-0.255456828995575
0.0,-0.5446015580064074
4.77912349311153,3.9055447059268094
0.0,-0.04005734488521151
3.8501476017100575,2.610221961100461
1.0986122886681096,2.3182219919525244
0.0,-0.5056600195807519
5.356586274672012,3.8213431959834456
0.0,-0.09975713479608661
3.6635616461296463,3.2426822152574166
1.0986122886681096,2.8765505111573972
0.0,-0.009012570952545929
4.465908118654584,3.070297179224789
3.7612001156935615,3.347956809735593
0.0,0.4058257300589738
3.258096538021482,3.2116461533870773
3.9318256327243257,2.7105843337297184
0.0,0.6750309970814423
0.0,0.002824310347671277
0.0,-0.12525454758612575
4.158883083359672,3.7309004437565285
4.51085950651685,3.552490407896338
1.3862943611198906,2.878234928041686
4.897839799950911,3.2209229971746063
0.0,0.2869251053243169
0.0,0.16678533134981466
0.0,-0.5224325258889766
2.9444389791664403,2.8717304557860377
1.0986122886681096,2.0977945289210913
2.639057329615259,2.655011101717575
0.0,0.5561060550412629
0.0,0.8958732578928258
0.0,-0.07151616823276852
3.610917912644224,2.5517648317634185
3.218875824868201,2.9731088534410643
3.610917912644224,2.7009626994598266
2.70805020110221,2.6580775068069364
4.204692619390966,3.6576736303503403
0.0,-0.21943485305062627
1.3862943611198906,2.998620897237128
3.5263605246161616,2.9457993369864703
0.0,0.23469747251774153
0.0,-0.1634317256554496
1.9459101490553128,2.1799769919993315
1.6094379124341005,3.084023024465351
1.0986122886681096,2.403905057751138
0.0,-0.20339848332890087
0.0,-0.5300810790099213
0.0,0.18351258673719295
3.7612001156935615,2.965632360698504
0.0,-0.314237145308502
3.258096538021482,3.2826816128644465
4.060443010546419,3.1387419461054025
4.912654885736052,3.097504441687827
4.189654742026425,2.9701583984709408
0.0,0.12385032031077703
4.59511985013459,2.956430113703669
1.9459101490553128,2.419694791165494
0.0,-0.0564295300682458
4.0943445622221,3.3208808893369834
0.0,0.13410588223684483
0.0,-0.1237032349842273
0.0,-0.31076816003468943
3.5263605246161616,3.3814405358589252
4.59511985013459,3.1241737998437555
0.6931471805599453,2.9643634413475275
3.6635616461296463,3.1246874790168016
4.762173934797756,3.5694150813325276
4.127134385045092,3.041899639688516
0.0,0.14345727638815564
0.0,0.6499318451558784
4.418840607796598,3.1510227140264186
1.0986122886681096,2.442527698466623
0.6931471805599453,2.5428777426478826
0.0,-0.14522910004289313
4.584967478670572,2.9179523279972956
0.0,-0.6213999941086716
0.0,0.11080712230187117
0.0,0.278700497132071
0.6931471805599453,3.284709808107129
1.6094379124341005,2.949544925045287
4.532599493153256,3.3967250331157253
4.07753744390572,3.5930297525653505
0.0,-0.16160290809677313
1.791759469228055,2.348035793602762
0.0,-0.12921291750142871
3.6635616461296463,2.2701632065044017
0.0,-0.08741013579505119
0.0,0.39349470644347573
4.343805421853684,3.073667234354896
0.0,-0.14536704189690774
1.0986122886681096,2.470905395112154
2.8903717578961645,2.8249966245745286
4.060443010546419,2.890080705325061
4.718498871295094,3.2268335883079438
0.6931471805599453,2.76612647793813
0.0,0.03119507733107829
2.639057329615259,2.7560167961741557
1.0986122886681096,3.1881311763842435
0.6931471805599453,2.2872558762659008
0.0,0.1965204724916758
0.0,0.5954446453222195
1.6094379124341005,3.032574419350195
3.295836866004329,3.819694861016348
2.079441541679836,2.789149557255657
3.784189633918261,2.863715918651974
2.079441541679836,2.9866140375793053
0.0,-0.2771988485020067
0.0,-0.43184340716941394
1.9459101490553128,3.4094497023030557
0.0,-0.33561980570042227
0.0,0.1708579152647165
0.0,0.11609723065410704
0.6931471805599453,2.583710042237193
0.0,-0.40948323483257676
4.890349128221754,3.0321931758792617
4.330733340286331,2.8971974421434807
2.302585092994046,2.3905078788932643
0.0,0.055823555350136944
0.0,-0.46568279743613017
0.0,0.9664330868594606
0.0,0.6127689339632003
0.0,0.06709937830441226
2.079441541679836,2.574191883216389
3.8712010109078903,3.099475506162029
3.367295829986474,2.7349111470529595
2.079441541679836,3.2666567818654952
2.3978952727983707,2.7628421271832186
2.772588722239781,3.068351550099481
4.934473933130692,3.500823978208526
0.0,0.10131293524954876
1.0986122886681096,2.5040196219611413
3.218875824868201,3.0847901945350324
0.0,0.042300841724457694
0.0,0.36177555391744565
0.0,0.3474894949552192
0.0,-0.3496250767125493
0.0,0.15764815728479276
2.833213344056216,3.087240816916365
0.0,-0.18635663613890374
1.0986122886681096,2.6694324437761843
4.343805421853684,2.7223066687597584
0.0,0.27785483512234577
2.3978952727983707,2.8911351313973954
0.0,-0.07417286348155394
1.3862943611198906,3.093123894364124
2.833213344056216,3.163854940949852
1.0986122886681096,3.2822812595084616
1.0986122886681096,2.638565964541609
4.77912349311153,3.8419418825830824
0.0,0.18654784760279508
1.9459101490553128,2.238259135305617
0.6931471805599453,2.941371847641106
0.0,0.756984774265663
0.6931471805599453,2.712499659480783
1.9459101490553128,2.857304870882176
0.0,-0.15303501667877728
0.0,-0.3822388850728844
4.174387269895637,2.5972135941876093
2.639057329615259,2.772750376796547
3.49650756146648,3.173485204134026
4.51085950651685,3.105187839048238
3.6375861597263857,2.9708964657573746
0.0,-0.2272167395881275
2.3978952727983707,2.743117441535229
0.6931471805599453,2.8049229581878627
0.0,-0.2517389768244014
4.290459441148391,3.2817876811559756
0.0,0.09485646049962027
0.0,-0.46410839633331946
4.574710978503383,3.828224129251696
4.127134385045092,3.233318852914371
5.327876168789581,3.7692826975823515
1.6094379124341005,2.8769703568789686
0.0,-0.2173034314064357
4.672828834461906,2.7528543459105226
3.49650756146648,2.9433451264297963
0.0,-0.3678173816479062
3.218875824868201,3.2945087676567475
0.0,0.33250407222350553
0.0,0.7107596126372713
4.465908118654584,2.4281472626064646
0.0,-0.5058798204807613
0.0,0.7758615612078223
0.0,-0.10496736656470373
0.0,-0.2544146009693109
1.791759469228055,2.940494903374399
0.0,-0.45790700621492464
0.0,-0.015373975291890218
3.044522437723423,3.0000771992012116
3.58351893845611,3.359931002120768
0.0,0.2066734802081036
1.0986122886681096,2.645610707605657
2.3978952727983707,2.987526218756407
0.0,-0.40110338228504316
0.0,-0.06578600615386065
0.0,0.2527772872525116
0.0,-0.5519850060514133
1.0986122886681096,2.993028737391149
4.060443010546419,2.8497415146817566
0.0,0.48636109958284424
0.0,-0.3611007539533584
4.290459441148391,3.134658917242281
3.80666248977032,3.0265374640184803
0.0,0.3280726238082252
3.218875824868201,2.7026792309633105
1.0986122886681096,2.3993737057549778
3.332204510175204,3.1080564426126167
4.812184355372417,3.1625161495426815
1.791759469228055,2.299269372110029
0.0,0.05807686390607536
0.0,-0.5798640481232491
1.0986122886681096,2.95849918361624
5.545177444479562,3.850146640044899
4.3694478524670215,3.5368800062923675
0.0,0.08545814763827742
0.6931471805599453,2.9722877632924405
4.61512051684126,2.906131866257936
4.51085950651685,3.247867691155661
0.0,-0.29075237115725017
4.02535169073515,2.9907337208840987
4.897839799950911,3.2148349281138198
0.0,0.4384825650545019
0.6931471805599453,2.7919090011753167
3.555348061489413,2.827879846051929
0.0,-0.16005332434678543
0.0,-0.5748591145241546
0.0,0.3422190346545664
0.0,0.5832831233013132
4.59511985013459,3.218786806849231
0.0,-0.06387197018711177
3.610917912644224,3.181624903164317
4.442651256490317,3.5025684253166744
0.0,0.20352288263234586
3.4657359027997265,3.0011006782463587
0.0,-0.27856515292258255
0.0,0.4014493784904385
0.0,-0.23635040962133846
4.304065093204169,3.083818156564805
3.1780538303479458,3.14735332176037
0.0,-0.48843493721427
4.532599493153256,3.726643586890308
4.31748811353631,3.5268001027310643
0.0,-0.18005586319342948
0.6931471805599453,2.426999238784935
0.0,-0.4923838230853068
0.0,0.5356004419274112
0.0,-0.07830807423096608
0.0,-0.25338938242830356
0.0,-0.4063241767234387
0.0,-0.32201730123406147
0.0,-0.20091923141229717
1.6094379124341005,2.418968373218522
0.0,-0.5566115271742711
4.276666119016055,2.9214961795373213
4.430816798843313,3.208735669542346
0.0,-0.31369202529193485
2.4849066497880004,3.0158536423308715
4.110873864173311,2.471731488288766
0.6931471805599453,2.2402986758045325
0.0,-0.2507887784528062
0.6931471805599453,2.806031917607084
0.0,-0.022615469601527494
0.0,0.5344326639650743
3.218875824868201,2.7832114512724653
1.0986122886681096,2.0156913103938914
3.6635616461296463,2.2810837386364895
4.007333185232471,2.9925832647671493
0.0,-0.1909195550207765
0.0,-0.18100658059066665
0.0,-0.4883996168589855
0.0,0.2158287048366101
3.044522437723423,2.246285079770792
0.0,-0.09976296002933971
0.0,0.7177267280216386
1.0986122886681096,2.0161303344593255
4.653960350157523,3.496108428037548
4.406719247264253,2.6562748574658337
4.859812404361672,3.0833110371864834
2.4849066497880004,2.808037719688824
4.543294782270004,3.9295877683545117
0.0,-0.0073977705372003655
0.0,0.3349262722751405
2.639057329615259,1.974038438094638
4.59511985013459,3.6546170975937393
1.791759469228055,3.667194645690814
1.3862943611198906,2.5758179630070783
0.0,0.10930278402904503
0.6931471805599453,2.842093514297518
4.983606621708336,3.3785393634488994
4.343805421853684,2.549772068503578
3.951243718581428,3.7392228465278428
4.02535169073515,3.2440358296085967
0.0,-0.29005182968996746
0.6931471805599453,2.911199817165623
3.1354942159291497,3.1089379124622765
0.0,-0.32287694378596266
0.0,-0.6690837295418319
0.0,-0.04277460949614986
0.0,-0.14947061240826764
2.19722457733622,2.7932601823613776
0.0,0.6184175149387416
0.0,-0.11867464022068974
4.574710978503383,3.0251451759314945
4.07753744390572,2.745237925778715
0.0,0.4094702608376246
0.0,0.2770521688391687
3.713572066704308,2.9408075865138166
0.0,0.17244523109903254
0.0,0.07329971605334618
2.302585092994046,2.418882586961295
0.0,0.4605285661715981
0.0,0.5334762211511466
0.0,-0.06431120648020117
0.6931471805599453,3.076064569739806
0.6931471805599453,2.998476164582109
3.912023005428146,3.390695752863169
0.0,-0.5317907106873383
0.0,-0.009235931635273475
3.970291913552122,2.829399788814518
0.0,0.13577059203286446
0.0,-0.08672405725488841
0.0,-0.2736753667948988
0.0,-0.28428012340194364
3.9889840465642745,3.1319047798632123
3.7612001156935615,3.204445782593208
5.480638923341991,3.6540213187906785
3.4011973816621555,3.2435100067596694
4.406719247264253,3.4928021197538848
4.90527477843843,3.8983144283771582
1.9459101490553128,3.017753291550203
0.0,0.3688068019499522
2.9444389791664403,3.1811005028854726
2.079441541679836,3.083229552629814
1.3862943611198906,2.0525746232641713
0.0,0.14282313055814622
0.0,0.1048024954766198
1.791759469228055,2.3865764857670393
0.6931471805599453,3.7051396856097045
2.70805020110221,3.2927116160667786
0.0,0.1302123379346931
4.59511985013459,3.3712295185751913
0.0,0.5272295569494707
4.343805421853684,2.961325858319626
0.0,-0.2718315695473881
3.9889840465642745,2.731558868524494
4.727387818712341,3.8797603819821123
0.0,0.6817197688282712
0.0,-0.37642056773612254
0.0,0.33384090034033953
0.0,0.14760055933246718
3.7612001156935615,2.9150905334793347
0.0,-0.04532339380771422
1.3862943611198906,3.452581460297791
3.367295829986474,2.955555128684563
2.079441541679836,2.976536413134081
0.0,-0.1716046680640999
5.049856007249537,3.437755098464338
5.476463551931511,3.87311600063899
2.4849066497880004,3.041306752190807
1.0986122886681096,2.7200860715069886
0.6931471805599453,3.103894775696446
4.51085950651685,4.47928811856168
4.304065093204169,3.0544238508038317
0.0,-0.19023255319766452
0.0,-0.2756636681417497
4.418840607796598,3.4808336431207376
3.49650756146648,3.15805872349563
0.0,-0.20084181787209454
0.0,-0.1626219517810772
1.3862943611198906,3.4210148813057715
1.0986122886681096,2.446306052951294
0.0,-0.12595149559610475
0.0,0.1520066363270638
0.0,0.15322283757342348
0.0,0.28960176146562255
0.0,-0.38300107742244416
3.091042453358316,2.9047887258378546
4.31748811353631,3.36376055528944
0.6931471805599453,2.73877770344678
3.8918202981106265,3.129530582567295
3.8501476017100575,3.061998376889477
0.0,0.13251104728541452
0.0,-0.6016308045091856
4.356708826689592,3.055848168782856
1.3862943611198906,2.7666323261422994
1.6094379124341005,2.4804067328496706
0.0,-0.3411426998645344
0.0,-0.4465531919809558
0.0,0.4526179126305787
0.0,-0.17911400877371575
1.791759469228055,2.4088579404239105
3.9318256327243257,3.5168446223914467
0.0,-0.35488228012997514
3.688879454113936,2.421819967746131
0.0,0.4752308190991468
0.0,-0.13742091391333888
3.610917912644224,2.6352100303597448
4.406719247264253,2.992749947545595
0.0,-0.2900640925330098
1.3862943611198906,2.5269627920943063
4.07753744390572,3.9756588412516902
0.0,0.3010906567989484
0.0,0.1173346479049251
3.4657359027997265,3.2441235006676825
0.6931471805599453,3.58756585762419
0.0,0.22608951025153123
5.068904202220232,3.277341823001889
0.0,-0.20711327937707136
0.0,-0.3205399326706524
0.6931471805599453,3.0792627811037834
0.0,-0.19335137016624326
0.0,-0.11647596323887677
0.0,-0.45581249767592924
4.634728988229636,3.010747962886418
2.772588722239781,3.0023204999803825
0.0,-0.7082456544077615
0.6931471805599453,2.6899413398577705
0.0,-0.4673302434178126
3.044522437723423,2.3463217083522685
0.0,-0.3746416571840543
4.262679877041316,2.5816272136569376
0.0,0.2766439429105634
1.6094379124341005,2.7046530179420607
4.290459441148391,3.165207648137
0.0,0.20853577886238606
0.0,0.0197551885105145
0.6931471805599453,2.759791831480529
0.0,-0.5041941554834053
0.0,0.7639641918779583
0.0,0.07889217047509911
2.3978952727983707,2.946655406312682
0.0,-0.09399043071155377
0.0,-0.03383461395783738
0.0,-0.7218225912813634
0.0,-0.37545786940143566
0.0,-0.6607036687360943
0.0,-0.39887445150519474
2.4849066497880004,2.510298995135363
3.951243718581428,2.8705744284507055
4.90527477843843,3.3156822468267007
1.3862943611198906,3.0060448269399114
0.6931471805599453,2.1884019640544925
0.0,0.09060626786380532
4.844187086458591,3.3385929809352435
0.6931471805599453,2.5685889293644326
0.0,0.9636883643993213
4.5217885770490405,3.612425160305172
0.0,-0.26930859641851734
3.4339872044851463,3.317898413456842
3.1780538303479458,3.1175996598163938
1.3862943611198906,2.8697415406475333
0.0,-0.026945701141711575
0.0,-0.4378687013202631
0.0,0.39535639755656926
0.0,0.11094396873610024
0.0,0.28744162681032037
0.0,0.1706222735229741
0.0,0.9037016715523452
0.0,-0.37111834742844474
0.0,-0.3600326003919583
1.9459101490553128,2.692640243366116
0.0,-0.0647433327899587
0.0,0.9411676935211406
0.0,-0.3293236581797454
1.0986122886681096,2.0511197140025987
1.0986122886681096,2.987629166302586
0.0,-0.06627982648662001
0.0,0.6831078575483582
4.060443010546419,3.057203726819766
3.9889840465642745,2.7509567668313895
0.0,0.6314142889349736
4.605170185988092,3.2704797033527386
0.0,-0.23488622969529738
0.6931471805599453,2.964290316503158
0.0,-0.014743726419748304
0.0,0.047322330822504144
4.356708826689592,3.634451930136298
0.0,0.14172419958513283
4.691347882229144,3.18842407987512
4.564348191467836,3.5122999305673734
2.639057329615259,2.6091958999295675
0.0,0.052192569829588864
0.0,0.08523444575974781
0.0,-0.2485133672857267
0.6931471805599453,2.6072193493337426
1.0986122886681096,2.992387068318701
0.0,0.1594850381080002
1.3862943611198906,2.7769006387607242
4.0943445622221,3.2384332664547713
0.0,-0.3549580601527085
2.4849066497880004,3.4367049036039634
0.0,0.1920595749168723
4.343805421853684,2.8568900572053626
0.0,-0.12580999516674418
3.332204510175204,3.082117551681722
2.19722457733622,2.4876757019588744
0.0,-0.16060650580959512
0.0,-0.117126501177643
0.0,-0.3438176606099086
1.0986122886681096,3.0879746213343386
0.0,0.484132124314808
0.0,0.16636277515266618
2.70805020110221,2.634243258959564
4.276666119016055,3.4526601775452423
3.4339872044851463,3.023287633658576
0.0,-0.004868566050262979
0.0,-0.11365944352730417
0.0,0.517245413356261
1.0986122886681096,2.8030831976222856
0.0,0.08628364488069074
1.0986122886681096,2.381811354669634
0.0,0.5674795207851941
3.9318256327243257,3.0468433410892306
4.23410650459726,2.797552605158815
0.0,-0.08437962670356614
0.0,-0.2341778891430235
4.330733340286331,2.7639523338414813
0.0,-0.18186914645487562
0.0,0.934995065535078
0.0,0.23920600699086592
3.951243718581428,2.7137771236365182
4.158883083359672,2.927555468358613
0.0,0.37904167235622443
4.23410650459726,3.2428274518433176
0.0,-0.013747566245875698
0.0,0.417114145200302
1.6094379124341005,2.006057435179521
0.0,-0.552671930378533
2.772588722239781,2.419340047204259
4.204692619390966,3.2627585217949484
0.0,-0.05443556412685058
3.5263605246161616,2.706213003159747
0.0,0.12040785836594736
3.332204510175204,3.3496484708148713
0.0,0.12513726194710562
0.0,-0.4872536294513026
0.0,0.8500194456042612
3.9889840465642745,3.5477553092181418
4.477336814478207,3.7344689234198922
4.382026634673881,3.6605396027402843
3.912023005428146,2.6988217730443482
0.0,-0.36126332356457125
0.0,0.5796923238966163
1.6094379124341005,2.1260347968299467
0.0,-0.49699394199469493
0.0,0.24686814401849522
0.0,-0.05754587374176512
1.3862943611198906,2.8937835367087628
0.0,0.477730529597749
4.219507705176107,2.7766266365244197
1.3862943611198906,2.8379965175122424
0.0,-0.08485833861884973
0.6931471805599453,2.2865034848683328
0.0,-0.10314291722731705
0.0,-0.16547076813693806
3.828641396489095,2.9507083772128615
2.079441541679836,2.8295218016055785
0.0,0.21219009052074345
4.219507705176107,3.0814567919633893
4.844187086458591,3.688477766030422
0.0,-0.37776440106759246
1.0986122886681096,2.9587692764060036
0.0,0.047189827799692274
0.6931471805599453,2.4709654306948874
2.4849066497880004,3.031634133550697
3.4011973816621555,3.517839399419172
1.0986122886681096,2.5032990224846534
0.0,0.01612585300261138
1.6094379124341005,2.665059160209066
0.0,-0.5660096893489546
0.0,0.4449990861266604
1.0986122886681096,2.5404513137554168
4.5217885770490405,2.7359626532388504
2.302585092994046,3.2871038201538654
0.0,-0.1425683476962225
4.48863636973214,3.6768629614795922
0.0,-0.7574372619352832
1.0986122886681096,2.73505957079931
0.6931471805599453,2.9556268592518835
3.555348061489413,2.8476155214185046
0.0,-0.2950376185484753
0.0,0.12139545626106996
0.0,-0.1245145760012587
1.3862943611198906,2.3404191746572844
1.6094379124341005,2.151530544570514
0.0,0.7478720098291118
0.0,0.8544200978946501
0.0,0.17181800884714793
0.0,-0.20800994097269232
0.0,0.6157159816926503
0.0,-0.2906100702698393
0.0,-0.502238799224699
0.0,-0.17895161130702686
2.772588722239781,2.705842704124212
0.0,-0.002619334695730613
0.0,0.5054875935087633
1.0986122886681096,2.1860380509690094
2.4849066497880004,2.401363022961368
0.0,0.5274073363673124
2.4849066497880004,2.7094605311414335
0.0,-0.18760758427248447
4.189654742026425,3.08891779495334
4.61512051684126,3.0960410886027043
0.6931471805599453,2.0792496497493924
3.4011973816621555,2.6927975768981556
4.605170185988092,3.2926122810829113
3.80666248977032,3.230900424523253
4.844187086458591,3.176511105091735
2.639057329615259,2.860461224088265
0.0,0.6830729208742774
0.0,-0.29002857982070784
0.0,-0.5089787730937583
0.0,-0.14292327403967398
3.6635616461296463,2.285941117782177
1.9459101490553128,2.8380891134941355
0.0,0.15411515510083285
2.8903717578961645,3.1945920714952347
4.7535901911063645,3.288012978478358
0.0,-0.13621843242641196
5.087596335232384,4.238843596278525
4.59511985013459,2.7821875385767054
0.0,-0.41210722077001494
1.9459101490553128,3.4275864402645597
0.0,-0.13180295204819936
0.0,0.7758708440209128
3.828641396489095,2.755997956687428
4.23410650459726,3.7711557667218125
1.3862943611198906,3.31680844583398
1.3862943611198906,1.80200069104998
0.0,-0.4375954739243513
5.241747015059643,3.0612383223952038
2.5649493574615367,2.39209416645863
0.6931471805599453,2.985168903438662
1.3862943611198906,2.4406857435510227
2.3978952727983707,2.192076550520545
0.0,0.12741169676182107
0.0,0.5421809025482027
3.1354942159291497,3.1633710035604934
1.6094379124341005,2.726805809118535
1.0986122886681096,2.5941288533589475
1.6094379124341005,1.985700963309569
4.262679877041316,3.117311086582755
0.0,-0.3060955848256244
0.0,-0.30545709853065883
4.127134385045092,3.0681117119131285
4.356708826689592,3.0062543998323807
1.3862943611198906,2.833322909185544
4.0943445622221,2.620859326956256
4.727387818712341,3.4150963600025985
4.07753744390572,3.428504615607716
0.0,-0.5282137249348269
1.3862943611198906,2.036281722652026
4.110873864173311,3.5800905949661623
4.110873864173311,3.1002552249494073
0.6931471805599453,2.358463559348115
4.394449154672439,2.9702530367883924
5.10594547390058,3.3617324361725287
0.0,-0.22963605921085462
3.367295829986474,3.5339700507221634
0.0,-0.018269996827555257
0.0,0.44067806524416975
2.639057329615259,2.0588890118009755
0.0,-0.1730832899491337
5.099866427824199,3.9779798398864274
1.3862943611198906,2.103432997608432
4.605170185988092,3.7676649725369895
0.0,-0.09512368503391588
0.6931471805599453,2.094404773737194
5.3471075307174685,3.1739442736057066
0.0,-0.5266818767475367
0.0,-0.03311541152735997
0.0,-0.24837849148356028
0.0,0.7082808261860045
0.0,-0.2843942924160219
1.0986122886681096,2.1544825622097563
0.0,-0.22635431492554225
2.19722457733622,2.5615583734786114
0.0,-0.22731763707447428
2.8903717578961645,2.9516963342045606
2.639057329615259,3.3404090740121006
0.6931471805599453,3.003988796127563
0.0,0.8301924819329896
4.672828834461906,3.2092950047740545
5.84354441703136,3.2786403590846374
0.0,-0.2974348250842431
0.6931471805599453,2.5134102704655503
3.828641396489095,3.1280048833779244
0.0,0.19878368651816003
0.0,-0.44758884360568807
1.3862943611198906,2.5544098623032436
0.0,0.09172266650155292
4.174387269895637,3.0695600573706194
2.833213344056216,2.78340585159929
0.0,-0.15373218670278455
3.49650756146648,3.064909050587141
1.9459101490553128,2.9114818748912503
0.0,-0.4899338963367632
0.0,-0.14838509525043575
1.791759469228055,2.335383493702539
0.6931471805599453,2.3517334574025757
0.0,-0.275014527598445
3.951243718581428,2.794343764789989
3.258096538021482,2.80657334283581
0.0,-0.5481082028656497
3.9318256327243257,2.9146684586696834
4.304065093204169,2.8718206746309702
0.0,-0.3896520797480454
0.6931471805599453,2.2429001886741706
1.0986122886681096,2.9614001849109384
0.0,-0.42101473728975636
1.3862943611198906,2.9314036152750163
0.0,0.522899610202679
1.3862943611198906,2.8106536281212304
4.290459441148391,2.5039981554021913
3.091042453358316,4.079929137886502
0.0,-0.1851955391168043
2.70805020110221,3.0839721410975103
0.6931471805599453,2.1618695155173895
5.2574953720277815,3.2065209752838353
1.6094379124341005,2.1572330764463574
0.0,0.11201150484389188
5.442417710521793,3.3058277097780175
2.9444389791664403,2.8266024403057153
1.3862943611198906,3.04859295226993
0.0,-0.35766724623315094
0.0,-0.41086493621540177
0.0,-0.08063020054958203
3.4339872044851463,3.4746473902003983
1.791759469228055,2.4682239707430043
0.6931471805599453,2.073527645495135
4.02535169073515,2.5447663083756176
1.0986122886681096,2.7546896816704907
0.0,-0.09354824167206455
1.3862943611198906,2.0462389517327884
1.0986122886681096,3.826777859935122
0.0,0.33940998513177445
0.0,0.15084846103519878
0.0,0.7337542531576555
2.3978952727983707,2.8381693701340547
0.0,-0.06395028746183495
0.0,-0.6185231528200537
1.6094379124341005,2.936754442206617
0.0,-0.12642269849912302
3.58351893845611,3.2692772414478726
1.6094379124341005,2.799991219834237
0.0,-0.08068788582916109
0.0,-0.35843155714492614
0.0,-0.5444754490482602
0.0,-0.19682598620356506
4.553876891600541,2.8262500907139625
1.6094379124341005,2.341912892398884
3.4011973816621555,3.287789241325177
0.6931471805599453,2.8121553521615263
3.1780538303479458,3.164474164038995
3.8712010109078903,2.919334182351223
1.0986122886681096,2.205286317715556
4.812184355372417,3.4609131348207662
3.970291913552122,3.239300762418596
0.0,-0.18145320667947384
4.812184355372417,3.274610467390604
0.0,0.7825736712098128
0.0,0.40610710049662835
1.9459101490553128,3.066086574510072
4.060443010546419,3.5512387799658747
0.0,0.02799014221605134
0.0,-0.04144590244613555
5.214935757608986,3.077512345279592
0.0,0.1785797102239155
0.0,-0.4282025376950611
0.0,0.07270232545065003
1.6094379124341005,1.9182914538853533
0.0,1.2175305937936731
0.0,-0.19546883614664656
0.0,0.9419116675684661
2.302585092994046,3.1104154030631657
3.4011973816621555,2.7921867624808097
3.8712010109078903,3.1634349214373083
3.044522437723423,2.3138511523600145
0.0,0.15492212864085397
4.262679877041316,3.3833199758896066
1.3862943611198906,2.48206665051246
6.035481432524756,4.475473186603132
2.772588722239781,2.8893260184833625
0.0,0.3388349226940166
0.0,-0.011060754411700957
0.0,-0.016028740211753156
5.111987788356544,3.3065502008898884
0.0,-0.049606812525925026
0.0,0.21749861446446528
0.6931471805599453,2.1116568058060783
0.0,-0.09761978678765448
0.0,-0.01540788142645777
2.772588722239781,3.1184758412976574
0.0,-0.47409150332326133
3.49650756146648,3.0932701890844663
4.477336814478207,2.876518526910168
3.784189633918261,3.1371729964934065
4.143134726391533,3.5971526632322934
0.0,-0.5563625879936285
0.0,0.3291274847641035
0.0,-0.3291380888064115
2.5649493574615367,2.3607135152745533
0.0,-0.3209499624217593
3.688879454113936,2.780003858163947
0.6931471805599453,2.8982931435516637
4.276666119016055,3.0265955145309005
0.6931471805599453,2.5036033447746435
4.330733340286331,2.980038666294316
0.6931471805599453,2.366335212427047
0.0,-0.5097242109056634
1.3862943611198906,3.1713382025159405
0.6931471805599453,2.726919105022279
3.8712010109078903,3.125296999724761
0.0,-0.7333821544907764
5.062595033026967,3.5707384356946044
1.791759469228055,2.505264763695757
0.0,0.7310751338832695
0.0,-0.627086999763073
0.0,-0.47690755863029155
0.0,-0.2160243989918782
1.0986122886681096,3.17614259574823
0.6931471805599453,2.7389366038552363
1.0986122886681096,2.3734058393960096
0.0,-0.026184362695340857
4.204692619390966,3.100254910355749
0.0,0.27401415114069927
3.58351893845611,2.9916310407151334
0.0,-0.20530111649252225
1.0986122886681096,2.7819374866102238
3.737669618283368,2.9868583685413057
0.6931471805599453,3.1648813650583674
3.367295829986474,3.342753010795781
0.6931471805599453,2.260085916744748
2.5649493574615367,2.7325571190909947
0.0,0.15360153286918488
0.0,-0.45373424824442843
0.6931471805599453,1.717755434308008
0.0,-0.2379565287803591
2.772588722239781,2.737414436106712
0.0,0.5739430753889212
0.0,-0.3315635733501616
4.48863636973214,2.8629153800432214
2.8903717578961645,2.93561368673212
0.0,0.616827675417452
0.0,-0.003732474586025214
5.225746673713202,3.395200138530461
2.9444389791664403,2.7336285539518617
0.0,-0.10360378108635926
4.219507705176107,3.565048884809225
0.0,0.3010363005418766
2.079441541679836,2.93841223429813
3.6635616461296463,3.3317574717109526
4.189654742026425,3.3248511638019966
3.4339872044851463,2.2909356043263154
0.0,0.43424753656188164
0.0,-0.11350821303175174
0.0,-0.4959931578007355
0.0,-0.06637428336165452
3.6635616461296463,3.2330334310470867
1.0986122886681096,2.818915410274024
0.0,0.8739584222388863
3.737669618283368,3.355325750779735
2.079441541679836,2.8625995355950553
0.0,-0.11909199407112059
0.0,0.2904325172933542
3.8918202981106265,2.6781288027802956
3.6635616461296463,2.995472577056678
0.0,0.09566172859569555
4.787491742782046,2.780311160616802
4.330733340286331,2.7223637659358793
0.0,0.4491927916070759
0.0,0.07971211233289588
0.0,-0.08107937898127693
0.0,-0.40433797741876676
0.0,0.7921169435772026
0.0,0.008210834815867818
0.6931471805599453,2.7330270841353084
0.0,-0.42732933469504575
3.1354942159291497,2.7587210802941335
0.0,-0.31984916920297657
2.5649493574615367,2.7917490037476638
0.0,0.20776187135619684
0.0,0.3261385255643785
5.056245805348308,3.949351757997819
0.0,-0.25750610029304744
4.248495242049359,3.2052194513573458
0.0,0.5916601287536418
2.5649493574615367,2.978506306513992
0.6931471805599453,2.6258253492978167
2.302585092994046,2.079912409841989
2.3978952727983707,3.055109917885387
0.0,0.07782491178613249
0.0,-0.09026237220458744
0.0,0.1858191435266463
0.0,0.375312620249467
4.812184355372417,2.9204161263971167
4.709530201312334,3.499543121118662
0.0,0.7826581040555312
0.0,-0.3444670638591889
4.912654885736052,3.295884349487098
2.079441541679836,2.107187982450763
0.0,0.37744688256049375
0.0,-0.3388496729816559
3.258096538021482,3.0920534026576396
4.962844630259907,3.257392772800512
2.19722457733622,2.8037323894200235
1.0986122886681096,2.342401972676711
4.919980925828125,3.0615267976752145
0.0,-0.0854095159270849
0.0,-0.6848974689795924
0.0,-0.33174732874693236
0.0,0.6093582899154106
4.330733340286331,3.4049063942916526
3.4339872044851463,3.2358261621890163
0.0,-0.17932936201825322
2.833213344056216,2.0975150393567956
4.955827057601261,3.890455357733347
0.0,0.13171904505752852
3.9318256327243257,3.371262077895694
0.0,-0.5971637352469967
4.158883083359672,3.2139521196230643
0.6931471805599453,2.3061248834095354
0.0,-0.7419335939985281
4.110873864173311,2.8785870105137135
0.0,-0.17038234125251428
0.6931471805599453,2.50243775032707
0.0,0.1854538237797656
0.0,0.5014294147147669
2.19722457733622,2.6755281257535466
0.6931471805599453,2.6678916105441277
0.0,-0.5590578587484742
0.6931471805599453,3.3029917825466786
0.0,-0.6415455643374268
0.0,0.023179090802244673
0.0,0.2292470444378223
0.0,0.33587372467999677
0.0,0.13246460149689088
0.6931471805599453,2.2737943444022535
0.6931471805599453,1.9910325532728947
0.0,0.05961561098113721
0.0,-0.2571728149648753
3.367295829986474,3.435374369779277
5.54907608489522,3.4214148646302647
4.290459441148391,3.1625877005345093
1.6094379124341005,3.734979944859506
0.6931471805599453,2.667501155620064
3.713572066704308,3.271573480132309
4.158883083359672,3.4665193126283675
4.3694478524670215,3.0150930675384147
2.70805020110221,2.8943503975470497
0.0,0.3990152792063477
4.499809670330265,2.868592198807549
4.343805421853684,2.914698117118657
0.0,-0.5406891745900833
2.4849066497880004,2.912737565162856
0.0,-0.4060638003173742
0.0,-0.1667330700641898
4.110873864173311,3.192343792049499
0.0,-0.6296739867054146
4.574710978503383,3.897024171107742
0.0,-0.1930562554238202
4.204692619390966,2.843608857170316
3.367295829986474,4.20433448448963
1.0986122886681096,2.9338397554482194
1.0986122886681096,2.9170472393693245
3.828641396489095,3.10267707591719
0.0,-0.04985123315956019
0.0,-0.25431758858719133
3.951243718581428,2.6816795297471785
3.9889840465642745,3.4047042500976277
0.0,-0.24091876814237168
0.0,-0.022957457756125565
0.0,-0.6177146182349071
0.0,0.9477572139872509
0.0,-0.10053179766476839
0.0,0.368149138928761
0.0,0.1643035684839429
3.218875824868201,2.873239791404253
3.58351893845611,3.103351559635505
0.0,0.13979975864364924
0.0,0.09838718659968149
1.9459101490553128,2.673219233367013
2.3978952727983707,4.2177034939500775
0.0,0.2593725982700519
0.0,0.04454595308037668
0.0,0.14586315807847172
0.0,0.24643676336847675
4.382026634673881,3.3096310027415834
0.0,0.0028539913318486043
0.0,-0.4268570866665793
4.653960350157523,2.808262250049502
0.0,-0.11496765818156374
4.5217885770490405,3.315718743459051
1.3862943611198906,2.81102389639238
0.0,0.13919771291709648
0.0,-0.27641398797891403
4.499809670330265,3.195290824125162
0.0,-0.33540724589821824
0.6931471805599453,2.559380434589178
0.0,-0.33798770846288884
0.0,0.09759632473904789
0.0,0.5000993968126113
0.0,-0.3894612839995366
0.0,-0.3207461512575902
3.4011973816621555,2.8809499899804383
0.0,-0.05101732636408296
0.0,0.13765485937659983
0.0,-0.5170802913275976
0.0,0.09035487004530496
3.80666248977032,2.5694441510166754
1.6094379124341005,2.427865701673644
0.0,0.1069923175195644
4.31748811353631,2.9720194003597418
4.31748811353631,3.290680991906781
2.302585092994046,2.3699631371691714
1.0986122886681096,2.5795898452281016
3.5263605246161616,2.6039481529088393
2.19722457733622,2.878453961253911
0.0,0.5469544378390412
2.9444389791664403,3.2581774990185837
0.0,0.8040738480420384
4.465908118654584,3.710849389409907
3.9889840465642745,3.638889220605144
0.6931471805599453,2.381717530226441
2.302585092994046,3.0948616029822755
0.0,-0.6849990851531076
0.6931471805599453,2.3659433729658823
0.0,0.4449816420918904
3.688879454113936,2.4826604240395054
0.0,-0.47356598114695725
0.0,-0.5611008221074969
0.0,0.11524496297150355
0.0,0.14248586290927
0.6931471805599453,2.5245016539155993
3.218875824868201,2.633052168899032
0.0,-0.32116780237620457
0.0,0.030519763893700258
2.772588722239781,2.9928715873833625
0.0,-0.4690512921831491
4.727387818712341,3.1043493915793183
2.19722457733622,2.7054170109989397
2.772588722239781,2.8079617781323947
2.3978952727983707,2.762470243741097
0.0,-0.5246502979419794
3.912023005428146,3.3063292852183492
4.110873864173311,3.451221573569687
4.276666119016055,3.114242273185341
0.0,-0.2802742144317967
0.0,0.6694305816048338
4.382026634673881,2.976929542938043
4.672828834461906,3.1126197835965286
0.6931471805599453,2.7249917655771716
0.0,0.18859095197929965
4.574710978503383,3.5799221953393645
0.0,-0.4725850954588644
3.8501476017100575,2.8496318943165853
1.791759469228055,2.0707476234542868
0.0,0.9165009333572667
4.605170185988092,2.903427186020332
3.4339872044851463,3.373846227999418
0.0,-0.428618416916267
1.0986122886681096,2.094792460831298
0.6931471805599453,2.467881324672152
0.0,0.48607767791208856
1.0986122886681096,2.019680825580105
0.0,0.2211107465127118
0.0,0.16846133810374853
2.3978952727983707,2.5371561841921766
3.091042453358316,3.1395285346243558
0.0,0.9474296826776272
0.0,-0.4346490691110265
0.0,-0.539910960448243
4.976733742420574,3.9150908342313953
4.406719247264253,3.228324988989442
0.0,0.12823259133584375
1.9459101490553128,2.7640928540803875
0.0,0.12728955798611818
0.0,-0.10423490197397944
0.0,0.5028154219735399
0.6931471805599453,2.3067211947977073
0.0,0.7932613174927647
0.0,-0.32282916284693997
4.454347296253507,3.502471215021054
0.0,0.33760971794225836
4.770684624465665,3.2212610640250183
0.0,-0.1781485212426901
0.0,-0.17823546869671736
3.610917912644224,3.135567870395289
4.770684624465665,3.377422853239556
0.0,-0.33815957496895166
4.532599493153256,3.0664394415802785
0.6931471805599453,2.1512040690483984
0.6931471805599453,3.0026021645313916
0.0,0.6529508415613092
4.219507705176107,3.0764674118284345
1.3862943611198906,3.1489087047809043
4.948759890378168,2.679447904973131
0.0,0.8160528898762991
2.833213344056216,2.915051252883244
4.59511985013459,3.154002775106007
0.0,-0.4139725728863253
5.030437921392435,3.3812528115797615
0.6931471805599453,2.9388800983422954
4.955827057601261,3.8150484215745806
1.0986122886681096,2.4970099696004864
4.02535169073515,2.899437666198895
1.9459101490553128,2.021244366101101
1.3862943611198906,2.7095244907280924
2.19722457733622,2.7268454755840303
2.8903717578961645,2.8364118447272832
4.430816798843313,2.9346400944454407
4.836281906951478,3.0542303620688447
0.0,0.37705368688944985
2.19722457733622,2.6610898225654673
0.0,-0.010226716309555517
4.762173934797756,3.735912916957414
0.0,-0.25305218681248265
2.4849066497880004,2.9400876693435203
2.4849066497880004,2.9437315892177502
0.0,0.03955635410805125
4.174387269895637,3.0768264815878528
0.0,0.5834675945992547
4.897839799950911,3.4600797589833774
0.0,0.03601731644933137
4.382026634673881,3.1672026406231812
0.0,0.4567121866668753
2.833213344056216,3.313260741130859
0.6931471805599453,3.011834963064472
0.6931471805599453,2.94395721955367
3.49650756146648,2.5481528103386717
1.0986122886681096,2.358465325981199
4.48863636973214,3.46487977503529
0.0,-0.2951811077918247
0.0,0.2156026917964058
0.0,-0.7210774279227099
0.0,-0.2900736670004802
0.0,0.1115449384482714
0.0,0.1564677044935312
0.0,-0.22737974505679537
0.0,0.5183427023675895
0.0,-0.11509600723381319
1.0986122886681096,2.447834040117133
0.0,-0.2988051066788353
3.6375861597263857,3.6283510016587863
2.9444389791664403,2.511137817436253
5.459585514144159,3.061385524830886
0.0,0.14821801585736005
0.0,-0.33666293589470797
0.0,-0.14227829697187833
4.07753744390572,2.8299848869816357
0.0,0.3827104568511581
0.0,-0.017758639795244058
1.0986122886681096,2.1907147754444547
3.258096538021482,2.8002630657512153
0.0,0.08474572128704239
4.634728988229636,3.3684227563661895
4.204692619390966,2.931467355138157
2.3978952727983707,2.759131643337838
2.995732273553991,2.862010051950585
0.0,-0.3554232130702597
3.688879454113936,3.4400902418030204
0.0,-0.2722905294308471
0.0,0.38581720596318814
4.51085950651685,3.7129568626426828
4.574710978503383,2.68940754699894
0.0,0.032293609116518684
0.0,-0.4752565323368394
4.189654742026425,3.2662639447444217
4.174387269895637,3.311552460821764
0.0,-0.27729409614633704
3.044522437723423,3.0131380817570723
2.772588722239781,3.2617962955993187
0.0,-0.21732197795483899
0.0,-0.2668961907661047
0.0,-0.015640510934458396
1.0986122886681096,1.9531070312014658
4.897839799950911,3.015787351362073
3.784189633918261,3.1641129451903973
0.0,0.44043349188435554
5.10594547390058,3.9882379297672528
3.610917912644224,2.977913544836723
3.970291913552122,2.834745070245392
2.4849066497880004,2.791761454624806
3.258096538021482,3.159123026811458
0.0,0.4488105002206231
1.0986122886681096,2.5791343503234225
1.3862943611198906,2.7636541802241155
4.304065093204169,2.757110081018023
3.1780538303479458,2.8488757677906986
0.0,-0.23820451830984535
0.0,0.5411792288861494
0.0,-0.07268331386067861
0.0,0.1850876999126183
0.6931471805599453,3.462094536773824
4.812184355372417,3.02904403929885
0.0,-0.6086488263140422
4.290459441148391,3.33291588268256
4.356708826689592,3.41668041846897
4.605170185988092,3.037059677973217
1.3862943611198906,1.9578804570106136
0.0,0.8685082198589135
0.6931471805599453,3.4239415215907334
0.0,-0.06210326720939863
4.605170185988092,2.9494435940528603
0.0,-0.38964040779414466
0.0,-0.18614351694860654
1.0986122886681096,2.8802787105092484
0.0,0.1091894865801788
4.820281565605037,4.016959749308711
0.0,-0.08900449233344077
0.0,0.033275433869108584
5.231108616854587,3.6663549353559453
0.0,-0.3723910492559619
0.0,-0.488984617359022
3.951243718581428,2.6867659912856086
0.0,0.6079455200996708
0.0,-0.1920589706846889
0.6931471805599453,2.8379190208506797
4.820281565605037,3.099527123160579
0.0,0.22160460213349076
0.0,0.05873243366497438
4.553876891600541,2.8387949141280915
0.0,0.8050480014435051
0.0,-0.10814405232165147
4.262679877041316,3.2957280219704623
1.3862943611198906,2.552600216154988
0.0,-0.19811903475089787
0.0,0.00657019002118675
2.079441541679836,2.068552936596187
1.791759469228055,2.679793131252583
1.0986122886681096,2.6350166682075242
3.58351893845611,2.4250793188544932
0.0,0.4618445897711929
3.6635616461296463,3.1736544631001564
0.6931471805599453,2.1215023447760486
3.332204510175204,2.7136186723021476
3.8501476017100575,2.594408609325318
0.0,-0.5652408943704832
0.6931471805599453,3.2096200030878324
0.0,1.144643881014137
0.0,-0.11988069401843138
3.828641396489095,2.8008109274177335
1.6094379124341005,2.865742077217733
0.0,0.34161946901455487
0.0,-0.05094229973469133
1.6094379124341005,2.279089001976335
2.70805020110221,2.9934893274901064
1.3862943611198906,2.785008441143783
1.0986122886681096,3.0576612375272076
1.3862943611198906,3.309479486816195
0.0,-0.33448207160628307
0.0,0.37076486718155666
0.0,0.35590443541616046
0.0,-0.20596920661325369
0.6931471805599453,3.1692488568614996
2.079441541679836,2.635803714448185
5.209486152841421,3.329264120690156
4.955827057601261,3.162679299962356
0.0,-0.5163058716357853
4.189654742026425,2.9221799917278624
1.6094379124341005,2.129604365886794
0.0,0.10769634608777401
5.1647859739235145,3.1748373301674437
0.0,0.07035408794358222
0.0,-0.11357173059917014
1.0986122886681096,2.8131651231154464
2.4849066497880004,1.9462380179589989
5.075173815233827,2.9561172674501353
0.0,-0.05822315057326044
0.0,0.24386813535121288
4.304065093204169,3.1384445214937005
3.4339872044851463,3.1001152431050283
0.0,0.008766202452942906
0.0,-0.29216887015931725
0.0,0.5126626066298743
2.833213344056216,3.541132365937241
0.0,-0.14809969934757028
1.0986122886681096,2.528808663650696
4.477336814478207,3.4309191332109075
0.0,0.2512960552798047
0.0,-0.34941252895489683
4.110873864173311,2.751419573872134
4.90527477843843,3.256499337878208
0.0,0.3170942493803537
4.762173934797756,3.164147826905908
0.0,0.5178053618105536
2.5649493574615367,2.575105181008295
0.0,-0.18880711955736507
1.3862943611198906,3.3018670587461996
1.3862943611198906,2.8513793870310953
4.158883083359672,2.9431377660157327
0.0,-0.3077116713330392
0.0,0.53662410493609
0.0,0.21856979218573414
0.0,0.7148630303389281
2.8903717578961645,2.757354592478865
4.605170185988092,3.102366666868816
0.0,0.2700467523061474
0.0,0.38158700579192306
1.6094379124341005,2.314423395403571
3.1780538303479458,3.248345894892501
3.5263605246161616,3.090593584688958
0.0,-0.23730849533932075
1.9459101490553128,2.563999432154456
0.0,-0.5683778187830262
4.290459441148391,3.180320151736172
0.0,0.9667653062599454
0.0,0.49094785735611746
4.060443010546419,3.2763501321040183
3.258096538021482,3.2601421176022667
0.0,0.052267068823731444
2.079441541679836,2.333247329921241
3.912023005428146,3.079453675676899
4.653960350157523,2.5672482036628526
0.0,0.22300968124685472
0.0,0.02293482127466029
0.0,-0.1482915037496082
0.0,-0.255373213989738
1.6094379124341005,2.6535180005724284
3.610917912644224,3.1901193331353515
0.0,-0.3039622061570979
3.295836866004329,2.698398614698376
4.276666119016055,2.9758307222588627
4.442651256490317,3.3821971250419027
0.0,0.7972056355900501
3.951243718581428,2.4758884512317794
4.02535169073515,3.2591379198095742
0.0,0.668298558206583
0.0,-0.3003559411586707
0.0,0.2379662805878091
0.0,-0.431968502695419
2.639057329615259,2.856265381425251
5.198497031265826,3.7380589456467357
0.0,-0.584807775658537
2.995732273553991,2.7663456124667665
4.48863636973214,2.88009131174878
0.0,-0.21619847254246993
1.0986122886681096,2.66198149502923
4.948759890378168,2.9609967634870014
2.9444389791664403,2.956444375752252
1.0986122886681096,3.6897184758981876
4.672828834461906,2.9055637457437555
0.0,-0.3983019582446752
5.332718793265369,3.3191688711214704
3.49650756146648,2.7542791167173877
4.663439094112067,3.1625585570344414
0.0,0.7831600870187843
4.174387269895637,3.0483058276003447
0.0,-0.3527240563167462
3.610917912644224,3.099384777596553
1.791759469228055,2.965492541426424
1.3862943611198906,3.4013899274976755
2.19722457733622,2.757828555334757
4.499809670330265,4.14287776045899
4.454347296253507,3.8253384634285026
3.218875824868201,2.919587295984802
4.499809670330265,3.0334094700171166
3.951243718581428,3.2823821824007022
3.49650756146648,3.2815188218273246
3.7612001156935615,4.434002516901444
0.0,-0.04121967652667369
0.0,-0.3717563252297955
0.0,-0.4517353722344861
0.6931471805599453,2.133830630655338
4.007333185232471,3.2445715536388544
0.0,-0.20601142094963398
4.897839799950911,3.2209046885000214
0.0,-0.3283556783369268
0.6931471805599453,2.7895680901989444
0.0,0.03430456536732418
0.6931471805599453,3.0349224385422238
0.0,0.22260951639387216
1.0986122886681096,2.3009866823051923
0.0,-0.4099769640644717
0.0,-0.08387454961775953
0.0,0.6677128447004712
4.574710978503383,3.2081613255624433
1.3862943611198906,2.68668223854902
0.0,-0.024216064911950275
0.0,-0.809308953289817
5.0369526024136295,3.1056075669190055
4.736198448394496,2.837652357672174
4.189654742026425,3.32004859441784
4.962844630259907,3.0870005126066604
0.0,-0.19548676603054194
0.0,-0.31591020786640245
2.70805020110221,2.4957045287117583
4.605170185988092,3.823013097759319
0.0,-0.3829033826238897
3.4339872044851463,3.0117902754603305
0.6931471805599453,3.0252008130296346
0.0,0.6483770439764445
0.0,-0.09216742772766007
0.0,0.3497551421340175
0.0,0.25383290161166605
0.0,0.401960456029004
0.0,0.1396644686622308
0.0,0.09951462904653519
1.0986122886681096,2.3211560564908855
4.02535169073515,3.21120397935349
3.258096538021482,3.03393220034586
0.0,-0.7260102334731102
0.0,0.2749272466110533
3.784189633918261,3.1431837913822616
3.8501476017100575,2.999292297910043
0.0,0.03815323108806434
2.772588722239781,2.958019057108436
1.3862943611198906,3.689193670506794
2.3978952727983707,3.034525829751627
0.0,0.364945112324802
0.6931471805599453,2.477057580610807
0.6931471805599453,2.403476903468861
0.0,-0.14057523361978852
0.0,0.6719977177697114
0.0,-0.06457131661991378
1.0986122886681096,3.0531429472487
0.0,-0.28746090973025273
0.0,0.37727851612067265
4.276666119016055,2.9968356469842474
1.3862943611198906,2.4839327919319665
0.0,-0.34249610931146046
2.19722457733622,2.5629692393260375
0.0,-0.22060245348665664
3.828641396489095,2.7854366628555294
0.0,-0.45743310561818307
0.0,-0.07162955083498113
0.0,0.14162594315554067
5.010635294096256,3.3640273979720803
0.0,0.47174020987246923
0.0,-0.1646516341462121
0.0,-0.6251284525020093
2.19722457733622,2.2395898863893793
0.0,0.35835864281979024
0.0,0.27927946447619334
0.0,0.14618892224073798
3.737669618283368,2.882158720451033
0.0,0.3785726011855397
0.0,-0.11723177348115987
0.6931471805599453,2.3085198866570424
0.0,-0.3569819301665298
0.0,0.09391693978736759
1.791759469228055,1.99768143723352
0.0,-0.6205800257330312
5.187385805840755,3.7094512256457715
3.4657359027997265,2.6500149557789774
3.295836866004329,2.9599907572164557
5.703782474656201,3.6548752749223783
0.0,-0.3802926562371334
2.19722457733622,3.2617361079708127
0.0,-0.017067264728577225
0.0,-0.1996102351451654
0.0,-0.17362527602184485
3.970291913552122,3.4963879157848425
0.0,-0.16221142111564024
0.0,-0.013839285597216033
3.1780538303479458,3.0746970796326365
2.995732273553991,2.6024831147574563
3.4011973816621555,2.5819184815480534
0.0,-0.08140240490329442
3.044522437723423,3.051391503342698
0.0,0.5508520754052908
0.0,0.7568977172900171
2.995732273553991,3.1884222748149185
0.0,0.04886111119987313
1.3862943611198906,2.515828803628204
3.8712010109078903,3.4404542410789265
0.0,-0.13947583391162466
0.0,-0.46533568273806214
0.0,0.12170212120551316
3.912023005428146,2.7277986259572367
2.302585092994046,2.441481011554796
0.0,0.2909915922407298
4.736198448394496,3.579296960170592
0.0,0.4177046166592788
0.0,0.27788624210990753
4.634728988229636,2.648266608756269
0.0,-0.21808052942551504
0.6931471805599453,3.0478166311430925
3.1354942159291497,2.2041694768687874
3.49650756146648,2.6756283357368473
4.158883083359672,3.102332993876715
0.0,-0.1251385420523521
0.0,-0.3435956474576307
0.0,0.5925483205025275
0.0,-0.14812311561011837
4.634728988229636,2.809908230212454
0.0,0.14098858217550259
0.6931471805599453,2.9287485339214374
0.0,-0.19393093611636303
4.700480365792417,3.2540424706334283
1.0986122886681096,2.531749135818444
1.6094379124341005,3.210582444414354
2.772588722239781,2.725421810933485
3.610917912644224,2.5827531851686905
0.0,-0.13310834992663478
0.0,0.2638986399637293
4.564348191467836,3.0570763475882994
2.70805020110221,2.2469538496142443
0.6931471805599453,2.200795000664337
0.0,0.051768427638955616
4.382026634673881,2.722311263787714
1.0986122886681096,2.493240364139556
3.332204510175204,3.373924333066749
0.0,0.12568924692268757
4.442651256490317,3.076522315208001
0.0,0.40882619958317856
0.0,-0.06876247138466374
0.0,-0.2267257312642088
0.0,-0.2900165371794965
4.304065093204169,3.0950060917624764
0.0,0.4516243850789159
0.0,-0.3765228038738919
4.189654742026425,3.5845850467460876
4.394449154672439,2.4982165969819414
0.0,-0.12338233229139628
0.0,0.5936237267049171
1.6094379124341005,2.332887071992818
1.6094379124341005,2.5556397004071085
0.0,-0.49360150859800367
0.0,0.2560150157788501
1.3862943611198906,3.3808542540779514
3.5263605246161616,3.3834172123820454
0.0,0.034659397638096445
0.0,-0.7589577724100729
0.0,0.3661630368285711
0.0,1.1575467428696147
3.218875824868201,2.8243392692085565
0.0,-0.13370318071074694
0.0,-0.16764004017377676
0.0,0.15428473711502977
0.0,-0.24096767105766492
0.6931471805599453,2.3536959575788376
4.48863636973214,2.6902793610640376
3.295836866004329,2.8386929180169838
0.0,-0.18917601143442608
3.5263605246161616,2.736065496139017
0.0,-0.6265309036992077
0.0,0.10527351592936851
0.0,0.03380327762854751
2.5649493574615367,3.1010167553058814
0.0,0.16601766138132668
0.0,-0.4400381048911832
3.80666248977032,3.1478906575282783
3.9889840465642745,2.871171468699364
0.0,-0.4640159795306982
3.218875824868201,3.105565343447583
0.6931471805599453,2.788219915549984
0.0,-0.3421999797027442
2.4849066497880004,2.667485258166802
2.8903717578961645,2.9260935485620605
3.80666248977032,2.878623705934123
0.0,-0.07268561894940273
0.6931471805599453,2.673921638920218
0.0,0.1681561824984661
0.0,-0.2821470845275651
0.0,0.2137587800545231
0.0,0.3502580207454289
0.0,-0.43205645490152866
1.6094379124341005,2.8152788790563004
2.8903717578961645,2.868704623216519
0.0,-0.24976654503850027
2.19722457733622,2.446459687522932
0.0,0.09183104557798294
0.0,0.11637114815798633
0.0,0.3040563670744938
1.791759469228055,1.993140109768333
4.060443010546419,3.1415623245000543
0.0,0.5206759099613578
3.9318256327243257,3.1061959968638004
2.772588722239781,3.051089599039769
0.0,0.4230258928971651
0.6931471805599453,3.0353703443088316
0.0,-0.2704621956561315
3.258096538021482,3.9641979603926343
4.219507705176107,3.1825558326429197
4.110873864173311,3.3219805672312477
0.0,-0.059167624411287534
4.330733340286331,2.7727057458259514
0.0,0.6724086141814811
1.0986122886681096,1.9884833540406224
4.969813299576001,3.060984074458898
1.0986122886681096,2.2851447565199003
0.0,0.32147972781855016
0.0,-0.806723655580762
0.0,0.2780296225630057
4.04305126783455,3.084535735701206
1.791759469228055,2.4292961815635215
4.897839799950911,3.392728408490906
0.0,0.7010495576472535
0.0,0.1648289787567203
3.5263605246161616,3.1062600485373837
1.791759469228055,2.3814165872279345
1.6094379124341005,2.6479928667579395
3.9889840465642745,2.545231617693996
3.8918202981106265,2.775072168804944
3.5263605246161616,3.0584178534041575
0.6931471805599453,2.298673110204634
0.0,0.12824843725584034
0.0,-0.09568050761583313
3.970291913552122,3.4839149226246215
0.0,-0.10113682651648359
4.962844630259907,3.9004452641601
1.0986122886681096,2.621580573880728
0.0,-0.27528907669523495
2.70805020110221,2.205547963770545
1.6094379124341005,2.047356284461027
4.158883083359672,2.5755373616922226
3.044522437723423,2.786479835546343
4.290459441148391,3.087632637837806
0.0,0.5066450871555377
3.7612001156935615,3.193490216679165
0.0,0.4480126680362537
0.0,-0.05397293388375668
0.0,0.7913351660929777
4.248495242049359,4.116847472726093
4.02535169073515,2.8407763346892283
4.382026634673881,3.5489729684880427
3.9318256327243257,3.3194069030481477
3.58351893845611,2.9587019202580813
4.454347296253507,2.792600630895321
0.0,0.07906654041431094
4.248495242049359,3.3297113195927834
3.4657359027997265,2.5272121089292625
4.718498871295094,3.428243102451944
0.0,0.01478347913632616
1.9459101490553128,2.468653360428163
3.5263605246161616,2.849504705350535
2.3978952727983707,2.2433915691325224
0.0,1.2563519917879473
1.3862943611198906,2.587226559725242
4.276666119016055,3.6005203641748245
0.6931471805599453,2.216944313099528
4.356708826689592,3.262520502662545
0.0,-0.455175965452292
0.0,-0.26056314526018864
1.3862943611198906,3.1827871022513037
0.0,-0.4507729459945202
1.3862943611198906,3.1713200508856594
3.091042453358316,3.575840208009998
3.9318256327243257,3.4596699667013637
2.70805020110221,3.05720718457166
4.543294782270004,3.060074177377721
1.791759469228055,3.6248284572951026
1.0986122886681096,2.3378437376896652
0.0,0.9188233411530571
0.0,-0.35663721645426394
0.0,0.7296076372469282
0.0,-0.24870497772979538
0.0,-0.4934331921865711
3.091042453358316,3.182798599912319
0.0,0.7031015283803541
1.6094379124341005,2.7665793313979545
3.4657359027997265,3.076624804993175
0.6931471805599453,2.3601909265218275
3.951243718581428,3.5617617503983645
3.5263605246161616,2.5261037441427434
0.0,-0.05115384565849679
0.0,-0.2949942988205887
1.0986122886681096,3.0569440472497673
0.0,0.032506991998304535
3.6375861597263857,2.552053598546184
4.477336814478207,3.12309423448208
4.204692619390966,2.5204569956401675
0.6931471805599453,2.2734813184754805
4.343805421853684,3.114894244269931
0.0,0.17492485922248346
0.6931471805599453,2.775632951245824
5.049856007249537,4.279875058989766
0.0,-0.6568439909856321
1.6094379124341005,2.634895729787779
0.0,-0.29571951740026314
0.0,0.08907835075187198
0.0,-0.2966002692294327
2.8903717578961645,3.27166460525825
2.833213344056216,3.2561312010638854
0.0,-0.4006960890422646
0.0,0.2193993007040853
0.0,0.22945062975059383
0.0,-0.1321036364362702
3.4339872044851463,3.312696252906259
4.060443010546419,2.5260114209515327
0.0,0.4898243551063266
4.356708826689592,3.2530547317259186
0.0,-0.27088878711508135
0.6931471805599453,2.3391392776592466
0.0,0.4635457700835617
4.31748811353631,2.641694457836695
1.6094379124341005,1.9691803116553597
0.0,-0.8964869123977155
0.0,-0.09913692391584372
3.1354942159291497,2.836645316036277
4.219507705176107,3.422496516104151
4.804021044733257,3.3009164712375307
0.0,0.7038825166805889
0.0,-0.34144686203541097
3.1354942159291497,3.1464477506965105
4.59511985013459,3.3365203812047177
3.6375861597263857,2.8529960561440153
0.0,-0.4260278580596135
4.262679877041316,2.747947823090448
2.772588722239781,3.0937259816975136
3.044522437723423,3.0815865643191787
5.568344503761097,3.8769334688306922
0.0,-0.5237615143964893
0.0,-0.04205751435579552
0.6931471805599453,2.6863817172871545
1.3862943611198906,3.1373272049681513
5.068904202220232,3.0047149965563036
0.0,-0.02032830024369936
4.634728988229636,3.150223178372268
3.295836866004329,3.354943145241748
0.0,-0.24913324020727634
4.04305126783455,3.2399139412898004
0.6931471805599453,2.084493007086173
0.0,1.0105621983001516
4.290459441148391,3.0660640333062776
0.0,-0.09592544923783253
5.225746673713202,3.230939983650003
0.0,-0.17598962144464725
0.0,-0.29937465226474247
4.007333185232471,2.9836108962097523
0.0,-0.5166473927585642
0.0,-0.5250527530919187
0.0,0.16747034114617732
0.0,0.10852811996061451
0.0,-0.5838635459717354
0.0,-0.2570932715404135
0.0,-0.7351130288290322
0.0,2.4282349524229216
0.0,-0.08619509477424492
3.4011973816621555,2.501864455485529
4.787491742782046,3.525791367955244
0.0,-0.43579007257998725
0.0,0.6370583229341038
4.31748811353631,3.270423318510101
1.3862943611198906,2.294419924365582
5.170483995038151,3.590717487416713
3.091042453358316,2.9115461722777503
6.066108090103747,3.9540050636647606
0.0,0.20019987573715392
0.0,0.00292328663798358
0.0,0.09794740004016678
0.0,1.0322922034116124
0.0,0.13621662750576458
0.0,0.0325801011638831
0.0,0.1398011196245803
3.610917912644224,2.677907059239019
0.0,-0.1072452264716568
0.6931471805599453,2.3794718442880147
4.691347882229144,3.2032070990423036
0.0,0.25049592279561206
4.158883083359672,3.052639949176511
2.9444389791664403,2.9315062813187502
0.0,-0.39289898513936805
0.0,-0.26490454113890083
0.0,-0.07881170918001135
0.0,-0.44785400714366874
1.3862943611198906,2.1564538329657923
0.0,-0.2884819856718126
0.6931471805599453,3.0834743987234057
0.0,0.562564373224318
3.332204510175204,3.3088258874887337
4.110873864173311,2.947359007722877
0.6931471805599453,2.079825802411877
1.0986122886681096,2.4646083888605905
3.828641396489095,2.615859380872633
3.713572066704308,3.225703246823614
0.0,0.29329629962049353
1.3862943611198906,3.488118119187277
3.784189633918261,3.0146746809916003
3.8501476017100575,2.907527422708407
0.0,0.4622425534237413
3.295836866004329,3.3284520790670067
0.6931471805599453,2.742911932068746
0.0,-0.12346151797616667
0.0,0.4777709593317203
0.0,0.5006516149962501
0.6931471805599453,2.7654199652155693
4.127134385045092,2.8047105734918127
0.0,-0.5292146428802025
0.0,-0.19765793396702458
5.659482215759621,4.187515983312851
5.313205979041787,3.6234006354845856
0.0,-0.31285077933926786
0.6931471805599453,2.5940678002330446
3.688879454113936,3.541718654246532
0.0,0.35635959283053764
4.007333185232471,3.2497569602773098
4.564348191467836,2.7852010232261226
5.2574953720277815,3.070680325241235
1.0986122886681096,2.252863304275905
0.6931471805599453,2.8627447248770213
0.0,0.1058818801092205
4.454347296253507,2.71348617545775
4.127134385045092,2.667255533706333
5.123963979403259,3.5205757888603877
3.218875824868201,2.9407504280555075
0.6931471805599453,2.479139725385134
0.0,0.48967666112908925
0.0,0.1521408057062632
3.8918202981106265,2.624568565172732
1.3862943611198906,3.2231109386211636
0.0,-0.10319864124267597
1.0986122886681096,2.9457393345475644
0.0,-0.3962067272994525
3.912023005428146,2.712528266847313
2.079441541679836,2.0512436505955054
0.0,-0.11451674661163858
0.0,0.09098711971255069
1.6094379124341005,2.714897717509178
0.0,1.4453411741855324
0.0,0.09804571373382753
2.19722457733622,2.649137588277897
0.0,0.484396945226399
0.0,-0.19198651602695183
0.0,-0.08385019146020078
5.056245805348308,3.2662605626295402
0.0,-0.3425303320962576
2.079441541679836,2.4687286144274845
2.19722457733622,2.853267445904991
0.0,-0.41049631659486696
1.0986122886681096,2.5827913727152394
0.0,-0.5059020614037899
4.418840607796598,3.160412458032975
3.688879454113936,2.815899787705087
0.0,0.6071438112668688
0.6931471805599453,2.9151473915827113
5.170483995038151,3.07020181386984
0.0,-0.007604988132122514
2.639057329615259,3.7734158457766
0.0,0.6105586644979022
2.5649493574615367,2.477202716388715
0.0,0.00126911987396916
2.833213344056216,2.9255338387425063
0.6931471805599453,3.5361903389207026
0.0,-0.2026552351256905
3.8501476017100575,3.19232456425467
0.0,0.39244658832451185
4.174387269895637,2.6600203849344473
2.772588722239781,2.7679294477186294
1.0986122886681096,2.415935359918242
0.0,-0.10022468348664582
3.091042453358316,2.9423238225619697
2.4849066497880004,2.706843669990991
0.6931471805599453,2.3308717220855337
0.0,0.6797013934548868
3.555348061489413,2.8286503309506084
0.0,-0.48873313389909745
1.0986122886681096,2.665249211868346
3.4657359027997265,3.1980597446145795
0.0,0.3651057746863906
0.0,-0.455559664261195
1.791759469228055,2.688693253206312
0.0,0.7749806388140761
0.0,-0.12414528571554206
0.0,0.3409712187099587
3.555348061489413,2.9357369540284237
0.0,-0.5024837838743763
0.0,0.007829213734338314
3.4011973816621555,3.2557675948319345
3.1780538303479458,2.2225614782168948
0.0,0.09799687340246344
0.0,-0.11210273350753885
0.0,-0.423402168271108
3.58351893845611,3.2638394852113186
4.356708826689592,3.0983249103257102
1.0986122886681096,2.894713915693938
1.0986122886681096,2.206874867055422
0.0,1.0482992711827768
0.0,-0.19925619500489544
1.6094379124341005,2.3764949798356962
3.713572066704308,4.15963045287652
0.0,-0.20611415690021584
0.6931471805599453,2.3887305508738095
1.6094379124341005,2.197705544957615
1.0986122886681096,1.9438830589150529
2.19722457733622,2.7335032857066093
2.5649493574615367,2.891258720662381
3.737669618283368,3.4319888864126407
4.890349128221754,3.2209294193525753
4.867534450455582,2.9429872333956864
2.833213344056216,3.587118702449846
0.0,-0.37938606137947284
2.3978952727983707,2.9904613976005505
3.295836866004329,3.4980583279495647
0.0,0.010942805521519272
0.0,-0.6296623059636239
0.0,-0.28596412125154247
0.0,0.7382877764406912
0.0,0.5003003948232774
2.833213344056216,2.8813228644878612
0.0,-0.012951548054698003
0.6931471805599453,2.792887800508015
5.25227342804663,3.4794715254687714
1.791759469228055,3.1330058773625384
1.0986122886681096,3.114763038118821
0.0,-0.013268428323707226
0.0,0.36233098570183486
0.6931471805599453,2.1874911806130104
3.9889840465642745,3.1349859047155553
0.0,-0.17070216682537387
4.248495242049359,2.811208561981135
0.6931471805599453,2.5106739522996366
4.23410650459726,3.1126017770244654
0.0,0.02384756704872215
2.302585092994046,2.994551738653228
0.6931471805599453,2.6152760382147053
4.23410650459726,3.0397043993944552
0.0,-0.15700139781064726
0.0,0.38119820417779304
0.0,0.11140821773383336
0.0,0.0200433539228575
3.688879454113936,3.070053269612306
1.6094379124341005,2.3043458163610584
4.356708826689592,2.9467171563856605
2.9444389791664403,3.070862298520627
1.0986122886681096,2.381921349086842
0.6931471805599453,2.0050859826671563
0.6931471805599453,2.6909270305074573
4.418840607796598,2.679411346030453
0.0,0.2802367373212369
0.6931471805599453,2.5092944973588045
0.0,0.4068383138458205
0.0,-0.32289932268251276
0.0,-0.32940538171575184
2.9444389791664403,2.9221923410820865
1.0986122886681096,2.5538404367115364
4.564348191467836,3.010746414301979
0.0,-0.4254028281317894
0.0,0.17933360610608573
1.0986122886681096,2.046613545144303
0.0,0.4262115074633579
1.791759469228055,3.3474767077736285
4.262679877041316,2.9581660931458313
0.0,-0.14096801719178642
4.110873864173311,2.55461298051832
2.833213344056216,3.3899723253041136
1.3862943611198906,3.1525770520356273
0.0,-0.06798099600792629
0.0,0.4600922984426066
2.3978952727983707,2.1682371248836665
0.0,-0.14924986613654423
2.3978952727983707,2.859797991385723
0.0,-0.4692298840747733
0.0,-0.6435211797741696
0.0,-0.49917910615899963
1.3862943611198906,2.302376724500362
0.0,-0.11881688433449056
0.0,0.22092428534704744
0.0,0.7234181099161345
5.241747015059643,3.5143220463970497
2.639057329615259,2.0458624003343795
5.003946305945459,3.384081552237019
0.0,-0.33275923697381105
0.0,0.22741693851496425
5.288267030694535,3.452520783025437
0.0,-0.05742869799452044
0.0,-0.375046286085293
3.6635616461296463,3.864736631196466
0.0,-0.358601423669449
2.995732273553991,3.26758835723862
0.0,0.07284407379630897
5.170483995038151,3.5289447355509123
0.0,-0.06909812198427234
0.0,-0.38605398620434883
0.0,-0.3568882106977087
0.0,-0.07832343759361726
0.0,0.24439429373280985
0.0,0.04522704852143411
4.330733340286331,3.2468539324040107
0.0,-0.1914638072832724
0.0,0.26516905553914727
0.0,0.1514456508225921
1.0986122886681096,3.183531762015556
0.0,1.0630563943982831
4.23410650459726,2.8030474660185147
3.5263605246161616,3.691598789067952
0.0,0.15015174094433403
3.7612001156935615,2.8563864187071215
4.262679877041316,2.9512180089330324
4.532599493153256,3.6876413214878063
0.0,-0.36102787948058523
0.0,0.15116500506028907
3.4339872044851463,2.9691021240558904
0.0,0.21964107576300185
0.0,0.22725708786391574
0.0,-0.5208719167044755
2.079441541679836,2.375228557192967
0.0,0.24033299348149373
2.9444389791664403,2.9701564143424504
4.976733742420574,3.0573929336717818
0.0,-0.41700932458460116
0.0,0.1262990378074249
1.0986122886681096,2.1015856747086183
4.997212273764115,3.369082692649201
0.0,-0.5236245071783352
3.555348061489413,2.4170915960764936
0.0,0.16964231842386446
4.304065093204169,3.289180666966807
2.639057329615259,2.704128323745121
3.091042453358316,3.160070650875759
0.0,0.24201250504807348
0.6931471805599453,3.0236441448132205
0.0,-0.5130171028679116
4.736198448394496,2.8784386477212807
2.70805020110221,3.1310877981232315
0.0,-0.31291770528830165
0.0,0.550403614791944
3.091042453358316,2.572013848234909
4.442651256490317,2.9733896701751372
0.0,0.43789979280784164
0.0,-0.39439988006921345
2.302585092994046,2.8629561899805593
4.356708826689592,3.5432627468389937
0.0,-0.0013251016630935197
0.0,-0.43525818147843376
3.970291913552122,2.9161271169772736
1.6094379124341005,2.8634185836132016
0.0,-0.13784288028188318
3.4011973816621555,3.4095602287290947
1.9459101490553128,2.897804412354234
0.0,0.9962902786574654
0.0,-0.09300122867751415
0.0,0.048173536767223135
0.0,0.05174129256121063
0.0,-0.25877626197191494
2.302585092994046,3.059181962672123
0.0,-0.13556166115616697
1.9459101490553128,3.139804046032607
0.0,-0.21464379844240922
3.688879454113936,2.864084317488421
3.6375861597263857,3.4336381429253726
0.0,-0.11646623488034358
3.332204510175204,2.7286366757700105
4.852030263919617,3.0461675622280957
0.0,-0.27006818190184445
2.772588722239781,2.787512432110897
0.0,0.48012038479076136
4.382026634673881,2.5766925970456134
0.0,-0.24020098943127133
3.49650756146648,3.0980374101143893
0.0,-0.1629609045667606
0.0,-0.1217316391216916
2.5649493574615367,3.292841296574128
0.0,-0.23173315283388618
5.081404364984463,3.022891967984645
0.0,-0.10933154940207146
0.0,0.26183649375550955
3.218875824868201,3.3231963030207625
4.290459441148391,3.6994102804821454
0.0,0.5582586639937004
0.0,0.03339635144889197
0.0,-0.12736777628052853
0.0,-0.46259839714235484
0.0,-0.5785639776140044
0.6931471805599453,3.0759232304349355
0.0,0.08694986637704272
0.0,-0.3237460016533378
4.787491742782046,3.402583253949313
4.454347296253507,2.7071241757591826
0.0,-0.022950740381478818
1.0986122886681096,3.627593931301563
0.0,0.5556655924167151
0.0,-0.4015712351659624
0.6931471805599453,2.3590896514388926
2.833213344056216,2.968857462548092
4.262679877041316,2.773938934012594
4.672828834461906,3.514745181369565
1.0986122886681096,2.5594085688101496
1.9459101490553128,2.6087813868089524
0.6931471805599453,2.4193110895080503
4.356708826689592,2.3528144915446156
0.0,-0.5454016077754069
1.3862943611198906,2.9194106417882084
0.0,0.14872802303382393
4.727387818712341,3.4129662279600286
0.0,0.04618489447921581
1.3862943611198906,2.156746524437041
1.3862943611198906,3.909029601861947
0.0,0.49627372727204344
0.0,-0.3667994904114553
0.0,-0.7955400705630455
0.0,-0.32284840894194966
0.0,-0.35743101635541574
0.0,0.0922697889676738
0.6931471805599453,2.275307711692619
0.0,-0.5384986371295697
1.3862943611198906,2.1857752416124927
0.0,0.17682893113914067
1.0986122886681096,2.088457592342128
4.442651256490317,3.145777295753316
4.060443010546419,3.1438840721140293
0.6931471805599453,2.184799348592989
3.367295829986474,2.9212234005845144
3.218875824868201,3.987095283337319
0.6931471805599453,2.209898239338094
0.0,-0.19041688751634256
0.0,0.2907835374396026
0.0,0.1276432418867317
0.0,-0.21588726840311434
0.0,0.4487507591937181
2.9444389791664403,2.668795658793136
2.70805020110221,2.7385151765510223
0.0,-0.28473847605183256
0.0,-0.36231538993782
3.688879454113936,3.037943898992512
0.0,0.20463882530057953
0.0,0.031944430427702564
0.0,0.062206295629646746
0.0,-0.33218300583994376
0.0,0.5629432796501979
0.0,0.12272631881796792
0.0,-0.5622442167328936
5.075173815233827,3.2956655182234083
0.0,-0.02382405209437133
0.0,-0.1125057737749584
0.6931471805599453,2.555878799946756
3.912023005428146,2.940485302134074
4.430816798843313,3.057956139677679
2.4849066497880004,2.670562938382953
0.0,0.10044447742481366
0.0,-0.28725967255830875
0.0,-0.563127824453661
1.791759469228055,1.9384803051586417
0.0,-0.02304051896135051
0.6931471805599453,2.7176168125755797
4.276666119016055,3.382336537405185
0.0,0.38014688791280515
1.0986122886681096,2.979683152843387
0.0,-0.6807605193195316
3.4011973816621555,2.8988847022890605
3.9889840465642745,3.162972211936306
1.791759469228055,3.2280850403575303
0.0,-0.6872965190750273
0.0,-0.11428621013819451
0.0,-0.2511710897358337
0.0,-0.1305050336870508
1.6094379124341005,2.6250843640240857
3.828641396489095,3.253460501259765
1.9459101490553128,2.897984225057149
4.653960350157523,3.618346930809904
1.6094379124341005,2.153899869758061
0.0,0.12260022809975335
3.58351893845611,3.2292444530788336
4.90527477843843,3.2251000991409566
1.9459101490553128,2.6904140415158158
0.0,0.6644813006136192
5.099866427824199,2.919210918631123
0.0,-0.4071061108792149
0.0,0.40300860476409794
0.0,-0.16068296214916655
3.1354942159291497,2.7556725621275406
4.882801922586371,3.1562516096822817
0.0,0.42734839356079424
0.0,-0.07386640910144515
0.0,-0.6309689380083765
2.772588722239781,2.4167034580812885
3.295836866004329,3.1681824479865606
0.0,-0.31485228257720665
1.6094379124341005,3.160694363316992
0.0,0.3775685976216052
0.0,-0.4511892626262086
0.0,-0.21095058171728231
1.3862943611198906,2.4574649470111725
0.0,-0.06864315182743086
1.0986122886681096,2.5537829197623862
4.356708826689592,2.999398815047833
0.0,-0.02597401899920615
0.0,-0.31365231902170354
0.0,0.09948072935290919
0.0,0.28508002898606044
4.219507705176107,2.6867679395869954
3.6375861597263857,2.397057553845947
0.0,-0.3439393598607636
0.0,0.032929176748913935
4.394449154672439,3.417381009835699
0.0,0.02712687944377601
0.0,0.08798330033506452
1.3862943611198906,2.3559768311287765
3.737669618283368,2.7485807116186898
0.0,-0.27531408159030457
1.3862943611198906,2.8913470912396386
2.995732273553991,2.780687494072606
3.737669618283368,2.735298411406753
0.0,0.5996087965465684
0.0,-0.06165260317529708
0.0,0.7974078835016505
0.0,0.12976151494189336
5.068904202220232,3.835267235164105
3.784189633918261,3.385940315991621
0.0,-0.3579959864636453
0.0,-0.10200128318140878
2.772588722239781,3.1928379913957503
0.0,-0.6835362384504453
0.6931471805599453,3.683008364247215
0.0,-0.1149640916850001
3.9889840465642745,2.9091692518433665
3.5263605246161616,3.7692390032701013
1.9459101490553128,2.1096700968216804
4.31748811353631,2.9810833823831033
0.0,0.1030601907989046
4.465908118654584,2.9890108541237472
0.0,-0.43218133880954523
0.0,-0.4774588914097624
0.0,0.3353415564676112
0.0,0.22965485282018183
1.0986122886681096,3.145492322842144
0.6931471805599453,3.182988001704224
4.804021044733257,3.346103001288428
0.0,-0.42777476361490496
3.828641396489095,3.1534745071008357
0.0,0.3016689413916209
0.0,-0.27002898460703895
4.174387269895637,3.220760647433099
0.0,-0.3756049649555071
0.6931471805599453,2.041147864959222
0.6931471805599453,2.3083866750134705
4.248495242049359,2.626367898180004
0.0,-0.32566571419713775
3.9318256327243257,2.9781255894383047
0.0,-0.36788896228750767
2.079441541679836,2.5030166694439733
3.688879454113936,3.283002728945957
0.0,-0.017109662655521163
0.0,-0.42667657249001234
3.091042453358316,2.9522277661750014
0.0,-0.3412815158655338
3.828641396489095,2.9795828897355046
0.0,1.1260287321504858
0.0,0.4115495244455629
4.330733340286331,3.210202954679462
0.0,0.053042956634151484
3.555348061489413,3.0706935561287025
3.80666248977032,3.1668765214372483
3.091042453358316,2.7451092478279517
2.639057329615259,3.367633365808587
3.5263605246161616,3.3912222456821857
0.0,-0.03132390587918188
0.0,-0.15483509860183586
0.0,-0.5786119944432491
0.0,1.2139758020048745
0.0,0.2744928671652711
0.0,0.3108212225538285
4.04305126783455,3.775895131893535
0.0,0.10092126927028966
1.791759469228055,3.2726045197801183
0.0,0.5669085840717527
1.3862943611198906,2.3175202081488946
3.58351893845611,2.8870638916628377
2.5649493574615367,2.4889397348739326
0.0,0.7547802811427466
2.772588722239781,2.734852352667916
0.6931471805599453,1.9360997841843377
2.639057329615259,2.7259958883638484
1.0986122886681096,2.0146383663065865
0.6931471805599453,2.508805310345568
2.302585092994046,2.0023095865068843
3.8501476017100575,3.1727330861270033
0.0,-0.033984213328682955
0.0,-0.23135196494768628
2.079441541679836,2.756740049177689
0.0,0.0879591102167896
3.091042453358316,2.1233804454393184
2.4849066497880004,2.710259651153092
2.833213344056216,2.6444590678294566
0.0,0.3705226722806869
0.0,-0.23263424737371396
0.0,0.6240747056367417
0.0,-0.0023805117112913887
0.0,0.41253167399120105
0.6931471805599453,3.5669862088253392
2.995732273553991,3.082764827440481
0.0,0.27980736184259425
4.007333185232471,3.6570328121431395
4.23410650459726,3.5071632057186033
1.3862943611198906,2.007278649046033
2.3978952727983707,2.921714870668688
0.0,-0.06045857006711364
0.0,0.44507226502344777
0.0,0.6658818971641178
0.0,-0.6814708141099977
0.0,-0.07820024913970847
0.6931471805599453,1.9705236342274246
0.0,-0.6251424231978215
5.313205979041787,3.7442958304865526
1.6094379124341005,2.590735813249295
0.0,-0.40791137219595175
4.477336814478207,3.4233171164423735
0.0,0.1501211241526299
0.0,0.15044384611230743
0.0,-0.38237001349003563
4.844187086458591,3.5143405573694215
2.3978952727983707,2.242176131865027
3.4339872044851463,2.553671102256959
2.19722457733622,2.331302315046184
4.127134385045092,3.181806559803044
0.0,-0.05015156050045633
0.0,-0.7203684994069173
0.6931471805599453,2.6334046017690387
0.0,0.0691762791111108
4.890349128221754,3.2461454132596117
0.0,-0.028622310236877446
3.332204510175204,2.9977217007737433
0.0,0.19437917022457518
2.19722457733622,2.792245859785195
1.0986122886681096,4.015353355686674
0.0,-0.02447241148043866
0.0,-0.1090555037565546
3.4657359027997265,3.280742699703247
2.995732273553991,2.8235391526018665
5.075173815233827,3.2738492287152283
0.0,0.24754775656831418
4.0943445622221,2.8780801045603654
4.219507705176107,3.543380307892157
0.0,-0.392506137644522
0.0,-0.1662784039885521
0.0,0.027668883748323214
0.6931471805599453,2.271425337339429
3.8501476017100575,2.6670232157630633
4.770684624465665,2.9357298030614625
5.541263545158426,3.458160375901427
0.0,-0.27174793561839383
0.0,0.2958289066248856
0.0,-0.09752658157287653
0.0,-0.37871715992179533
4.700480365792417,3.4388225001858315
0.0,-0.14684861116601033
0.6931471805599453,3.1753461567640775
4.762173934797756,3.3983622492704866
0.0,-0.540593071352625
0.0,-0.5335044742153792
3.828641396489095,3.089849660796646
5.84354441703136,4.430261600122774
4.143134726391533,3.2252405856082813
3.610917912644224,3.309133971801712
0.0,0.4158120986731848
3.713572066704308,2.872813961119337
5.135798437050262,3.0604478743978083
0.0,0.2641719643653835
5.135798437050262,4.141980698569981
0.6931471805599453,2.545822162100259
0.0,-0.5804864188522743
4.624972813284271,2.8383887888619115
0.0,-0.5782278505419232
4.31748811353631,3.215764995078443
0.0,0.04684679715071427
0.0,0.268351176004608
0.6931471805599453,2.614698229737661
0.0,0.05814904597519677
1.791759469228055,1.930831936858908
4.127134385045092,3.437454399200197
2.5649493574615367,2.3974227655211275
0.0,-0.04362766253123107
1.6094379124341005,2.065208762473076
0.0,0.208319742837205
0.0,-0.18764381635140248
1.0986122886681096,2.193742626888355
0.0,0.6253857790258919
0.0,-0.5519620777707615
2.19722457733622,2.8472852201924397
0.0,0.28937935012587634
3.7612001156935615,3.4920484801359075
0.6931471805599453,3.1134823760455164
1.3862943611198906,3.2855084367352143
0.0,0.4662603571010637
0.0,-0.518959793561061
4.204692619390966,2.4586257609517443
4.477336814478207,3.0969613957821274
0.0,-0.4255192300505839
4.060443010546419,3.4448091361628332
0.0,-0.39752042145854416
0.0,0.06251880677045318
4.330733340286331,3.2014640288561593
2.079441541679836,3.1608464655463324
4.51085950651685,3.0453789236566187
3.951243718581428,3.1220413601391743
2.639057329615259,2.537821955995529
0.0,0.12141231690795307
0.0,-0.10818101814109715
0.0,-0.257916679287022
4.976733742420574,3.3695733316850047
0.0,0.17221921968260712
3.295836866004329,2.780395098855585
0.0,-0.3892659255508968
2.995732273553991,3.1763028204794486
0.0,-0.037374898253867306
0.0,-0.21396255339125725
0.6931471805599453,2.079744603402666
3.4011973816621555,2.9219660146094597
1.3862943611198906,3.253459776636745
2.639057329615259,2.7528071197407638
4.672828834461906,3.2620670321873653
0.6931471805599453,3.1418915048598555
3.4339872044851463,2.619860509457336
0.0,0.11589996257179558
0.0,-0.2449571967932247
4.127134385045092,2.8923734886200476
0.0,0.25104480304980603
1.0986122886681096,3.5034203346208495
1.3862943611198906,2.424505720843767
4.07753744390572,3.2105817116188824
1.6094379124341005,2.001251128642338
4.418840607796598,4.763595203389647
0.0,-0.18007098573965363
0.0,-0.20453133081672226
4.51085950651685,3.004226557846668
3.828641396489095,3.6504372608206177
0.6931471805599453,2.533888552226946
3.8501476017100575,2.5149695538529437
3.9889840465642745,3.244496718791935
0.0,0.19482720124310426
0.0,-0.20082017958629628
0.0,-0.2655497043379307
0.0,0.506871366559178
1.6094379124341005,3.046214154030814
0.0,0.23501086330026189
0.0,0.7348433949516258
2.9444389791664403,3.0353768632575093
0.0,0.05024097274927475
3.8501476017100575,2.7057433225561285
0.0,-0.22587653036010025
3.8918202981106265,3.138435015722413
0.0,0.451782436077071
0.0,-0.017421340038336952
1.6094379124341005,2.9147828439474917
0.0,0.2840656771539287
0.0,-0.02901549155675931
3.1354942159291497,3.1577498966678568
0.6931471805599453,3.1025396227162974
0.0,0.2885546838539237
3.80666248977032,3.5006670564397444
3.784189633918261,2.6963211409287693
0.0,0.5478019199183739
0.0,0.40009684398100553
3.555348061489413,3.256088159840751
0.0,0.05419070925072811
0.0,-0.47762158244603636
3.80666248977032,3.2006347714472634
1.791759469228055,3.517617445796105
0.0,0.34452788430578685
0.6931471805599453,2.972476461015874
4.143134726391533,2.930828011678149
0.6931471805599453,3.518448592734754
0.0,0.2426887259954209
0.0,-0.26410933519521906
0.0,-0.5722398380570262
0.0,0.36914180909932015
0.0,0.5424198590182436
0.0,-0.3706909143976964
0.0,-0.18016468623423965
4.0943445622221,2.9833175900408953
4.5217885770490405,3.042515092116709
0.0,-0.277961834944771
4.219507705176107,3.0082725866384648
2.8903717578961645,2.801502035338427
1.3862943611198906,2.8069878846517686
0.0,0.37741829078415545
0.0,-0.28996343194822805
3.970291913552122,3.1079824822901627
0.0,0.07571683554724506
2.4849066497880004,2.8434148598539375
4.060443010546419,4.023856413597269
0.0,-0.5973842686892401
0.0,-0.29875292317729896
0.0,0.20748185068130054
3.58351893845611,3.1495160526592443
2.639057329615259,3.290625067051117
5.117993812416755,3.1208126105807303
0.0,-0.10489826588862661
5.056245805348308,2.941747056656285
0.0,0.7227133268463861
4.127134385045092,3.4509253844452936
0.0,-0.5772654432466795
1.9459101490553128,2.1807019976067332
3.912023005428146,2.8672654349563307
5.25227342804663,3.600621625583071
0.0,-0.4316346029468776
0.0,0.40388339941071916
0.0,0.5252992320793559
0.0,0.34055893542254023
0.0,-0.4742555687371053
0.0,-0.441123294217316
4.605170185988092,3.381847169289132
1.0986122886681096,2.8576008211902124
3.9318256327243257,2.599047444839877
3.784189633918261,2.872835716320178
0.0,-0.4460222733757302
0.0,-0.5126355123991888
0.6931471805599453,1.9714697537982009
3.784189633918261,3.2471303019002375
4.955827057601261,3.7448555432412216
1.0986122886681096,2.056876017873209
3.80666248977032,2.869072832081259
2.833213344056216,2.8173205748826544
0.0,-0.23171485042355977
3.5263605246161616,3.0511653448243585
0.0,0.32861079879401567
4.564348191467836,2.9467259488074626
0.0,0.5599370859932089
3.8712010109078903,2.9444829190341064
1.0986122886681096,2.729459652917141
3.4657359027997265,3.520741152003323
0.0,0.11461873779250675
5.327876168789581,2.8995834650717907
0.0,0.028836242876996376
0.0,0.17878054949920297
0.0,0.011628726439474324
0.6931471805599453,2.2853096843404668
0.0,0.15847794752967426
1.0986122886681096,1.9205713519877032
4.248495242049359,3.4707482089722204
0.0,0.121579314378498
4.77912349311153,3.1564180628745784
4.672828834461906,3.5460084792399935
0.0,-0.2502149537588445
1.0986122886681096,2.9376727637794673
4.962844630259907,4.15136780498335
0.0,1.0715946369906648
5.365976015021851,3.552621813708726
0.0,-0.2859828198331562
4.0943445622221,2.8855512265082632
0.0,0.6625175225746986
4.394449154672439,2.931763470488119
4.290459441148391,3.2662793218917336
0.0,0.35793574119302485
0.0,-0.02273738175692186
1.791759469228055,2.5787071549955747
3.295836866004329,3.072192828748927
0.0,-0.19204267995431712
0.0,-0.38649437402462095
0.6931471805599453,2.245621874028916
2.772588722239781,3.232903937312267
0.0,0.010396949396989097
0.0,0.4431627714777502
0.0,0.3968000198308319
0.0,0.5971945073205451
0.6931471805599453,2.568727961738279
4.442651256490317,3.3507385424479947
2.8903717578961645,2.771443782624291
4.605170185988092,2.9153767530852166
4.276666119016055,3.0408885865177613
0.0,0.1967048137890055
0.0,-0.01321829387963569
4.31748811353631,3.5729709641945173
3.7612001156935615,3.288217199875569
2.4849066497880004,2.8218034048866025
4.7535901911063645,3.1716805809190465
0.0,-0.3713776602701442
0.0,0.3494255038173131
0.6931471805599453,2.932374031056079
3.951243718581428,3.5085989652457537
0.0,-0.1616645097281788
0.0,0.033153808562410125
0.0,-0.29785328181386905
1.3862943611198906,3.281561371264865
0.0,-0.18972663852175353
4.3694478524670215,3.1735999227771927
0.0,0.9683514737138983
2.079441541679836,2.0255671055101154
3.6635616461296463,2.8568813502213053
0.0,0.19565492708559162
3.1354942159291497,2.7645546202153697
0.0,1.357439444581591
0.0,-0.03047986434817762
1.6094379124341005,3.1920987501989413
0.0,0.05155937515870024
3.6375861597263857,3.4973822190127377
0.0,1.193016209158928
1.9459101490553128,2.067645971043657
4.23410650459726,3.032635006930459
3.8712010109078903,3.2012895546241698
4.127134385045092,3.3969090582487436
0.0,0.08919294431060565
3.7612001156935615,3.0101794246259317
0.0,0.17050079548724995
5.0369526024136295,2.9968321956452084
0.0,0.5219257298610538
0.0,-0.14783473246514767
3.713572066704308,3.1011006134996433
2.639057329615259,2.682358939745119
1.6094379124341005,2.7006862580008058
0.0,0.22855200407926102
0.0,0.1253679020750713
4.919980925828125,3.1913581747344546
0.0,0.023232751106922134
0.0,-0.0643980831964841
0.6931471805599453,2.6409103655156283
3.4011973816621555,3.5109175188033737
2.19722457733622,3.021510655030262
0.0,0.0196091473574036
1.6094379124341005,2.2824339379515473
2.9444389791664403,3.7937648676745988
0.0,0.24595109573203944
0.0,-0.647791813773797
5.2832037287379885,3.634840300921847
0.0,0.06810770361744711
3.49650756146648,3.242426624779445
1.9459101490553128,2.58431771760561
4.204692619390966,3.8265126974359784
2.639057329615259,2.541831226785828
0.0,0.1649548822965854
0.6931471805599453,2.803518086345302
1.9459101490553128,2.365418748237331
2.5649493574615367,3.3665166270089206
0.0,0.042791043162193176
3.295836866004329,3.091770332284598
0.6931471805599453,3.1613194415649613
0.0,-0.0825543354287126
4.060443010546419,3.156213229479245
0.0,0.2103031098931467
0.0,-0.11945666197410887
4.007333185232471,3.099285222807223
3.1354942159291497,3.2491628150442065
3.970291913552122,3.1393251755434113
5.159055299214529,3.585363212252479
1.0986122886681096,2.980299927024033
1.3862943611198906,3.8165575958819
1.0986122886681096,3.0638940379192947
2.19722457733622,2.589341738476561
3.6375861597263857,3.1408517621432464
3.1780538303479458,2.1714589638402764
3.7612001156935615,2.194838064923114
1.3862943611198906,2.082915950574132
4.158883083359672,3.407042935381627
0.0,-0.3387459402329429
2.302585092994046,2.3352691896897815
4.394449154672439,3.952488067001879
2.5649493574615367,3.3814037717491514
0.0,0.7277384356259973
0.0,0.02931826526655046
1.0986122886681096,3.3176377360887734
0.0,0.7382132604379832
1.9459101490553128,2.4606676734472517
0.6931471805599453,2.151721692558488
0.6931471805599453,2.771513623745112
0.0,-0.4494607207876786
3.1354942159291497,2.854915357891911
0.0,-0.17727125436759383
0.0,0.5053165870036258
0.6931471805599453,3.2968780830043127
0.0,0.23194691539733014
4.6443908991413725,3.2588221930681005
4.127134385045092,3.1882067403703385
3.9318256327243257,3.0367163962536416
0.0,0.10739855906278617
2.70805020110221,2.8082140402937985
4.543294782270004,3.3647581953797268
0.0,0.21915230411006892
4.442651256490317,3.225294731116951
0.0,0.06517170735785394
0.0,-0.03633081766567203
4.02535169073515,2.7814459028517104
1.3862943611198906,2.5668300840846907
0.0,0.4335580154922103
0.0,0.2447385870991654
0.0,-0.12071137817345545
0.0,-0.6249509235772237
0.0,-0.44952576280329026
4.418840607796598,3.114584619524841
0.0,0.24438388117673782
4.543294782270004,3.5690879070370083
0.0,-0.12012800663703604
0.0,-0.2745476561312765
1.3862943611198906,2.2571537487711026
3.332204510175204,3.3912412975460713
4.356708826689592,3.0555310375301783
4.477336814478207,3.271074240972216
0.6931471805599453,2.0827036992990307
0.0,-0.4471190604206172
0.0,0.7871325437682453
0.0,-0.12512307747875262
0.0,0.6358907907610334
0.0,-0.10006236560172987
3.610917912644224,3.0984476977001867
3.737669618283368,3.0765931189604108
0.0,0.4102313469776724
2.3978952727983707,4.065886285475022
0.0,-0.032449245619620815
0.0,1.7806474286693124
0.0,0.2918855475592319
0.6931471805599453,2.3530208911921733
3.713572066704308,2.831468758563579
0.0,0.3405854887150226
0.0,0.15150494040693974
0.6931471805599453,2.1044140205432464
0.0,-0.5238015520184631
0.0,-0.06997300930714734
0.6931471805599453,2.758456194004895
0.0,-0.4257138383253092
1.3862943611198906,2.7799709909993573
0.0,-0.3252447693701743
4.624972813284271,3.4053868589582823
2.19722457733622,3.219069589119876
0.0,0.2140543202078331
4.110873864173311,2.9502680467461087
0.0,-0.008985844879360272
4.736198448394496,3.097192044264108
0.0,0.34553504906765653
4.700480365792417,2.8761277015380045
0.0,0.3726434854312528
0.0,-0.39360424968940055
0.0,0.21527715701761463
1.9459101490553128,3.1034715588716444
0.0,-0.3694119484328957
3.258096538021482,3.104779598268231
0.0,0.15564437147424348
0.0,0.21560099421821977
0.6931471805599453,2.54616434584057
3.6375861597263857,3.162633830561319
2.19722457733622,3.043430997000935
1.791759469228055,2.395758363267655
0.0,1.0234271369563022
3.784189633918261,2.8987454902445675
2.5649493574615367,2.6917670000508176
0.0,-0.10573480577270855
0.0,0.21203700506347078
2.079441541679836,2.298205033899168
3.218875824868201,3.1117354200561085
1.9459101490553128,2.1217212322754344
0.0,-0.42789222622143086
0.0,0.18741711496127222
0.0,0.5543626159579507
1.9459101490553128,3.6348649575602145
0.0,0.546602964878041
0.0,-0.4779841810895742
0.0,-0.14997827933291474
0.0,0.5102687667732855
3.912023005428146,2.7643631300367333
0.0,-0.30635735115556306
1.0986122886681096,2.394603063785695
0.0,-0.2925617198466739
0.6931471805599453,2.36423350372787
0.0,0.5331892842757147
0.0,1.0592238659082394
0.0,0.07747681424004682
2.302585092994046,2.7927822791554187
4.007333185232471,2.5929779583350374
5.513428746164983,3.9732474167659957
4.51085950651685,2.7392725799804913
0.0,-0.20405660801934422
4.653960350157523,3.5315657675861045
0.0,0.5657982110068829
0.0,-0.2890354840224192
0.0,-0.3849550971187292
4.406719247264253,2.885680769607375
0.0,0.36759726795638703
0.0,-0.6908123838487641
4.709530201312334,3.2281069707858845
0.6931471805599453,3.4649624266829804
3.9889840465642745,3.2823340150920726
4.007333185232471,3.1190206418396684
1.3862943611198906,2.2322302545463115
0.0,-0.21799742266088806
3.828641396489095,3.1832402664991135
0.6931471805599453,2.3405307924658216
0.0,0.6184057686593369
0.0,-0.38611582709979597
2.772588722239781,2.9712228411350132
0.0,-0.3855433723602002
0.0,0.13571516939418826
0.0,0.5577095170018702
0.0,0.12681235400054147
0.6931471805599453,2.092288546927222
0.6931471805599453,2.9232844873859563
0.0,-0.5736225211092365
0.0,-0.1690506300857617
1.791759469228055,3.0856227796422746
0.0,0.019864379655638364
0.0,0.4470267665955727
2.3978952727983707,2.5289800682514167
3.367295829986474,2.9042194814043123
5.0369526024136295,4.247615763707629
0.0,-0.1274621965882492
0.0,0.49188461149886975
0.0,0.0091602407022231
4.691347882229144,3.5174652764314276
2.3978952727983707,2.747237608325
0.0,0.742380849199501
0.6931471805599453,2.309696545898788
0.0,0.09290030162609031
4.110873864173311,2.7797148424136893
0.0,-0.20475224174347417
0.6931471805599453,2.1748012819468303
4.727387818712341,2.848273537533334
1.0986122886681096,2.364054963905466
4.624972813284271,3.321594699512767
2.079441541679836,2.983953636063796
0.0,-0.038717655658959904
0.0,-0.1414948237282343
4.430816798843313,2.9662381098205457
0.0,-0.11755096802144505
4.663439094112067,3.4101805761986066
4.465908118654584,3.2526850863213337
0.0,0.026203556901291947
0.0,0.14663577747224288
0.0,0.2834428737463841
0.0,0.015517166899957635
2.3978952727983707,2.6847339012100426
0.0,-0.32185789173692836
4.394449154672439,3.012397419353074
3.7612001156935615,2.488078210410416
4.174387269895637,3.814938232587002
1.0986122886681096,3.0817171636444645
0.6931471805599453,2.290451515776172
0.6931471805599453,2.22798095826102
0.6931471805599453,2.810333691353228
0.0,-0.2578679984072445
0.0,0.6048034356986873
3.4339872044851463,3.553677954567144
0.0,-0.21312963346442704
3.688879454113936,2.6033928981983303
4.04305126783455,3.3641291509840743
0.0,0.2818283462935327
2.9444389791664403,3.037770015626676
0.0,-0.2849845809598279
0.0,-0.36559189724447716
0.0,-0.24537132166841324
1.791759469228055,2.1175323649502005
0.0,0.8829338844728194
0.0,-0.20271311380629253
3.4339872044851463,2.695336865977584
3.737669618283368,2.9535001659857953
4.499809670330265,3.2118325360312143
0.0,-0.24812522734427356
0.0,-0.259961742363104
0.0,0.5582256239545091
3.970291913552122,2.76881057063641
3.8501476017100575,2.8891107449489004
1.0986122886681096,2.7364520463191404
1.6094379124341005,2.67219061330544
2.833213344056216,2.723322290674147
0.0,0.4449008255106208
1.6094379124341005,3.1477428143756825
0.0,-0.16474931241801372
0.0,-0.11902142682319439
1.0986122886681096,3.3826276989951336
5.030437921392435,3.530538353767585
0.0,0.29289254795177877
0.0,0.10291842333933898
4.624972813284271,3.313277296153772
0.6931471805599453,2.5774180981465022
3.80666248977032,3.139031337228465
0.6931471805599453,3.1028998005725583
1.6094379124341005,2.623445168335585
0.6931471805599453,2.6933215296970356
1.0986122886681096,2.097025219442079
2.8903717578961645,2.643394427002284
0.0,0.8233458493621153
3.49650756146648,3.0457176010973024
0.0,0.10087044305072235
4.867534450455582,2.823020249378977
0.0,0.5240371080030193
0.0,-0.024590514274975384
0.0,-0.17122832310125213
0.6931471805599453,2.2631238678158194
0.0,0.8201636808403217
0.0,0.13960156752555664
0.0,-0.02529789696057505
4.02535169073515,3.8829689715035443
3.044522437723423,2.679776292247979
0.0,-0.5979150186804709
4.174387269895637,3.076043692734615
3.58351893845611,3.049994618144058
3.7612001156935615,3.138065736559207
4.990432586778736,2.8422504573125744
0.0,-0.22435734479171332
0.0,0.28965444429881293
0.0,-0.43583423462619697
0.6931471805599453,2.9224464390970506
1.3862943611198906,3.2073158670374466
0.0,0.0711037431907362
0.0,-0.22135851997971123
0.0,-0.008583482279248322
4.90527477843843,3.4049659780893613
0.0,-0.30023252396990197
2.079441541679836,3.116470757000616
0.6931471805599453,2.9951021435818603
1.791759469228055,2.966879572397447
0.0,0.10815292554027334
0.0,-0.17650654317773862
0.0,-0.03844117708482919
0.0,-0.0035939459265375007
0.0,-0.2910991857372216
0.0,0.2384806999885456
0.0,-0.1357408114897023
0.0,-0.5514388421129732
0.0,0.07999055185225634
0.0,0.2531780902191112
0.0,-0.10828818670247875
4.23410650459726,3.162846271364097
2.995732273553991,3.1051101114760926
1.3862943611198906,2.069632890304825
0.0,0.5732271870835015
0.0,1.09095628159061
0.0,0.517196369214407
0.0,-0.0739575839019393
4.624972813284271,2.967437969720885
3.610917912644224,3.355438556790628
4.04305126783455,3.415856389740429
0.0,1.299320925756298
0.6931471805599453,3.416487222095631
0.0,0.17730646474349965
3.5263605246161616,2.2635011369734075
3.8918202981106265,3.0555594101337187
2.079441541679836,2.8000449705194628
3.332204510175204,3.133334816539346
0.0,0.0982830797965768
0.0,0.20159068976632977
3.258096538021482,3.1000701405923596
0.0,-0.16778228075149437
0.0,0.151154347505297
0.0,-0.39726850128120006
4.07753744390572,3.2193272385548943
0.0,0.06226926397404653
1.0986122886681096,2.371786794100536
5.10594547390058,3.1869655872893032
2.079441541679836,3.0246031214105162
0.6931471805599453,2.661715723549543
0.0,-0.17966359034457513
4.127134385045092,3.205949735172011
0.0,-0.03450658132958839
0.0,-0.6020758253313443
4.465908118654584,3.2546173699569287
0.0,0.712797455355723
4.663439094112067,2.924836972947789
3.258096538021482,3.201389156455188
0.0,0.4506887357516014
2.4849066497880004,3.0527892265331555
4.343805421853684,2.7614045224593236
5.087596335232384,3.715272895898303
0.0,0.4511189810053471
3.044522437723423,2.965560400950652
0.0,0.6523899537417475
0.0,0.8210394683840105
3.688879454113936,2.928764114080046
0.0,0.24585605754418305
2.639057329615259,2.8780446596215854
0.6931471805599453,2.6768365548874824
0.0,-0.6049001064172819
4.51085950651685,2.816176748300606
4.330733340286331,3.0423132580853585
3.091042453358316,3.157888050976122
3.1780538303479458,3.0621085989905996
1.0986122886681096,2.437409548162958
0.0,0.4820767895737925
0.0,0.2539975459184811
3.737669618283368,2.9940959975730372
3.6375861597263857,2.994824842337457
0.0,-0.2881298060382975
0.0,0.4417686810903336
0.0,0.518881632240638
0.0,-0.09164487446804759
1.0986122886681096,2.7232250372176687
0.0,-0.18302250435133516
4.127134385045092,3.521842746398389
0.0,-0.7603816537039965
0.0,-0.6924648382766501
0.6931471805599453,2.794049915153327
4.174387269895637,3.530457716042772
0.0,-0.06090439113918977
0.0,-0.27685669195074114
4.060443010546419,2.7081880882063065
0.0,-0.09204117917212962
0.0,-0.13900258305875823
3.49650756146648,2.5701788086297968
0.0,-0.29072735859007315
0.0,0.3179135429082396
0.6931471805599453,2.7864752140661206
4.51085950651685,3.67436801714355
3.8501476017100575,3.276429351412559
0.0,-0.06493519974735129
1.791759469228055,2.467581211006732
4.709530201312334,3.306821471040796
0.0,0.04191110364916151
1.0986122886681096,2.9676923760433183
1.3862943611198906,3.0725272828655483
0.0,-0.6431192753592017
3.713572066704308,2.7985729712652634
1.3862943611198906,3.1664097551238415
4.499809670330265,3.507569410857419
5.60947179518496,3.342287135193063
0.0,-0.14950127419510562
0.0,-0.45903813057773846
3.295836866004329,3.1139898646227815
4.330733340286331,2.8918078023708595
4.23410650459726,3.5978349082906753
2.9444389791664403,3.1158446902245855
3.737669618283368,2.8836748547545237
0.0,0.02955769018238219
1.791759469228055,2.809955082611337
3.49650756146648,2.799307764123611
0.0,0.015687919584905785
1.0986122886681096,2.346309056538475
2.70805020110221,2.708690947243676
0.0,-0.47104407598488596
1.0986122886681096,3.488176933149458
0.0,0.49748160017756926
0.6931471805599453,2.4467536041372977
3.8918202981106265,2.541236673450433
0.6931471805599453,2.2142422310399676
0.0,-0.23019777574344102
4.060443010546419,3.033706586844706
3.737669618283368,2.7780038991974036
0.0,-0.16651015173444073
0.0,0.5638518168580176
0.0,0.9332888156907431
4.02535169073515,2.7633324392779905
3.4339872044851463,3.111948700342611
0.0,0.4171047763156641
0.0,-0.3528154491417004
0.0,0.9710667847666652
0.6931471805599453,3.00253310558148
1.0986122886681096,2.5363992718120505
1.791759469228055,2.216432493159256
0.0,-0.19401088806557354
4.127134385045092,2.868919323854541
1.0986122886681096,2.0648699065336924
0.6931471805599453,2.925541293003345
0.0,0.5306874468549423
0.0,0.2849769821477002
0.0,-0.6651246651733751
2.079441541679836,2.614868312692589
5.043425116919247,3.4471119515941253
1.3862943611198906,2.466368414349633
0.0,0.39966480041719654
1.0986122886681096,2.8757440980335494
0.6931471805599453,2.8219290583690904
0.0,-0.1135442327838907
0.0,-0.3001580205172112
0.0,0.34199054816280317
1.0986122886681096,2.3935586398451987
0.0,0.6017885499499331
5.123963979403259,3.276096466304226
3.8712010109078903,2.64034244396539
4.897839799950911,3.08315601600646
4.007333185232471,3.063423080359785
4.74493212836325,3.184113079588685
0.0,0.8029039580113286
0.0,0.5799805764937223
0.0,0.3824237117030427
4.499809670330265,2.6305954436664147
3.4339872044851463,3.117952434759017
2.70805020110221,2.9839687850276615
3.218875824868201,2.990594743523113
0.0,-0.6060110209153824
2.70805020110221,3.116881444242739
0.0,-0.31400178014773905
0.0,-0.11732804944217645
4.02535169073515,3.8919078234590065
3.044522437723423,2.8731826875035082
0.0,-0.9034155457064235
0.0,0.8724202068598028
0.0,-0.5021618156993286
4.007333185232471,2.767523095340273
0.6931471805599453,2.0737408470383483
1.9459101490553128,2.231064292557365
0.0,-0.009990310607477682
3.218875824868201,3.1122762160151174
0.0,0.36554630927529375
2.5649493574615367,2.878006053572979
4.406719247264253,2.821182519634072
2.3978952727983707,2.458374136695112
0.0,0.24604365756189406
1.6094379124341005,2.5485373335050405
1.0986122886681096,3.085967923780811
0.0,0.14115970211148188
0.0,0.06213497642243748
0.0,-0.4655305366551832
0.0,0.2786753999735623
0.0,-0.24561019427486164
2.5649493574615367,2.5397087205109856
4.0943445622221,3.2058603524883007
0.0,0.35220430986708506
1.6094379124341005,1.9943813367247323
4.204692619390966,3.019109879661914
1.0986122886681096,2.808903791572846
0.0,-0.2363864857874911
0.0,-0.03515771104858567
4.564348191467836,3.401416612571076
0.0,0.23733832291040913
0.0,-0.1694091756217211
0.0,0.29365623375782635
3.784189633918261,2.8729158753703503
4.477336814478207,3.0383958117884386
0.0,0.18213609295018118
0.0,-0.6463709865694942
1.0986122886681096,3.0396483393964093
0.0,-0.08552062695452034
1.9459101490553128,2.257622237153859
1.6094379124341005,2.4208196925996335
3.828641396489095,2.8095467832500303
1.6094379124341005,2.9133500404805988
0.0,0.28664602068089895
3.912023005428146,2.9740763675141597
0.0,0.21745733489768027
2.995732273553991,2.7468211709677726
5.14166355650266,3.1222395775507463
1.0986122886681096,2.1196773342176263
1.0986122886681096,2.6890613083085078
0.0,0.20737813078441247
1.0986122886681096,2.422429546316116
2.19722457733622,3.129223075160976
0.0,0.5352885741085593
3.7612001156935615,2.9186137860394963
0.0,0.2553976271070706
3.7612001156935615,3.0894240217699833
0.0,-0.2550082534728806
1.0986122886681096,2.486936478624128
3.828641396489095,2.8875809076645673
0.0,-0.829963668156688
0.6931471805599453,1.8834400212182865
2.3978952727983707,2.0169134016496844
2.19722457733622,2.783948344355536
5.170483995038151,3.095185517092443
2.079441541679836,2.759151202773808
0.0,-0.28612246302394473
0.0,0.01585915901338808
0.0,0.22335995947031728
0.6931471805599453,2.77321517351771
4.5217885770490405,3.31843100270967
3.828641396489095,3.115661258785506
4.0943445622221,2.7651488692241513
0.0,0.1796054381645673
4.691347882229144,2.7842707547958487
0.0,-0.3286508553673815
3.332204510175204,2.752931084561816
4.394449154672439,3.4233490370074757
3.8712010109078903,2.892554357598094
0.0,-0.12036114585441893
4.941642422609304,3.180519004108922
0.0,0.34006942681866903
0.0,-0.06561602677619516
0.0,-0.405788895226586
0.0,0.2326043089229577
2.995732273553991,3.161723187627968
3.912023005428146,3.2116410532967588
0.0,0.5840986652451561
1.3862943611198906,2.91980027157183
0.0,0.2286473778147513
4.394449154672439,3.143554505701288
0.0,-0.5214714832941363
0.0,0.052551905123767284
3.828641396489095,3.172524860792847
0.0,0.1809516993035718
0.0,-0.14589627183093556
3.58351893845611,3.2414681473816325
2.302585092994046,3.1646393359681455
4.127134385045092,3.313266661628348
4.174387269895637,2.77377782847878
2.995732273553991,3.03614523484695
0.0,-0.1710779034783827
0.0,0.3032065429848212
4.691347882229144,2.9095470992664643
0.6931471805599453,2.6014656253087476
1.3862943611198906,2.711224055638269
3.367295829986474,3.2233960548647005
0.0,-0.09000451000777199
0.0,0.050622917496163655
0.0,-0.08691272351013701
4.532599493153256,3.4719019445615236
0.0,0.36549998897908265
0.0,-0.5174084902081546
1.6094379124341005,2.643268255865496
4.875197323201151,2.9417234804833132
1.0986122886681096,2.274126238379365
0.0,0.6129043369897502
0.0,-0.47902986827569416
0.0,-0.17978964390364371
0.0,0.7311594598878617
0.0,-0.3592165455843328
5.2832037287379885,3.1704618549641257
0.0,0.2476356792101866
1.9459101490553128,2.631578726335775
0.0,-0.6110427373895937
0.0,-0.4243110332233764
0.0,-0.2747412550441939
1.9459101490553128,3.071488653748517
0.0,-0.4244926861826648
0.6931471805599453,2.027829371053287
1.3862943611198906,2.872383557169154
0.0,0.20474925073608574
5.963579343618446,3.937689067235745
0.6931471805599453,1.9157256057499819
3.295836866004329,3.0916288108672374
0.6931471805599453,2.267628254537379
0.6931471805599453,2.5087801855092713
4.276666119016055,3.2254274931157108
0.0,-0.4127504021941757
4.110873864173311,2.827050515341618
0.6931471805599453,2.090860929031971
0.0,-0.30581944153494556
0.0,0.2688633533625593
0.0,0.4711310595582294
0.0,0.014270509091614647
2.079441541679836,2.899968286786649
0.0,-0.009976495340296543
0.0,-0.6661229657304499
0.0,0.08177354111655277
1.0986122886681096,3.2027498697590286
2.5649493574615367,3.010852433539483
5.049856007249537,3.1470745312762824
0.0,-0.13868281053131648
3.4339872044851463,2.954492121517049
4.983606621708336,3.4960635667931816
4.48863636973214,3.3097363259260115
3.688879454113936,2.8553810808427595
5.117993812416755,3.0015858900521764
4.61512051684126,3.083656698287447
0.0,-0.19044088498943923
0.0,0.21645127482867288
0.0,0.7659348508332244
4.499809670330265,3.7739670930397518
4.927253685157205,3.4815846769618335
0.0,-0.020322785540985322
1.0986122886681096,2.075573790425307
1.0986122886681096,2.416076478365577
0.0,0.018234602037728864
3.6375861597263857,2.936022797760956
0.0,0.3640926754479883
3.9318256327243257,3.159935510800177
0.0,0.143020442491248
0.0,-0.15454007653732704
4.59511985013459,2.907747637643995
2.833213344056216,2.815917625457483
0.0,0.5602967164687227
0.0,-0.39372858772295416
2.079441541679836,2.3756560402444413
0.6931471805599453,2.5986884198612916
0.0,0.2414801711536887
0.0,0.06130022268219082
0.0,0.40436341842443935
0.0,0.1647822828035539
0.0,0.07410871954230291
1.3862943611198906,3.005736892384887
0.0,0.6149474372503778
1.6094379124341005,2.0650320629901646
0.0,-0.18648693722329668
0.0,-0.2941245825183212
4.189654742026425,3.3469861853226988
0.0,-0.5091239523689928
3.4011973816621555,2.79200938028184
0.0,-0.0774544795939549
0.0,0.4256919882526986
0.0,0.4841151755736177
0.6931471805599453,2.3355075352792185
0.0,-0.48369092792786406
0.0,-0.4495520738050587
4.394449154672439,2.87216199089788
0.0,-0.45353522953219416
0.6931471805599453,3.2292312560307113
1.0986122886681096,2.5635417432609167
4.343805421853684,3.145188911454544
0.6931471805599453,2.8094060547397013
2.3978952727983707,3.5526937610078
0.6931471805599453,2.7389538607968316
0.0,0.4548639983529741
1.0986122886681096,2.4486697895371554
0.0,-0.4136067635112113
0.0,0.15237695319254652
4.248495242049359,3.3505849295096555
0.0,-0.5415318498071033
0.0,-0.2595044967781517
1.0986122886681096,3.462649552317597
0.6931471805599453,2.719638753289358
0.0,-0.36557211546575186
0.0,0.24140475654889415
0.0,-0.05501362143738264
0.0,-0.026409964021452126
3.6635616461296463,2.6605269058591734
0.0,0.16836534026093553
3.49650756146648,2.9956494358470342
0.0,0.5451006277383588
4.852030263919617,3.3144619541173155
3.951243718581428,3.0853306595740912
0.0,0.23186832672453095
0.0,0.9231941319585517
0.0,0.046086679216347015
0.0,0.2807351556516544
2.3978952727983707,3.1924984585285534
4.605170185988092,2.9860454958599716
0.0,-0.39533348276325464
3.58351893845611,3.5228047865930066
4.276666119016055,3.5645518001276173
0.0,-0.5427973199025242
0.0,0.27479112634458547
0.0,-0.4831394268733895
0.0,0.06919346868887644
0.0,0.6326205171311752
4.007333185232471,3.062649882971964
0.0,-0.5783669365719004
1.6094379124341005,2.494761983626267
0.0,0.182614839934216
0.6931471805599453,2.790211840393563
3.737669618283368,2.905934988094017
0.6931471805599453,2.1816043359978843
0.0,0.6764944576850946
4.406719247264253,3.239233436721734
1.0986122886681096,2.7194784039465922
0.0,-0.21843671925496855
0.0,-0.6872686424706842
0.0,-0.020159201183411524
1.0986122886681096,2.611733543197828
0.0,-0.5509958461147808
1.3862943611198906,3.0851447844422006
1.0986122886681096,2.668186208051009
0.0,0.7506168177563461
2.079441541679836,2.4413567364671875
0.0,0.03404895945309616
0.0,-0.2554300352644687
2.639057329615259,3.147406383388163
2.19722457733622,2.9637471058759575
0.0,-0.49569163054197096
4.248495242049359,2.9677204841312
0.0,0.23759512610699485
0.0,0.10825746290067273
1.791759469228055,2.6693459387614364
3.295836866004329,2.660147183710215
0.0,0.5934958992904982
0.0,-0.061506484906059145
0.0,-0.26575230425612384
0.0,0.20040763019319052
2.079441541679836,2.721722799736108
0.0,0.728868276206919
4.110873864173311,3.2973866865611736
0.0,-0.13982356598737944
2.3978952727983707,3.18259826465605
0.0,-0.2342886320506241
4.919980925828125,3.0330960410287533
0.0,-0.5785648822293705
0.0,-0.2204831892559045
3.828641396489095,3.3280163896328134
2.639057329615259,3.0198405889626434
0.0,0.3735880982325015
0.0,0.4949567841721121
5.683579767338681,3.968824372848849
0.0,-0.32283216973575346
1.0986122886681096,2.638380883670487
4.262679877041316,3.0127441504288823
0.0,-0.39424599579405495
0.0,-0.0823608373004232
1.9459101490553128,2.2740858771729986
1.3862943611198906,2.4992968702000216
3.9318256327243257,3.3366866533216646
3.9889840465642745,3.2318012796571725
0.0,-0.35648715113364515
0.0,0.404975403918606
2.3978952727983707,3.3609838104920704
2.079441541679836,2.9639504591006887
0.0,-0.076102850286496
2.079441541679836,2.340389360654659
0.6931471805599453,2.766549484356182
2.995732273553991,2.899168238344109
3.555348061489413,3.4723997717597666
0.6931471805599453,2.7503764312455035
1.0986122886681096,3.1880987177637214
0.0,0.06644256435543183
0.0,1.0617227329771055
0.0,0.832365324451317
0.0,-0.23002690113354696
0.0,0.49762023615276285
1.0986122886681096,2.1903910317168065
0.0,0.3514128291040777
0.0,0.029799064791026453
2.302585092994046,2.7050191661014105
3.8712010109078903,2.7912124519007167
2.079441541679836,2.9304967508969026
0.6931471805599453,2.0517328435751847
0.0,-0.18928445054125742
1.791759469228055,2.914332882922351
4.219507705176107,3.9160159710618525
0.6931471805599453,2.960274900727099
3.6635616461296463,3.2395815680843456
4.382026634673881,2.610448274604237
0.0,0.18436506265782016
0.0,1.1814414949434617
4.477336814478207,3.9167395981066395
1.791759469228055,2.7288608469247633
0.6931471805599453,2.5493856502669097
4.74493212836325,3.286205767084188
0.0,0.9944333448433706
3.218875824868201,2.920041965223036
0.0,-0.062217266096062485
0.0,-0.2910064189922088
2.995732273553991,3.2039925532878852
0.0,0.8230755903549136
3.784189633918261,3.2074978598617427
1.6094379124341005,2.7171156083256314
2.8903717578961645,2.9108614734414573
0.0,-0.23590460828460236
2.833213344056216,2.7901282751221355
0.6931471805599453,3.6016125607564486
0.0,0.10464753929243997
1.6094379124341005,2.39303589092678
2.19722457733622,3.0916774535440514
0.0,-0.41575576739962017
4.158883083359672,3.4665104289460675
0.0,-0.12963791780846812
0.0,0.26935240344886724
4.74493212836325,2.530073739290729
3.295836866004329,3.024514821664824
0.0,-0.12599291370546073
4.248495242049359,3.7097991021602343
0.0,0.6320717690042814
3.970291913552122,2.978368818817898
0.0,-0.2347581489969186
4.962844630259907,3.934401246462159
4.7535901911063645,2.9526940213527575
0.0,0.06864909567621202
0.0,-0.36720988293653356
0.0,-0.06433684755293445
0.0,-0.43868346555274584
0.0,-0.2523354627600791
2.8903717578961645,2.8850707370917705
0.0,0.1431406001227249
4.007333185232471,2.7116470805768915
0.0,-0.4353120851265002
1.0986122886681096,2.333948827812139
0.6931471805599453,2.48173857556805
3.8918202981106265,3.072008792318078
0.0,-0.34472999918511205
0.0,0.5959236477019336
0.6931471805599453,2.689086439675215
4.418840607796598,2.4859227703824303
0.6931471805599453,2.2021390232965374
0.6931471805599453,2.2065998204967423
1.791759469228055,2.545999447963679
1.3862943611198906,2.7448232688989935
5.37989735354046,3.7605133762647207
5.525452939131784,3.8667209074266595
1.6094379124341005,2.6884809596693993
0.6931471805599453,3.4983868596099597
3.951243718581428,3.3127997213072096
4.51085950651685,2.9331780970384016
0.0,-0.07745555727776221
2.995732273553991,3.0634328021351607
3.912023005428146,3.177755527848449
0.0,0.7945317637408928
0.0,-0.410559085031454
0.0,0.25718738037191224
4.867534450455582,3.3903810828609524
0.6931471805599453,3.2711836946583945
0.0,0.08535166083427725
4.127134385045092,3.212103388598454
1.0986122886681096,2.1064328399463723
3.295836866004329,2.800204184881636
0.0,0.3470930880298104
0.0,0.36132429777678343
3.258096538021482,3.2698571325908024
0.6931471805599453,3.00355093655865
0.0,-0.04849874624464068
0.0,0.03572729793773033
3.80666248977032,2.924447202980577
0.6931471805599453,2.69748916930579
3.5263605246161616,2.885496190624161
0.0,0.40154168634610365
0.0,0.2091746073007783
4.290459441148391,3.1257694822444573
4.23410650459726,2.874700198850809
0.0,0.33217627865152344
3.737669618283368,2.956007771024539
0.0,-0.44435439483659955
1.6094379124341005,2.2812877605460073
0.0,-0.21026674520561262
0.0,-0.009437605281675587
1.0986122886681096,2.8555591484299008
0.6931471805599453,2.5127830847092367
0.0,0.3808147143862697
5.1647859739235145,3.5193799611848084
0.0,-0.11014651918554974
0.0,0.36043234198882135
4.219507705176107,3.285113838519732
2.079441541679836,2.351569617364629
4.454347296253507,3.401790726470929
4.07753744390572,3.4797004523401966
4.634728988229636,3.2769788409693614
0.0,-0.5275894447962632
4.110873864173311,3.1024619486308818
0.0,-0.5226486576644884
0.0,-0.043472363877913534
0.0,-0.012724848619549922
0.0,-0.34344516393455216
4.709530201312334,3.459576900585238
0.0,0.6094207210548994
0.0,1.356418329689022
0.0,-0.17648956471031996
3.7612001156935615,3.228361563420801
0.0,0.24733937165287756
1.0986122886681096,3.4873513147271447
0.0,0.02081613857070197
5.442417710521793,4.07619939842723
0.0,-0.49649168450466696
0.0,0.46157686226484285
0.0,-0.18114246695759917
0.0,-0.06976771644109059
0.0,-0.29645732700870964
0.0,-0.21367088978291005
1.0986122886681096,2.2958503636641887
0.0,0.09186387244779692
0.0,0.060561377814446704
1.0986122886681096,2.5477579513474966
3.4011973816621555,3.0951967958984654
3.4011973816621555,3.623271487054358
1.6094379124341005,2.857059966198603
0.0,0.22510650807480692
0.6931471805599453,2.834405671038908
5.147494476813453,3.598363909325599
0.0,0.2016272728032431
3.80666248977032,2.5219824509485615
0.0,0.6865117144847972
3.218875824868201,2.9172842088789097
0.0,-0.17419701187438497
0.0,0.5778181400576474
0.0,-0.14625013660840458
1.791759469228055,2.332647337631448
0.0,0.06429669785648362
1.3862943611198906,2.7945567654836045
0.0,-0.012548267278166048
2.9444389791664403,3.1038927443937867
0.6931471805599453,2.2510055443035437
0.0,0.8828810029762901
2.3978952727983707,3.239324874174236
0.0,-0.0564068886431206
4.02535169073515,3.301225833076276
0.0,0.24760162024792587
0.0,-0.3778981476485006
0.0,0.33569577986405474
4.859812404361672,3.1661640781850875
0.0,-0.2839394929512662
1.0986122886681096,2.6651884173141336
0.0,-0.4577024872593314
5.030437921392435,3.745748780828566
0.0,-0.14819097945854143
1.9459101490553128,2.8774984296263675
0.0,0.07358806111671168
0.0,-0.41366352568119025
0.0,-0.18738656771156625
3.5263605246161616,2.9985673168330584
2.079441541679836,3.11775190687572
3.555348061489413,3.044591588163726
0.0,-0.5989140019961199
0.0,0.17595485710998138
0.0,-0.19291393061757534
3.49650756146648,3.6752675519738465
3.4339872044851463,3.1801212065983573
0.0,-0.722443172603648
0.0,-0.14344509826365548
1.9459101490553128,2.2120954540838844
3.295836866004329,2.6425994081253186
4.394449154672439,2.818697297034137
1.0986122886681096,2.0865985372013776
0.6931471805599453,2.840214581180575
0.0,0.26288509220908973
0.0,-0.11725134118116931
1.3862943611198906,3.3979454393228608
0.0,-0.6034428527909004
0.0,-0.5254692276479949
0.0,-0.38693059475505365
4.653960350157523,3.703172503399669
0.0,0.10208150823827866
2.639057329615259,2.724849954780672
0.0,0.6959942640605341
0.0,0.7021538923962447
3.6375861597263857,3.4900882561565894
2.772588722239781,3.027264665774896
0.0,-0.07042208667582561
0.6931471805599453,3.0173588527953648
0.0,-0.14600589363141192
4.158883083359672,3.1370200906939365
4.442651256490317,3.239304202783866
0.0,0.4553364215025191
1.0986122886681096,2.9099164719173425
1.0986122886681096,2.607444506184098
2.4849066497880004,3.1923145860783007
0.0,0.8977835551991914
0.0,-0.018381765683044504
3.367295829986474,3.163618392702312
0.0,-0.47928116259438536
0.0,-0.03994764139507634
0.0,-0.34343771783151755
0.0,0.10049859380130766
0.0,0.06390146417195663
0.0,0.6397254649869863
0.0,-0.47091400937677674
1.791759469228055,3.1370496803932983
4.770684624465665,3.009466410019146
0.0,-0.36392382097287834
0.6931471805599453,2.7378289684431643
1.0986122886681096,2.649720223835336
0.0,0.8268555728527243
1.3862943611198906,2.4795440493034
0.0,0.6006970633040754
4.465908118654584,3.3502165353081104
3.1780538303479458,3.082137586494358
0.0,0.3571966806560285
0.0,-0.5759722828898104
0.0,-0.1749794278796819
1.0986122886681096,2.707036443088705
0.0,-0.378402215077815
0.0,0.5867110074389787
4.07753744390572,3.23068716908801
4.6443908991413725,3.411731876048914
3.8918202981106265,3.4137262119362273
2.70805020110221,3.520695373817582
0.6931471805599453,2.953066795881913
0.0,0.9680029252610097
4.174387269895637,3.1657309539960448
0.0,-0.44606733434899315
0.0,-0.05605957611801693
0.0,0.4440098105778001
1.0986122886681096,2.5333191699290465
0.0,-0.29732092160689083
0.0,-0.28516542639484355
1.3862943611198906,2.0817908438460355
2.833213344056216,2.92132163871664
4.02535169073515,3.6226941103666364
0.0,-0.09913340597715936
3.6635616461296463,3.4941088817196464
3.367295829986474,3.3545330664914066
3.4011973816621555,3.3956011257289074
3.688879454113936,3.216449870563843
4.343805421853684,3.1723666447994257
0.0,-0.1714929633392952
0.0,1.0121793028969324
2.4849066497880004,3.4597589821748995
2.3978952727983707,2.1628864830757224
3.044522437723423,3.319549289395881
4.04305126783455,2.4027128619671925
0.0,-0.5315820947129501
1.0986122886681096,2.157231387319078
0.0,-0.6090866406334152
2.19722457733622,2.1714554266898207
0.0,0.535246944567584
3.367295829986474,3.019503809784813
0.0,-0.3898199772100086
3.80666248977032,3.4955028186604595
0.0,-0.14412208385354708
0.0,-0.32236358507699325
3.8918202981106265,2.4837363174678897
4.304065093204169,2.847385138644375
0.0,-0.6461444935093104
0.0,-0.49745393782503555
2.70805020110221,3.0253810433784034
0.0,-0.6674217647443887
0.0,0.16216360142113384
1.6094379124341005,2.591321151704123
0.0,0.11991356039426448
0.0,-0.25409395744670604
1.0986122886681096,2.030645023666949
3.610917912644224,2.1667584306249603
0.0,-0.5050220629950779
0.0,-0.25530681406017397
0.0,0.5960189424011852
0.0,0.10522754963718661
5.176149732573829,3.076605093808031
0.0,-0.21802586834720783
0.0,-0.23316473341914046
1.6094379124341005,3.2162975849755684
4.624972813284271,2.805668670208574
0.6931471805599453,2.4855064111770444
0.0,-0.5830112598524306
0.0,-0.08330426181384465
1.0986122886681096,2.160573617646758
0.0,0.5721315336518578
4.532599493153256,3.218672112585219
0.0,-0.33233908730841444
2.772588722239781,2.775137105326903
0.0,-0.045470175141849145
0.6931471805599453,2.785840812415721
0.0,-0.49575368511481877
0.0,-0.23805074032482
0.0,-0.3205608928491439
0.0,-0.16489965716636856
1.6094379124341005,3.103241489294404
0.0,0.41965239982532765
0.0,-0.19339525027005777
1.6094379124341005,2.5152643782714006
0.0,-0.021782751454834104
2.5649493574615367,2.926106927688137
0.0,0.003214121199982767
0.0,0.5622952204627332
0.0,0.5102425124235117
0.6931471805599453,2.462832255907924
0.0,-0.3838642879572123
0.0,-0.22463650754786268
0.0,0.10626524272083948
4.969813299576001,3.6073717315325675
0.6931471805599453,3.465255440803148
1.6094379124341005,2.8029062009912225
3.5263605246161616,3.1016092296130546
0.0,-0.15603839068841063
1.0986122886681096,3.075901252132102
1.0986122886681096,2.8750052752488706
0.0,-0.1554157400674958
0.0,-0.34877224451908484
2.995732273553991,3.347793422445543
0.6931471805599453,3.160853367877909
4.672828834461906,3.1788615572611976
3.784189633918261,3.0066710189935333
0.0,-0.2257151198070919
2.5649493574615367,2.6501716867736405
5.056245805348308,3.9225101313909603
2.302585092994046,2.6543473552622396
0.6931471805599453,2.773632074029935
4.127134385045092,2.8757586558550465
0.0,-0.4208877126015773
0.0,-0.08372580018640874
0.0,-0.3579616077451946
0.0,0.6024524354964218
0.0,-0.2960873090684597
0.0,0.2514177272636373
2.302585092994046,2.1021851819465005
5.429345628954441,3.81294846314671
4.859812404361672,2.6472815708403434
0.0,-0.3190778753120336
0.0,0.6168754343278016
1.3862943611198906,2.287147588033732
2.4849066497880004,2.4300441607706613
4.110873864173311,3.4434514942073706
4.3694478524670215,3.0828789467967628
0.0,-0.38712862551378757
0.0,0.013795084428365856
2.302585092994046,2.4308250876244983
0.0,0.07580019098410284
2.639057329615259,2.69627272472451
0.6931471805599453,3.104456606523381
0.0,-0.08777630301361938
3.295836866004329,3.0160400681279143
0.0,-0.637457247417812
0.0,0.24281962002434443
4.430816798843313,2.8413312190097875
1.6094379124341005,3.1334358421538946
0.0,0.21448459454429103
4.8283137373023015,3.5002447288047636
0.0,-0.34871296290460885
0.6931471805599453,2.8822923963975495
0.0,0.38741952656432166
3.1354942159291497,2.953493388639613
0.0,0.17574158383560512
0.0,-0.09170341640302415
0.6931471805599453,2.453991435607974
0.0,-0.11579490202413067
0.0,0.2820027246469945
5.755742213586912,4.256723878969934
0.0,-0.6380679424349367
0.0,-0.14038874711125282
4.5217885770490405,2.555452675290083
0.0,-0.3441237805749986
0.0,-0.24516725980646248
0.0,-0.21737398271859876
0.0,0.18403991443740764
1.6094379124341005,2.808277747024338
4.6443908991413725,2.971548823210237
4.110873864173311,3.6172301078181994
3.6635616461296463,2.043930439474578
0.0,0.8971922111508623
0.0,0.2556673294584908
0.0,0.0241374043632534
0.0,-0.4492330703462315
4.356708826689592,2.8886633401481054
0.0,0.7319792868905755
1.0986122886681096,2.9729579157486796
4.174387269895637,3.106762498515117
2.19722457733622,2.687056248944958
1.0986122886681096,2.138047537595118
0.0,-0.06457331687057133
0.0,-0.324215796863903
1.6094379124341005,2.585056617541146
2.4849066497880004,2.4144549430344515
0.0,-0.41164756673339253
5.298317366548036,3.037587255688823
2.5649493574615367,2.053263747235625
0.0,-0.37803352327040285
0.0,0.8364803980894069
1.0986122886681096,2.0581497783950606
3.713572066704308,3.235167149307192
0.0,0.4672256295428623
0.0,0.03162275395523806
4.356708826689592,3.326122134455691
0.6931471805599453,2.9176351120168262
4.543294782270004,3.0099459362026226
1.3862943611198906,2.142492766346144
0.6931471805599453,2.629974782986726
1.6094379124341005,3.3069773423601965
0.6931471805599453,3.1070987737425217
3.7612001156935615,3.238541879402582
0.0,0.04397710196781679
0.0,-0.386821732020866
3.367295829986474,3.1880701975443144
1.0986122886681096,2.4727609770335737
0.6931471805599453,2.456428976862173
0.0,0.6383529694168717
3.4657359027997265,2.3963302521995233
1.3862943611198906,2.5960858178699717
0.0,0.6123865244517512
0.0,0.03419444142236561
4.304065093204169,2.9550502920837265
0.0,1.043762068472861
4.343805421853684,2.9541750147268475
0.0,0.03242452970524923
3.4339872044851463,2.895572434765092
0.0,0.36563577690751314
4.248495242049359,3.3725735508625334
1.0986122886681096,2.5854764810129507
4.143134726391533,2.8778088686501846
0.0,0.027931035499504153
4.77912349311153,2.9940189625761002
0.0,-0.43669393039637505
4.23410650459726,2.3663848894269712
1.3862943611198906,1.9914992376482872
0.0,-0.30498266430322074
0.0,0.892405093148827
0.0,-0.040777061241885404
0.0,0.326839764992229
2.833213344056216,2.754833101442486
0.0,-0.4987877838241248
1.791759469228055,2.9791288721635
0.6931471805599453,2.063803892697583
2.4849066497880004,2.637690851751461
4.543294782270004,3.11908658907637
0.0,-0.5177961023944091
1.0986122886681096,2.2589793087661416
0.0,0.5096441213161516
3.58351893845611,2.945998859860699
0.0,-0.573625661438804
0.0,0.506084475567826
1.6094379124341005,3.0475761573015987
0.0,-0.5793415619160895
0.0,0.1664563061849511
0.0,-0.5519678422048795
0.6931471805599453,3.1784890473501397
0.0,-0.2287068212239043
0.6931471805599453,2.411767933017536
4.61512051684126,3.4895765881149665
0.0,-0.41477067609755647
0.6931471805599453,2.4600682087296097
4.007333185232471,2.753609753209724
1.0986122886681096,2.597844149173199
1.0986122886681096,2.55468758253909
3.737669618283368,3.250511455102509
0.0,-0.4493470313079153
2.4849066497880004,2.7926498751553464
4.430816798843313,3.126190098916479
4.820281565605037,3.7040400435326806
0.6931471805599453,3.2499629211778567
1.0986122886681096,2.4670999866228347
0.0,-0.24956754530624004
1.0986122886681096,2.6939869692404765
1.3862943611198906,2.687290744652816
1.0986122886681096,2.7439606606376947
0.0,0.15825223337608185
1.0986122886681096,2.9360154577673745
3.784189633918261,3.1018671260587523
0.0,0.05989494193205003
0.0,-0.4043731210544834
3.49650756146648,2.4942491284401758
3.5263605246161616,2.6315606422613307
4.0943445622221,3.2927943983738306
3.784189633918261,3.3610235863408877
0.0,-0.34938831812292204
4.852030263919617,3.9689893265169833
1.3862943611198906,2.517224432526667
0.0,-0.20271636723499498
0.0,-0.1151615534172139
0.0,-0.11660034423093246
4.248495242049359,2.7992791143330904
4.394449154672439,3.3452045908465324
0.0,0.4022062377168847
0.6931471805599453,2.963532708793747
0.0,-0.2918904067223358
0.0,-0.017683196814803237
0.0,-0.1188697366391751
2.302585092994046,2.9387054722174573
1.3862943611198906,2.219570431597543
0.0,-0.2940864792922433
3.970291913552122,3.5110167944784005
0.0,-0.2257772029346028
5.1647859739235145,3.247471356030391
0.0,-0.17528582513953594
0.0,0.8344575306163498
0.0,0.6264268718119095
1.791759469228055,3.0051576335814767
4.382026634673881,3.5035888190680637
0.0,0.06904419742932588
3.737669618283368,2.6377761673439784
3.218875824868201,2.4047092463462074
0.0,0.29080718551375506
0.0,0.3745699045952233
0.0,0.12810151615698806
1.0986122886681096,2.8480830269999267
2.3978952727983707,2.76792532852705
0.0,0.39160115833510867
0.0,-0.4433871249023551
0.6931471805599453,2.9297407763919265
2.995732273553991,3.0339881439849465
0.0,-0.3776274262318742
3.258096538021482,2.946000868736421
0.0,0.11279329018668305
3.9889840465642745,3.0419455101339494
0.0,-0.42478752295791855
4.394449154672439,2.939405633383191
3.4657359027997265,2.5822380949113537
4.174387269895637,3.4545700335878804
0.0,-0.39247615526829005
2.4849066497880004,2.4190922188854804
2.079441541679836,3.1653657086226765
0.0,0.625761540399489
0.0,0.35937377219766
0.0,0.07609589836627584
0.6931471805599453,2.841371441155402
3.258096538021482,2.9719184819902766
0.6931471805599453,2.5707398637412595
0.0,-0.3341686831124995
0.0,-0.13255086536429705
2.3978952727983707,2.627750900819689
1.0986122886681096,2.8249480791832293
0.0,-0.08485365704941894
0.0,-0.020303955923735684
0.0,-0.48561599793637145
0.0,-0.3077084663952676
0.0,0.8079065839148105
1.3862943611198906,3.149960443953037
0.0,-0.241665696935228
0.0,0.9527145090064959
0.0,0.3448128778172519
0.0,0.37523858598602433
0.0,0.10350339092093996
0.6931471805599453,2.2662718324592883
0.0,0.056362051460626006
1.6094379124341005,2.7122653499025002
0.6931471805599453,1.9152522950175903
3.9889840465642745,3.3816489545435386
0.0,0.02149411757077635
0.0,-0.16081583929936727
4.174387269895637,3.4992830466301736
0.0,0.45451356843946367
5.247024072160486,4.048214861586645
0.0,0.341855950819395
0.0,0.27921424837481923
0.0,0.0899167943083301
1.6094379124341005,2.3771616878775657
0.0,0.335841353463763
1.6094379124341005,2.577542819096829
2.079441541679836,2.041207010319857
0.6931471805599453,3.1271659533551235
0.0,0.730442531691011
3.58351893845611,3.516834025679909
3.6635616461296463,3.309991279389094
0.0,-0.2295067408969227
3.6635616461296463,2.796332756752917
0.6931471805599453,2.434934221431362
4.330733340286331,3.071785578585458
0.0,0.04478855049928687
0.0,-0.3721164307545859
0.0,0.19411629815775022
2.302585092994046,2.454018390929964
0.0,-0.04785560497948671
0.0,-0.5677754832216348
3.332204510175204,3.0760780803737626
0.0,-0.35506109033383604
0.0,0.19411513488618448
0.0,-0.46569938361063157
4.653960350157523,3.112948348630935
0.6931471805599453,2.262126117890831
0.0,0.32246307897150706
0.0,-0.10964949136962776
0.0,0.1739600629914766
4.691347882229144,3.511375691996296
0.0,-0.2925709007520556
0.6931471805599453,2.5664119351817036
0.0,-0.5014933751409356
3.6635616461296463,2.4402901230055813
0.0,0.47498877653462346
1.6094379124341005,2.825946778831921
0.0,-0.5168157423035051
0.0,-0.44586653454708625
5.087596335232384,3.231234956683483
0.0,0.32612072866731223
0.0,-0.40480717627388296
3.8712010109078903,2.673643686720598
0.6931471805599453,3.497607878249788
0.6931471805599453,2.293048703900409
0.0,0.514055755513553
2.9444389791664403,2.6546914221235767
4.290459441148391,3.1112533021704802
3.332204510175204,3.1102497449716413
0.0,-0.35447246169764846
3.828641396489095,2.716313745746132
0.0,-0.08895583328134338
0.0,-0.35331347519685075
0.0,-0.22910873175704882
4.204692619390966,2.776981129639816
0.6931471805599453,2.6516337953978124
0.6931471805599453,3.1337214132173967
0.6931471805599453,2.9554488511483745
0.0,-0.10413069941649589
2.302585092994046,2.41637397238671
0.0,0.2621919601460516
0.0,0.017153259897154216
0.0,-0.028005138565357246
0.0,0.015986017802817054
4.304065093204169,2.849193879838629
1.0986122886681096,2.827446350707568
0.0,-0.6091617955759658
0.0,0.5184705883698162
0.0,0.4024108512311835
1.0986122886681096,2.086791869473794
3.9318256327243257,3.546707969843439
1.0986122886681096,2.2843864381280374
0.0,0.7643461323667919
0.0,-0.5956680924076525
5.2832037287379885,3.411919486362909
0.0,-0.19942443760074768
0.0,-0.11720524940143573
0.0,-0.5048772262736869
0.0,-0.4759275402831995
4.543294782270004,2.8479829622564203
2.302585092994046,2.8786619975301004
2.5649493574615367,2.7332735995558486
0.0,-0.09050403590968847
2.19722457733622,2.5959403465309903
0.6931471805599453,2.3036916392252764
0.0,-0.1369330673664606
0.0,-0.10820560073042507
0.6931471805599453,3.1146637980760072
0.0,-0.4984862948118529
3.7612001156935615,3.093974515951859
4.219507705176107,3.5269429229968
3.7612001156935615,3.2725958644023967
0.0,0.3424266544201331
2.639057329615259,2.3355132958195277
0.6931471805599453,2.7881987947839484
0.0,-0.45344339756125196
0.0,-0.018681894741990446
0.0,-0.053415645658277056
4.867534450455582,3.0668694042544113
4.07753744390572,3.5183605307689034
0.0,0.06682484588294635
3.784189633918261,2.9236261170798237
0.0,0.280526607535206
0.6931471805599453,2.653316339948277
1.3862943611198906,2.6821123866084786
4.3694478524670215,3.0317796112235964
0.0,-0.23265439771570184
3.737669618283368,3.008766910205104
2.995732273553991,3.164763660493807
4.23410650459726,3.3332327979461844
0.0,-0.1920134600251111
0.0,-0.0188066319222413
4.553876891600541,2.8529939261514405
0.0,-0.16135986913227773
3.828641396489095,2.9993722408340897
0.0,-0.3626600248254257
1.0986122886681096,2.065219793203185
4.406719247264253,3.124506584647687
0.0,-0.04356645951522187
1.791759469228055,2.22819004362276
0.0,-0.2648004647170188
0.0,-0.06667123141561704
3.091042453358316,2.9228732061073934
4.465908118654584,3.57862899852449
2.3978952727983707,2.8392919031428487
0.0,0.4579626090032187
1.0986122886681096,2.8473803032496345
3.5263605246161616,2.604891157198725
0.0,-0.41571140809372586
1.0986122886681096,2.0201540287096695
0.0,0.11245239731051626
0.0,-0.34554329980407195
3.6635616461296463,3.084758632401382
0.0,-0.23142235927088084
3.737669618283368,3.202079712084629
2.70805020110221,2.914208817613558
0.0,0.572616730314607
1.0986122886681096,2.612743860284985
0.0,-0.14601032386666457
0.0,-0.0532069517701248
2.5649493574615367,2.7513673721298715
4.61512051684126,2.8521114809235177
3.091042453358316,3.1375737328256696
0.0,-0.27331353285381965
4.5217885770490405,3.272593841478824
1.0986122886681096,2.6796665536261406
0.0,-0.2863298721702008
1.3862943611198906,3.7681342933177877
4.948759890378168,3.699718463496213
4.430816798843313,3.6364718512201923
2.302585092994046,2.5354056346771383
5.19295685089021,3.315057126208754
0.0,-0.49400011301377234
4.736198448394496,3.5922839620104963
0.0,-0.18950576751632608
0.6931471805599453,2.1198430743570436
4.969813299576001,3.535109148499588
0.0,-0.11010650119870191
0.0,-0.006743178096497715
0.0,0.557635275756569
0.0,-0.24597824312008987
3.688879454113936,3.070040559056208
0.0,0.8894022027232162
2.079441541679836,2.859874305592439
3.218875824868201,2.826992209951261
2.8903717578961645,3.211380464729233
3.4011973816621555,2.682128747185177
3.218875824868201,3.033348711503523
2.639057329615259,2.6944634388859834
0.0,0.12458051424868288
4.912654885736052,3.17929185505547
0.0,0.16732000585698614
3.367295829986474,2.8435403675596764
0.0,0.5699051611341015
0.0,0.0024755398805793583
0.0,-0.3053535557661369
0.0,0.030585904017920162
3.80666248977032,3.0565398958103858
2.5649493574615367,2.870475565449845
0.0,-0.03604521466805832
1.0986122886681096,2.7325456404807946
3.737669618283368,3.0438686932826915
4.983606621708336,3.2749415873106167
1.0986122886681096,2.9568518872114353
5.375278407684165,3.403961235165817
0.0,0.781235377149712
3.9318256327243257,2.8127634273263866
0.0,0.2584779204641703
3.49650756146648,2.793383532123916
2.772588722239781,2.692320576269044
5.176149732573829,3.616695803186626
0.0,0.11331491868645172
0.0,-0.2620796382580406
0.0,-0.09356883524008985
3.1354942159291497,2.383332870575095
0.0,-0.12113285466643209
0.0,-0.15847330509070146
1.0986122886681096,2.9776493269112523
0.0,-0.22072350242675665
0.0,0.3364069417476674
4.8283137373023015,3.328416815815627
0.0,0.3098655683976552
3.4657359027997265,3.0725068555378128
0.0,-0.01798253994778598
1.0986122886681096,2.478341991367009
3.6635616461296463,3.093628284439757
3.951243718581428,3.143798323888736
4.454347296253507,3.1158353276193362
0.0,0.36808309318543153
1.0986122886681096,3.249698229055068
3.091042453358316,3.2319736962028642
3.4657359027997265,2.957088226020649
0.0,0.16874116764682467
3.7612001156935615,2.4269108873497904
0.0,-0.7977087965844225
0.0,0.6417393911322458
0.0,0.039757050476820766
0.0,-0.15189273215247168
3.4657359027997265,3.0339789281644918
0.0,1.081717051742495
4.290459441148391,4.139881659011113
4.07753744390572,3.3037441895949984
0.0,-0.14479152930241623
4.060443010546419,3.2989459005084134
1.0986122886681096,2.9247883457898483
0.0,-0.2885887144558894
2.079441541679836,2.6362241404581033
4.007333185232471,2.8559001240002004
2.079441541679836,3.2992790072043943
0.6931471805599453,2.394532755616999
0.0,-0.18004670340952078
1.3862943611198906,2.186120053591064
0.0,-0.32525508370948186
4.442651256490317,3.101186605667367
0.0,0.1172915802863077
4.276666119016055,3.28895579312047
0.0,0.18681683396445758
0.0,0.26216758918845695
4.204692619390966,3.5347046422636383
1.0986122886681096,2.779292173460966
0.0,-0.558524040983245
2.8903717578961645,3.0374439193876457
0.0,0.11027417859693456
0.0,-0.3723787676256314
0.0,0.6915879718083422
1.3862943611198906,2.9437713539774113
3.6635616461296463,3.6680471832326154
0.0,-0.013017117229864983
3.367295829986474,2.8585130936592473
0.0,-0.23693250251750886
3.4339872044851463,2.6392897796412713
0.0,0.2577414279089636
0.6931471805599453,2.4337794098329764
0.0,0.1513583446858089
3.58351893845611,3.102543689042988
0.0,-0.20610999487506687
4.02535169073515,3.251195427173113
0.0,-0.3328565858292345
0.0,-0.7103342425929822
0.0,0.25598777962308983
1.0986122886681096,2.4869029814929355
3.4657359027997265,2.7660088664492144
4.691347882229144,3.3795834600507497
4.23410650459726,3.0733802112073016
1.9459101490553128,2.877079529440371
4.219507705176107,3.9497847404310886
0.6931471805599453,3.0676766759062355
3.713572066704308,2.773193755243345
0.0,-0.16559433595931639
4.61512051684126,2.983441312446009
0.0,0.1122953638685309
0.0,-0.25553393466150753
0.0,-0.39348019669571954
5.298317366548036,3.4017761429430498
0.0,0.40423420816967637
1.6094379124341005,2.3077486575243067
3.9889840465642745,3.1436231515869384
0.0,-0.10248695068630798
0.0,-0.008848678752495953
0.0,0.36262493502934046
0.0,-0.10999922509017512
4.31748811353631,3.2297120754459896
4.48863636973214,3.4434537269616663
0.0,-0.02650124211657312
4.532599493153256,3.904661440891881
2.833213344056216,2.9898090681180713
4.04305126783455,3.8439793462880996
4.418840607796598,3.290081372787257
3.367295829986474,2.769497469475613
4.304065093204169,2.652946176295913
0.0,0.09067306108838125
0.0,0.10529440529316969
3.218875824868201,3.3024392102301334
0.6931471805599453,2.695622013013324
0.0,0.880599717805349
4.68213122712422,3.242271673592998
0.0,-0.11341155630162758
3.091042453358316,2.9905936996922886
5.4638318050256105,3.5177898218908807
0.0,0.07400765915030472
4.110873864173311,3.320822702105042
3.6635616461296463,3.248758647203123
0.0,0.23871855184925161
0.0,-0.011689410728340954
3.784189633918261,3.1539270366284207
0.6931471805599453,2.756915728554481
0.0,-0.06758702874082445
0.0,0.3076602395428887
4.634728988229636,3.855074207281569
4.6443908991413725,3.714429506451887
2.302585092994046,2.8773058794217423
1.3862943611198906,2.8667404403460433
0.0,-0.32700298783878656
0.6931471805599453,2.6848649115268826
1.791759469228055,2.814902829702171
0.6931471805599453,2.529254610475291
4.77912349311153,3.144546626990377
0.6931471805599453,2.99310647364063
3.828641396489095,3.0628265224776072
0.0,-0.6608475596714616
0.0,-0.15979798215683294
0.0,-0.6106068077520179
0.0,0.6458596071653178
0.0,-0.3165161550604938
1.0986122886681096,2.1749640406892943
0.0,0.5378120590851752
5.484796933490655,3.881665121148031
4.68213122712422,3.323333303465096
4.276666119016055,2.759676258290053
5.181783550292085,3.6112812560028464
4.0943445622221,3.192086257447301
1.0986122886681096,2.788120203105401
0.0,0.7977602905611121
1.0986122886681096,3.4267289623527226
1.9459101490553128,3.0363955323410226
0.0,0.7256392633400992
0.0,-0.02806441133492621
0.0,-0.4774814183893059
0.0,-0.5700358176764393
0.0,0.27804761546744006
0.0,-0.09791227338321074
0.0,-0.07772124608852726
0.0,-0.32621566592804063
5.613128106388071,3.540584855936019
0.0,-0.23612791445329284
0.0,-0.6482431453885762
1.791759469228055,2.009923073903701
1.0986122886681096,3.0696860530380317
0.0,-0.45188465724009275
0.0,0.4635071464515179
3.091042453358316,3.549741349540904
4.0943445622221,2.701021229710477
0.6931471805599453,2.2893320238109016
0.0,0.49471486763284034
0.0,-0.22847730907123864
4.890349128221754,3.3540416251873326
2.5649493574615367,3.17060473111579
3.4657359027997265,2.610120230616588
0.0,-0.3868882345686777
4.07753744390572,3.5093195309145155
4.3694478524670215,4.330627314670293
0.0,0.3709269324022739
3.4339872044851463,2.8210243154560004
4.543294782270004,3.3705866081021068
3.49650756146648,3.0409509475277727
2.8903717578961645,2.8308071438325246
0.0,-0.23348099232196873
1.0986122886681096,2.4328825747073504
0.0,0.11142661958967981
3.80666248977032,3.220963098571113
3.044522437723423,2.5084491114768177
0.0,0.5938781511340185
5.049856007249537,3.2148134081684727
0.0,0.5933704125925834
2.772588722239781,2.9733041352415555
1.6094379124341005,3.044811664560894
2.833213344056216,2.7527509862926203
2.302585092994046,2.2421495010065424
0.6931471805599453,2.03236834215907
0.6931471805599453,2.6427955993555923
0.0,0.10261181939870445
4.6443908991413725,3.089931333865855
0.0,0.2537175242145915
0.6931471805599453,3.3494965103586885
5.198497031265826,3.4300061011226046
0.0,0.22229196599741852
0.0,0.33538242435615917
4.890349128221754,3.802885309755886
1.3862943611198906,2.041393656145542
4.5217885770490405,2.921417968055068
0.0,0.36704500903906556
0.0,-0.29424589595056627
1.0986122886681096,2.6012383162163264
0.0,-0.3508655587732412
4.59511985013459,2.8218003195376373
0.0,0.00928982611165563
4.248495242049359,3.0567431966872762
2.639057329615259,3.234070517372945
0.0,0.6091592420286409
2.5649493574615367,2.571043137664652
0.0,0.11958398605031495
2.4849066497880004,2.665125097639227
5.267858159063328,3.2669442296404028
0.0,-0.1267102413462724
0.0,0.012091786204388999
0.0,0.1951638109578997
0.0,-0.48423573449522817
4.787491742782046,3.392716920390755
5.575949103146316,3.3307168381152277
3.332204510175204,3.2978272562972086
3.091042453358316,2.729388246123541
0.0,0.18773484551622865
0.0,-0.787814609110328
0.6931471805599453,2.62580388822288
2.302585092994046,2.9808276864411622
0.0,0.35580033522518684
0.0,-0.16867870711724509
0.0,0.9441016462717087
3.7612001156935615,3.102338168960657
4.23410650459726,3.0389880011790127
2.833213344056216,3.336452993966586
0.0,-0.09665860008863691
4.454347296253507,3.5570859427218644
0.0,0.2770795785690843
2.4849066497880004,2.575307164958113
2.19722457733622,3.179658047187387
3.610917912644224,3.0956283748465703
0.0,0.13334988811506965
0.6931471805599453,3.2141430494231393
3.555348061489413,2.8455049008990763
0.0,-0.18940654146855884
0.0,-0.12363705969892957
1.791759469228055,2.5681700453611986
0.6931471805599453,2.14309249081007
0.0,-0.7904647478774729
1.0986122886681096,3.1147786652654204
4.7535901911063645,3.25406407934616
0.0,-0.2770916516449655
4.442651256490317,3.119716252873584
5.068904202220232,2.9110959975353015
1.3862943611198906,2.2449995984931315
4.248495242049359,3.622636620766336
0.6931471805599453,2.699733251783509
0.0,0.10572465257427077
0.0,-0.062263768447191836
0.0,0.19244487588098957
4.564348191467836,3.4750306732124674
0.0,-0.32394981764434405
1.791759469228055,2.309531460603957
0.6931471805599453,2.7734573242804172
3.80666248977032,3.106945408116233
4.02535169073515,3.0409136083229202
2.639057329615259,3.235463286029238
3.737669618283368,3.3705262570654426
0.0,-0.5011401616466298
0.0,0.5962929086933766
0.0,-0.25162066145715967
0.0,0.3159272472640966
0.0,0.19152514756915995
0.0,-0.36812802988879056
3.044522437723423,2.99732467402014
1.0986122886681096,2.236710421554145
0.0,0.3469768488976541
0.0,0.10659046523876325
1.0986122886681096,2.760100228379232
1.3862943611198906,2.7641976502285086
4.262679877041316,2.7492143271051503
0.0,0.11456835655922415
0.0,0.09459229764159338
0.0,-0.38312143156253864
4.343805421853684,2.4952832518013857
4.406719247264253,3.075097317501389
0.0,0.34240673959659773
0.0,0.05369129984347776
0.6931471805599453,1.9270104547458764
1.0986122886681096,3.642880227588941
2.079441541679836,2.734457128828323
0.0,0.2652697822403216
3.044522437723423,2.955021524991815
0.0,-0.34889215131416274
4.158883083359672,3.643098512573837
0.6931471805599453,3.531671743928575
0.0,-0.34226366042482015
4.007333185232471,2.6481335504988337
4.919980925828125,3.0998013551481822
0.0,-0.12236828742869177
3.7612001156935615,3.354863118038771
4.890349128221754,3.0298456274005474
0.0,-0.47100452537574133
0.0,-0.48053815886619367
1.0986122886681096,1.93767366859724
0.0,0.12890471063527076
0.0,-0.1446164111468622
3.258096538021482,2.968006611217251
1.6094379124341005,4.070962645510143
0.6931471805599453,2.0994608568761413
0.6931471805599453,2.6166680992060387
0.0,0.844547288829812
3.8918202981106265,2.9661924782889946
1.6094379124341005,2.551590032082606
0.0,-0.1560003178919791
0.0,0.31684506942153723
0.0,-0.32253351964599775
0.0,-0.4440237152305775
0.0,0.6615844163547564
0.0,-0.5005522024159128
0.6931471805599453,2.750229581625182
1.0986122886681096,2.793115096290644
0.0,0.22405154981344544
0.0,-0.16033935485227246
2.772588722239781,3.282765565849492
1.791759469228055,2.12974924776053
4.007333185232471,2.8859500862453156
4.77912349311153,3.367430118553473
2.833213344056216,2.7590917372529353
3.1354942159291497,3.0191364650017847
1.3862943611198906,3.0948538395084038
0.0,-0.21664400099345693
1.3862943611198906,2.8678657254743385
3.4339872044851463,3.7217420015658336
3.828641396489095,2.8539412729733193
0.0,-0.4611140422232469
0.0,0.3091407953578087
1.791759469228055,2.634505650084904
0.0,-0.32536590160461953
0.0,-0.29129772627001405
0.6931471805599453,2.434569902953583
0.0,0.25329287724826255
0.0,0.43362132781666496
0.6931471805599453,2.2886398769873897
5.308267697401205,3.771866845799356
5.153291594497779,3.5703407090505643
3.9318256327243257,3.1367644525265277
0.6931471805599453,2.043003201343695
0.0,-0.1419780933193493
0.6931471805599453,2.6921670437477534
3.970291913552122,3.030139388078264
0.0,-0.5089157528465149
0.6931471805599453,2.9096305664541573
4.07753744390572,2.9828588683690613
0.0,-0.4410970790950355
4.564348191467836,3.1146037613670523
0.0,-0.03850816482022257
3.7612001156935615,3.5249270822837255
3.688879454113936,3.1043031246550434
3.1354942159291497,2.8384144306877044
0.0,-0.32550807797124737
0.0,0.09108972729293896
4.691347882229144,2.8674636785938383
0.6931471805599453,2.1396211580977567
3.912023005428146,3.473100784016192
0.0,-0.10979856087241568
1.0986122886681096,2.073574881738331
2.70805020110221,2.7345999403881915
0.0,0.17264818039151075
0.0,0.7300711404316318
0.0,-0.35271272799719267
3.1780538303479458,3.3222811979365128
3.258096538021482,2.3421920848218125
5.1298987149230735,3.2404336811582795
0.0,-0.3611246699071402
1.0986122886681096,2.4375948369009715
0.6931471805599453,2.9919539075975865
5.267858159063328,3.1748212675157887
0.0,0.1147381314041116
4.454347296253507,3.1335940943080853
4.356708826689592,2.9162173169533405
0.6931471805599453,2.3442634081020928
3.8712010109078903,3.343871730153578
3.1780538303479458,2.5997763297965104
0.0,0.4581325492632622
0.0,-0.13197801403141507
3.9318256327243257,3.249975085193481
2.8903717578961645,2.559884627875583
0.0,-0.5169660567186551
0.0,-0.4121017437908052
1.6094379124341005,2.826353371582996
1.0986122886681096,3.000774809933617
3.8918202981106265,3.1383966833716617
4.653960350157523,2.856940261312954
0.0,-0.0671649452591212
1.0986122886681096,2.9687583191206626
2.4849066497880004,2.1378832962676615
2.19722457733622,3.086040421740556
0.0,0.27941713146081404
3.784189633918261,3.095738527886489
4.204692619390966,2.750961513436141
0.0,-0.2404506468694554
0.0,-0.002881097616307393
0.6931471805599453,2.8933431541855503
0.0,0.19512589579549822
3.5263605246161616,3.099421252702333
1.0986122886681096,2.988632494437278
0.0,0.16328214894672777
0.0,-0.4730426565236394
3.295836866004329,3.1202990124724934
2.19722457733622,1.9830727082196762
5.056245805348308,3.072134433349433
0.0,-0.185009161780322
0.0,0.6175248751462998
0.0,-0.3071688749450021
0.0,0.4737742330268653
3.1354942159291497,3.1226819124454397
2.833213344056216,2.687843222634891
4.07753744390572,3.5079939861378318
0.0,0.23597802575766114
1.791759469228055,2.740918788522048
0.6931471805599453,3.2883988658657035
4.007333185232471,2.676922118505162
3.58351893845611,2.679756994254652
0.0,0.11718384966160689
2.9444389791664403,2.955679954524558
1.0986122886681096,2.59080204664535
3.4011973816621555,2.963763195295157
0.0,-0.09157658518550438
3.58351893845611,2.6296914725099585
0.0,0.3021853569510189
1.6094379124341005,2.598262319202589
0.0,-0.2558081145115949
0.0,-0.23960693802223032
3.9889840465642745,3.276495695550607
1.0986122886681096,2.2198533653412706
0.6931471805599453,2.607199695524693
0.0,-0.3698346683608671
3.6635616461296463,3.39352082688935
0.0,0.1159067767491575
4.787491742782046,3.149563405006062
1.0986122886681096,3.1936413970314788
0.0,0.20188553140927468
0.0,0.044092769813330435
0.0,-0.11662946134651864
0.0,-0.4141643631322989
0.0,-0.02744152779092457
0.0,-0.22276498263614242
4.653960350157523,2.7766206373509528
0.0,-0.09999649927898879
0.0,0.3968104197935627
3.784189633918261,2.8189248756314154
2.772588722239781,2.7230755391198835
0.0,-0.034740536678452116
0.6931471805599453,2.2966531634656633
1.791759469228055,2.928365377823009
4.770684624465665,3.346387849398061
0.0,-0.00295086868603045
0.0,-0.4889062247520841
1.0986122886681096,2.632122845733667
1.0986122886681096,2.761130158435622
1.0986122886681096,2.8103717327797058
0.6931471805599453,2.6572372485160614
3.258096538021482,3.6160553896369434
2.302585092994046,2.817148908533401
0.0,-0.16364796835242945
3.784189633918261,2.534728842375335
4.553876891600541,2.8761901252200888
0.0,-0.6134601259331225
5.241747015059643,3.403208635642012
4.406719247264253,3.0498943374651555
1.3862943611198906,2.578231831289995
1.0986122886681096,3.073533598782186
0.0,-0.17141282545580072
5.0238805208462765,3.1560311487724984
0.0,-0.19887488377994522
1.0986122886681096,2.642894917903586
0.0,-0.4362396992976185
4.564348191467836,3.080014165149292
0.6931471805599453,2.8984659674888182
0.0,0.39001515791553665
0.0,-0.19927933897510242
1.0986122886681096,2.182915074197984
0.0,-0.1763204037291306
4.02535169073515,3.4730815735386975
3.713572066704308,3.3953476367096345
4.248495242049359,2.723299532075342
0.0,-0.3707046065761004
0.0,0.187053139152225
0.0,-0.30587267767297366
0.0,-0.025529158388601925
0.0,-0.30085061048333683
0.6931471805599453,3.1171081289040456
0.0,0.14256364012026213
0.0,-0.32929493395330445
3.951243718581428,2.999381891211219
0.0,0.053023585349957436
3.951243718581428,3.615787443250144
0.0,-0.45582995702592877
0.0,0.0975149659830501
0.6931471805599453,2.6513053610154076
0.0,-0.20425699405123332
0.0,-0.38104577865578015
0.0,0.9164417132259317
0.0,-0.10075790203540613
0.6931471805599453,2.0767275498231563
0.0,0.034307631591022236
0.0,-0.0799383655113104
3.367295829986474,2.748025230734822
0.0,-0.3919854647460652
0.0,-0.12889647682628214
3.784189633918261,2.30367662976527
0.0,-0.491885664140582
0.6931471805599453,3.0058525650961285
2.4849066497880004,2.2074154562243224
1.791759469228055,2.4481408105106013
0.0,-0.48704689106214216
0.0,-0.08196925473613703
1.791759469228055,3.413501546471866
2.9444389791664403,3.6045866373567845
0.0,0.18806293007590047
0.6931471805599453,2.4749540953824427
0.0,-0.2764838656536073
0.0,0.002545641785367536
2.772588722239781,2.3260950781716123
0.0,0.34875205633663264
3.6635616461296463,3.0851716225879797
2.8903717578961645,3.1711404512875676
0.0,0.6849569815083243
1.9459101490553128,2.83279696091983
0.0,-0.24059790049575724
4.060443010546419,3.9548672720004094
0.0,-0.07067833072761753
4.007333185232471,3.0138845975447843
0.6931471805599453,2.199323155233073
0.0,0.2650743438043155
0.0,-0.47073315538072125
0.0,-0.04333755332610423
4.48863636973214,3.817671317801044
0.0,-0.12609747458184728
1.791759469228055,2.5022146705790247
0.0,0.7201991010990838
0.0,-0.0033801227884739937
4.543294782270004,3.543540633610741
0.0,0.3983187794360892
0.0,-0.03431325317234868
4.61512051684126,3.5531296892908677
2.5649493574615367,3.157138355876093
0.0,-0.21674756138744034
0.0,0.07777417085112415
1.0986122886681096,3.4506925739792966
0.0,-0.726771995722729
0.0,-0.0024995809308805406
0.6931471805599453,2.8829085735475046
1.6094379124341005,2.6721421132851075
0.6931471805599453,2.8623383843885026
0.0,-0.05143204815629998
3.8918202981106265,3.558849979373738
0.0,-0.1748579778961754
3.58351893845611,2.9108044219199263
0.0,0.34178490005910467
1.9459101490553128,2.0239327906733537
3.044522437723423,2.9427881194548875
0.0,0.5240490280282717
0.0,-0.13616323264706143
2.639057329615259,2.251797905475875
3.8712010109078903,2.6294241559929983
0.0,-0.1932196124969976
0.6931471805599453,3.1089258540239957
2.772588722239781,2.359357965557545
4.51085950651685,2.9403870285252323
3.7612001156935615,2.5396821533199323
3.58351893845611,3.044564064797768
1.3862943611198906,2.3319185995799123
0.6931471805599453,2.7382295007944153
0.0,0.15338813838633492
0.0,-0.40020701456401486
0.0,-0.1923321703921852
0.6931471805599453,3.2404488221420324
0.0,-0.3432664540684853
1.9459101490553128,2.6388422722056815
0.0,-0.15399425804552624
0.6931471805599453,2.8133759055493694
2.19722457733622,1.9888166369786533
1.0986122886681096,2.006580859828914
0.0,-0.49054531408807067
0.6931471805599453,2.067642807238053
0.0,-0.42274992097553277
0.0,-0.3375662549492917
1.0986122886681096,2.5861441440725774
0.0,0.14118732063846529
1.0986122886681096,2.732099232833156
0.0,-0.44036728309130924
2.079441541679836,2.5178200534717785
0.0,-0.35857833974918263
2.079441541679836,2.560434363490354
0.0,0.000527449783152445
0.0,-0.2774074779425022
3.5263605246161616,2.82100132636413
2.639057329615259,3.182190881300346
3.1780538303479458,2.823565459680749
1.0986122886681096,2.6684058228795884
0.0,-0.21782350058928435
2.19722457733622,2.6865559309450804
3.610917912644224,3.0524641245175106
0.0,-0.6817155872945206
0.0,0.2014243517173142
2.5649493574615367,2.7648287925109107
0.0,-0.18570762395525398
0.0,0.1478971908659572
4.248495242049359,3.305479647567903
3.49650756146648,3.2114686374045
0.0,-0.48686737537241065
4.430816798843313,2.9839145979782646
0.0,0.18532626505215566
0.0,-0.4233174710502241
0.0,-0.30314068092324487
0.0,0.001157587205117272
0.0,-0.011928688797410825
0.0,0.40818025424573645
0.0,-0.30640772679907435
3.737669618283368,2.7864720658422444
0.0,-0.14433238737308263
0.0,0.17560693993137821
3.9889840465642745,2.5845402864291325
0.0,-0.32074384751748575
0.0,0.41651302909188637
3.8501476017100575,3.6892819766243474
0.6931471805599453,2.347846388428369
3.295836866004329,3.269019039040943
0.0,0.1387353832999123
3.713572066704308,3.093763333367942
0.0,-0.29916747922712483
2.9444389791664403,3.055055623466777
2.5649493574615367,2.150168759973442
4.51085950651685,3.6326070102515775
0.0,-0.41234589342881556
0.0,-0.5883953543806908
0.6931471805599453,2.2669361343578847
1.791759469228055,2.758292582444722
1.6094379124341005,2.7037809060148774
0.0,1.2541569253214302
0.0,-0.5200450105126229
0.0,0.079077129999368
3.828641396489095,3.105089156052838
0.0,0.06435737191488755
0.6931471805599453,2.2360032698144425
0.0,-0.013908398568884817
0.0,-0.3390195715823041
4.330733340286331,3.4896738669313523
2.9444389791664403,2.9279396909058204
2.302585092994046,2.918605353722596
0.0,-0.24142852091441203
4.31748811353631,3.0099210898644824
3.58351893845611,3.5430252163423677
0.0,-0.21840881836665282
1.9459101490553128,2.2816730048130998
0.0,0.4199116636055409
0.6931471805599453,2.565298726740934
2.4849066497880004,3.2720665336313974
0.0,-0.41052343235660427
1.0986122886681096,2.56448956588008
0.0,0.06365869194714335
0.0,0.08250140900743563
0.0,-0.3037089036586891
3.555348061489413,2.7165065690355226
3.951243718581428,3.2807069920450096
4.0943445622221,2.8193138376983002
0.0,-0.005890626703274338
0.0,-0.1634795799046631
2.995732273553991,3.0955751210895635
0.0,0.3793674837991956
2.19722457733622,3.1472764231692967
4.219507705176107,2.690623351364909
0.0,-0.41185302381819744
3.610917912644224,3.124015862841217
0.6931471805599453,2.851982623452855
1.0986122886681096,2.47854042941056
0.0,0.6447543986343469
0.0,0.03133277878667817
3.912023005428146,2.5848802071205057
0.0,-0.6597328287710771
2.70805020110221,2.528978631079174
2.079441541679836,3.195201833392336
0.0,-0.10320131274328226
3.9318256327243257,3.020733564479333
0.6931471805599453,2.816410452111082
4.477336814478207,3.0839855265056535
0.0,0.027842844975784153
0.0,-0.3179024663550747
4.174387269895637,2.817549550220869
0.0,0.08192645193125103
0.0,0.3472160704456393
0.0,0.3493025945445092
0.0,-0.2094791234817479
4.304065093204169,3.0214175747224905
0.0,0.16712076871280646
3.1780538303479458,3.0306067720803376
0.6931471805599453,2.404924142991314
2.8903717578961645,3.307136797837524
1.0986122886681096,2.147300574417731
4.304065093204169,2.981216101256197
3.8501476017100575,2.916782930077095
4.204692619390966,2.738220164933146
0.0,-0.16729950180616315
0.0,0.13132506718770554
2.70805020110221,2.887996610388705
0.0,-0.44305662775047105
0.0,0.41688619313761843
4.343805421853684,2.883894868619984
0.0,0.6770450144934166
0.0,0.2825442043515287
0.6931471805599453,2.1979266984451433
0.0,-0.14582134514428446
0.0,0.4993759212681421
0.0,0.08117813222251868
0.0,0.48272494171074976
0.0,-0.4968901358998967
0.0,0.5739616094544138
0.6931471805599453,2.3863733990347593
0.0,-0.5567525219003655
0.0,0.018290134326762075
0.0,-0.18026999907402486
3.912023005428146,3.198974981370995
0.6931471805599453,2.15024193666587
3.828641396489095,3.7864594330095525
0.0,-0.39018970521236795
0.0,0.24956409824003023
1.0986122886681096,2.3593094817417404
4.04305126783455,3.2312017365990986
0.0,-0.38777739948097567
0.0,0.12901651695743577
0.0,-0.23374095623500724
2.302585092994046,2.6732200544004665
0.0,0.48176257529004296
5.288267030694535,3.0725271620623373
0.0,-0.45336388839376296
4.330733340286331,2.953265982572672
4.418840607796598,3.35770804477424
0.0,0.016322927302773182
4.430816798843313,3.123843685513939
2.19722457733622,2.5275405986095367
0.0,0.14853602598028792
0.6931471805599453,2.442325352872734
0.6931471805599453,2.2240648846125644
0.0,0.6173006463900699
1.0986122886681096,3.0195531101129314
0.0,-0.06659223359214317
4.219507705176107,3.135852878878171
1.0986122886681096,1.9403303115498887
0.0,-0.421152708827778
0.0,0.30585955462934056
0.0,-0.24613166492058802
0.0,-0.5815296508412562
1.0986122886681096,2.7966376201304795
0.0,-0.27900877365957877
3.8501476017100575,4.556974316651006
0.0,-0.05811616643332118
0.0,-0.07634932462802069
0.0,-0.3728206285395892
0.0,0.45061060288279986
0.0,0.5047070923418695
3.4657359027997265,3.5574411011385534
3.9318256327243257,2.5532277537023162
5.480638923341991,3.2733624237636807
0.0,0.04327834035188083
0.0,-0.3453865381008856
2.302585092994046,2.225998107689241
0.0,0.549591941846616
0.0,-0.412963130056315
0.0,-0.5500581753192666
0.0,-0.2746414663936858
3.1354942159291497,2.9565076041475917
4.127134385045092,2.697759346714182
1.0986122886681096,2.315400731657355
1.0986122886681096,2.2459474407120146
3.4339872044851463,2.665348508727482
2.079441541679836,2.6423269758985057
0.0,0.008199878820600137
3.295836866004329,3.0129409337723
2.639057329615259,2.9672880154791197
0.0,-0.2225309269587643
0.6931471805599453,2.033024486991367
4.007333185232471,3.693356659555503
0.0,0.003900169197523784
4.875197323201151,2.673880004997654
5.117993812416755,3.398940020445827
0.0,-0.49521660289846725
4.691347882229144,3.195479768429566
0.0,-0.34755756691363704
0.0,0.495843642125803
5.501258210544727,4.047360980913975
0.6931471805599453,1.9405426173523577
0.0,0.33682782359141283
0.0,0.1726550056245042
0.0,-0.003151496971920187
3.4339872044851463,3.131142522807865
4.543294782270004,2.949853620279712
0.0,-0.6755887056422001
2.079441541679836,2.310863813590364
0.0,-0.33448912030711764
4.48863636973214,2.408454046785165
0.6931471805599453,3.2801540191364458
5.402677381872279,3.8233095224042173
3.7612001156935615,3.4118085121547934
0.0,0.570692307143362
0.0,0.554055890342555
4.143134726391533,3.1417306402840985
0.0,-0.4374331440251944
0.0,-0.4203370485283018
0.0,-0.7140675364554694
2.8903717578961645,3.5220887270060395
0.0,0.5249334458771131
0.0,0.027202282755608653
0.0,0.09481249925739865
1.6094379124341005,2.2724269013036507
0.0,0.14647038318005912
0.0,0.8941107564071251
0.0,0.06107800404667851
3.9318256327243257,2.975178871570271
0.0,-0.44022230797334627
3.688879454113936,4.201502527491346
1.0986122886681096,2.7632063639777247
0.0,0.012890792221406322
3.8918202981106265,3.291084142891262
0.0,0.32754811068561707
3.80666248977032,2.8777005783634113
3.49650756146648,2.9539130066301764
0.0,-0.3400164413987161
4.110873864173311,2.399504296977666
0.0,0.12944077461329373
4.31748811353631,3.269801784731488
2.8903717578961645,2.195897959136415
4.262679877041316,3.3225876522458853
2.079441541679836,2.936863112811391
1.0986122886681096,3.0681660733559837
4.59511985013459,3.777350031603595
1.0986122886681096,2.7292981449939138
3.4339872044851463,3.5861585443270796
0.0,0.20352503429044666
2.5649493574615367,2.426564777700317
0.0,0.26125410960950535
2.302585092994046,3.1011650703591753
0.0,0.5698930019241204
0.0,0.3799579450616546
3.9889840465642745,3.311047572369545
0.0,0.8470929992463817
3.8918202981106265,3.444198103070953
0.0,0.47573859463655666
0.6931471805599453,3.06527845238936
0.0,0.40390137982601404
4.6443908991413725,3.2094496595242292
0.0,-0.5232161303801952
0.0,0.22402962429134732
0.6931471805599453,3.3254409002803937
0.0,0.044804736508982534
0.0,0.7345888547053603
3.8712010109078903,3.239295812020152
0.0,-0.2719834175282356
3.1780538303479458,3.1678752921264963
0.0,-0.17779336077125052
0.0,-0.5031808691179505
5.030437921392435,3.520399601461472
0.0,-0.26993996749047344
0.0,0.13731591564283674
4.68213122712422,3.9223427697604487
4.406719247264253,2.9694852184214673
0.0,0.5666197748508726
1.6094379124341005,2.4238276044052034
4.454347296253507,3.552171403108038
1.9459101490553128,2.439194300780718
0.0,0.5209599785661674
3.951243718581428,3.1178206531473065
0.6931471805599453,2.6008820513204283
1.0986122886681096,2.8586948612296146
1.6094379124341005,2.6177520073965477
0.0,-0.0831085017572506
0.0,0.3540140841610402
3.828641396489095,2.831503638389776
3.1354942159291497,2.9243181316737545
2.4849066497880004,3.101576338357264
4.564348191467836,3.0119531552324963
4.330733340286331,2.722770243584677
2.9444389791664403,3.0501403288140008
4.394449154672439,3.2006111802925314
0.0,0.45503758921111714
0.0,0.17157768850696842
3.091042453358316,3.021776484734927
4.23410650459726,2.743524207059157
0.0,-0.34332524483554305
0.0,-0.18373975069393778
3.58351893845611,2.817750728619054
0.0,-0.6807948422672347
0.0,0.20375489831412952
0.0,-0.11996097591939847
4.04305126783455,3.26891789287156
0.6931471805599453,2.8419046384332702
0.0,-0.14736782157237016
0.0,-0.35544692154947466
3.610917912644224,3.079757601105144
2.639057329615259,2.739357829872949
0.0,0.42093526154913885
4.875197323201151,2.6514777893133727
4.007333185232471,3.8595611984262583
1.0986122886681096,2.644757560874937
1.6094379124341005,2.364387430379079
0.0,0.35125590772307014
0.0,-0.4417710381642679
3.218875824868201,3.307569068005122
1.9459101490553128,2.5529838827090057
0.0,-0.15852147409536732
4.442651256490317,3.6612917397256854
0.6931471805599453,2.237419001076287
0.0,0.3895154107347465
4.3694478524670215,2.9353025563819304
4.718498871295094,2.994144289135716
4.51085950651685,3.2535197031113534
1.791759469228055,2.9907273976922726
4.330733340286331,2.9323741284583758
0.0,-0.13802586899289238
0.6931471805599453,3.4066027027393084
4.844187086458591,3.095175223010857
0.0,-0.23523700021603533
0.6931471805599453,2.8606606196838316
4.110873864173311,2.978563161128262
2.639057329615259,2.771186527054788
0.0,0.4819142391763642
0.6931471805599453,3.3088639405477496
2.3978952727983707,2.7702329791088998
0.6931471805599453,2.9815760661372677
2.833213344056216,2.9439958402883986
2.9444389791664403,2.9832342865887473
1.0986122886681096,2.7364073822861794
1.0986122886681096,2.929865617486053
3.044522437723423,2.8998785372932883
4.204692619390966,2.7294199744642786
0.0,0.5837928730294581
0.0,-0.10855778253914083
0.0,0.008146641040197133
4.653960350157523,3.209979760518259
4.605170185988092,3.2375142274490765
0.6931471805599453,4.166040772768925
0.0,-0.3996454214079872
2.772588722239781,2.689112397315344
1.0986122886681096,2.131257698406992
1.6094379124341005,2.7133301225077235
1.3862943611198906,2.1643447474214472
0.0,-0.0761033383138694
0.0,-0.38195055768757324
4.189654742026425,2.897846680198918
4.127134385045092,2.536454958582829
0.0,-0.17864282835566714
1.0986122886681096,2.2613057207406193
3.295836866004329,2.882300843446855
5.19295685089021,3.3185208335962177
3.6375861597263857,2.4972960844283696
3.9318256327243257,2.898885477156547
0.0,-0.43367686238925574
0.0,0.4700081352708225
1.3862943611198906,2.480682811571797
4.127134385045092,3.349911775024867
4.418840607796598,3.1316547553235683
0.0,0.5096601297995482
0.0,0.04426077429644515
1.9459101490553128,2.54168595167205
4.787491742782046,4.106871399961548
0.0,0.5769534794122202
0.0,-0.17945580721209975
1.0986122886681096,2.615047023812523
0.0,-0.4414857023232872
2.4849066497880004,3.341343808585982
5.2574953720277815,3.8314691131094394
0.0,0.7149048278180992
4.736198448394496,3.5224073472288295
3.091042453358316,3.1995881152154975
0.0,-0.4912290144371041
1.9459101490553128,2.579395064960857
2.772588722239781,3.158837099297073
4.634728988229636,3.0160229885356804
3.80666248977032,3.1383117811839054
0.6931471805599453,2.8700540042180265
0.0,0.8505517733231049
0.0,0.5943849192894002
2.8903717578961645,3.190622409074516
3.784189633918261,3.2306269376287564
0.0,0.03919044256768034
5.332718793265369,3.2116969032757763
3.9318256327243257,2.9475913326197736
0.0,-0.5707725373426973
0.0,0.44646828860206567
0.6931471805599453,3.008430102288024
0.0,-0.13724923111153764
0.0,-0.06003796424161134
2.995732273553991,3.101577267711912
3.4011973816621555,2.8634029035789075
3.044522437723423,3.064882048031892
0.0,0.15957668309827877
4.394449154672439,3.5284526459456886
3.5263605246161616,2.8646199104104566
4.382026634673881,3.1709324514085115
0.0,-0.7838370880642591
2.639057329615259,2.8235657768375093
4.276666119016055,2.5359249791428966
1.0986122886681096,3.281272403820311
0.0,-0.4437864878746396
0.0,0.19174871578238672
1.3862943611198906,2.7251640557551426
0.0,0.08859223138986838
5.099866427824199,3.0802936521196544
0.6931471805599453,2.5158854153511943
2.079441541679836,2.777830866621819
0.0,-0.04702159329154898
0.0,-0.22902751693011902
1.3862943611198906,2.7715688779215832
0.0,0.8959519283006445
0.0,-0.23705674643797092
0.0,0.29052926209176944
3.713572066704308,2.7893862811804
3.295836866004329,2.740379990176963
4.430816798843313,3.009129399500164
1.0986122886681096,2.578891545430596
2.70805020110221,2.4563830998393854
3.6635616461296463,3.4930625225402463
0.0,-0.12594065515663488
1.6094379124341005,2.508904677011387
0.6931471805599453,3.159730652941839
0.6931471805599453,2.746073897793347
0.0,-0.355235512715804
0.0,-0.3212517736864897
1.9459101490553128,1.9320309805274634
4.61512051684126,3.0059554945815066
0.0,-0.20612147245299806
3.4657359027997265,2.8938897251463267
0.0,-0.15074716838034208
0.0,-0.3690623420145829
0.6931471805599453,2.252053587238264
1.0986122886681096,2.7094145894101893
4.406719247264253,3.4504866221696777
0.0,-0.1198092160824884
0.0,-0.23503451096284644
4.110873864173311,2.9966604864521758
2.9444389791664403,2.8058734474884575
1.0986122886681096,2.2656240032015442
0.0,-0.37400189785004745
0.0,-0.5224385043233739
0.6931471805599453,3.03842102520218
1.3862943611198906,2.3297949684860964
1.0986122886681096,2.836436291449823
0.0,0.5847177631718972
4.5217885770490405,3.5267053586185337
0.0,-0.38822361297054364
2.079441541679836,2.2001282943116935
0.6931471805599453,2.578063959573038
0.0,0.576712586398374
3.912023005428146,3.0008395141607136
0.0,-0.4225125802216274
0.0,0.3076823926992014
0.0,-0.6281052114636285
1.791759469228055,2.2516192952588043
0.0,-0.21446243969198564
0.0,-0.1830825782406107
1.0986122886681096,2.5321394934663823
4.382026634673881,2.9103389131492485
3.4339872044851463,2.392723962713988
0.0,-0.18685604548914458
0.0,-0.0728057584793409
0.0,0.02198625820155109
1.0986122886681096,2.2542465500437783
3.9889840465642745,3.0581701858143653
0.0,-0.4051170608216341
4.820281565605037,3.83756773867566
3.7612001156935615,2.935513116649672
3.091042453358316,3.0874719807590516
0.0,-0.15355821783827484
3.8918202981106265,2.808661849704605
0.6931471805599453,3.020302151133511
0.0,0.915761801768707
0.0,-0.3553867424753512
1.791759469228055,2.434274833862135
0.0,-0.07742861109124544
0.0,0.6579976058001624
0.0,-0.33468641375859853
1.6094379124341005,3.2263793578411875
4.290459441148391,3.761957876968534
3.6635616461296463,3.4718566561069535
2.639057329615259,2.2142167545680818
0.0,-0.05404060064984528
3.218875824868201,2.835471591501304
2.8903717578961645,3.2146707626910884
4.204692619390966,3.8248281993345135
1.0986122886681096,2.9460613131505102
4.787491742782046,2.8706775493926395
4.23410650459726,2.862199055027896
2.995732273553991,2.9995765264914733
0.0,-0.2811700444377587
4.454347296253507,3.418803910024601
5.204006687076795,3.546495860984736
3.9889840465642745,3.3917893326754784
1.0986122886681096,2.821338213478236
0.0,0.5439125209100264
0.0,0.14119266835408895
1.0986122886681096,3.116886982136498
0.0,-0.152294027024374
0.0,-0.4387186944065746
3.8501476017100575,3.275766979099859
3.784189633918261,2.210511479790162
0.0,0.2491097946017351
0.0,-0.22421420910658574
0.0,-0.47537181139947693
0.0,0.3808750615670231
1.791759469228055,2.6167343265312564
0.0,0.3549915441768008
0.0,-0.3598082777635052
1.3862943611198906,3.0938407420439313
0.0,0.12517549409589135
0.0,0.19089122501196676
0.0,-0.22504878420677832
0.0,0.3791133388288128
4.219507705176107,2.6715893460859537
0.0,-0.0529255150014003
0.0,0.04163281634108529
0.0,-0.014168186343991307
0.0,-0.2934907955211754
2.5649493574615367,2.8948523785561786
0.0,-0.045705466996125876
0.0,-0.4802784492219465
0.6931471805599453,2.573846643131702
3.713572066704308,2.441651133760808
3.784189633918261,4.049244028749211
1.6094379124341005,2.581438610241697
3.737669618283368,3.164241830964597
0.0,-0.298904414419606
4.31748811353631,3.0231587532052115
0.0,0.2871283672832228
0.0,0.1951106216883436
0.6931471805599453,2.4078801457074404
4.127134385045092,3.317592678689258
0.6931471805599453,2.348641705610312
3.688879454113936,3.5476039453555286
4.553876891600541,3.0430650959611247
2.079441541679836,2.6892702610329886
3.828641396489095,3.404489086173395
3.6635616461296463,2.7194780641596292
4.532599493153256,3.3279662208433436
4.812184355372417,3.8950007242712896
1.3862943611198906,2.4401174558354324
4.820281565605037,3.0502377282478887
0.0,-0.1522848782281272
3.218875824868201,3.3188660094042
0.0,-0.5027042215664106
0.0,0.653602246959992
0.6931471805599453,2.29837996993364
3.6635616461296463,2.2873471050058436
2.302585092994046,2.721423115886159
4.0943445622221,2.8532447256155713
4.990432586778736,3.667726043142169
0.0,-0.4977579350468333
0.0,-0.2774230866853924
4.23410650459726,2.571052304297709
3.332204510175204,3.441909551995294
0.6931471805599453,3.1256078219985177
0.0,0.5605706361886269
0.0,0.704232932382272
4.574710978503383,3.3336512860393523
1.3862943611198906,2.6023747545398264
4.189654742026425,3.248511667364027
2.19722457733622,3.0058109455071396
4.189654742026425,2.562909395801963
4.143134726391533,2.7882421166506965
0.0,0.6226806146244328
4.07753744390572,2.9615604334198293
0.6931471805599453,2.743550473559171
5.159055299214529,3.4863892632553903
1.791759469228055,3.1619084270738895
0.6931471805599453,2.964718507542777
0.6931471805599453,2.662641469458447
0.0,-0.10684950628963596
0.0,-0.2896862648859666
0.0,-0.27370076517589403
0.0,0.20830631080637163
4.110873864173311,3.4295772958348345
3.58351893845611,2.824812627144544
0.0,0.5708503868716415
2.302585092994046,2.7311562443059443
3.367295829986474,3.020359592842689
1.0986122886681096,2.420745846137223
0.0,-0.3769891554529492
2.302585092994046,2.722672426949712
0.0,0.17175896509159472
0.0,0.18930402099180998
2.70805020110221,3.192717021671818
3.1780538303479458,2.9813723460721286
4.624972813284271,3.595588906387264
4.219507705176107,3.6085852064970023
0.0,-0.6509892546397276
0.0,-0.4927557302070489
3.58351893845611,3.1129787735548784
3.912023005428146,2.8496788244983637
0.0,0.17464254279319924
0.0,0.8393090483311443
1.3862943611198906,2.9010383952211596
0.0,-0.5847261524869918
4.304065093204169,2.9682496411476786
0.0,-0.3333458140583976
2.833213344056216,2.2016645702664155
2.995732273553991,2.9883991344728926
0.6931471805599453,3.5492271807030633
2.639057329615259,2.6298806578707197
0.0,0.6048643352942504
1.3862943611198906,3.2660039943623076
0.0,-0.22147829214159165
0.0,0.5733914153741861
3.828641396489095,3.266099278005696
0.6931471805599453,2.71383061218098
4.553876891600541,3.361853412577103
0.0,-0.36456788906004567
4.31748811353631,3.5478182732296086
0.0,-0.2790357141269877
0.0,-0.2262180628379591
0.0,0.7014580955810743
0.0,0.5247823485441159
0.6931471805599453,2.3751770307042115
0.0,-0.6738073225174319
0.0,0.6352600903722925
0.0,-0.4541730629117846
0.0,-0.14458941908470835
3.970291913552122,2.903240671104573
0.0,0.16859547645089967
4.060443010546419,3.2273781068108818
0.0,-0.08337088168211215
0.0,-0.556227822205138
4.465908118654584,2.799462473973909
3.295836866004329,3.175599948700552
3.951243718581428,3.4588811160195174
0.0,-0.8464503494082263
0.0,0.16321537704426636
0.0,-0.6353829622813163
0.0,-0.08749269433219231
4.04305126783455,2.7138337969353774
4.477336814478207,2.937951962699079
0.0,0.01703696157488599
3.044522437723423,2.914346413697885
4.174387269895637,3.6782378584777113
4.204692619390966,3.1411165043075435
0.6931471805599453,2.39322337355186
0.0,-0.5456810826015603
0.0,0.3354025625189885
3.8712010109078903,3.9513295654579497
0.0,0.8685954038958874
2.772588722239781,2.33500387035675
1.6094379124341005,2.166351491652213
0.0,-0.5570080670101589
3.713572066704308,2.9117495240680453
2.995732273553991,3.0560291560099992
2.19722457733622,1.878219857368616
4.955827057601261,3.082693079772913
0.6931471805599453,2.013357754450471
0.0,-0.18708322025122337
0.0,0.018320709804850344
0.0,0.031002957907152684
0.0,-0.2640858037422471
3.091042453358316,2.977498242226377
3.6375861597263857,3.224204115263852
1.9459101490553128,2.2334835629359606
4.927253685157205,3.764719174770107
0.0,-0.3626019241901659
3.1354942159291497,3.4053640140204124
5.220355825078325,3.4592962383978025
0.0,0.29279252186907345
5.337538079701318,3.4404524501916978
0.0,-0.5685145057885292
0.0,0.16041234350771694
5.010635294096256,3.1046242302808045
0.0,-0.3219505393103499
4.007333185232471,3.1262214938563577
4.04305126783455,3.2258380333200054
0.0,-0.39374682630887836
3.610917912644224,2.6491000962307085
5.41610040220442,3.3406548219077585
0.0,-0.11253076020758934
0.0,0.13304613480822458
3.912023005428146,2.978031937776122
0.0,-0.364929190072933
4.430816798843313,3.3453908245841557
0.6931471805599453,2.1963970060201348
4.31748811353631,3.321868755544038
2.079441541679836,2.803001765867415
0.0,-0.5541971981588105
4.406719247264253,2.760985855041884
0.0,-0.9337487550058596
2.639057329615259,3.186445988222122
1.0986122886681096,3.063054496012966
1.0986122886681096,2.2647055954551094
2.4849066497880004,3.055487410803085
0.0,-0.3489095794392916
3.044522437723423,3.228795244176283
4.189654742026425,3.223219422267933
2.639057329615259,2.733920301450269
0.0,0.27576981423939184
4.007333185232471,3.259851392035878
0.6931471805599453,2.911543833020317
0.0,0.43132807643457216
0.0,-0.0382440282682488
4.5217885770490405,3.2863555846013486
0.0,0.3463648717761305
3.295836866004329,3.166257523621204
0.0,-0.34964248653191854
0.6931471805599453,2.425353754362911
0.0,0.5169999054385379
4.0943445622221,2.6563867519430557
0.0,-0.25004108998882746
0.6931471805599453,2.522928592989559
1.3862943611198906,2.925241511516477
1.0986122886681096,3.3285406670328443
0.0,0.3250859928847265
4.442651256490317,3.473514072625468
0.0,-0.43848168518740094
0.0,-0.18084944780084644
0.0,1.2887948038519736
1.0986122886681096,2.3103419909058704
5.37989735354046,3.5508051899120323
0.0,-0.07837388002103096
0.0,0.23384963275971615
0.0,0.000845840393306263
0.0,-0.08169708744149462
3.688879454113936,2.7463603179188505
1.3862943611198906,2.8634228915700017
0.0,-0.18430383285117147
0.0,0.9079057191712514
0.0,-0.4331217770936302
0.0,-0.36550528149090544
0.0,-0.41371312187351705
3.49650756146648,3.1768448997059116
0.0,-0.3520964433764422
0.0,0.20922536861033825
3.295836866004329,3.124048298536941
2.70805020110221,2.589093932792597
0.0,-0.21736657223168399
0.0,-0.2720645736544802
4.060443010546419,2.7921555626067387
0.0,-0.2900139557427126
0.0,-0.3219925139581319
3.610917912644224,3.0190335762916125
3.295836866004329,3.2780522991763537
1.3862943611198906,2.9957062742236564
0.0,0.11615720621738568
1.0986122886681096,3.803164476794621
1.9459101490553128,2.241425648695971
3.58351893845611,2.7173378268663173
3.4011973816621555,3.144945115042498
0.0,-0.6377924080835404
0.0,0.062292816760972425
3.1780538303479458,2.8368252742881817
0.0,-0.11175901374145036
0.0,-0.22407856584448327
4.343805421853684,3.376202473332762
0.6931471805599453,2.6611325244352364
3.5263605246161616,3.004687703170441
3.332204510175204,3.2555685402577703
0.0,0.07573338973869781
3.1780538303479458,3.1847036525367436
4.418840607796598,3.272556920793907
0.0,0.1704383587835272
0.0,-0.29926811325611036
0.0,-0.5393591091734287
0.0,-0.14699134353299037
0.6931471805599453,2.464828963923197
0.0,0.026228178484078324
3.218875824868201,3.1700299826751293
3.091042453358316,2.861946853320119
2.995732273553991,2.8750591371295915
4.574710978503383,3.1165847615269913
3.1354942159291497,3.022543681915365
3.091042453358316,2.9021559145386586
0.0,0.33834404113418826
0.0,0.6218929397606332
1.3862943611198906,3.126733088414411
0.0,-0.15315693531804908
4.859812404361672,2.7511348678676746
3.555348061489413,2.7341341904349794
3.9889840465642745,2.683696757993044
2.833213344056216,3.09995271385232
0.0,0.20766312302309498
2.9444389791664403,2.749735968629201
0.0,0.21831806616958338
0.0,-0.29899903350974766
0.0,-0.10590832704749498
0.0,-0.06202248711428715
0.0,-0.505146328401914
5.017279836814924,3.406056309021022
0.0,0.13609315481942486
0.0,-0.4427462357806258
0.0,0.04202825191669768
0.0,-0.11518090450248764
0.0,0.48916356944152706
2.8903717578961645,2.9890681302188966
0.0,0.5172217361586595
0.0,-0.2438926747924648
1.791759469228055,2.3406048406785733
2.70805020110221,2.79266177857229
3.332204510175204,3.4002248440309684
0.0,-0.1468184188375652
3.6375861597263857,2.902520106353478
0.6931471805599453,2.687113848116181
4.219507705176107,3.7041999200922406
1.3862943611198906,2.8311052144768296
2.5649493574615367,2.8528934618029966
0.0,0.6594239860275728
0.0,0.3826520605305601
1.3862943611198906,3.171385369766697
1.3862943611198906,2.6400391333177944
0.6931471805599453,2.9442614821490025
4.584967478670572,3.4498033892093014
1.0986122886681096,2.9101775555582794
0.6931471805599453,2.6082759106850038
0.0,-0.19313584798802585
0.0,-0.7561076319592792
2.772588722239781,2.9971629034563083
0.0,-0.07684095476219044
0.0,-0.1994712296241361
4.02535169073515,2.7180547078831623
0.6931471805599453,2.2228734020500993
0.0,0.32283758579113697
0.0,0.33361086442714827
0.0,-0.1227444715476036
1.6094379124341005,2.476461921520996
0.0,0.2846786199552218
0.0,-0.2547129770946923
3.58351893845611,3.276048218924987
3.49650756146648,3.3097655589741595
5.501258210544727,3.50041820131828
4.941642422609304,3.6950657656920223
0.0,0.2655310321150057
3.044522437723423,2.1350831681386717
1.0986122886681096,2.014885036199512
5.111987788356544,2.870179009404869
0.0,0.17967826924478558
4.262679877041316,3.2554088870290894
0.0,0.12357842865975677
0.0,-0.522415450240584
0.0,-0.46371804007036
0.0,-0.2299166064189504
0.6931471805599453,3.3403605703184747
0.0,-0.516021640590095
0.0,0.11605369004567345
2.19722457733622,3.007859514703733
0.6931471805599453,2.4696538854167804
0.0,-0.22874951901168883
0.0,0.5782274754020467
0.0,0.13291163261152006
3.80666248977032,3.50423513125929
5.017279836814924,3.392170284125034
0.0,0.008399308158820062
3.49650756146648,2.698588840377834
4.158883083359672,2.6932391603938233
3.912023005428146,3.1169873477123455
2.19722457733622,2.4196762662673863
0.0,0.005979253755857172
4.158883083359672,2.83858146373065
0.0,-0.25897500291015696
1.0986122886681096,2.6436332977929755
2.302585092994046,2.341550837991593
0.0,0.31945293061391
4.787491742782046,3.297508292141937
1.0986122886681096,2.7667692714451766
3.713572066704308,3.4548736292805073
0.0,-0.051628152025488205
2.995732273553991,3.015419743615331
2.772588722239781,2.747967674641915
1.3862943611198906,2.7895995783059
2.772588722239781,3.0540005331239612
1.0986122886681096,2.9207877162262736
0.0,-0.2701199791678106
4.727387818712341,3.430880275708258
4.356708826689592,3.627193257533376
1.3862943611198906,2.5432809092685984
0.0,0.48188155229377383
4.330733340286331,2.700111361411196
4.110873864173311,3.343118127651783
2.70805020110221,3.1992682103169208
3.1354942159291497,2.739797806258921
3.9318256327243257,2.5434405806611653
0.0,-0.6931168006522883
0.0,0.5187186277198514
3.7612001156935615,3.804743863123628
4.624972813284271,3.069674968373062
1.0986122886681096,3.0920596974811145
0.0,0.32331460784672506
4.248495242049359,3.1645860307307796
0.0,0.19084443960037878
0.0,-1.0136429060747476
0.0,-0.19769507453502477
1.3862943611198906,2.5733386577204813
0.0,0.05109940096198584
0.0,0.3814206950473966
4.454347296253507,2.8889033444367147
2.8903717578961645,2.8203272663732006
0.6931471805599453,2.85033956439903
3.58351893845611,3.0727614699014456
3.58351893845611,3.2348802278823525
0.6931471805599453,3.1348557237593564
0.0,-0.2702884505829637
3.713572066704308,2.8957355854616664
1.0986122886681096,2.4731270620320167
1.0986122886681096,2.6196220481707697
0.0,-0.39610773107915165
0.0,0.10623268973719924
0.0,0.3288641015951803
1.6094379124341005,3.603778959851981
3.6635616461296463,2.8898331780736166
0.6931471805599453,2.870650747566734
0.0,-0.2746525858192599
2.4849066497880004,3.127356753389808
3.49650756146648,3.3629578947714998
0.6931471805599453,2.372683427094386
0.0,-0.4270130908039249
4.189654742026425,2.8028354198110277
0.0,0.7064600758751731
0.0,0.29480465882365214
5.3706380281276624,3.6974301746057945
0.0,-0.33994075249053823
0.0,0.14955989712586093
3.4011973816621555,2.9468027857589805
3.784189633918261,2.9337010882627723
0.0,0.27175592198258114
3.828641396489095,2.9711856002156463
0.0,-0.3369007763405727
1.0986122886681096,2.965603370938169
3.610917912644224,3.018397563603205
0.0,-0.2286652370671849
1.0986122886681096,2.468116877349079
0.0,0.4891065051445944
4.897839799950911,3.0836948834756157
0.6931471805599453,2.2755285773962353
0.0,0.0016470208886865123
0.0,-0.18242062945194704
0.0,0.3150315219203741
0.0,0.5456878321510692
0.0,0.4600998212789742
0.0,-0.31513609238223195
0.0,0.7048282069767686
3.295836866004329,2.9420217593935813
4.406719247264253,2.6445313347980735
1.3862943611198906,1.9802793015937827
0.0,-0.3635430369999315
0.0,-0.4588290652575924
4.5217885770490405,3.6466023493835817
0.0,-0.171007254561645
1.0986122886681096,2.7620695271829776
2.772588722239781,2.876565890147961
1.0986122886681096,2.299498256314706
0.0,-0.7952734094466019
3.6635616461296463,4.479283864154262
0.0,0.148409599760849
0.6931471805599453,2.630566535378497
0.0,0.11288266196711327
0.0,0.24299834256115793
0.0,-0.46439595723432836
0.0,0.25376785858651996
0.6931471805599453,2.5224545724872978
4.564348191467836,2.853705111886461
3.218875824868201,2.88006325705735
1.791759469228055,2.969799916593993
3.9889840465642745,2.864540935396164
3.4339872044851463,3.0102683357658684
0.0,0.2984818351492007
1.791759469228055,3.0407637704781387
1.6094379124341005,2.955990047025338
0.0,0.3228274497665953
0.0,-0.47247276799901483
3.7612001156935615,2.4921850431625208
0.0,-0.42048577106788887
1.6094379124341005,2.961629594301602
0.0,-0.33280910851889445
0.6931471805599453,2.0636473537485447
2.8903717578961645,2.3585633525387992
3.688879454113936,3.3694105710316213
0.0,0.3987788116284088
0.0,-0.04677933105794474
0.0,0.3146102479229158
0.0,0.15343780853895073
0.6931471805599453,2.2275489836107165
1.0986122886681096,2.3234405738159465
0.0,-0.0738792164229709
0.6931471805599453,2.9841729132853327
1.791759469228055,2.1340983627855103
0.0,-0.637822060969941
4.418840607796598,2.9525730494993736
4.68213122712422,3.0619660804920725
0.0,-0.6198299057096883
0.0,-0.07397821818726724
0.0,-0.3231016901846524
0.0,-0.3361672009799195
0.0,-0.03349702455471504
4.406719247264253,2.7525259178818904
0.0,-0.36942256162616083
3.784189633918261,3.6106229135049124
1.6094379124341005,3.166141716288199
4.394449154672439,3.1018236116169633
2.995732273553991,2.2755455360496457
2.639057329615259,2.363870161770927
0.0,-0.08579476551728948
3.8712010109078903,2.8136006608243
0.6931471805599453,2.652398280748267
4.304065093204169,3.253387481957742
3.555348061489413,3.401570531001928
3.58351893845611,3.014720856496024
4.290459441148391,2.6826983644975657
1.0986122886681096,2.699908900550187
0.0,-0.40402526319631793
0.0,-0.04792384488254453
4.007333185232471,3.16307906762154
1.9459101490553128,3.0870522139362278
4.68213122712422,3.5679167308311683
5.170483995038151,3.5103456847131036
0.0,0.2414713394500163
0.0,0.1309552588606706
0.6931471805599453,2.3645372944650327
0.6931471805599453,2.4469806244482024
4.23410650459726,3.198815892639874
0.6931471805599453,2.093449194056436
0.0,-0.27142420898411146
4.912654885736052,2.8939140425603984
0.0,0.4671132112844958
0.0,0.6399863208402254
1.0986122886681096,1.8841654948359476
3.49650756146648,2.9217496715608364
0.0,-0.09444922786014387
0.0,0.13607783062762135
1.0986122886681096,2.539550863183133
0.0,0.3379587915056532
0.0,-0.052454987035361667
5.25227342804663,3.4735542851789907
4.276666119016055,3.43238310956903
0.0,-0.04513111661441371
0.0,-0.45614776448217453
0.0,-0.5170170358900377
0.0,-0.2494424177969492
0.0,0.03601125041224562
1.0986122886681096,2.8861648073820168
1.6094379124341005,3.365287091826805
3.970291913552122,3.6438350915007787
0.0,0.28258425467077
4.127134385045092,3.0132728100534623
3.044522437723423,2.9065111281090497
0.6931471805599453,3.143780058223408
3.9889840465642745,2.7684255438672176
2.3978952727983707,2.766808691224
0.0,0.24784092638894006
0.0,0.04834716620442281
0.0,-0.08874040716403853
2.19722457733622,2.7310519979399777
4.219507705176107,3.8789957534270423
0.0,0.5203499842897656
3.58351893845611,2.9469288274960723
1.9459101490553128,2.8262981703519907
4.653960350157523,3.5164310334214983
4.605170185988092,3.7769401801055826
0.0,0.1905010236672826
0.0,-0.40607072214306816
0.0,-0.4141993636143573
1.3862943611198906,2.9506465495881486
0.0,0.199555286875718
2.70805020110221,2.7077560505866476
0.0,-0.2808863172617162
5.666426688112432,3.3561496835427875
1.0986122886681096,3.007787528162626
0.0,-1.0144053572620062
1.9459101490553128,2.7046733396565137
0.0,-0.539386523987035
0.0,0.15916131164929426
0.0,-0.47517030144924766
0.0,0.6638913679637906
0.0,-0.1496049192097202
0.0,-0.31340819647503704
4.110873864173311,3.0188151037181257
0.0,-0.722135077053867
0.0,0.14894018277372378
0.0,0.6410357891998666
0.0,-0.09466149503253996
0.0,-0.10510761595939222
3.49650756146648,2.270195387253311
1.0986122886681096,2.221848007708361
0.0,-0.5165362976521326
0.0,0.023383340831962363
0.0,-0.16608529109547643
3.610917912644224,2.655691860505339
0.0,0.21587115577412974
0.6931471805599453,2.093863161825033
0.0,0.1621983451969291
0.0,0.04638157303651891
0.0,-0.20769258887201003
3.044522437723423,3.0153473849420616
0.6931471805599453,2.1883368950132738
0.0,0.26151147339944747
3.5263605246161616,3.5032740786685244
0.6931471805599453,2.90431949031667
0.0,0.08791385728509016
0.0,0.45684919026442916
1.0986122886681096,2.564714969237325
0.0,-0.2094871550970514
1.6094379124341005,2.430181791020557
0.0,0.6016784628308354
0.0,-0.3130276604857727
0.0,-0.5143280239482619
0.0,0.21311943448757464
0.0,-0.09253293808097252
1.3862943611198906,2.895928031479242
0.0,-0.4068842235314749
3.7612001156935615,3.1338150432167193
0.0,-0.12626839106272603
1.3862943611198906,2.068199885787325
0.0,-0.36211469901842674
0.0,-0.3889601486201508
0.0,-0.1622413552293751
0.0,0.30437490414047597
1.3862943611198906,3.0595163356041577
0.0,-0.017669963342799022
0.0,-0.450793668464994
0.0,0.0595318316690161
0.0,0.6034910818172188
0.0,-0.16353765992773495
4.927253685157205,3.458434377860142
0.0,-0.3865134365183551
1.6094379124341005,1.989627717338536
0.0,0.1338460655775351
0.6931471805599453,2.6930248337630536
2.3978952727983707,2.7619562977841827
1.3862943611198906,3.1107128992308297
1.3862943611198906,2.721834770684451
3.80666248977032,2.389841502487645
0.0,-0.07159250807255324
3.091042453358316,3.0061051785143342
3.091042453358316,3.245380406309756
1.3862943611198906,2.790778581497345
1.0986122886681096,2.729805958196912
2.302585092994046,2.196421522602788
3.1780538303479458,2.1363224774138905
2.19722457733622,2.8906774809217577
2.70805020110221,2.5791930111207675
3.737669618283368,3.258489528274726
0.0,-0.2657876481502539
3.80666248977032,3.116964036361279
4.343805421853684,3.9613107988130793
0.0,-0.2933873561741116
1.791759469228055,2.1530345277460863
4.653960350157523,2.9995652364657377
0.0,-0.34386396566903743
0.0,-0.20939626091172903
0.6931471805599453,2.6108333933822143
3.295836866004329,3.58209390112901
0.6931471805599453,2.362661528908605
3.7612001156935615,3.1759843313443676
0.0,-0.2788911669361287
0.0,0.45346620199453613
1.0986122886681096,2.7189936738392415
4.127134385045092,3.6566278911368943
0.0,1.074040789070188
3.828641396489095,3.2188059138973157
0.0,0.32033489484639244
0.0,-0.2345338834807169
0.0,0.051067931521242116
0.0,0.6716292981278911
2.639057329615259,2.998042338062948
0.0,-0.4044594956815941
0.0,0.8567083481386817
0.0,0.23454361961450432
1.0986122886681096,2.9205697851946057
2.772588722239781,3.225590794193522
2.5649493574615367,3.0859359469017633
0.0,-0.3857259491856122
0.0,0.28260107148277536
0.0,0.42758113157603095
3.4339872044851463,3.2415380508320917
0.0,0.20845854103915573
2.3978952727983707,1.8288307582374694
1.0986122886681096,2.6014767302005355
0.0,-0.4947206945098044
0.0,-0.5342637734142373
4.844187086458591,3.3195174939253747
2.833213344056216,3.4438381905051942
0.0,0.19401458461755428
4.48863636973214,2.808849127194658
0.0,-0.35885759457120114
4.418840607796598,3.8365076025475093
4.430816798843313,2.4269758992522275
0.0,-0.1506158113780942
0.0,0.004032310102040526
1.3862943611198906,3.267048231179853
0.0,-0.36545636689127114
0.6931471805599453,2.385654986751535
0.0,-0.529972992649109
0.0,-0.19610639563830157
0.0,0.050896050234877865
0.0,-0.5484355088880846
2.8903717578961645,2.8191195684125328
4.394449154672439,2.906049601214162
0.0,0.24793227151345532
0.0,0.3106123090240387
0.0,0.28049996555772094
2.70805020110221,2.4653367030888322
4.143134726391533,3.0089264703003593
0.0,-0.250727865901037
4.276666119016055,3.021161699124983
0.0,-0.6481181427719913
3.58351893845611,2.8402939302684707
0.0,-0.23706741693507993
0.0,-0.4402503408992704
2.079441541679836,2.4358677871097667
0.0,-0.38373063610781166
5.365976015021851,3.8379461229888077
3.8712010109078903,2.9643917178623873
0.0,-0.5272184001870737
0.0,0.05821238737078849
1.0986122886681096,2.279561328678314
1.0986122886681096,2.3235838896943046
4.110873864173311,3.103635023143691
0.0,0.2165939332280591
0.0,0.7462671762109543
2.302585092994046,2.069568063035171
4.406719247264253,3.210894418508425
0.0,-0.1337604841655704
0.0,0.3447258641081059
1.0986122886681096,2.1632584226608977
0.0,0.675025421614925
0.6931471805599453,2.6452033006015174
0.0,1.1336330608656997
4.007333185232471,2.648770863912863
3.688879454113936,3.3961942216852488
0.0,-0.2877987991505857
0.6931471805599453,3.655499746946857
0.0,0.567464621501595
0.0,-0.27896235375158174
2.9444389791664403,2.9985102698748247
3.555348061489413,3.269094425132997
3.4011973816621555,3.2620420621184105
0.0,0.43635608392837355
1.3862943611198906,2.233047006372155
0.0,1.2863141504286524
1.0986122886681096,2.2753911552999164
0.0,-0.6553917097429096
2.833213344056216,2.6744450636259742
4.262679877041316,3.512221499796102
4.430816798843313,3.2771069448426067
0.6931471805599453,2.607760398016707
4.564348191467836,3.411249660389922
1.9459101490553128,2.731441794523156
0.0,0.2924634812679938
0.0,0.6143913342099494
0.6931471805599453,2.9519913604018475
3.1354942159291497,3.0553123218556797
2.9444389791664403,3.1582143590398712
1.9459101490553128,2.1512480359420456
1.9459101490553128,2.3918123275772505
4.110873864173311,3.430577680065864
2.9444389791664403,3.306193815629121
4.02535169073515,3.1094281788613634
0.0,-0.5498060183584546
3.367295829986474,3.022810019018298
0.0,0.8729016477284927
4.48863636973214,3.3773552969606984
1.3862943611198906,3.5949345082997324
0.0,-0.35477084085546373
0.0,-0.09564230356793035
4.584967478670572,3.3261071690436728
0.0,-0.0016035425526670366
0.0,0.04426922952814838
0.0,-0.40379921492216164
2.302585092994046,2.8732339450483178
1.0986122886681096,3.121803460775526
0.0,0.6252238542956938
0.0,-0.3318348043014905
4.02535169073515,3.118765082549041
1.791759469228055,3.0816734503070293
0.0,0.42621237241740295
1.9459101490553128,2.5259095282243242
0.0,0.09133202660541406
0.0,-0.1894403406446692
0.0,-0.16865906733111125
0.0,-0.5229158033091852
4.02535169073515,3.1604362987682
4.290459441148391,3.175034261206508
1.6094379124341005,2.8934988305715863
4.499809670330265,2.7933218629301635
0.6931471805599453,2.6702911717688638
0.0,-0.11105518637046119
0.0,-0.0393696523370719
0.0,0.02190429759654755
0.0,0.17887512963737784
3.6375861597263857,2.8948272280708096
0.0,-0.7398499420020519
2.19722457733622,3.087806288536573
2.8903717578961645,3.435989226241655
0.0,0.3087132263060297
0.0,0.9718026214956124
2.5649493574615367,2.854815926563565
1.3862943611198906,2.7203854526536553
4.262679877041316,3.2154794162718137
4.454347296253507,3.1191633595617123
0.0,-0.35700639662447564
0.0,0.39948564461897806
4.189654742026425,3.4295425427352013
0.0,-0.7073198263003286
0.0,-0.5966419384971209
2.995732273553991,3.5232495072444
3.1354942159291497,3.077218212532859
4.31748811353631,3.488396906469678
2.995732273553991,3.348293762594685
3.7612001156935615,2.847978309222267
4.174387269895637,3.1342663038859397
3.295836866004329,3.065853006444598
3.713572066704308,4.099048935871607
3.784189633918261,3.511135587936881
0.0,-0.18923610693804216
3.713572066704308,3.0473757241672548
0.0,0.18986731230843668
0.0,0.36908825582574845
4.060443010546419,2.7201768846642054
0.0,-0.07118793446741067
0.0,0.9204306853107038
4.574710978503383,2.960932596023044
0.0,-0.6040501671506773
0.0,1.2744813877446632
0.0,0.06962323196529385
3.610917912644224,3.0593304735388767
4.820281565605037,3.263033774129221
3.951243718581428,3.706525009045251
0.0,-0.46045701050368626
4.59511985013459,3.2363242089814435
3.80666248977032,3.205900882387021
0.0,0.3941860295242916
0.6931471805599453,3.3201545848609006
0.6931471805599453,2.809249473147518
4.127134385045092,2.8388139274458966
5.3612921657094255,3.1323387168801604
3.49650756146648,3.5054145454918633
0.0,-0.5380374018272112
3.218875824868201,3.0422820999529017
0.0,0.27850479757666413
4.919980925828125,3.420668258833415
5.424950017481403,3.554763176096303
4.3694478524670215,3.5813160830015867
0.0,0.14172099730179388
0.0,-0.6346623273301777
0.0,0.1853687998957243
0.0,-0.00264289405898932
0.0,-0.07180710932463064
0.0,-0.36976149248289714
0.0,-0.008890154889462654
0.0,-0.10427754605520678
0.0,-0.41939168489531964
4.820281565605037,4.354900769757942
5.153291594497779,3.056235919312254
0.0,-0.18721684717703413
1.791759469228055,2.9071706257422427
0.0,0.34617555413189205
0.0,-0.020236923130274143
1.791759469228055,2.549526377165943
0.0,0.2602007299043998
0.0,0.5767191845948014
0.0,0.09331499834206447
4.23410650459726,2.5692957717732092
0.0,0.6565753786209383
0.0,0.5508525556905508
0.0,0.5972091571655265
0.0,0.5177050923277238
3.737669618283368,3.434168307686516
3.332204510175204,2.2090886001690264
3.4339872044851463,3.643208852506699
0.0,-0.524164847769276
0.0,-0.10505360683302634
0.0,0.22679324327336992
0.0,-0.22874709878483301
4.574710978503383,2.873738182180512
0.6931471805599453,3.415164517125355
0.0,-0.5209987892611516
3.610917912644224,2.59986987455298
1.791759469228055,2.128446933204092
0.0,0.08042276234907564
0.0,0.06443229398037009
0.6931471805599453,2.8772709136730903
3.218875824868201,2.8336534073747637
1.0986122886681096,2.703049567824163
0.6931471805599453,2.533374882077211
3.555348061489413,2.548146796652037
0.0,-0.2894708678077831
0.6931471805599453,2.536429962491083
4.976733742420574,3.7725589415942578
5.14166355650266,3.4379698154912535
0.0,-0.38370186893917024
2.19722457733622,3.1205353702664307
1.6094379124341005,2.682615236268494
0.0,0.006091284961366128
0.0,0.20380371213323012
0.0,0.26390037327832294
0.0,0.6928689988862304
0.0,0.26715324598999035
0.0,-0.0921887682669209
0.0,0.4582229951243244
0.0,-0.19683639772109496
0.0,-0.06846858432341296
0.0,-0.15102985322297968
1.6094379124341005,2.8423796055393185
0.0,0.7368798052639689
1.0986122886681096,2.3320001848504726
0.0,-0.05237738019047167
4.499809670330265,2.9900565581854472
0.6931471805599453,3.1034596575601983
4.969813299576001,3.7334728723356854
0.6931471805599453,2.824788329058906
2.639057329615259,3.0701107241169674
0.0,-0.5490183114650162
1.3862943611198906,2.552005678070051
4.219507705176107,3.254283893716578
3.58351893845611,3.330458365325544
1.3862943611198906,2.9272639864155536
0.0,-0.4163067277679615
0.0,-0.06775693265679417
0.0,-0.21347126127012483
0.0,-0.19420486971921624
0.0,-0.17077849505085396
0.0,-0.15861276036233685
4.382026634673881,4.1567648315742725
0.6931471805599453,2.610852000115846
0.0,0.2801941070477898
4.663439094112067,2.8276127650241247
0.0,-0.4635213534234581
4.7535901911063645,4.037809310783416
5.170483995038151,2.895901156403379
0.0,0.4757190719739681
3.970291913552122,3.2730244989047104
1.6094379124341005,2.4017544077676267
4.736198448394496,3.930977730541255
0.6931471805599453,2.6517417853758976
0.0,-0.2990437227661693
4.204692619390966,2.7499928003755185
1.3862943611198906,2.110961833967188
0.0,0.11437780482493531
0.0,0.2410918403622102
0.0,-0.2080278659881558
0.0,0.5952957821735612
0.0,0.6830580176270327
1.6094379124341005,2.1645804025232955
3.970291913552122,3.0254914135280364
0.0,0.07039329798569893
4.007333185232471,3.2765940494744203
0.6931471805599453,3.339008041069526
0.6931471805599453,2.488362797911023
1.3862943611198906,3.085716200951426
0.0,-0.3000949169905138
3.912023005428146,2.7191280326533636
0.0,0.48935712120407304
4.219507705176107,3.099197168725765
0.0,-0.5507946868903755
3.044522437723423,2.9472473555914496
0.0,-0.46241183812179676
0.0,-0.040975305165907194
0.0,0.3246899884105081
1.791759469228055,3.145289828117619
0.0,-0.3381655652876603
0.0,-0.01911574158204754
3.49650756146648,3.179510885366689
1.6094379124341005,2.183391220630016
0.0,0.013545948860933521
1.3862943611198906,2.5410358527349635
0.0,0.7267277308727143
0.6931471805599453,2.453972941152643
0.0,-0.3301427542407507
0.0,0.4355559492932428
0.0,-0.11623811259461636
0.0,-0.08050229776027562
0.6931471805599453,2.7398712667741703
1.3862943611198906,2.338086514492111
0.6931471805599453,2.5958656648880702
0.0,0.6124057675112888
0.0,0.48753954746530725
4.189654742026425,3.32878280006044
0.0,-0.5532493183769365
2.079441541679836,2.775734271901919
0.0,0.6345255386635222
3.688879454113936,3.1842382140126197
3.4011973816621555,2.8964962845004667
1.6094379124341005,2.118082070721732
0.6931471805599453,3.0247654658715035
4.02535169073515,2.954127132391622
0.0,-0.2405312848959018
2.639057329615259,3.153381687333217
0.0,-0.11459933369398012
2.772588722239781,2.8274897695733
0.6931471805599453,2.9252741711120644
0.0,-0.35478078229031684
0.0,-0.5410273022030991
3.912023005428146,3.1729414305887724
4.691347882229144,2.888210537315969
4.330733340286331,3.2764866157066286
0.0,-0.2606085702694281
3.828641396489095,2.6847695215537115
0.0,-0.33272455431059544
3.951243718581428,2.889875706955919
1.9459101490553128,2.159776148184505
0.0,-0.3376709116247367
0.0,-0.11674165442168549
0.0,0.18094136268728955
0.0,-0.1776535378991082
0.0,0.4221845717692947
3.091042453358316,2.8008278932352355
1.9459101490553128,1.957462590019146
3.555348061489413,3.1430112010364004
0.0,0.12706582007845113
1.0986122886681096,1.9960409434198416
0.0,-0.28036042108205805
4.875197323201151,3.5996161215997304
0.0,-0.6386802235333255
4.356708826689592,3.347755673073341
1.791759469228055,2.1383966073749834
2.079441541679836,2.509924481632012
3.49650756146648,3.3918683788784225
1.3862943611198906,2.5456495591847412
0.6931471805599453,2.626171635381788
4.174387269895637,3.140045073278828
1.0986122886681096,3.4204922507827873
0.0,0.11003528058389112
0.6931471805599453,2.445124478987968
0.0,-0.36080743985340336
0.0,0.10343751833573167
0.0,-0.11894687063197273
1.0986122886681096,2.5206004666367003
0.0,0.5160841165539662
4.060443010546419,3.093622553894553
0.0,0.12108979192552605
1.0986122886681096,2.374179662231316
0.0,-0.06830644406673847
1.6094379124341005,3.170681878079298
4.394449154672439,3.0906361630374204
2.9444389791664403,2.373720982131287
0.0,-0.16294119778508076
0.0,-0.5207360662865033
0.0,0.04724521995863129
1.3862943611198906,2.6436678847787936
0.0,-0.31386366073332983
0.0,-0.03135249195149714
0.0,0.4640787080853028
0.0,0.10257238455544804
0.0,-0.5632057803937096
0.0,-0.28330577027095316
0.0,0.10804906252613167
0.0,0.22858236912246488
1.0986122886681096,3.5828191909283316
2.5649493574615367,2.790994650036354
0.0,0.8728353844915056
0.0,-0.062103357531821723
0.0,-0.5975867534228647
3.828641396489095,2.685130804333474
5.438079308923196,3.1204044152187898
2.19722457733622,2.8560748405284784
4.382026634673881,3.152181916015997
0.6931471805599453,1.9991327220555881
0.6931471805599453,2.5888180980686095
3.1780538303479458,3.6229580501007645
0.0,-0.39761217126989346
1.3862943611198906,2.0951143770251686
0.0,0.6374489859580592
3.332204510175204,2.755301827516802
4.927253685157205,3.185464032326378
0.0,-0.30486817505459074
0.0,0.9966313688159945
4.454347296253507,3.234335453067757
0.0,0.10711058312060939
4.304065093204169,3.30850032228102
0.0,-0.19596405182944387
1.9459101490553128,2.9410931858917353
0.0,-0.01065521786450807
4.007333185232471,3.514014790801955
4.304065093204169,2.7632644146567253
1.3862943611198906,1.8059289554561444
3.9889840465642745,3.4813941333389833
0.0,0.8733733268822457
3.7612001156935615,3.3736335555541035
0.0,-0.295950967214873
4.990432586778736,3.2183167766397114
0.0,-0.3341074148607439
1.3862943611198906,2.362747948529148
1.0986122886681096,3.2231607862451863
1.0986122886681096,3.3870884996632156
0.0,-0.5794850250388954
0.0,0.5418817049343987
4.290459441148391,2.948001657111493
2.19722457733622,3.0935343031904567
0.0,-0.5208099051282344
3.828641396489095,2.6599640518582666
2.19722457733622,2.347023555916172
0.0,-0.27482229135895375
4.23410650459726,3.23276472392645
0.0,-0.498718801101822
0.0,-0.21640968277841344
1.0986122886681096,2.6218911465693195
0.0,0.15296725985066306
2.19722457733622,2.65498752494868
0.0,0.17482782662603547
0.0,-0.00985315934613551
0.0,-0.20582709849771108
0.6931471805599453,2.8786139009481553
0.0,-0.4576760857082265
0.0,-0.025100352926735292
4.110873864173311,3.162712479372689
0.0,-0.3691435380801513
0.0,-0.05291018084207333
0.0,-0.28379980861279774
0.6931471805599453,2.727099610857473
0.0,0.5206676684867138
0.0,0.3103783205886459
0.0,-0.13997829278463092
0.0,-0.5526304228754895
0.0,0.09444471127916243
0.0,-0.07560294082649466
2.639057329615259,3.182315104440254
0.0,-0.5514115722533988
0.0,0.3894223784723847
0.0,0.5279699337502672
1.791759469228055,3.1876489383596196
3.8918202981106265,2.523700825619649
4.290459441148391,2.9459713919212094
0.0,-0.39061473122862855
4.290459441148391,3.179828195908124
0.0,0.40537783925142623
4.5217885770490405,3.456620558306179
4.158883083359672,2.9857958065522703
0.0,0.5650810415395622
0.6931471805599453,2.6954451928499585
0.0,1.4623665349798798
2.9444389791664403,3.096586191039374
0.0,-0.42878054998979565
0.0,-0.31084675801619
3.912023005428146,3.4717488856623646
4.465908118654584,3.274731265904905
0.0,-0.1964435691531783
5.262690188904886,3.3874872048096796
0.0,-0.6098869218323832
0.0,-0.13292986147522257
0.0,0.3823666378690802
3.295836866004329,3.434056081013345
3.6375861597263857,3.250013185831507
2.079441541679836,2.776503614424896
0.0,-0.13861985303370394
0.0,0.6575432920490119
1.3862943611198906,2.4222225730068567
0.0,0.6977969761043878
0.0,0.808507755253993
0.0,0.6350901358928733
4.836281906951478,3.5428230143101027
4.5217885770490405,3.1760704537266706
3.9318256327243257,2.8157806518190727
0.0,0.89419664803302
2.079441541679836,2.469626126195452
0.0,-0.23672732483783632
0.0,-0.017055841517718218
0.0,-0.16693697427561638
0.0,-0.2492855698264309
4.48863636973214,3.1290528624756218
4.060443010546419,3.058680735961264
0.0,-0.4730852104880805
0.0,1.1512663365339997
4.406719247264253,3.403101451449549
4.955827057601261,2.996055641313597
1.3862943611198906,2.1804389866338574
0.0,-0.01849381495567659
2.19722457733622,2.982343311870588
3.7612001156935615,2.489950112148347
0.0,-0.5368051221121775
4.574710978503383,3.423577031365056
0.6931471805599453,3.0229734033447127
0.0,-0.2614254028176419
4.812184355372417,3.5475494372289806
0.0,-0.2766766502107796
0.0,-0.27234127197348323
0.0,-0.07851286835335602
2.19722457733622,2.495808995797847
5.220355825078325,4.611085075314863
0.0,-0.3736961296699466
4.77912349311153,4.251821259965785
4.276666119016055,2.8039829516943033
4.454347296253507,3.033334764132304
0.0,-0.4103644974789109
0.0,0.4252142604545093
1.9459101490553128,2.9645477091472263
0.0,0.3887915106665145
2.302585092994046,2.2044644310662873
0.0,0.08960033048572202
0.0,-0.1239329248864689
3.58351893845611,3.0519464529425795
4.158883083359672,2.863311310900171
1.0986122886681096,3.7698752813763883
0.0,0.8812610621589677
0.0,-0.45364389023066476
3.58351893845611,2.954299949192213
1.3862943611198906,2.121383023929047
0.0,1.1057082570406516
2.9444389791664403,3.241194765499607
0.0,0.05014293967944394
0.0,0.14643117087109192
0.6931471805599453,2.524146936852598
2.995732273553991,3.1061277663036106
0.0,-0.270422503346055
2.5649493574615367,2.3412030169567846
3.5263605246161616,3.7645848658892507
0.6931471805599453,2.207541507563994
0.0,-0.3852704451410385
2.19722457733622,2.7879735258910685
0.0,-0.34246763204918684
0.6931471805599453,2.8399321181683694
2.833213344056216,2.606184105231525
0.0,-0.19055163214719206
0.0,-0.21175782808777388
1.0986122886681096,2.749622911657473
2.70805020110221,3.300948780767634
3.784189633918261,3.0475914799217287
4.394449154672439,3.8367127692902816
0.0,-0.512060119220251
0.6931471805599453,3.020029662682907
0.0,0.11504548505777268
4.6443908991413725,3.673505929445758
0.6931471805599453,3.414102735891687
0.0,0.18118965576013046
4.060443010546419,2.935113609172932
3.218875824868201,2.1005102614442475
3.8712010109078903,2.724100875721791
0.0,0.40065186822986876
0.0,0.1586724000405455
3.6375861597263857,2.6037504684348
4.477336814478207,2.9143633924075454
0.0,0.47354040538852615
0.0,-0.3988583102170442
4.477336814478207,3.3977266022928365
0.0,0.853777655076721
3.912023005428146,3.520264488015738
2.3978952727983707,2.5385191477774818
2.833213344056216,3.3488060008146103
1.0986122886681096,2.618268099962423
2.8903717578961645,3.0846287447765723
2.639057329615259,3.0674105371066798
3.713572066704308,3.12693136022508
0.0,0.06028422850120352
4.477336814478207,2.8530029638884717
2.772588722239781,3.4498500669298133
0.0,0.2680974590471359
0.0,0.03173398573515507
0.6931471805599453,2.0043107103254716
0.0,0.5755920631897196
3.8918202981106265,2.924395863016077
0.0,-0.23971424244544437
0.0,-0.009767939184613494
0.0,-0.009062188849261688
0.0,0.007123719029497044
4.736198448394496,3.2243405488151913
0.0,0.19407048106862557
1.791759469228055,3.3050527325102577
0.0,0.4927000793846754
0.6931471805599453,2.236632043659606
0.0,-0.35374230816616015
0.0,-0.13970846705587991
5.41164605185504,3.1791584067095804
1.3862943611198906,3.168141499345779
4.007333185232471,3.5109431430373057
0.0,0.7602515221907651
0.0,-0.33868232624054073
2.4849066497880004,2.8153639096376666
0.0,0.18296984870186073
3.8712010109078903,2.8772802693688435
3.258096538021482,2.6386868059208757
0.0,-0.30849216068607266
2.833213344056216,2.975926143125993
2.302585092994046,3.167940481054535
4.418840607796598,2.9472459126378103
3.4657359027997265,2.9620911587814724
0.0,0.5072273226062822
4.290459441148391,3.1274819573878365
0.0,0.579697905078278
4.219507705176107,3.3904499687527316
0.0,-0.02794879841178366
0.0,0.36767358452999677
3.4339872044851463,2.7572820611141156
3.1780538303479458,3.0270212731363673
0.0,-0.24554703099141495
0.6931471805599453,2.1967974537573474
4.663439094112067,3.15488997485591
0.0,-0.41416193592995176
0.0,-0.22553041988534606
0.0,-0.38313942583060756
2.772588722239781,3.2392653400529965
0.0,-0.4120903932377704
0.0,0.4283818040090881
0.0,-0.06790955767343698
0.0,0.1626459256138184
0.0,-0.38131230135110394
4.442651256490317,3.453858404069163
4.204692619390966,3.831187984974899
3.912023005428146,3.560764268186378
3.044522437723423,2.954881234532618
0.0,0.03494283006015597
0.0,0.20430114434608115
0.6931471805599453,2.5522944426422303
4.174387269895637,3.0067536562971684
