prediction_date,store_code,store_item_code,units,units_pred,shap
2012-03-11,5,93,7.000000000000002,3.4330387,2.3375666
2012-07-11,4,101,0.0,0.010806612,1.7074918
2012-01-17,23,29,1.0,2.3375652,2.6300883
2012-04-16,44,105,0.0,-0.00031054395,1.6130728
2012-03-02,8,100,0.0,0.0010420817,1.6853632
2012-02-29,6,107,0.0,-0.009504515,1.6435788
2012-05-08,1,89,0.0,0.0065096677,1.6194503
2012-05-24,29,41,33.00000000000001,22.520956,1.8364869
2012-01-17,5,32,1.0,2.0303054,2.2447262
2012-04-01,27,68,86.0,67.15699,2.7101672
2012-04-30,37,45,52.00000000000001,61.99927,2.837437
2012-04-29,10,37,13.000000000000004,14.455046,1.5961653
2012-07-24,9,10,1.9999999999999996,2.768843,2.1414666
2012-04-25,8,23,8.000000000000005,8.889041,1.5769542
2012-04-25,5,20,1.0,1.2689177,2.4960039
2012-01-05,23,56,0.0,-0.0019044039,1.697082
2012-04-18,34,31,0.0,-0.018834528,1.6012597
2012-04-13,16,16,37.99999999999999,43.370872,2.2600262
2012-06-21,22,9,50.0,40.48739,2.4801154
2012-04-02,19,15,0.0,0.026297994,1.6432807
2012-05-22,37,104,0.0,-0.0077419784,1.609766
2012-03-20,2,44,107.00000000000003,103.44301,3.3767838
2012-07-13,44,93,5.9999999999999964,4.2085247,2.2974875
2012-06-06,30,13,4.000000000000001,2.7626095,2.3686924
2012-06-20,20,18,0.0,0.069562435,1.7744837
2012-04-30,45,34,0.0,0.052667,1.5773321
2012-06-25,32,93,1.0,3.4602761,2.152529
2012-03-08,30,16,84.00000000000001,50.070915,2.5036602
2012-05-02,14,93,1.9999999999999996,2.2003365,2.454979
2012-07-26,20,5,67.00000000000001,61.27454,2.8481357
2012-06-04,42,82,0.0,-0.05216218,1.7215419
2012-05-28,11,61,0.0,0.00022065883,1.6342893
2012-06-16,40,55,5.0,2.33556,2.3780096
2012-07-02,40,55,0.0,-0.03899624,1.67851
2012-08-15,30,13,11.0,2.7216172,2.26327
2012-07-25,37,15,0.0,-0.05549569,1.6566721
2012-01-26,4,9,138.99999999999994,72.13108,2.9440937
2012-04-08,15,49,0.0,0.005213076,1.9039911
2012-02-07,45,34,0.0,-0.05386099,1.7636139
2012-04-22,27,80,1.0,2.4705133,2.332702
2012-03-18,44,94,0.0,-0.0071616336,1.6602653
2012-02-15,15,49,0.0,0.013325316,1.7284787
2012-02-28,6,107,0.0,-0.0030050958,1.6016479
2012-06-21,16,64,0.0,0.015939884,1.7379423
2012-05-08,15,45,112.00000000000003,73.764915,2.9462428
2012-02-24,45,26,1.9999999999999996,2.9940422,2.1491196
2012-01-25,16,50,0.0,0.011013191,1.6999143
2012-03-01,13,46,3.0,3.051462,2.477741
2012-06-19,13,46,1.9999999999999996,5.1710005,2.2573123
2012-07-27,3,45,67.00000000000001,75.38835,2.8659847
2012-01-11,24,76,0.0,0.0065969685,1.7260846
2012-03-06,14,33,1.0,1.505007,2.4487436
2012-04-17,3,5,51.00000000000003,38.329323,2.8398304
2012-01-16,22,9,24.000000000000007,44.374714,2.5800345
2012-02-24,37,38,0.0,0.009768157,1.6298765
2012-04-25,37,5,53.00000000000001,39.013927,2.649794
2012-04-24,32,19,1.9999999999999996,1.7009733,2.4634085
2012-06-01,7,93,8.000000000000005,4.3889923,2.2127955
2012-07-18,5,105,0.0,-0.01253975,1.6164912
2012-04-22,39,103,0.0,-0.019637965,1.6505584
2012-05-28,13,5,143.0,76.01409,3.1268933
2012-03-11,13,36,130.99999999999997,102.85992,3.124289
2012-07-01,32,58,1.9999999999999996,2.615318,2.3950856
2012-07-03,36,44,130.99999999999997,110.25723,3.4229262
2012-01-03,43,37,30.0,18.490479,1.5182316
2012-01-15,2,85,0.0,-0.022127105,1.6899618
2012-05-13,36,9,50.0,41.282433,2.3875136
2012-02-04,16,93,0.0,0.013482152,1.7943122
2012-07-14,8,59,1.0,1.5911887,2.7577078
2012-08-18,43,73,1.0,1.2681535,2.4751453
2012-07-13,38,52,0.0,0.024820354,1.7127829
2012-08-15,40,45,40.999999999999986,64.064606,2.8711312
2012-01-05,13,36,105.99999999999996,57.931118,2.7955656
2012-03-13,7,7,0.0,-0.0019205979,1.6927507
2012-03-17,25,45,102.99999999999999,84.63803,2.9795887
2012-02-16,33,92,0.0,0.008773049,1.6901561
2012-05-26,40,45,69.00000000000003,82.408676,2.9621851
2012-06-07,15,49,0.0,0.011633071,1.7400383
2012-03-13,41,61,1.9999999999999996,1.9717944,2.2912753
2012-08-09,4,96,0.0,0.01807201,1.7005792
2012-02-21,26,2,0.0,0.0022427316,1.7197242
2012-05-14,24,60,0.0,-0.0044539114,1.62786
2012-07-25,5,93,0.0,-0.017980555,1.6298887
2012-04-26,7,23,10.000000000000002,12.564356,1.5774715
2012-01-06,14,93,0.0,-0.009939814,1.6596106
2012-02-06,33,85,0.0,0.02502559,1.7087603
2012-01-23,25,81,13.000000000000004,9.317865,2.0141418
2012-06-14,8,59,1.9999999999999996,1.5979855,2.3874545
2012-06-07,13,93,0.0,0.016715629,1.7601587
2012-02-04,30,13,0.0,0.082193635,1.9317191
2012-08-07,1,89,0.0,0.0019053582,1.6688877
2012-03-21,23,56,0.0,-0.026066493,1.6428097
2012-01-30,31,104,0.0,-0.001612041,1.6392127
2012-01-03,32,93,0.0,-0.0041975765,1.6592625
2012-04-30,9,42,14.999999999999998,9.179331,1.7686783
2012-04-29,44,93,1.0,3.5509508,2.213394
2012-06-04,13,46,0.0,-0.14034037,1.8583845
2012-06-11,27,80,0.0,-0.009387755,1.7310376
2012-06-17,11,87,0.0,0.015077198,1.6945876
2012-03-14,41,108,0.0,-0.01035949,1.6189115
2012-04-10,10,21,0.0,-0.010199147,1.6398189
2012-03-02,32,45,56.999999999999986,62.06281,2.892838
2012-03-27,12,93,5.9999999999999964,3.271149,2.1463256
2012-08-18,6,45,60.00000000000001,73.92655,3.0886989
2012-08-06,42,5,56.999999999999986,35.962524,2.71
2012-04-14,25,12,0.0,-0.028230418,1.826527
2012-02-28,8,84,0.0,-0.0034631626,1.653259
2012-03-22,21,109,0.0,0.005566381,1.6362134
2012-05-15,19,15,0.0,-0.046803653,1.7170522
2012-04-16,1,47,0.0,0.017149724,2.2381892
2012-03-31,12,37,22.0,24.30887,1.8087285
2012-03-15,27,21,1.9999999999999996,1.015436,2.5026343
2012-06-08,8,59,0.0,0.0121227,1.6516404
2012-02-03,29,8,26.0,34.00878,2.18015
2012-05-06,41,86,0.0,-0.017786987,1.7543429
2012-06-12,35,63,0.0,0.00018313408,1.6365366
2012-01-21,7,93,0.0,0.008184807,1.6552483
2012-03-12,40,45,56.999999999999986,58.599373,2.9153244
2012-03-23,11,9,37.99999999999999,37.114998,2.2948325
2012-07-06,7,7,1.0,1.987152,2.5166748
2012-02-15,16,85,0.0,0.00680694,1.7030127
2012-02-23,19,83,11.0,5.2460585,1.9292855
2012-05-28,32,51,0.0,-0.03132265,1.6318396
2012-03-28,4,101,0.0,0.0018626519,1.6866819
2012-02-10,33,44,320.0,191.2865,3.7532759
2012-02-06,17,48,155.0,180.91107,3.6613688
2012-01-31,44,68,42.99999999999999,48.35507,2.7671845
2012-08-03,41,61,1.9999999999999996,1.9672264,2.2997262
2012-03-07,2,44,97.00000000000003,99.93889,3.2842205
2012-04-07,20,93,0.0,0.0008451295,1.7886305
2012-05-20,3,45,114.00000000000001,89.80521,3.0209987
2012-01-26,31,9,31.0,26.777468,2.353621
2012-03-15,37,53,1.0,1.6964214,2.3576548
2012-04-30,40,15,0.0,0.04185445,1.6270076
2012-04-17,40,106,0.0,-0.004570993,1.6345494
2012-05-11,7,23,20.0,11.138874,1.4800819
2012-03-14,3,102,0.0,-0.0061804177,1.6538174
2012-04-20,10,21,0.0,-0.0051321695,1.604589
2012-08-05,26,5,154.00000000000003,71.75551,2.9008589
2012-01-21,1,40,1.0,7.1150837,1.8147445
2012-05-04,15,17,3.0,2.545571,2.537616
2012-08-08,41,93,26.999999999999996,4.0212927,2.3445706
2012-06-10,10,21,0.0,0.072149105,1.7588837
2012-04-24,17,71,0.0,0.024247224,1.8892788
2012-03-14,33,93,0.0,0.025859935,1.6425346
2012-04-08,16,85,0.0,0.0130558545,1.7592409
2012-06-25,7,7,0.0,0.0058641727,1.6677166
2012-04-23,34,84,0.0,-0.005100337,1.6404755
2012-05-25,40,106,0.0,-0.0018725095,1.6219718
2012-08-17,16,93,10.000000000000002,4.3184958,2.1355762
2012-06-08,34,31,0.0,-0.06782201,1.701273
2012-03-11,40,45,109.00000000000004,89.623055,3.0108535
2012-07-08,2,11,0.0,0.025252065,1.7792364
2012-03-19,20,5,155.0,73.74959,3.0138955
2012-05-18,15,93,0.0,0.00938705,1.6865095
2012-07-30,36,44,89.99999999999997,105.715355,3.272283
2012-05-15,44,105,0.0,-0.004277326,1.6315479
2012-06-25,30,13,0.0,-0.020646842,1.6958977
2012-01-09,38,93,0.0,0.0019482462,1.6265131
2012-02-19,25,9,127.99999999999997,114.03401,3.286932
2012-06-23,33,44,258.99999999999994,242.10457,4.0366898
2012-01-26,40,45,47.99999999999999,56.124184,2.8093798
2012-02-13,25,93,0.0,0.058611352,1.7293282
2012-01-29,1,40,1.0,7.3065605,1.8090422
2012-06-10,30,65,0.0,0.032328792,1.7550781
2012-07-20,35,63,1.0,1.7140487,2.3074725
2012-03-28,14,50,0.0,-0.02414275,1.6238301
2012-06-09,32,51,0.0,-0.008005701,1.689212
2012-08-04,16,93,0.0,0.009630101,1.8176409
2012-02-14,21,44,51.00000000000003,60.645245,3.0312593
2012-03-13,23,5,31.0,26.84566,2.6096146
2012-06-06,38,45,80.00000000000003,78.3886,2.9352415
2012-02-03,1,99,0.0,0.018626366,1.6545339
2012-03-29,42,5,40.00000000000001,21.736996,2.6280205
2012-04-04,12,86,0.0,-0.008992178,1.6673359
2012-06-25,40,45,75.0,80.6541,2.9867961
2012-04-20,1,9,20.0,22.795229,2.2329705
2012-08-17,44,105,0.0,0.0017531366,1.662083
2012-05-24,5,32,0.0,0.12459988,1.5019764
2012-04-27,22,54,0.0,-0.0022928023,1.6395929
2012-06-05,7,7,1.0,3.4766383,2.6098716
2012-02-10,15,45,140.00000000000003,103.2695,3.2212121
2012-06-16,28,5,38.99999999999998,55.587955,2.8261695
2012-02-20,39,111,0.0,-0.010816746,1.5968664
2012-07-12,18,72,1.0,1.1110133,2.5873892
2012-01-25,44,105,0.0,-0.0066724364,1.5987433
2012-02-08,45,22,0.0,0.07754968,1.6251081
2012-04-18,2,85,1.0,1.7907189,2.4321501
2012-07-09,26,45,53.00000000000001,63.143013,2.9888732
2012-06-17,25,12,1.0,2.6389055,2.394518
2012-06-21,32,93,3.0,3.9801388,2.1027436
2012-03-09,11,68,45.0,51.283085,2.4918642
2012-08-18,37,104,0.0,-0.004449466,1.7197044
2012-01-04,31,104,0.0,0.0026692336,1.6849934
2012-04-03,32,58,1.9999999999999996,3.0219703,2.398399
2012-08-03,38,45,114.00000000000001,107.12141,3.180418
2012-05-26,32,9,14.0,43.301857,2.4803057
2012-06-22,17,9,92.00000000000003,136.32664,3.5930843
2012-02-20,31,9,53.00000000000001,68.02824,2.811212
2012-04-21,5,16,16.0,22.642109,2.095575
2012-08-20,32,19,0.0,-0.1020382,1.7203513
2012-01-29,39,111,0.0,0.0057630604,1.6463176
2012-04-21,25,84,1.0,2.1622262,2.626065
2012-08-05,31,104,0.0,-0.010519312,1.9620088
2012-05-11,14,93,0.0,-0.010716321,1.6364127
2012-08-06,30,16,80.00000000000003,36.191822,2.2191324
2012-08-23,20,18,1.0,1.0573646,2.6180694
2012-03-25,12,16,36.99999999999999,28.738783,2.224036
2012-05-25,23,29,0.0,0.038983386,1.6125458
2012-06-28,16,93,0.0,0.009704425,1.6995302
2012-04-07,4,93,0.0,0.00729987,1.8484178
2012-01-18,25,93,0.0,0.051403407,1.7235672
2012-02-24,20,5,78.0,75.97844,2.9274397
2012-02-03,19,69,1.0,2.1409237,2.3247602
2012-04-25,8,59,1.9999999999999996,1.4647164,2.335125
2012-02-13,34,84,0.0,0.006969051,1.63947
2012-02-08,8,5,21.000000000000004,35.8089,2.871605
2012-06-22,12,93,12.0,5.294816,2.2789445
2012-01-04,15,15,0.0,0.08366517,1.8247354
2012-05-18,21,91,0.0,-0.01750491,1.6521674
2012-07-16,45,4,0.0,-0.016507473,1.6719621
2012-04-11,5,16,20.0,20.702694,2.088131
2012-08-17,25,84,0.0,0.042057127,1.7378488
2012-02-02,19,93,0.0,-0.0028047205,1.6639487
2012-03-04,22,9,109.00000000000004,88.05464,2.9331844
2012-03-26,37,53,1.9999999999999996,1.7662432,2.2545893
2012-07-03,41,93,0.0,-0.003254661,1.6376342
2012-07-18,15,86,0.0,0.0040424513,1.7529919
2012-07-16,24,97,0.0,-0.003499284,1.6686299
2012-05-11,33,85,0.0,0.030126045,1.7411518
2012-06-10,39,103,0.0,0.0017158588,1.7823793
2012-03-15,19,83,5.0,6.53208,1.9060625
2012-04-28,5,37,14.0,10.487984,1.6942906
2012-03-31,19,88,0.0,-0.023917086,1.6739198
2012-02-22,1,40,0.0,-0.08140888,1.7184887
2012-06-20,4,96,0.0,-0.008673047,1.7616875
2012-08-03,38,86,0.0,-0.01131974,1.7002777
2012-07-05,17,37,87.99999999999999,54.265106,2.5750797
2012-03-10,25,81,17.999999999999996,13.968613,2.1850069
2012-06-15,3,102,0.0,0.018804228,1.6526148
2012-03-25,24,97,0.0,-0.033201054,1.7604653
2012-07-08,5,93,0.0,-0.0021295298,1.6568265
2012-01-09,43,37,21.000000000000004,19.952831,1.5153344
2012-01-12,34,31,1.9999999999999996,4.9952884,2.596565
2012-05-06,8,84,0.0,-0.0070070396,1.7142757
2012-04-12,14,15,0.0,0.052058034,1.7481787
2012-07-07,36,44,107.00000000000003,82.95354,3.2709901
2012-06-22,14,88,0.0,-0.023764301,1.6549432
2012-05-02,32,19,0.0,-0.04650296,1.6896954
2012-01-09,8,5,29.000000000000004,42.265175,2.6831057
2012-02-13,21,91,0.0,-0.029267255,1.6719944
2012-08-19,18,72,1.9999999999999996,1.510843,2.6015701
2012-03-11,2,11,3.0,2.3252969,2.4090776
2012-06-14,43,3,1.0,2.8933115,2.3349068
2012-05-25,2,11,0.0,-0.09035894,1.685524
2012-02-28,16,64,0.0,0.0034404162,1.7173169
2012-08-05,45,34,0.0,-0.02668259,1.7263951
2012-08-22,19,83,4.000000000000001,6.106435,1.8578695
2012-01-15,40,106,0.0,-0.006714092,1.6726859
2012-01-17,36,9,24.000000000000007,53.453735,2.6543865
2012-01-12,31,45,61.00000000000001,62.34179,2.866852
2012-03-17,26,45,45.0,63.598175,3.0008576
2012-04-01,7,93,0.0,0.009287015,1.6659532
2012-07-31,1,40,0.0,-0.09526799,1.7257787
2012-04-01,3,5,128.99999999999997,89.31823,3.04427
2012-07-28,33,44,257.0,226.75258,3.9442565
2012-08-13,24,60,0.0,-0.010680829,1.6443176
2012-02-04,32,86,0.0,-0.01048172,1.6810435
2012-05-04,15,93,1.9999999999999996,4.2568445,2.15356
2012-08-08,2,5,75.0,66.355774,2.822558
2012-05-31,20,93,0.0,0.019089302,1.7366134
2012-08-22,7,95,0.0,-0.0066454993,1.612692
2012-04-27,5,32,0.0,0.10106704,1.527043
2012-03-10,17,48,162.0,165.76215,3.659939
2012-05-24,19,69,0.0,-0.017983537,1.6166166
2012-08-13,41,16,60.00000000000001,49.760612,2.459104
2012-03-11,12,79,1.9999999999999996,2.6262345,2.5010912
2012-05-30,16,77,0.0,0.013528589,1.7302222
2012-01-27,10,21,0.0,-0.038841657,1.6408724
2012-06-04,19,39,0.0,-0.01616633,1.6894195
2012-02-05,17,37,60.00000000000001,65.01319,2.720545
2012-01-01,45,50,0.0,-0.0016190337,1.723964
2012-03-14,42,82,0.0,-0.021496465,1.6987666
2012-05-28,22,68,41.99999999999996,56.59506,2.5559247
2012-08-07,3,5,67.00000000000001,75.50208,2.9326377
2012-03-10,28,5,45.99999999999995,56.766327,2.9511015
2012-07-14,9,5,45.0,43.807022,2.8655665
2012-03-21,5,20,1.9999999999999996,0.87931997,2.6149573
2012-02-10,15,15,0.0,0.036709126,1.6877623
2012-02-09,4,27,7.000000000000002,6.778991,2.1571689
2012-08-08,19,88,1.0,1.9969528,2.2475731
2012-05-19,27,93,1.9999999999999996,4.201062,2.0380719
2012-01-06,30,51,0.0,0.035046123,1.7108324
2012-05-11,14,25,13.000000000000004,25.390404,2.464035
2012-01-17,19,15,0.0,-0.06664715,1.6821282
2012-07-15,41,16,53.00000000000001,39.280952,2.419751
2012-07-26,27,93,4.000000000000001,4.39369,2.0836127
2012-03-23,12,86,1.0,2.1112976,2.2593408
2012-08-01,41,68,26.999999999999996,41.640736,2.5912428
2012-03-29,41,93,10.000000000000002,3.440221,2.0868125
2012-06-20,39,103,0.0,-0.018982502,1.6782087
2012-04-16,29,56,0.0,-0.0027642932,1.6152465
2012-05-03,34,31,0.0,-0.010754955,1.6590372
2012-05-05,21,5,26.999999999999996,35.46318,2.6883194
2012-01-19,20,41,24.000000000000007,22.243053,1.7951435
2012-06-11,10,5,72.99999999999997,87.34262,2.9532666
2012-04-20,2,85,1.0,1.920749,2.2292264
2012-02-04,11,68,109.99999999999997,62.33738,2.7372463
2012-02-13,27,93,0.0,-0.0022337243,1.5985571
2012-08-22,4,9,64.99999999999997,58.1087,2.7997208
2012-05-28,19,16,8.000000000000005,21.948254,2.0019722
2012-01-12,15,49,0.0,0.012041611,1.7298107
2012-06-15,42,45,58.000000000000014,70.478065,2.7898653
2012-03-24,8,59,1.9999999999999996,1.7138193,2.4549234
2012-06-02,4,27,11.0,8.038813,2.191077
2012-08-20,27,93,16.999999999999996,4.4687376,2.1473122
2012-05-10,9,45,78.99999999999997,53.17138,2.8151448
2012-06-22,34,45,103.99999999999997,74.14172,2.843891
2012-06-07,25,9,89.99999999999997,80.34247,2.9677057
2012-02-17,34,9,21.000000000000004,65.468155,2.706381
2012-04-20,30,49,0.0,0.012817267,1.6659493
2012-04-30,38,98,0.0,-0.008086347,1.6409181
2012-04-06,8,5,30.0,26.336174,2.6806734
2012-06-11,9,5,41.99999999999996,42.36119,2.8081841
2012-01-27,42,5,20.0,42.8609,2.448988
2012-01-28,4,101,0.0,-0.008946582,1.7862118
2012-07-09,36,9,55.00000000000002,62.59895,2.6454535
2012-04-09,14,88,0.0,-0.056099895,1.6992589
2012-03-15,21,44,65.99999999999997,65.64302,3.0148335
2012-07-15,41,108,0.0,-0.008206601,1.6804652
2012-07-09,21,109,0.0,-0.00672753,1.7492346
2012-08-12,40,15,0.0,0.12284854,1.7138759
2012-01-28,9,45,93.0,74.19782,3.0471053
2012-07-20,17,37,51.00000000000003,48.167084,2.45196
2012-08-16,12,79,0.0,-0.011620771,1.6750017
2012-05-23,30,49,0.0,0.0021307885,1.6712383
2012-01-28,1,51,0.0,-0.0021333874,1.6576675
2012-05-25,33,93,0.0,0.03589465,1.7100688
2012-02-18,23,5,22.0,33.216972,2.7173116
2012-02-03,44,94,1.9999999999999996,2.2192087,2.3939376
2012-06-15,45,9,5.9999999999999964,6.2580795,2.445791
2012-04-17,21,91,0.0,-0.0024045412,1.6653457
2012-05-25,5,16,10.000000000000002,19.584808,1.897887
2012-04-01,42,5,58.000000000000014,72.34201,3.2819352
2012-03-15,3,102,0.0,0.015481014,1.6309892
2012-03-11,32,9,69.00000000000003,55.98296,2.6214018
2012-06-22,16,93,10.000000000000002,4.865879,2.331331
2012-05-01,34,52,3.0,2.3985722,2.357033
2012-07-28,24,76,0.0,0.013069645,1.6377505
2012-08-20,32,58,0.0,-0.025110366,1.6542639
2012-08-16,34,9,33.99999999999998,39.153008,2.4549046
2012-03-30,5,37,5.9999999999999964,9.662829,1.5647336
2012-04-24,13,5,38.99999999999998,71.524445,3.047838
2012-04-18,28,2,0.0,-0.0019760558,1.5975093
2012-01-13,33,92,0.0,0.007888316,1.79653
2012-02-27,2,93,13.000000000000004,3.2672524,2.285168
2012-01-27,18,37,5.9999999999999964,8.779469,1.7825055
2012-04-01,36,44,82.99999999999997,96.12972,3.2275212
2012-05-09,15,61,0.0,0.009840129,1.7197429
2012-05-29,14,9,5.0,12.602593,2.526756
2012-01-05,36,44,130.99999999999997,109.932236,3.4466257
2012-07-30,25,45,76.00000000000003,65.121284,2.7541192
2012-01-08,22,78,0.0,0.01831375,1.7909995
2012-03-04,27,21,3.0,2.5922666,2.476506
2012-04-02,31,98,0.0,-0.004421088,1.661311
2012-03-12,22,104,0.0,0.020772567,1.7337886
2012-05-27,43,105,0.0,-0.00333873,1.7741883
2012-05-19,30,13,0.0,-0.0028326644,1.7916751
2012-01-02,39,103,0.0,-0.0127718095,1.6946689
2012-07-15,19,83,13.000000000000004,9.512703,1.9807451
2012-03-30,2,85,0.0,0.002545642,1.6323712
2012-06-12,44,68,53.00000000000001,38.663662,2.596863
2012-07-24,41,61,1.0,1.5765014,2.334528
2012-04-03,34,31,0.0,-0.031234711,1.6461015
2012-05-06,34,31,1.9999999999999996,3.1776156,2.6848047
2012-02-08,19,75,0.0,-0.0061122226,1.657528
2012-01-03,33,93,0.0,0.008826675,1.8365148
2012-08-20,39,103,0.0,0.0033034792,1.6413972
2012-01-15,25,81,14.999999999999998,12.919554,1.8358386
2012-04-07,31,104,0.0,-6.128913e-05,1.7401782
2012-01-31,15,5,53.00000000000001,61.18804,2.8482206
2012-01-06,44,105,0.0,0.01700173,1.6757165
2012-06-01,15,15,0.0,0.112365894,1.6709007
2012-06-22,10,37,13.000000000000004,11.957186,1.5944436
2012-07-13,34,45,75.0,74.40827,2.867665
2012-06-23,10,86,0.0,0.0031401238,1.7382466
2012-07-27,4,90,0.0,-0.0128709525,1.6999712
2012-01-23,38,93,0.0,-0.0048074718,1.6365889
2012-01-31,32,86,0.0,-0.009776981,1.6358287
2012-01-26,5,105,0.0,-0.0036187242,1.6484367
2012-01-22,7,5,118.99999999999997,81.97391,2.9901218
2012-06-11,41,93,9.000000000000002,4.8560824,2.2644355
2012-08-16,41,16,30.0,34.096535,2.1698194
2012-06-12,15,49,0.0,0.022444665,1.7464836
2012-08-04,21,91,3.0,1.8259925,2.531716
2012-01-14,28,2,0.0,0.01834601,1.8124
2012-02-29,15,17,0.0,-0.033732004,1.9210434
2012-03-13,20,106,0.0,0.00083786057,1.7206271
2012-08-21,26,5,26.0,31.317875,2.6535642
2012-04-27,14,50,0.0,-0.021746997,1.6198363
2012-07-10,32,9,31.0,66.92954,2.803563
2012-06-09,24,43,73.99999999999997,69.950096,2.9363043
2012-02-02,19,69,0.0,-0.0246207,1.6587269
2012-01-03,4,101,0.0,-0.01726815,1.7667384
2012-03-04,7,23,31.0,24.02275,1.8721176
2012-01-19,34,93,0.0,0.015840642,1.6197046
2012-03-09,43,93,1.9999999999999996,3.6098745,2.1503074
2012-01-13,11,110,0.0,0.005344896,1.6520771
2012-02-07,4,90,1.0,1.4568226,2.3375897
2012-02-05,40,55,0.0,-0.0076947976,1.7841477
2012-03-20,43,73,1.9999999999999996,1.8147454,2.2620604
2012-02-01,27,9,25.000000000000004,28.72778,2.4970603
2012-08-08,30,51,0.0,0.03371247,1.664416
2012-02-06,40,51,0.0,-0.0070909183,1.7140377
2012-08-06,33,85,0.0,0.012089932,1.8011202
2012-08-09,36,9,28.000000000000004,32.06703,2.4057322
2012-01-04,8,93,0.0,-0.008702074,1.6773285
2012-07-14,19,83,5.0,10.286261,2.1436179
2012-02-20,36,44,86.0,90.94382,3.235748
2012-01-17,20,93,0.0,-0.0020024288,1.742014
2012-06-10,6,107,0.0,-0.0019638878,1.8470993
2012-03-05,4,97,0.0,-0.013784966,1.7511085
2012-07-09,13,36,109.99999999999997,96.26645,3.0363119
2012-03-17,4,101,0.0,-0.011781759,1.7379183
2012-08-17,38,98,0.0,0.003054819,1.6929775
2012-08-12,3,93,1.0,2.981504,2.1608088
2012-08-10,14,9,5.9999999999999964,9.679071,2.5877798
2012-06-21,9,42,5.9999999999999964,8.586444,1.8751206
2012-01-26,38,45,61.99999999999999,64.7237,2.902121
2012-01-20,24,60,1.0,1.9628421,2.2942426
2012-04-04,32,19,0.0,-0.03572725,1.6768037
2012-02-27,19,16,8.000000000000005,17.900322,2.026952
2012-02-13,43,73,1.0,1.3725445,2.3070028
2012-03-20,13,93,1.0,4.083233,2.2767925
2012-07-17,29,45,67.00000000000001,71.355804,2.961337
2012-07-20,13,104,0.0,-0.013062748,1.7005563
2012-01-22,14,9,36.99999999999999,14.1946,2.7241395
2012-02-01,41,108,0.0,0.0014710444,1.6623766
2012-03-08,28,5,16.999999999999996,31.767927,2.6451433
2012-04-27,27,21,4.000000000000001,1.8961489,2.3868399
2012-02-16,29,41,35.0,20.822832,1.7169119
2012-04-26,17,71,0.0,0.023200005,1.9281113
2012-01-25,32,45,23.000000000000004,47.533737,2.9677715
2012-05-16,45,50,0.0,-0.014304505,1.6246929
2012-04-13,8,93,8.000000000000005,3.6709123,2.103981
2012-03-06,33,93,1.0,3.5793402,2.355444
2012-05-17,8,93,1.0,3.54206,2.097825
2012-05-10,41,108,0.0,-0.0050723534,1.6337754
2012-05-15,13,5,100.99999999999996,88.72675,3.0595596
2012-04-17,8,100,0.0,-0.010889551,1.6157674
2012-01-09,20,106,0.0,0.015277383,1.7151885
2012-04-25,31,9,46.99999999999997,21.573975,2.3169847
2012-04-24,27,68,45.0,44.99205,2.5197093
2012-07-24,10,93,0.0,-0.019827032,1.6247966
2012-05-15,2,11,1.9999999999999996,1.5553331,2.4573212
2012-01-24,3,5,44.000000000000014,36.2292,2.6795988
2012-01-12,8,84,0.0,-0.018073369,1.7015442
2012-06-26,30,65,0.0,0.017447557,1.665119
2012-04-10,19,39,0.0,-0.02003111,1.6448598
2012-02-04,26,45,54.000000000000014,64.48111,3.0450811
2012-01-08,37,104,0.0,-0.011249984,1.7263
2012-01-19,9,105,0.0,0.0026519604,1.6079235
2012-07-20,7,23,25.000000000000004,19.016602,1.6551124
2012-03-30,23,45,35.0,42.412975,2.8819087
2012-04-18,22,68,33.99999999999998,39.021206,2.7360265
2012-02-08,15,17,0.0,-0.013835374,1.8153993
2012-05-29,7,7,3.0,2.9035742,2.4837234
2012-06-08,21,109,0.0,0.0043731644,1.6625519
2012-02-03,31,45,87.00000000000003,73.50732,2.8749497
2012-02-18,36,9,65.99999999999997,52.973938,2.5558858
2012-01-09,27,80,1.0,2.267086,2.2425573
2012-05-08,21,109,0.0,0.0042605563,1.6528727
2012-05-14,26,2,0.0,0.0017756352,1.7678232
2012-06-09,16,77,0.0,0.009530871,1.7490495
2012-06-01,45,4,0.0,-0.05822842,1.6979377
2012-07-26,15,93,10.000000000000002,4.412547,2.2177038
2012-04-30,16,77,7.000000000000002,2.8778648,2.4499485
2012-06-22,19,15,0.0,-0.039010778,1.6483986
2012-03-05,36,44,158.99999999999994,107.39883,3.4221885
2012-02-16,32,45,30.0,46.661087,2.9514394
2012-05-02,43,16,42.99999999999999,47.70223,2.7190034
2012-04-10,25,84,0.0,0.052589197,1.7781996
2012-02-06,31,9,52.00000000000001,53.642166,2.5315275
2012-05-14,14,25,9.000000000000002,16.727287,2.1293406
2012-01-10,21,5,68.00000000000001,59.31143,2.8421412
2012-07-04,43,105,0.0,-0.019277558,1.678435
2012-04-18,1,51,0.0,0.0025235822,1.6064345
2012-02-11,30,44,266.99999999999994,237.215,3.938262
2012-01-17,31,104,0.0,0.002875635,1.6195558
2012-05-06,3,45,82.99999999999997,106.36336,3.1598597
2012-08-06,19,39,0.0,-0.022428157,1.7259574
2012-03-21,28,5,52.00000000000001,32.88682,2.7389307
2012-08-17,6,9,37.99999999999999,35.62964,2.4580138
2012-06-19,35,63,1.9999999999999996,2.0111551,2.4885404
2012-07-27,26,45,55.00000000000002,54.269638,2.891501
2012-08-21,44,62,5.0,1.80251,2.4844487
2012-07-17,14,25,7.000000000000002,12.891509,2.2387562
2012-02-26,23,29,1.9999999999999996,1.556919,2.6013176
2012-05-27,30,44,191.0,196.93243,3.8123784
2012-04-09,3,102,0.0,0.010023116,1.6200342
2012-07-23,29,45,84.99999999999997,83.089554,2.9584982
2012-04-09,31,9,25.000000000000004,45.043266,2.3404617
2012-07-27,19,83,7.000000000000002,5.3905764,2.1680055
2012-05-26,1,93,0.0,0.009962771,1.6259156
2012-06-30,16,77,0.0,-0.0028072116,1.759617
2012-01-28,14,15,0.0,-0.13312873,1.8292694
2012-01-03,30,13,0.0,-0.035138562,1.7926826
2012-06-27,10,86,0.0,-0.0053481464,1.6322138
2012-04-08,29,8,51.00000000000003,42.614895,2.2862394
2012-01-13,13,46,5.0,2.781653,2.4466238
2012-02-20,2,5,63.99999999999998,44.36248,2.6247337
2012-06-14,20,18,0.0,0.004831124,1.7248365
2012-05-02,44,5,24.000000000000007,23.097713,2.7157972
2012-07-29,3,5,54.000000000000014,77.02405,2.9545019
2012-02-14,8,59,3.0,1.2147022,2.348192
2012-01-12,28,2,0.0,0.096560046,1.7419249
2012-04-09,39,36,13.000000000000004,10.348934,2.0955172
2012-01-10,41,16,82.00000000000003,41.289803,2.327218
2012-07-15,44,5,64.99999999999997,37.706463,2.6715744
2012-01-04,26,45,45.0,56.240665,2.8664632
2012-05-25,8,23,10.000000000000002,11.557919,1.5948551
2012-03-20,44,68,40.00000000000001,47.09243,2.7420871
2012-05-28,45,4,0.0,0.018841492,1.6584367
2012-07-18,12,79,1.9999999999999996,2.6344533,2.259728
2012-08-20,31,67,0.0,0.054185823,1.6434416
2012-02-15,27,68,52.00000000000001,47.890186,2.5592115
2012-06-13,7,23,14.999999999999998,19.871319,1.8155679
2012-03-21,38,93,9.000000000000002,3.6825008,2.19178
2012-01-23,14,9,21.000000000000004,11.700386,2.4089217
2012-01-27,7,95,0.0,0.006616825,1.616134
2012-06-11,37,38,0.0,0.048211485,1.6254617
2012-04-28,6,9,33.00000000000001,52.030636,2.8055038
2012-03-14,9,45,48.99999999999999,60.924625,2.7893057
2012-03-29,5,93,0.0,-0.0028352856,1.5973496
2012-01-08,24,43,120.00000000000003,88.40755,3.0223916
2012-08-12,24,97,0.0,0.0040287375,1.6907462
2012-06-06,33,44,151.0,133.59776,3.47259
2012-07-23,6,45,58.999999999999986,72.6356,2.890204
2012-07-15,38,52,1.0,2.1456132,2.2827656
2012-08-13,3,2,0.0,0.10191463,1.6305501
2012-05-02,25,50,0.0,0.037364647,1.7994665
2012-01-17,6,14,0.0,0.007957487,1.6244338
2012-04-20,11,110,0.0,0.003514698,1.6391176
2012-02-17,4,93,0.0,-0.012371179,1.692295
2012-08-15,13,5,129.99999999999994,73.3176,2.9124749
2012-04-30,5,105,0.0,-0.0006751922,1.607134
2012-04-23,12,93,1.9999999999999996,3.2754989,2.1322274
2012-04-21,38,9,70.00000000000007,47.17901,2.5134814
2012-07-27,17,37,41.99999999999996,46.282787,2.4421313
2012-03-23,45,9,24.000000000000007,15.445026,2.441986
2012-06-07,39,36,5.9999999999999964,10.554601,2.2799752
2012-04-04,29,8,37.99999999999999,28.5655,2.1265612
2012-04-16,11,9,35.0,37.70385,2.1967926
2012-07-09,25,12,0.0,-0.051775094,1.774116
2012-03-11,25,81,16.999999999999996,14.503473,1.9559772
2012-08-16,4,96,0.0,0.012186936,1.6922729
2012-03-08,45,34,0.0,-0.041974455,1.6856247
2012-08-21,15,93,1.9999999999999996,3.7466784,2.1629753
2012-01-11,31,9,81.00000000000001,47.204872,2.4962175
2012-05-19,43,3,0.0,-0.012322848,1.6600512
2012-05-09,16,50,0.0,0.013818681,1.709048
2012-03-29,27,9,5.0,18.140682,2.3631706
2012-06-12,23,5,28.000000000000004,37.810745,2.7128367
2012-01-18,30,44,194.0,150.34302,3.6422112
2012-02-22,32,45,47.99999999999999,67.14753,2.8724551
2012-02-17,30,65,1.0,1.7195511,2.6120296
2012-07-12,38,93,0.0,0.0054691653,1.6470114
2012-03-15,18,37,4.000000000000001,9.327236,1.7542022
2012-03-12,1,99,0.0,0.0134285,1.629172
2012-02-19,44,105,0.0,0.016346617,1.7015585
2012-06-13,31,98,0.0,0.0009600963,1.6626412
2012-06-23,16,93,3.0,5.3509016,2.322374
2012-05-04,12,37,13.000000000000004,17.81282,1.6493098
2012-08-03,8,84,0.0,-0.011153405,1.6605339
2012-06-18,16,64,0.0,0.01953024,1.7997686
2012-05-15,14,70,0.0,-0.0192254,1.6347713
2012-04-19,40,45,40.999999999999986,42.121567,3.006182
2012-03-24,5,105,0.0,-0.010410485,1.6818854
2012-06-20,3,109,0.0,0.011541762,1.7045112
2012-08-20,37,104,0.0,-0.008684891,1.6393591
2012-04-21,2,85,0.0,-0.008581425,1.6985874
2012-01-07,16,64,0.0,0.017795391,1.7666957
2012-01-28,25,81,20.0,12.070833,2.139411
2012-06-15,19,88,1.0,2.206383,2.274902
2012-07-20,35,66,17.999999999999996,10.38163,1.5714816
2012-08-10,44,5,56.00000000000001,39.513206,2.5756156
2012-04-10,41,68,60.00000000000001,47.37767,2.7133267
2012-01-04,42,45,69.00000000000003,67.68687,2.8947177
2012-02-01,9,10,5.9999999999999964,2.082121,2.1530633
2012-02-15,16,25,148.0,103.965195,3.1935804
2012-06-18,44,105,0.0,0.014769386,1.6671838
2012-01-23,2,93,0.0,-0.0037232751,1.6581045
2012-05-27,11,9,18.999999999999996,40.537956,2.426079
2012-06-06,43,37,7.000000000000002,13.095336,1.571677
2012-01-06,25,45,89.0,86.99728,2.9666934
2012-02-21,33,92,0.0,0.01745585,1.7437601
2012-06-10,25,93,1.0,4.5271387,2.5214126
2012-07-30,45,34,0.0,-0.0049137524,1.6482674
2012-01-29,18,37,12.0,13.513388,1.8795227
2012-06-26,4,9,141.99999999999994,56.627472,2.8978114
2012-08-15,16,85,0.0,0.03561757,1.7699912
2012-06-18,10,21,0.0,-0.013742744,1.6198685
2012-07-31,33,9,76.00000000000003,41.18335,2.58418
2012-06-25,1,28,3.0,3.1168392,2.2927513
2012-01-17,44,68,71.0,50.593002,2.6600165
2012-03-29,41,68,48.99999999999999,45.551224,2.6732104
2012-08-07,14,88,0.0,-0.015308018,1.6443108
2012-01-28,40,5,102.99999999999999,63.62378,2.820314
2012-07-15,10,37,13.000000000000004,15.38993,1.5728663
2012-07-20,9,42,8.000000000000005,8.899387,1.7267958
2012-02-02,43,16,71.0,57.747795,2.7118266
2012-05-31,36,1,0.0,-0.0033929239,1.642178
2012-03-15,34,31,0.0,-0.052454285,1.6404573
2012-08-21,28,2,0.0,0.03106314,1.7392066
2012-07-07,32,9,82.99999999999997,64.80705,2.6712713
2012-02-10,41,61,1.0,2.1099253,2.547135
2012-05-16,25,84,0.0,0.04597512,1.7708875
2012-08-04,4,93,4.000000000000001,3.943725,2.147904
2012-02-28,13,104,0.0,-0.006313101,1.6723033
2012-01-04,44,68,63.99999999999998,61.143932,2.7647102
2012-05-05,6,9,38.99999999999998,54.476036,2.7113087
2012-06-18,44,62,0.0,0.009519635,1.6001015
2012-04-29,25,45,109.99999999999997,88.80645,3.051489
2012-04-03,34,84,0.0,0.015799275,1.6301765
2012-02-02,6,107,0.0,-0.017873164,1.7632401
2012-06-29,14,88,0.0,-0.04067392,1.6454965
2012-06-19,41,61,1.9999999999999996,1.2293636,2.4372454
2012-02-21,9,45,65.99999999999997,48.39779,2.929094
2012-02-06,40,55,9.000000000000002,2.6385148,2.3586519
2012-06-29,30,16,46.99999999999997,25.044296,2.3345673
2012-08-12,3,109,0.0,-0.0030369735,1.7139599
2012-07-23,32,93,10.000000000000002,3.7323449,2.0098624
2012-04-19,25,50,0.0,0.041769367,1.7176248
2012-02-20,30,49,0.0,-0.014474861,1.7310301
2012-01-10,19,69,0.0,-0.0061895824,1.733867
2012-03-28,30,51,0.0,0.022875529,1.6429449
2012-03-06,16,25,145.0,76.96621,3.0627456
2012-01-22,16,50,0.0,-0.014848734,1.8888099
2012-01-28,32,45,44.000000000000014,66.302734,2.9873688
2012-05-27,14,33,0.0,0.014131413,1.6262722
2012-05-26,6,107,0.0,0.0044944366,1.6504213
2012-06-14,42,5,67.00000000000001,44.1541,2.5790908
2012-06-23,35,105,0.0,0.003588432,1.6607585
2012-02-18,4,101,0.0,0.017513696,1.7741289
2012-05-06,28,45,75.0,88.78774,3.2314909
2012-07-21,9,93,1.9999999999999996,3.4662879,2.3902884
2012-05-24,18,57,1.9999999999999996,1.3659446,2.4161334
2012-05-26,22,104,0.0,0.02841694,1.7693436
2012-05-14,45,50,0.0,-0.010640613,1.61349
2012-05-06,10,93,1.9999999999999996,3.4898467,2.513463
2012-01-03,16,25,155.0,149.88309,3.7212217
2012-07-03,15,93,11.0,3.800198,2.1718872
2012-01-06,31,93,12.0,4.379277,2.1806588
2012-06-13,7,93,4.000000000000001,4.092746,2.480777
2012-03-15,11,61,0.0,-0.0059057376,1.6262221
2012-03-09,31,104,0.0,0.0037092874,1.7656302
2012-05-21,33,92,1.9999999999999996,2.502978,2.221502
2012-02-12,26,2,0.0,0.15126367,1.8786684
2012-05-26,1,51,0.0,-0.027361635,1.7360145
2012-05-13,12,37,16.999999999999996,20.945026,1.7032325
2012-04-02,44,105,0.0,0.015720408,1.7257954
2012-02-27,37,45,72.99999999999997,55.543503,2.7573526
2012-05-28,10,93,12.0,4.392376,2.1545868
2012-05-05,15,61,0.0,-0.006634299,1.8197179
2012-05-30,45,9,14.999999999999998,11.974194,2.35215
2012-03-17,45,9,16.0,12.061092,2.5025482
2012-06-22,25,84,0.0,0.024765356,1.7062377
2012-05-05,19,75,0.0,-0.007618015,1.6651605
2012-08-11,3,102,0.0,0.019508796,1.7419184
2012-05-27,5,105,0.0,0.043701943,1.765804
2012-02-01,23,5,35.0,34.613934,2.754451
2012-03-19,43,37,17.999999999999996,14.694996,1.6511014
2012-01-05,16,77,0.0,0.0035261235,1.809091
2012-06-24,26,2,1.9999999999999996,5.261746,2.7420516
2012-06-11,32,86,0.0,-0.02061547,1.6537297
2012-01-13,7,7,1.0,2.6498947,2.6580782
2012-04-06,10,5,70.00000000000007,54.07619,2.7193952
2012-05-19,44,68,46.99999999999997,63.275494,2.7161708
2012-06-16,35,16,21.000000000000004,31.781853,2.0350392
2012-08-13,38,9,82.00000000000003,81.17328,2.8545842
2012-07-31,20,106,0.0,-0.011518756,1.7152002
2012-04-10,43,37,8.000000000000005,17.010557,1.5509245
2012-03-17,34,93,7.000000000000002,3.309128,2.1044643
2012-08-01,7,95,0.0,-0.0059847003,1.6790267
2012-02-22,36,44,63.99999999999998,88.09746,3.4171467
2012-08-04,16,50,0.0,0.021487106,1.7760531
2012-03-14,16,16,36.99999999999999,41.193733,2.3004081
2012-08-03,43,93,0.0,0.0095772585,1.6532658
2012-06-12,33,44,210.00000000000003,202.07692,3.8432086
2012-04-14,45,22,0.0,0.08692116,1.6169429
2012-03-29,23,5,14.0,20.047113,2.6386845
2012-04-19,20,106,0.0,0.005412011,1.6691147
2012-04-27,8,5,14.999999999999998,32.73606,2.5583851
2012-02-17,45,4,0.0,-0.026678393,1.6684439
2012-07-23,30,51,0.0,0.008830686,1.6934173
2012-08-07,40,45,56.00000000000001,75.30568,2.912743
2012-01-17,3,109,0.0,0.0041592554,1.6099477
2012-07-02,42,5,81.00000000000001,77.732086,2.9973972
2012-01-02,9,93,0.0,0.018597957,1.6877961
2012-05-19,11,61,1.0,2.1291902,2.334297
2012-08-01,33,93,0.0,0.021620288,1.7580274
2012-02-08,45,50,0.0,-0.014767258,1.6454471
2012-01-25,19,83,5.0,5.969309,1.9677387
2012-06-02,33,85,0.0,0.017513018,1.8011129
2012-08-23,4,96,0.0,-0.0137125235,1.69819
2012-07-29,19,16,26.999999999999996,27.633095,2.1225896
2012-06-06,22,9,33.99999999999998,44.007942,2.6595178
2012-07-02,41,16,35.99999999999998,40.84583,2.2714856
2012-05-23,5,37,10.000000000000002,11.492472,1.7038473
2012-03-31,4,9,153.00000000000006,70.09572,2.8577511
2012-02-19,11,87,0.0,0.001273036,1.6521002
2012-05-03,37,53,0.0,-0.010590156,1.6614295
2012-05-20,43,73,0.0,-0.006697418,1.6258494
2012-08-03,32,45,36.99999999999999,57.734688,2.829145
2012-03-25,7,7,4.000000000000001,3.2232463,2.5189018
2012-03-08,16,77,0.0,0.013635382,1.6873362
2012-05-17,11,9,8.000000000000005,22.170143,2.335302
2012-05-11,42,82,0.0,-0.08839628,1.7304444
2012-08-15,12,86,0.0,0.0017898261,1.668674
2012-05-09,29,8,18.999999999999996,28.590244,1.9983312
2012-04-23,10,93,0.0,-0.005964604,1.595056
2012-02-27,5,37,5.9999999999999964,10.187204,1.5820547
2012-03-29,11,87,0.0,-0.011999674,1.5982562
2012-08-22,35,49,0.0,-0.009811813,1.6598521
2012-08-19,3,109,0.0,0.007937572,1.6930699
2012-07-05,43,105,0.0,-0.057171054,1.7459534
2012-02-24,43,73,0.0,-0.019690482,1.619143
2012-06-27,17,9,100.00000000000003,100.942184,3.5532823
2012-05-20,25,81,23.000000000000004,13.525894,1.989613
2012-02-16,13,5,31.999999999999986,63.826984,2.8942509
2012-05-06,21,44,97.99999999999999,100.91901,3.4648232
2012-08-07,14,70,0.0,-0.014503939,1.6515065
2012-05-21,37,15,0.0,0.038582254,1.763764
2012-08-23,42,5,21.000000000000004,23.158531,2.6129675
2012-04-16,27,68,61.00000000000001,50.613525,2.494476
2012-03-18,41,16,52.00000000000001,38.384377,2.3324707
2012-02-06,27,21,0.0,-0.08051978,1.801547
2012-04-06,1,47,0.0,0.05764182,1.9507278
2012-07-04,44,5,38.99999999999998,28.03616,2.6659858
2012-04-02,32,9,65.99999999999997,54.053165,2.5266683
2012-03-13,20,5,91.00000000000001,83.013245,3.0282457
2012-07-16,17,48,204.00000000000006,163.94653,3.6581688
2012-02-04,22,68,68.00000000000001,64.9725,2.7343938
2012-06-29,37,104,0.0,-0.0023686534,1.6252483
2012-01-02,31,93,0.0,0.0038150325,1.6470053
2012-03-29,41,16,16.999999999999996,22.890827,2.233368
2012-01-30,21,44,64.99999999999997,77.9853,3.1786654
2012-05-15,15,15,0.0,0.042839047,1.6422486
2012-07-12,6,45,56.999999999999986,63.192307,2.8668327
2012-03-09,32,19,1.0,1.4399285,2.5277913
2012-01-21,26,5,63.000000000000036,59.28153,2.8842466
2012-07-20,6,9,25.000000000000004,33.393738,2.1993675
2012-01-10,40,5,67.00000000000001,42.038128,2.6945875
2012-08-03,14,15,0.0,0.017559437,1.6831704
2012-07-09,43,16,86.0,56.867783,2.5735385
2012-02-21,6,14,0.0,0.017306225,1.6459167
2012-06-05,22,54,0.0,0.078700624,1.8014072
2012-07-17,33,92,3.0,2.2120233,2.6168234
2012-03-04,26,45,64.99999999999997,50.927025,3.0582628
2012-03-18,45,22,0.0,0.02719337,1.6478782
2012-01-07,3,5,136.00000000000003,95.3336,3.0468738
2012-04-11,15,86,0.0,0.02428946,1.76637
2012-01-09,31,9,40.999999999999986,47.19791,2.345519
2012-07-18,38,93,0.0,-0.0061747115,1.6368644
2012-01-07,44,105,0.0,0.015602937,1.717361
2012-04-12,43,3,4.000000000000001,3.7078853,2.3192737
2012-03-01,12,79,0.0,0.0033288668,1.7008917
2012-07-26,24,97,0.0,0.015004575,1.6318778
2012-07-04,43,37,23.000000000000004,14.705364,1.9180502
2012-06-26,35,16,24.000000000000007,23.344763,2.082451
2012-03-13,34,93,1.0,3.258425,2.1238499
2012-03-17,20,18,1.0,2.1584873,2.5791576
2012-01-26,3,45,58.999999999999986,73.690796,2.938961
2012-07-05,37,105,0.0,-0.0032902868,1.6932632
2012-05-04,11,86,0.0,-0.010972556,1.641435
2012-06-21,40,15,0.0,0.0034695975,1.6706874
2012-06-15,3,2,0.0,0.023192339,1.6738446
2012-03-30,40,51,0.0,-0.03012599,1.6757158
2012-06-08,35,49,0.0,-0.0022983407,1.6510358
2012-02-26,19,16,29.000000000000004,19.728931,2.1816478
2012-02-10,25,9,127.99999999999997,94.63699,3.0652444
2012-07-17,35,66,9.000000000000002,9.277203,1.6110195
2012-05-04,24,6,36.99999999999999,43.400406,2.3360405
2012-01-17,11,61,1.9999999999999996,1.6004016,2.5262322
2012-05-12,3,5,54.000000000000014,56.67473,2.7236924
2012-07-07,5,93,0.0,-0.0078001604,1.6731957
2012-05-26,29,41,22.0,27.104103,1.8825771
2012-02-21,30,13,0.0,0.0527958,1.6546892
2012-07-16,14,33,1.9999999999999996,1.3496661,2.4469445
2012-08-02,16,50,0.0,0.009823628,1.7335911
2012-01-20,45,26,0.0,0.14433952,1.5878462
2012-05-10,27,21,0.0,-0.07853011,1.7144078
2012-03-18,43,3,1.0,2.9016254,2.3680751
2012-02-16,14,50,0.0,-0.019153493,1.6641394
2012-02-20,44,105,0.0,-0.005061765,1.6016605
2012-07-14,45,4,1.0,2.4768615,2.2903614
2012-08-08,9,5,35.99999999999998,53.73696,2.706732
2012-02-10,10,86,0.0,-0.010396348,1.6482161
2012-04-09,34,84,0.0,0.007654306,1.7227143
2012-07-09,29,41,28.000000000000004,22.245205,1.75187
2012-01-21,3,45,97.00000000000003,87.21208,3.0358112
2012-03-15,14,70,1.0,2.2324722,2.251266
2012-04-14,41,68,69.00000000000003,77.46692,2.813038
2012-06-08,9,10,1.0,3.2598646,2.1351626
2012-02-25,1,89,0.0,-0.0028356048,1.6861596
2012-04-01,36,9,33.99999999999998,61.861027,2.6927636
2012-04-08,38,98,0.0,0.02091253,1.6975163
2012-01-24,26,45,46.99999999999997,54.79563,2.8743641
2012-07-29,3,2,7.000000000000002,4.1507688,2.385327
2012-02-12,7,5,166.00000000000006,152.24585,3.4890423
2012-01-21,1,93,0.0,-0.016009083,1.762688
2012-05-12,21,44,78.0,66.23772,3.1977768
2012-07-27,28,45,48.99999999999999,67.56154,2.8789632
2012-02-05,16,85,0.0,-0.010592977,1.8494688
2012-04-21,38,98,0.0,0.001159164,1.7003497
2012-07-11,3,45,78.99999999999997,75.46113,2.9631727
2012-02-28,1,93,0.0,0.0002933851,1.5993935
2012-07-10,14,9,5.0,12.836708,2.4009733
2012-03-28,8,23,13.000000000000004,11.608656,1.6956931
2012-08-02,37,45,54.000000000000014,68.512695,2.8346894
2012-04-25,6,107,0.0,0.004989842,1.5894517
2012-06-23,7,23,38.99999999999998,19.835129,1.5846689
2012-02-16,26,2,0.0,0.007178481,1.6430306
2012-02-09,41,108,0.0,-0.0016935405,1.6282991
2012-02-08,11,9,35.99999999999998,21.374935,2.5497286
2012-02-23,17,48,100.99999999999996,163.54636,3.7565353
2012-06-21,11,68,45.0,39.55326,2.4495873
2012-03-02,27,93,0.0,0.005502652,1.6910185
2012-06-03,13,46,4.000000000000001,2.6053634,2.6715052
2012-03-10,38,86,0.0,-0.0061865826,1.7691572
2012-04-19,16,50,0.0,0.016509343,1.6687516
2012-01-16,45,22,0.0,0.021273684,1.7051926
2012-06-07,14,9,12.0,23.589918,2.8946936
2012-08-09,32,93,3.0,3.6563997,2.055282
2012-07-01,15,61,0.0,0.009135702,1.8615497
2012-02-19,19,39,0.0,-0.06616031,1.7340755
2012-06-22,33,85,0.0,0.014956212,1.8256751
2012-06-20,31,67,0.0,-0.010239644,1.6443664
2012-02-06,17,9,105.99999999999996,193.32614,3.710304
2012-05-05,30,49,0.0,0.014981906,1.7490652
2012-02-02,22,93,0.0,-0.014866737,1.7541236
2012-06-20,11,110,0.0,-0.00792396,1.6616528
2012-02-10,26,45,67.00000000000001,61.44418,2.8965795
2012-02-22,37,15,0.0,0.00015054156,1.6320833
2012-01-14,30,51,0.0,0.052274078,1.7981578
2012-04-21,26,5,31.999999999999986,49.60997,2.7373214
2012-08-17,21,44,87.00000000000003,101.03006,3.4127054
2012-05-21,25,81,16.999999999999996,10.565871,1.7507033
2012-07-29,13,46,1.0,0.9921353,2.7575514
2012-03-18,1,9,45.0,37.570328,2.5829203
2012-01-13,6,14,0.0,-0.06052804,1.765067
2012-08-14,31,67,0.0,-0.018807821,1.7101411
2012-07-14,27,9,33.00000000000001,35.87127,2.3061993
2012-05-11,4,27,5.9999999999999964,6.469238,2.0938222
2012-04-19,45,26,4.000000000000001,4.3406186,1.9687997
2012-04-13,40,15,0.0,0.061511315,1.5870177
2012-08-10,7,23,14.999999999999998,21.26563,1.7245181
2012-03-27,1,51,0.0,-0.0029710843,1.603655
2012-05-06,11,9,58.999999999999986,47.49041,2.5594912
2012-01-21,18,37,12.0,11.531712,1.8863549
2012-06-01,34,31,0.0,-0.03630488,1.7063706
2012-06-11,40,93,5.0,3.245725,2.2044082
2012-08-21,25,84,0.0,0.0484252,1.73113
2012-01-28,14,33,0.0,0.00524753,1.6613292
2012-07-12,24,43,55.00000000000002,57.498505,2.7457387
2012-08-11,9,42,10.000000000000002,11.189598,1.8395283
2012-02-02,34,9,81.00000000000001,65.53452,2.842157
2012-04-24,39,36,14.0,9.669215,2.2252436
2012-04-30,11,86,0.0,-0.019067608,1.6317413
2012-03-24,29,45,77.0,70.85043,2.9384086
2012-03-07,40,45,56.999999999999986,51.17358,2.9641218
2012-01-12,22,104,0.0,-0.0037344785,1.7599329
2012-04-29,8,23,14.0,12.084656,1.6308954
2012-01-20,41,86,0.0,-0.016145574,1.6274973
2012-04-17,14,9,14.0,10.141884,2.3873804
2012-07-10,22,9,65.99999999999997,47.447292,2.5746415
2012-04-01,3,2,1.0,6.0053186,2.4546912
2012-04-16,42,45,69.00000000000003,65.5318,2.7243795
2012-08-10,44,62,0.0,-0.0029917336,1.674712
2012-05-10,31,67,10.000000000000002,9.898045,1.8504432
2012-03-20,28,2,5.9999999999999964,2.0322492,2.2860942
2012-05-30,41,108,0.0,-0.017853154,1.6272672
2012-01-26,30,51,0.0,0.011312053,1.7146796
2012-01-27,5,105,0.0,-0.007123573,1.6795955
2012-07-22,4,93,1.9999999999999996,3.5577242,2.1920269
2012-06-13,43,37,17.999999999999996,10.958197,1.7773948
2012-03-15,12,37,21.000000000000004,18.043854,1.7170309
2012-04-24,16,93,0.0,0.012899105,1.6822402
2012-03-15,45,50,0.0,-0.010229716,1.6114904
2012-02-03,43,73,1.0,1.6143992,2.4431224
2012-07-11,32,93,0.0,-0.009655349,1.6753013
2012-02-24,24,43,65.99999999999997,46.405315,2.852919
2012-05-05,36,30,1.9999999999999996,2.4527974,2.62122
2012-06-03,5,32,0.0,-0.0093921,1.7698659
2012-07-01,45,4,0.0,0.062921226,1.8871986
2012-01-23,33,9,121.00000000000003,79.102036,2.934066
2012-01-15,41,93,0.0,0.026459495,1.74479
2012-01-01,45,22,0.0,0.024654131,1.6910238
2012-03-02,1,99,0.0,0.022690738,1.6810534
2012-03-22,7,95,0.0,-0.0038255663,1.5986779
2012-01-02,16,77,0.0,0.0028457902,1.7390449
2012-04-13,17,71,0.0,0.0031865267,2.0078928
2012-05-30,8,93,5.9999999999999964,3.4377394,2.061943
2012-03-15,16,16,33.99999999999998,26.401073,2.2406793
2012-04-02,11,68,53.00000000000001,50.14428,2.4876864
2012-01-20,14,93,0.0,-0.013509927,1.6823434
2012-08-01,39,36,5.0,13.87537,2.2307978
2012-06-20,37,45,53.00000000000001,58.79134,2.8239205
2012-08-03,31,9,68.00000000000001,46.213005,2.4379106
2012-02-09,41,93,0.0,0.0016246419,1.6138312
2012-07-18,11,87,1.0,1.8447006,2.485377
2012-05-01,41,61,0.0,-0.008120966,1.6954402
2012-07-10,27,93,0.0,-0.0077407067,1.6228055
2012-02-23,21,109,0.0,-0.01704499,1.702669
2012-04-21,22,68,44.000000000000014,55.94781,2.864308
2012-08-06,32,19,1.9999999999999996,2.3754022,2.3186116
2012-05-26,1,47,0.0,0.033296272,2.0269063
2012-01-11,37,53,3.0,2.0470722,2.3070135
2012-01-24,20,93,0.0,0.00241414,1.7166146
2012-01-31,4,101,0.0,0.00497455,1.6987286
2012-04-01,19,88,0.0,-0.014240055,1.7502532
2012-03-12,13,104,0.0,-0.0042369585,1.7136899
2012-01-10,6,45,45.0,69.329475,3.004966
2012-01-08,32,58,1.9999999999999996,2.6724095,2.6371918
2012-08-09,8,5,35.99999999999998,49.026524,3.0364563
2012-04-23,38,93,0.0,-0.004426773,1.6742426
2012-02-21,24,97,0.0,-0.0150104575,1.7494023
2012-06-01,8,5,22.0,38.910027,2.6708615
2012-05-24,27,80,0.0,-0.035395868,1.6329994
2012-04-22,24,76,0.0,-0.0023652404,1.6234467
2012-03-19,31,104,0.0,-0.011432716,1.7738148
2012-02-13,33,9,198.99999999999994,115.563446,3.3289742
2012-08-05,25,9,130.99999999999997,106.964325,3.2870824
2012-04-28,26,5,84.99999999999997,35.631744,2.6456797
2012-01-24,31,93,0.0,-0.015277228,1.6831648
2012-06-05,38,52,0.0,0.02868244,1.7970487
2012-02-15,2,44,100.99999999999996,102.57994,3.2358713
2012-07-01,43,105,0.0,-0.0036040242,1.717323
2012-07-29,23,45,40.999999999999986,50.483852,3.1699436
2012-01-10,14,25,14.999999999999998,11.734701,2.1987035
2012-02-25,43,16,45.99999999999995,35.251266,2.4164333
2012-07-24,15,17,0.0,-0.023554036,1.774762
2012-07-14,12,79,1.9999999999999996,2.1957045,2.32318
2012-06-26,3,102,0.0,0.005917711,1.6359456
2012-03-09,23,45,29.000000000000004,30.80253,2.9407413
2012-04-19,19,15,0.0,-0.039950974,1.6307578
2012-07-30,36,1,0.0,0.05029431,1.7172148
2012-01-11,13,93,1.9999999999999996,3.273224,2.2985733
2012-05-18,16,93,3.0,3.7627625,2.1502593
2012-06-24,39,36,11.0,12.931184,2.3517094
2012-07-07,1,28,1.0,4.5637507,2.2497184
2012-06-25,37,53,0.0,-0.056392655,1.6928834
2012-03-14,44,94,1.9999999999999996,0.9665555,2.4939806
2012-07-03,7,93,0.0,0.0019729317,1.6536797
2012-07-13,18,5,8.000000000000005,16.755928,2.798289
2012-01-27,36,9,26.999999999999996,35.95174,2.358638
2012-07-12,28,45,56.00000000000001,51.33615,2.8876197
2012-02-13,3,2,0.0,0.03237394,1.7883363
2012-02-15,32,58,1.9999999999999996,2.3737218,2.2449403
2012-04-19,37,53,1.9999999999999996,1.8559207,2.3488533
2012-02-14,39,103,0.0,-0.013770606,1.6583573
2012-04-13,24,43,54.000000000000014,43.834538,2.8405545
2012-07-06,15,15,0.0,0.09403032,1.6336634
2012-04-14,19,75,0.0,-0.016912179,1.7372053
2012-04-22,30,65,1.0,1.6727206,2.690248
2012-07-12,41,108,0.0,0.0035028188,1.7094886
2012-07-27,43,73,0.0,-0.03278033,1.6380682
2012-02-05,13,93,0.0,-0.014350192,1.854071
2012-02-04,3,5,103.99999999999997,96.841446,3.1162617
2012-02-06,9,5,30.0,47.17714,2.731186
2012-01-29,30,13,0.0,0.051636763,1.7514389
2012-05-04,34,9,80.00000000000003,51.553944,2.5684147
2012-04-02,16,64,0.0,0.0049196114,1.7405163
2012-06-11,3,109,0.0,0.014243876,1.7331053
2012-05-29,37,38,0.0,0.0458126,1.5605584
2012-04-09,19,15,0.0,0.018699903,1.6230482
2012-04-25,42,45,53.00000000000001,54.686417,2.8519366
2012-03-21,1,51,0.0,-0.011870003,1.6026162
2012-08-01,30,16,22.0,30.581406,2.4083664
2012-07-18,22,104,0.0,-0.014336915,1.712969
2012-07-02,44,93,0.0,-0.01817445,1.6818299
2012-06-20,33,93,1.9999999999999996,4.6317396,2.55469
2012-04-06,32,45,40.999999999999986,66.38446,2.8626852
2012-07-29,20,5,118.99999999999997,84.74787,3.1626163
2012-06-26,30,49,0.0,0.022087427,1.66391
2012-06-17,4,96,0.0,0.01577039,1.7779816
2012-01-17,29,45,63.99999999999998,74.45572,2.9130676
2012-08-01,5,16,33.00000000000001,26.115688,2.1111197
2012-01-07,19,75,0.0,-0.00072850165,1.6666399
2012-07-15,22,93,0.0,-0.006247211,1.7525321
2012-02-10,9,10,5.9999999999999964,2.432786,2.1347718
2012-01-05,27,80,0.0,-0.018143717,1.6956422
2012-03-29,28,5,18.999999999999996,31.937017,2.4938712
2012-01-01,41,68,94.99999999999999,75.74871,2.7809012
2012-08-17,15,17,1.0,0.6855602,2.7853642
2012-06-12,7,95,0.0,0.016511906,1.6944076
2012-01-24,14,33,0.0,0.06463403,1.5802938
2012-05-12,1,93,5.9999999999999964,3.529541,2.0766163
2012-05-20,24,6,91.00000000000001,39.641216,2.4726932
2012-06-17,16,25,160.00000000000003,185.6257,3.6955252
2012-07-21,39,103,0.0,-0.011464351,1.7405261
2012-04-02,3,102,0.0,0.011380307,1.6824021
2012-03-17,2,11,0.0,-0.046415623,1.7581116
2012-03-12,45,22,0.0,0.055513695,1.607546
2012-08-22,40,51,0.0,-0.017735697,1.6235219
2012-06-18,9,42,5.9999999999999964,11.616573,1.7045543
2012-04-21,38,52,1.9999999999999996,1.9777222,2.5529237
2012-03-30,8,23,5.9999999999999964,7.1407347,1.7445359
2012-03-25,14,15,0.0,-0.07611223,1.7657238
2012-07-11,30,51,0.0,0.028134305,1.6645457
2012-07-06,19,75,0.0,-0.000661757,1.6293496
2012-01-13,44,93,0.0,0.008160178,1.6818419
2012-01-21,34,93,0.0,0.009381428,1.721345
2012-03-17,38,93,5.0,3.139139,2.1810164
2012-05-20,19,69,1.0,2.0656292,2.3642545
2012-04-22,45,34,0.0,-0.0033265364,1.6634679
2012-05-15,1,99,0.0,0.0082218535,1.6277226
2012-03-09,12,16,58.999999999999986,44.159546,2.5316257
2012-04-12,15,5,96.0,80.56009,3.0767028
2012-02-19,36,9,78.99999999999997,55.276993,2.6069071
2012-01-16,44,62,1.9999999999999996,2.3212953,2.2667634
2012-01-14,37,53,5.0,2.3310473,2.5448685
2012-06-20,44,94,0.0,0.0014904259,1.689624
2012-03-01,15,49,0.0,0.022330953,1.7470675
2012-07-21,39,9,1.9999999999999996,8.208352,2.5838256
2012-02-04,38,98,0.0,0.009779866,1.7314335
2012-04-25,15,17,0.0,-0.033997823,1.798688
2012-08-21,2,93,0.0,0.008051801,1.5988032
2012-07-13,14,25,18.999999999999996,12.33245,2.1133301
2012-08-01,32,51,0.0,-0.019354869,1.6758802
2012-07-19,34,52,1.0,1.9220368,2.348279
2012-05-26,9,42,11.0,11.551734,1.8141379
2012-06-16,22,68,44.000000000000014,54.53935,2.6108477
2012-04-22,14,33,1.0,2.9006617,2.5011396
2012-07-30,27,21,1.0,2.318556,2.4855163
2012-06-02,21,109,0.0,0.010696276,1.9291263
2012-05-28,18,72,0.0,-0.025697824,1.6343672
2012-03-29,18,5,1.9999999999999996,9.330383,2.7636359
2012-04-28,12,37,21.000000000000004,22.555195,1.770479
2012-02-10,9,45,72.99999999999997,60.891888,2.8291538
2012-07-19,39,9,10.000000000000002,6.5935698,2.5642245
2012-02-25,5,105,0.0,-0.0062933494,1.6600178
2012-08-08,44,62,0.0,0.011861094,1.698636
2012-08-17,19,83,8.000000000000005,6.7778006,2.031687
2012-08-08,16,85,0.0,0.002335215,1.7047151
2012-01-28,45,50,0.0,0.01881588,1.7160206
2012-08-06,15,93,1.9999999999999996,3.7937155,2.3008916
2012-08-22,11,68,46.99999999999997,42.715057,2.65822
2012-03-27,33,93,0.0,0.016915575,1.6574458
2012-01-30,33,9,135.00000000000006,95.05156,3.1318176
2012-03-01,2,5,91.00000000000001,55.874702,2.862716
2012-03-04,19,16,38.99999999999998,33.14945,2.2546766
2012-05-26,45,4,0.0,-0.041627426,1.6875391
2012-01-21,37,105,0.0,-0.011214867,1.6784879
2012-07-19,3,93,3.0,3.4671803,2.138841
2012-05-09,36,1,0.0,-0.040530596,1.6900148
2012-03-03,23,29,0.0,-0.13136725,1.851536
2012-03-19,2,93,5.9999999999999964,4.297803,2.180208
2012-01-29,40,45,114.00000000000001,82.26868,2.9519813
2012-06-18,30,13,3.0,2.1389306,2.2514565
2012-02-11,9,10,0.0,0.072206296,1.7524287
2012-08-19,42,5,29.000000000000004,57.160957,2.9800081
2012-04-06,7,23,26.0,18.140842,1.4512458
2012-07-23,8,5,40.999999999999986,43.3064,2.846419
2012-07-18,44,5,24.000000000000007,26.161142,2.6674886
2012-03-15,22,78,7.000000000000002,3.1386337,2.2824116
2012-08-10,38,93,0.0,0.016546885,1.7398067
2012-05-26,34,93,0.0,0.012647886,1.6390471
2012-04-26,3,5,33.00000000000001,35.143703,2.6484196
2012-07-11,27,80,0.0,-0.037073467,1.7421731
2012-06-04,25,50,0.0,0.07205149,1.7441013
2012-01-16,3,45,76.00000000000003,71.06554,2.7910957
2012-06-21,15,61,0.0,0.029474648,1.7533501
2012-03-26,34,93,0.0,0.017633652,1.6337119
2012-07-06,7,93,0.0,-0.0019363596,1.6288284
2012-05-19,41,68,69.00000000000003,61.126717,2.6428819
2012-05-19,34,93,5.9999999999999964,3.6496239,2.2437887
2012-01-29,44,68,61.99999999999999,75.79608,2.8748782
2012-04-30,17,48,125.0,139.07063,3.5433965
2012-04-23,29,56,0.0,0.010767581,1.6480565
2012-03-26,36,9,51.00000000000003,52.585484,2.7429883
2012-02-19,25,84,0.0,0.038860425,1.8556567
2012-08-06,33,93,0.0,0.015954012,1.7410418
2012-07-07,14,25,8.000000000000005,29.827377,2.4753804
2012-05-28,24,60,0.0,-0.03416023,1.6263973
2012-05-15,2,44,97.99999999999999,110.86345,3.4293513
2012-06-28,41,93,5.9999999999999964,3.705003,2.104274
2012-06-13,41,108,0.0,-0.008137018,1.704121
2012-02-06,44,93,0.0,0.021439334,1.605028
2012-06-16,36,1,7.000000000000002,3.6515892,2.4021313
2012-03-21,22,78,1.9999999999999996,3.3694642,2.2773275
2012-08-24,9,105,0.0,-0.010769575,1.6373292
2012-05-31,13,93,23.000000000000004,3.706223,2.1177928
2012-05-07,13,104,0.0,-0.0035106048,1.6811922
2012-02-20,15,17,0.0,-0.014842214,1.8437798
2012-02-14,30,65,0.0,-0.008939529,1.7425702
2012-07-01,20,93,0.0,0.013883292,1.8557627
2012-02-03,45,9,40.00000000000001,14.251106,2.5740688
2012-04-21,31,67,8.000000000000005,11.167831,1.637653
2012-07-10,32,93,0.0,-0.010240826,1.6203114
2012-02-23,37,104,0.0,0.00096841383,1.6277095
2012-04-26,23,56,3.0,1.8162246,2.3447692
2012-04-20,38,86,0.0,0.0051673655,1.7057468
2012-02-19,8,93,0.0,-0.016789628,1.6815224
2012-05-13,20,41,29.000000000000004,19.946693,2.0540607
2012-07-01,37,38,0.0,0.0015099619,1.6889536
2012-07-26,35,49,0.0,-0.012809754,1.6671817
2012-01-12,34,9,48.99999999999999,42.70383,2.593625
2012-01-19,32,93,0.0,-0.012461547,1.6888679
2012-06-22,11,61,1.9999999999999996,2.0591133,2.324956
2012-01-31,5,37,9.000000000000002,10.747914,1.6203843
2012-06-10,24,6,31.0,44.05661,2.4866164
2012-07-25,40,55,0.0,-0.005297875,1.6651022
2012-08-05,25,81,16.999999999999996,12.997351,2.1960592
2012-02-17,29,8,31.999999999999986,23.618645,1.98406
2012-07-28,16,50,0.0,0.014566363,1.8024087
2012-01-22,29,56,0.0,0.0061864895,1.6628904
2012-01-23,11,87,0.0,-0.0035375264,1.6607773
2012-01-21,4,97,0.0,0.003393733,1.8062363
2012-03-02,41,108,0.0,0.0043956293,1.6748345
2012-04-16,18,72,0.0,0.0013632142,1.6347629
2012-04-14,4,9,145.0,79.8201,2.9080653
2012-06-24,4,27,5.9999999999999964,6.439022,2.054442
2012-06-09,6,107,0.0,0.012625912,1.695198
2012-08-16,31,9,53.00000000000001,38.905823,2.3706765
2012-02-22,13,93,0.0,-0.008658783,1.7175446
2012-08-24,37,105,0.0,0.011128316,1.6337394
2012-04-29,3,45,89.0,94.85957,3.094763
2012-04-27,10,37,12.0,10.331306,1.5491941
2012-07-09,15,93,0.0,0.018472742,1.8205137
2012-06-13,44,94,0.0,0.004523704,1.7128516
2012-05-25,19,16,16.999999999999996,18.85363,1.9017919
2012-02-25,21,91,0.0,-0.020912193,1.6525425
2012-02-05,18,57,0.0,-0.009866028,1.7224611
2012-02-18,21,109,0.0,-0.0039138924,1.7151247
2012-03-29,16,77,1.0,2.4701166,2.251153
2012-08-08,8,84,0.0,-0.017586498,1.6479253
2012-07-26,27,9,16.999999999999996,28.795624,2.2770495
2012-04-12,10,93,4.000000000000001,3.6710205,2.0400615
2012-08-03,23,29,1.9999999999999996,1.172267,2.6463742
2012-01-04,37,105,0.0,-0.013362021,1.7134118
2012-01-31,17,71,0.0,0.0087683145,1.9227377
2012-03-27,34,93,0.0,0.021366714,1.5983195
2012-05-10,33,93,0.0,0.022531565,1.7025069
2012-07-26,13,36,107.00000000000003,69.86036,2.8007479
2012-01-26,28,45,31.999999999999986,63.51011,2.963356
2012-07-22,28,35,0.0,-0.10587807,1.7446495
2012-02-25,33,93,0.0,0.017687093,1.7070404
2012-05-17,14,50,0.0,-0.020061601,1.6261156
2012-05-21,14,93,4.000000000000001,3.303216,2.0328255
2012-08-22,20,93,0.0,0.010519065,1.685869
2012-02-12,34,9,113.00000000000003,84.55799,2.9440634
2012-05-29,31,93,1.9999999999999996,3.5960693,2.1513865
2012-06-16,40,93,5.9999999999999964,3.546927,2.2577846
2012-06-25,9,105,0.0,-0.009859138,1.6353929
2012-05-07,5,20,0.0,0.01377278,1.6260792
2012-08-18,29,56,1.9999999999999996,2.489871,2.4494092
2012-04-16,33,92,5.9999999999999964,2.4070044,2.4888318
2012-03-26,17,71,1.9999999999999996,1.8460975,2.7834203
2012-01-25,20,41,22.0,16.449377,1.7695905
2012-01-30,26,5,36.99999999999999,44.66789,2.517197
2012-08-03,16,16,41.99999999999996,32.1418,2.2072172
2012-02-09,38,93,1.9999999999999996,3.1387115,2.1886678
2012-02-27,13,36,73.99999999999997,95.30495,3.0603538
2012-03-26,20,5,17.999999999999996,57.579006,2.8480604
2012-05-28,22,93,16.999999999999996,7.878377,2.3249607
2012-07-10,38,9,138.99999999999994,79.49454,2.8978834
2012-05-15,4,93,0.0,0.00910782,1.682345
2012-08-05,24,97,0.0,0.012213754,1.6963159
2012-01-13,45,4,0.0,0.011784974,1.6931058
2012-03-07,31,93,0.0,0.007684412,1.6395643
2012-04-15,14,25,14.999999999999998,14.843472,2.1630704
2012-01-13,16,50,0.0,-0.017450389,1.8004686
2012-08-19,28,5,46.99999999999997,34.08599,2.7927334
2012-02-06,39,9,3.0,6.1018233,2.5141916
2012-08-12,22,9,94.0,83.04963,2.896917
2012-07-18,8,23,4.000000000000001,9.069319,1.7055548
2012-02-22,31,93,0.0,-0.020776445,1.6264544
2012-01-12,38,9,55.00000000000002,62.124603,2.6972513
2012-05-29,38,45,92.00000000000003,66.79577,2.963891
2012-03-06,30,65,0.0,-0.005816122,1.7638215
2012-07-31,40,5,72.99999999999997,39.733276,2.5785146
2012-06-22,10,5,28.000000000000004,50.840843,2.6924524
2012-04-16,8,100,0.0,-0.00754837,1.633579
2012-02-27,32,58,1.0,2.1494408,2.3299189
2012-05-14,4,90,1.0,1.3328844,2.3265407
2012-02-15,20,41,17.999999999999996,18.793728,1.6563855
2012-03-21,43,37,9.000000000000002,16.207142,1.4664404
2012-05-18,33,44,158.99999999999994,190.93364,3.8176978
2012-03-02,41,93,1.9999999999999996,4.2622213,2.3562806
2012-03-09,1,40,0.0,-0.016959233,1.6662836
2012-05-20,5,93,0.0,0.0011690098,1.643212
2012-04-11,1,51,0.0,0.02586401,1.650757
2012-06-17,20,5,105.99999999999996,85.424194,2.98388
2012-07-18,13,93,0.0,-1.6932145e-05,1.7151406
2012-05-03,4,27,5.9999999999999964,4.3484282,2.1175134
2012-02-13,5,93,0.0,-0.0044286936,1.6061256
2012-03-12,11,61,0.0,0.012912024,1.6296213
2012-07-20,10,5,65.99999999999997,68.58433,2.8597422
2012-03-06,26,5,99.00000000000004,59.383026,2.7628899
2012-01-03,13,104,0.0,0.001952653,1.7575679
2012-03-14,40,55,1.0,2.0192204,2.3117878
2012-04-15,11,61,0.0,0.008296986,1.7808716
2012-06-17,4,97,0.0,0.014106986,1.8398492
2012-07-28,9,10,0.0,-0.00010032114,1.6994925
2012-03-10,32,93,0.0,-0.011768731,1.6647854
2012-05-09,29,45,69.00000000000003,64.82227,2.7846537
2012-05-02,43,3,1.9999999999999996,1.5298991,2.482382
2012-06-04,19,15,0.0,-0.01119689,1.6798582
2012-08-12,18,5,18.999999999999996,33.9385,3.0432732
2012-04-21,5,32,1.9999999999999996,2.5856478,2.2840629
2012-07-15,11,9,38.99999999999998,53.76633,2.5030317
2012-02-06,45,22,0.0,0.11029083,1.6136247
2012-03-13,4,90,1.9999999999999996,1.6900179,2.3367176
2012-05-07,34,45,103.99999999999997,63.29726,2.8632982
2012-04-16,38,93,0.0,-0.0060204063,1.5969063
2012-07-30,8,93,0.0,-0.020346541,1.6735024
2012-05-24,42,82,1.9999999999999996,2.1251302,2.3932917
2012-02-18,28,45,48.99999999999999,53.348053,3.0112588
2012-04-29,15,5,125.99999999999999,110.39732,3.3104398
2012-06-03,18,72,1.0,1.489089,2.5963507
2012-01-16,41,108,0.0,-0.0053868885,1.632426
2012-05-06,31,45,92.00000000000003,86.607704,3.0164895
2012-03-08,29,45,63.99999999999998,64.53468,2.8727458
2012-07-11,22,104,0.0,0.017936504,1.7703869
2012-02-14,45,22,0.0,0.08279522,1.6175892
2012-04-07,44,5,53.00000000000001,41.413513,2.6856098
2012-08-07,18,57,0.0,-0.011114779,1.6885812
2012-04-05,33,93,0.0,0.017427068,1.7474667
2012-04-04,4,9,86.0,68.58061,2.8593655
2012-01-05,34,84,0.0,-0.0009988579,1.7402174
2012-05-06,32,93,9.000000000000002,3.7620459,2.4725857
2012-02-26,1,99,0.0,-0.0009606347,1.6692721
2012-01-08,18,72,0.0,-0.0032311473,1.7801689
2012-06-03,44,5,64.99999999999997,42.590675,2.6911108
2012-01-01,34,93,0.0,0.012235839,1.6742179
2012-02-19,32,19,1.0,1.554492,2.6346745
2012-06-09,18,5,11.0,21.816357,2.8452768
2012-01-02,29,56,0.0,0.016145393,1.7185285
2012-03-23,34,84,0.0,0.0032043825,1.6566058
2012-06-18,25,12,0.0,-0.07726931,1.7643511
2012-04-05,14,70,1.9999999999999996,2.005384,2.2753582
2012-02-04,19,83,16.0,10.051603,1.9603727
2012-02-27,44,5,48.99999999999999,39.953415,2.6436644
2012-02-01,15,45,120.00000000000003,90.7341,3.185194
2012-05-09,12,37,12.0,15.342458,1.5536345
2012-03-08,16,50,0.0,0.009681369,1.7869003
2012-06-28,24,43,52.00000000000001,52.440178,2.7429209
2012-04-28,15,61,3.0,2.354675,2.4399767
2012-02-12,20,41,51.00000000000003,29.138386,1.9638228
2012-05-09,28,45,46.99999999999997,73.14047,2.9767876
2012-06-05,19,93,5.9999999999999964,5.1905766,2.2404673
2012-08-21,32,93,1.9999999999999996,3.825365,2.0443103
2012-01-16,2,5,36.99999999999999,78.37642,2.9715068
2012-02-02,11,86,0.0,-0.009278649,1.688896
2012-03-08,11,87,0.0,-0.0017453826,1.6077453
2012-02-07,17,71,0.0,0.011795718,1.9448668
2012-01-22,38,86,0.0,-0.0029672273,1.7704139
2012-01-28,12,16,63.99999999999998,31.679647,2.1902616
2012-02-27,31,45,67.00000000000001,71.40102,2.9305866
2012-01-21,29,41,35.0,23.180342,1.7448536
2012-07-13,42,5,64.99999999999997,55.72111,2.6696806
2012-02-03,11,61,0.0,-0.0007274012,1.6172669
2012-08-05,1,99,0.0,0.014681231,1.718891
2012-06-14,6,14,0.0,-0.05084252,1.6809709
2012-07-25,45,50,0.0,-0.014642938,1.6600915
2012-06-12,31,104,0.0,0.0010217779,1.6581329
2012-08-10,14,93,0.0,-0.005683886,1.6792383
2012-08-22,40,55,0.0,-0.018728627,1.6158346
2012-04-06,36,44,118.00000000000003,109.542755,3.4251945
2012-04-24,27,80,1.0,2.532142,2.286036
2012-04-14,23,45,30.0,39.438377,3.0564277
2012-04-04,12,79,0.0,0.011594728,1.667805
2012-03-29,32,9,25.000000000000004,22.505438,2.4303236
2012-01-31,9,45,67.00000000000001,56.95388,2.8196857
2012-07-23,12,37,7.000000000000002,14.397677,1.5490088
2012-04-11,45,34,0.0,-0.056473844,1.7470939
2012-07-25,6,45,55.00000000000002,53.502754,2.8310657
2012-08-17,7,23,44.000000000000014,20.898615,1.7827244
2012-02-18,43,105,0.0,0.00058333867,1.6827102
2012-01-11,14,88,0.0,-0.018874353,1.6768554
2012-07-15,15,15,0.0,0.015200849,1.6669766
2012-03-08,31,45,53.00000000000001,66.01545,2.791639
2012-04-12,27,93,3.0,4.342851,2.0023441
2012-04-20,25,9,76.00000000000003,65.75096,2.742348
2012-01-02,30,65,0.0,0.00061048917,1.7607112
2012-05-17,38,9,41.99999999999996,38.803825,2.4643698
2012-05-08,25,50,0.0,0.076060615,1.7777468
2012-06-04,20,106,0.0,0.013767548,1.7572001
2012-02-06,33,92,0.0,0.022605537,1.7184191
2012-08-23,38,98,1.0,1.4361465,2.4428582
2012-06-30,43,16,58.000000000000014,35.151245,2.4794059
2012-02-15,32,45,31.0,55.279785,2.880888
2012-05-13,33,85,0.0,0.013995799,1.6775621
2012-08-16,6,45,58.999999999999986,54.969746,2.9665968
2012-05-15,13,93,20.0,4.3377075,2.2258015
2012-04-11,11,9,14.999999999999998,33.009857,2.2911074
2012-07-31,40,55,1.9999999999999996,2.3372536,2.2842278
2012-05-25,19,69,1.9999999999999996,2.110243,2.2725012
2012-07-01,1,99,0.0,0.020708602,1.7048413
2012-03-28,31,104,0.0,-0.009983087,1.6004468
2012-03-27,15,45,92.00000000000003,95.31257,3.3470244
2012-02-26,36,30,0.0,-0.093072355,1.7704242
2012-08-24,32,9,38.99999999999998,32.156376,2.2215717
2012-03-22,5,37,10.000000000000002,12.471587,1.7182635
2012-04-07,38,45,121.99999999999994,102.29746,3.155777
2012-01-14,36,44,109.99999999999997,123.80597,3.365324
2012-01-07,20,93,0.0,0.016284255,1.7564566
2012-01-05,43,105,0.0,0.0031581477,1.6652889
2012-03-06,11,86,0.0,-0.0013184799,1.6520587
2012-04-23,41,68,78.0,55.481525,2.5292645
2012-02-24,28,45,40.00000000000001,50.38196,2.8830862
2012-06-05,37,105,0.0,-0.0032387362,1.6724725
2012-03-31,10,37,10.000000000000002,15.829716,1.7735629
2012-01-29,44,62,0.0,-0.007717421,1.6924136
2012-07-28,34,52,0.0,0.015877001,1.6663427
2012-07-26,13,5,44.000000000000014,50.10502,2.9856734
2012-07-12,43,73,0.0,-0.014691349,1.6297643
2012-05-14,21,5,63.99999999999998,42.68329,2.6444795
2012-08-11,6,107,0.0,0.008847788,1.7346169
2012-07-22,21,91,0.0,-0.025470594,1.7494969
2012-03-25,16,64,0.0,0.008628317,1.754569
2012-06-29,3,93,1.0,3.95418,2.1734009
2012-06-12,27,21,0.0,-0.039667968,1.7178425
2012-04-19,44,62,3.0,1.8528007,2.2825356
2012-06-13,31,45,72.99999999999997,63.930466,2.8376007
2012-08-08,36,30,0.0,-0.014785706,1.6926652
2012-06-09,6,45,60.00000000000001,64.365875,2.9899824
2012-01-19,14,15,0.0,-0.051373817,1.6928262
2012-06-20,2,44,110.99999999999996,108.058716,3.293798
2012-04-08,18,72,0.0,-0.0011394152,1.6705681
2012-05-17,22,9,31.0,36.465054,2.6847386
2012-07-15,38,86,0.0,-0.0006684209,1.6510102
2012-02-26,40,51,3.0,2.0682802,2.3347728
2012-06-02,45,9,10.000000000000002,13.925926,2.4642653
2012-05-15,13,104,0.0,0.0072239065,1.7243787
2012-02-07,30,44,174.00000000000006,156.6105,3.6438057
2012-01-16,22,104,0.0,0.005482428,1.6750362
2012-01-13,12,37,37.99999999999999,14.2762785,1.7648506
2012-04-07,22,68,92.00000000000003,65.21581,2.6681192
2012-02-06,15,5,135.00000000000006,149.87761,3.4726784
2012-02-15,33,93,0.0,0.005374782,1.7285137
2012-05-26,27,21,3.0,1.3627064,2.612251
2012-05-19,22,68,63.000000000000036,56.190273,2.734452
2012-05-27,34,52,1.9999999999999996,2.3120608,2.3381507
2012-04-17,32,93,0.0,-0.013758761,1.6183174
2012-01-18,41,108,0.0,-0.004951493,1.6063339
2012-03-11,42,45,102.0,88.93986,3.025558
2012-04-01,1,40,0.0,0.027908659,1.76187
2012-07-21,16,93,1.9999999999999996,3.5897908,2.1978524
2012-02-14,4,9,75.0,68.41548,2.8917785
2012-06-11,35,24,0.0,0.15371338,1.7527359
2012-02-25,43,3,0.0,0.031011326,1.7805437
2012-07-23,43,105,0.0,-0.018674234,1.6305901
2012-03-25,2,11,0.0,-0.05189795,1.7611427
2012-08-10,37,5,47.99999999999999,39.57599,2.6545649
2012-03-31,17,71,0.0,-0.029618554,1.9267228
2012-05-22,9,45,75.0,50.530724,2.86233
2012-01-06,14,15,0.0,-0.000566775,1.7252147
2012-05-20,34,52,0.0,0.023531342,1.6610076
2012-06-06,19,75,0.0,-0.012655853,1.68174
2012-04-04,19,75,0.0,-0.0077140518,1.6494699
2012-05-16,1,28,1.0,2.367381,2.1982968
2012-07-12,37,45,35.0,70.97992,3.0140948
2012-07-23,42,82,0.0,-0.072441965,1.6963286
2012-04-01,39,9,1.0,8.818652,2.5575128
2012-02-06,10,21,1.9999999999999996,2.083536,2.3750641
2012-07-28,39,111,0.0,-0.006803673,1.6912382
2012-02-01,5,37,13.000000000000004,12.516697,1.8717674
2012-01-17,21,5,35.0,34.28999,2.548166
2012-03-10,16,77,0.0,0.032100838,1.7511687
2012-01-30,45,9,22.0,13.570556,2.63719
2012-06-15,30,13,1.0,2.3230867,2.1950455
2012-07-29,7,5,143.99999999999997,91.18844,3.2195642
2012-07-26,16,85,0.0,0.0007233974,1.6689411
2012-07-31,10,93,4.000000000000001,3.3461897,2.1805353
2012-03-21,45,50,0.0,-0.010458394,1.6190755
2012-02-10,36,30,1.9999999999999996,2.1507444,2.539498
2012-06-10,10,93,9.000000000000002,4.791923,2.2898076
2012-01-04,1,51,0.0,0.013933408,1.6363579
2012-08-22,30,13,3.0,3.1182847,2.3023458
2012-07-12,4,96,0.0,0.008975797,1.756971
2012-07-03,27,9,24.000000000000007,58.493576,2.8175085
2012-05-24,34,9,48.99999999999999,42.75301,2.5218315
2012-01-27,45,26,0.0,0.16617,1.5212805
2012-08-18,14,50,0.0,-0.021929137,1.6739384
2012-06-29,38,9,3.0,29.334019,2.4197228
2012-03-24,30,51,0.0,0.015160766,1.7084821
2012-08-05,3,2,0.0,0.13142394,1.8189117
2012-07-23,2,5,55.00000000000002,63.963295,2.853782
2012-08-21,44,5,38.99999999999998,48.53313,2.8576763
2012-04-17,19,69,3.0,2.4123483,2.2563763
2012-07-16,42,5,86.0,60.01212,2.6981401
2012-05-11,26,2,0.0,-0.046404667,1.7399291
2012-03-20,37,15,0.0,0.01349701,1.6311011
2012-08-09,30,51,0.0,0.032756492,1.6758001
2012-04-30,25,9,91.00000000000001,64.6316,2.7749488
2012-05-29,18,72,1.0,1.3735782,2.418094
2012-02-22,4,97,0.0,-0.02092868,1.7574366
2012-04-24,3,5,38.99999999999998,49.645454,2.8721368
2012-04-26,17,37,35.99999999999998,32.29315,2.2565157
2012-02-01,43,105,0.0,-0.019963928,1.724362
2012-03-06,23,5,48.99999999999999,28.522123,2.6571944
2012-06-12,22,104,0.0,0.02623289,1.8344008
2012-01-30,34,52,1.9999999999999996,2.1751935,2.4317112
2012-02-08,26,45,45.0,52.499367,2.869279
2012-06-13,30,51,0.0,0.011782283,1.6747062
2012-08-02,19,15,0.0,0.018244352,1.6388185
2012-05-02,19,15,0.0,-0.015110515,1.665219
2012-05-09,40,5,44.000000000000014,49.794693,2.674539
2012-05-05,5,32,0.0,0.047811676,1.6580799
2012-05-03,17,9,200.0,196.40903,3.8759
2012-03-12,32,51,1.0,1.9657444,2.3420675
2012-04-11,41,16,33.99999999999998,33.32499,2.2797804
2012-05-29,36,30,3.0,1.376424,2.5722678
2012-05-03,36,1,0.0,-0.055689946,1.739154
2012-01-03,36,30,1.0,3.0797513,2.4302232
2012-02-10,44,93,0.0,0.018293062,1.6104666
2012-06-27,27,68,51.00000000000003,37.335957,2.4439397
2012-04-16,15,17,0.0,0.00039351935,1.8582938
2012-05-13,44,68,60.00000000000001,64.67042,2.7455015
2012-08-23,19,88,0.0,-0.012572174,1.6125314
2012-01-29,20,106,0.0,-0.0050469097,1.7708951
2012-06-24,25,12,0.0,-0.045290273,1.7701949
2012-08-22,4,97,0.0,0.010894657,1.6771829
2012-07-08,39,103,0.0,-0.0085838735,1.6926053
2012-06-17,29,41,31.0,24.131405,1.8283337
2012-04-13,16,64,0.0,0.011606916,1.6884577
2012-04-05,36,30,0.0,-0.02325049,1.6231166
2012-07-31,45,4,0.0,0.014780419,1.6154848
2012-03-25,32,9,61.99999999999999,46.82672,2.4731684
2012-04-09,21,44,65.99999999999997,50.007248,3.169234
2012-05-20,33,85,0.0,0.004874827,1.9617813
2012-08-21,3,109,0.0,-0.0005771737,1.6198664
2012-07-17,20,41,31.0,19.917812,1.9898499
2012-05-07,9,93,0.0,0.010205993,1.6574713
2012-06-21,45,4,0.0,0.04092344,1.6477741
2012-04-20,16,39,0.0,0.030726552,1.8255267
2012-08-17,6,14,0.0,-0.06249857,1.7112149
2012-01-07,44,62,5.0,2.3267107,2.6071842
2012-07-31,15,49,0.0,-0.00034546756,1.7088002
2012-06-15,26,5,33.99999999999998,59.630688,2.741332
2012-08-13,5,37,13.000000000000004,10.52932,1.6018282
2012-04-29,36,1,5.9999999999999964,2.6103506,2.5230966
2012-05-30,40,45,35.99999999999998,49.174736,2.8790228
2012-06-07,30,13,1.9999999999999996,2.9281886,2.315554
2012-01-05,12,16,31.999999999999986,32.923935,2.2734334
2012-03-15,2,85,0.0,0.0047832984,1.6154373
2012-02-08,9,42,8.000000000000005,9.145676,1.8140879
2012-05-19,6,9,40.00000000000001,43.982487,2.5297272
2012-02-04,38,45,128.99999999999997,105.32319,3.1856165
2012-05-13,17,71,0.0,-0.015939754,1.9760729
2012-05-11,27,21,3.0,1.2526898,2.529675
2012-02-20,4,101,0.0,-0.009901831,1.7519399
2012-04-18,18,72,0.0,-0.05342545,1.6693453
2012-02-10,16,25,194.0,102.11036,3.1571338
2012-07-19,32,9,8.000000000000005,22.235723,2.388586
2012-06-08,14,70,0.0,-0.03844583,1.6667049
2012-07-02,5,32,4.000000000000001,1.616104,2.4148192
2012-04-29,23,29,0.0,-0.007130653,1.7033223
2012-03-05,4,101,0.0,-0.008899113,1.7321444
2012-08-19,35,63,0.0,-0.010432996,1.6812276
2012-08-11,38,98,0.0,0.020762216,1.8331348
2012-07-03,26,2,0.0,0.014517135,1.7169307
2012-04-16,19,39,0.0,-0.029709496,1.6322161
2012-01-19,2,44,103.99999999999997,98.144,3.3097277
2012-02-16,18,5,13.000000000000004,13.596251,2.790458
2012-02-24,28,2,0.0,0.0090674255,1.6245252
2012-02-20,40,106,0.0,-0.011270321,1.6860639
2012-03-14,8,93,0.0,-0.007923648,1.6128033
2012-08-06,27,68,53.00000000000001,40.538578,2.4148788
2012-07-08,14,33,0.0,-0.087891586,1.7040247
2012-06-22,5,37,10.000000000000002,12.559781,1.7411959
2012-05-31,32,45,36.99999999999999,72.37174,2.971209
2012-07-19,22,104,0.0,-0.004404428,1.7122989
2012-08-14,28,35,0.0,-0.044399105,1.6489693
2012-05-12,41,108,0.0,-0.00088795874,1.6727332
2012-03-28,3,5,50.0,39.44864,2.723886
2012-08-21,35,66,11.0,8.51602,1.6776884
2012-05-14,22,9,104.99999999999997,73.52569,2.784132
2012-03-26,21,44,72.99999999999997,99.28824,3.467688
2012-06-25,15,86,0.0,-0.009701137,1.709161
2012-03-28,7,7,4.000000000000001,2.233931,2.3581867
2012-06-06,31,93,4.000000000000001,4.9295015,2.3985496
2012-02-29,8,93,0.0,-0.010020762,1.667264
2012-06-23,6,14,0.0,0.010873089,1.7646621
2012-03-26,5,105,0.0,-0.008144513,1.6555398
2012-08-18,37,45,75.0,91.33894,3.0846405
2012-06-23,18,57,0.0,-0.02478093,1.7557776
2012-06-14,7,7,1.0,2.5607634,2.470522
2012-04-02,30,49,0.0,0.018721752,1.6902802
2012-01-30,11,68,47.99999999999999,48.747288,2.4945383
2012-03-01,27,68,48.99999999999999,46.03601,2.7476633
2012-02-07,25,12,1.0,2.154035,2.3499277
2012-08-17,27,21,1.9999999999999996,1.254178,2.5208743
2012-04-28,3,93,54.000000000000014,6.2379513,2.371581
2012-08-22,2,93,0.0,0.0021600826,1.6409353
2012-06-11,11,110,0.0,0.015359443,1.744957
2012-06-04,4,27,10.000000000000002,5.4442,2.005449
2012-07-14,12,16,60.00000000000001,41.30043,2.2247229
2012-02-08,1,47,0.0,0.026855512,1.9407473
2012-07-17,43,93,0.0,0.013473015,1.6596668
2012-01-15,19,69,1.9999999999999996,2.2971945,2.5778599
2012-04-11,12,86,0.0,0.022563778,1.7448066
2012-06-30,3,2,3.0,3.3888803,2.4317148
2012-04-14,27,9,26.0,42.006523,2.4455314
2012-02-02,10,5,35.99999999999998,51.14335,2.7482536
2012-03-30,30,13,0.0,-0.0032276742,1.7109125
2012-07-19,14,33,0.0,0.037227675,1.6821221
2012-05-31,11,86,0.0,-0.038551833,1.661271
2012-04-12,40,51,0.0,0.00011600083,1.6227435
2012-06-15,31,67,0.0,0.0582653,1.6166289
2012-06-11,32,45,71.0,71.31128,2.7504442
2012-01-13,43,37,37.99999999999999,19.72142,1.5406716
2012-03-23,16,16,22.0,23.40331,2.1454835
2012-06-22,13,93,1.9999999999999996,4.013503,2.1289046
2012-02-16,19,39,0.0,-0.022787577,1.6227698
2012-02-05,10,5,81.00000000000001,90.29764,3.0847294
2012-04-10,21,109,0.0,-0.008366742,1.8713639
2012-01-17,30,13,0.0,0.11809894,1.8585755
2012-03-05,36,30,1.0,2.0156896,2.3724635
2012-01-02,11,87,0.0,-0.0046342206,1.7491941
2012-03-24,41,108,0.0,-0.005709809,1.6753163
2012-08-01,19,39,0.0,0.02637417,1.667897
2012-01-07,3,102,0.0,0.00880003,1.6808232
2012-05-27,22,54,0.0,0.0140705835,1.7583033
2012-06-07,39,111,0.0,-0.02312807,1.7263107
2012-05-21,28,45,48.99999999999999,53.73688,2.7879097
2012-03-16,13,5,78.99999999999997,51.95214,2.865862
2012-06-06,38,98,0.0,0.010084355,1.6933932
2012-04-01,39,111,0.0,0.008069626,1.7029377
2012-02-06,5,37,5.0,10.852001,1.6710547
2012-05-24,34,93,7.000000000000002,3.797934,2.0492113
2012-06-25,29,45,100.99999999999996,85.87526,3.0321608
2012-07-24,1,51,0.0,-0.012406729,1.5980403
2012-06-20,4,101,0.0,-0.010354322,1.7651896
2012-03-03,10,5,94.0,50.510666,2.8182306
2012-03-03,17,9,178.0,244.89761,4.0482454
2012-06-21,22,93,37.99999999999999,8.335517,2.4046779
2012-03-07,5,16,30.0,23.762598,2.1650403
2012-02-24,9,93,0.0,-0.0016109712,1.62349
2012-01-20,15,17,0.0,0.11420711,1.9153774
2012-01-01,14,15,0.0,-0.056181636,1.8410237
2012-03-01,24,60,0.0,0.01847943,1.7105378
2012-02-16,15,49,0.0,0.012124141,1.7031729
2012-01-07,40,5,197.0,83.93692,3.0748177
2012-04-26,6,9,26.999999999999996,28.40766,2.232873
2012-02-28,37,105,0.0,-0.011288681,1.6084433
2012-04-19,38,52,0.0,-0.0138053,1.6146072
2012-02-23,14,50,0.0,-0.020337537,1.6579163
2012-06-05,17,48,197.99999999999997,163.30894,3.6867735
2012-07-09,4,90,1.0,1.7513754,2.2454524
2012-06-30,40,51,0.0,0.010527342,1.6877925
2012-01-13,38,45,103.99999999999997,83.929184,3.0099778
2012-06-26,27,9,17.999999999999996,18.094439,2.3638766
2012-07-03,19,83,13.000000000000004,6.7683654,1.9182867
2012-04-04,11,68,58.000000000000014,39.34806,2.4564798
2012-08-24,38,86,1.0,1.7528669,2.3090944
2012-07-14,1,51,0.0,0.021459538,1.6897207
2012-01-12,42,82,1.0,2.0693502,2.515526
2012-07-30,11,9,41.99999999999996,35.004852,2.281295
2012-01-19,7,7,5.0,3.425265,2.5301824
2012-04-04,34,45,99.00000000000004,68.19694,2.8874624
2012-01-21,29,8,41.99999999999996,32.836525,2.1780832
2012-08-21,38,93,0.0,-0.008937565,1.6488253
2012-06-30,19,88,1.0,2.3014631,2.4235744
2012-01-29,40,15,0.0,0.0004089863,1.7448201
2012-06-07,17,71,0.0,0.0052273544,1.9120308
2012-07-08,12,93,0.0,-0.00448501,1.8259593
2012-07-14,14,50,0.0,-0.023991928,1.6820979
2012-08-20,21,44,97.00000000000003,64.61826,3.0672998
2012-02-08,12,86,0.0,-0.007392559,1.7107533
2012-06-03,16,77,5.0,2.8204184,2.397769
2012-02-05,40,93,1.0,2.7994561,2.3974514
2012-04-07,1,51,0.0,-0.0013221747,1.7382599
2012-01-31,37,53,5.9999999999999964,1.822562,2.4259276
2012-03-31,16,64,0.0,-0.012297098,1.852764
2012-05-29,4,9,73.99999999999997,63.66456,2.927393
2012-05-13,22,93,13.000000000000004,6.946727,2.354946
2012-06-19,20,5,89.0,77.330765,3.1024663
2012-07-15,7,93,10.000000000000002,5.7297583,2.3651285
2012-06-20,19,88,0.0,-0.012425796,1.6355134
2012-06-23,24,6,53.00000000000001,37.46748,2.3168294
2012-03-21,4,97,0.0,0.0011861162,1.683053
2012-01-13,7,93,0.0,0.0005335556,1.6435786
2012-01-13,17,37,70.00000000000007,53.74129,2.4760652
2012-03-15,19,93,1.9999999999999996,4.0064516,2.0700839
2012-01-27,31,98,0.0,0.0056317933,1.6123489
2012-07-10,29,41,50.0,25.416996,1.8897083
2012-01-14,32,19,1.9999999999999996,1.4489346,2.6126776
2012-08-11,29,56,0.0,0.0047149756,1.7443979
2012-02-24,3,102,0.0,0.01811467,1.6052204
2012-03-12,34,93,1.0,3.3992224,2.086482
2012-04-13,42,5,33.00000000000001,24.600653,2.5738454
2012-08-13,33,44,176.99999999999997,184.71924,3.7193186
2012-08-17,41,93,8.000000000000005,3.652004,2.2114282
2012-03-31,33,9,103.99999999999997,63.53537,2.821622
2012-02-03,41,61,3.0,1.9763246,2.307065
2012-08-21,44,68,45.99999999999995,47.83789,2.5985503
2012-05-26,28,35,0.0,-0.10477245,1.770964
2012-06-18,18,37,9.000000000000002,10.108179,1.7270554
2012-07-11,9,93,0.0,-0.0121633,1.6522506
2012-03-22,20,74,3.0,2.482881,2.326731
2012-03-10,2,93,4.000000000000001,3.5912871,2.1383002
2012-06-06,35,24,0.0,0.10446156,1.7564001
2012-07-03,35,93,1.9999999999999996,3.2249513,2.1560562
2012-01-23,23,29,1.0,2.4783251,2.4969668
2012-03-12,16,50,0.0,0.017437536,1.7238861
2012-05-21,5,20,1.9999999999999996,1.2476494,2.4746795
2012-01-21,24,60,1.0,2.2759624,2.4508646
2012-05-23,19,83,10.000000000000002,6.3364377,1.9631014
2012-03-07,27,9,30.0,36.70035,2.298637
2012-06-28,29,41,22.0,18.031595,1.7637905
2012-05-21,15,93,0.0,0.0045727654,1.7899247
2012-05-03,26,45,48.99999999999999,67.83155,3.0514436
2012-07-11,15,93,21.000000000000004,4.6097565,2.2392259
2012-02-04,19,16,17.999999999999996,20.450552,2.4190197
2012-06-05,29,45,113.00000000000003,82.714325,2.946309
2012-04-13,4,97,0.0,-0.0018895693,1.6985147
2012-08-15,23,45,26.999999999999996,33.319557,2.9848287
2012-01-05,9,42,0.0,-0.12652975,1.8695633
2012-05-30,9,45,69.00000000000003,53.789497,2.8771942
2012-02-02,23,5,3.0,21.498783,2.7286034
2012-05-29,20,18,0.0,-0.0739314,1.7511346
2012-05-18,31,104,0.0,0.0018804689,1.6024367
2012-03-10,28,35,0.0,-0.18036444,1.8941091
2012-06-11,14,33,0.0,-0.017677838,1.7856929
2012-07-08,3,5,104.99999999999997,99.19274,3.1308165
2012-04-04,16,39,0.0,-0.0016335892,1.7271675
2012-07-29,35,66,4.000000000000001,10.863504,1.8057187
2012-04-13,42,82,1.9999999999999996,2.1244478,2.457233
2012-08-06,1,9,24.000000000000007,19.665512,2.4337819
2012-01-19,19,69,1.0,1.5042522,2.411752
2012-03-26,39,103,0.0,0.004143818,1.5860425
2012-02-27,23,56,3.0,2.2641115,2.2760048
2012-01-16,9,42,0.0,-0.068553984,1.7875323
2012-02-03,34,45,114.99999999999999,74.507614,2.8509169
2012-01-07,30,49,1.0,2.1780486,2.6422105
2012-08-17,4,93,0.0,0.015985306,1.7119696
2012-06-02,24,76,0.0,0.014105211,1.672252
2012-07-17,14,70,0.0,-0.029311908,1.634812
2012-01-14,13,36,103.99999999999997,88.40192,2.9611468
2012-04-22,25,45,120.00000000000003,74.27506,2.9335315
2012-07-06,34,84,0.0,-0.0017192636,1.6625925
2012-02-09,22,9,78.0,55.418,2.569682
2012-08-14,19,39,0.0,0.02308541,1.5964175
2012-07-05,5,32,1.0,1.9044998,2.405434
2012-07-21,39,36,12.0,13.61325,2.2686987
2012-07-22,11,86,0.0,-0.018391265,1.6894716
2012-01-11,22,54,0.0,0.0069672507,1.6798091
2012-01-29,37,53,3.0,2.246492,2.44597
2012-02-12,1,93,0.0,0.002299154,1.8174022
2012-02-29,31,104,0.0,-0.01181157,1.612822
2012-08-16,38,98,0.0,-0.0073105074,1.6272318
2012-07-01,13,104,0.0,-0.0048893737,1.7938081
2012-05-28,14,33,0.0,-0.09361355,1.8645738
2012-06-06,40,55,0.0,-0.018237788,1.6762553
2012-05-04,42,45,51.00000000000003,82.14937,2.9234831
2012-01-20,4,101,0.0,-0.013040504,1.695491
2012-05-24,7,5,41.99999999999996,53.991455,2.8012497
2012-02-16,22,68,47.99999999999999,49.81308,2.5412893
2012-05-23,3,5,38.99999999999998,52.95553,2.8117976
2012-04-01,25,50,0.0,0.0403039,1.8107954
2012-06-17,16,85,0.0,-0.001026383,1.7529474
2012-06-25,25,12,3.0,2.4666944,2.1636572
2012-07-04,4,27,1.9999999999999996,3.9417677,2.222965
2012-08-06,10,86,0.0,0.0032198175,1.7235268
2012-07-22,11,87,0.0,-0.022315089,1.742276
2012-05-18,2,93,0.0,0.018802797,1.5959557
2012-07-10,32,51,0.0,-0.019352207,1.6904798
2012-08-12,11,61,0.0,0.04446098,1.7378694
2012-02-25,31,9,61.99999999999999,45.218582,2.5366411
2012-02-20,40,15,0.0,0.019692836,1.6529555
2012-06-26,40,51,0.0,-0.021478314,1.6280756
2012-02-16,37,45,42.99999999999999,70.3374,2.9036326
2012-02-08,14,93,0.0,-0.016743185,1.6671319
2012-01-17,24,97,0.0,-0.015020482,1.7000175
2012-04-16,8,93,0.0,-0.0104944,1.660226
2012-01-06,20,93,0.0,0.017549574,1.7212656
2012-06-26,31,9,45.0,42.1492,2.4528978
2012-01-28,15,15,0.0,-0.0042616604,1.8715847
2012-08-11,4,93,1.0,3.611177,2.226073
2012-07-08,30,51,0.0,0.024029512,1.7506214
2012-05-21,41,16,14.0,27.794926,2.2546558
2012-03-14,16,25,176.99999999999997,163.5994,3.6062121
2012-01-30,45,22,0.0,0.026114851,1.7006192
2012-01-18,22,9,16.999999999999996,28.06884,2.6273658
2012-08-14,18,5,23.000000000000004,10.8329735,2.8324974
2012-08-20,44,94,0.0,-0.037676673,1.6902757
2012-07-08,38,45,149.0000000000001,108.90716,3.2208703
2012-06-23,28,35,1.0,1.6580698,2.5376801
2012-02-29,20,41,18.999999999999996,16.491676,1.7369393
2012-01-01,26,2,0.0,0.045865983,1.7342259
2012-04-08,33,92,0.0,0.016334893,1.7678075
2012-08-07,24,43,94.0,65.04666,2.7700877
2012-02-07,33,85,0.0,0.020677537,1.703052
2012-01-25,15,45,78.99999999999997,69.750565,2.9678757
2012-03-14,38,93,0.0,0.01160367,1.7067156
2012-04-12,34,84,0.0,0.018526755,1.6254233
2012-02-10,45,22,0.0,0.09956729,1.5934455
2012-08-17,25,50,0.0,0.03208402,1.7371157
2012-04-28,23,5,22.0,21.759987,2.7273564
2012-07-05,44,94,0.0,-0.009757899,1.6447784
2012-07-06,6,9,28.000000000000004,38.109863,2.371394
2012-01-05,45,22,0.0,0.030440789,1.7079293
2012-05-10,43,3,3.0,2.6483393,2.2378752
2012-08-22,16,93,0.0,0.018504612,1.6710856
2012-07-01,22,9,86.0,103.73426,3.20128
2012-06-02,35,50,0.0,0.059170615,1.7223393
2012-05-06,44,5,47.99999999999999,44.752796,2.7087572
2012-08-07,41,86,0.0,-0.0061901934,1.6443285
2012-05-22,12,86,0.0,-0.0063036303,1.65951
2012-08-12,7,23,37.99999999999999,25.26725,1.8888167
2012-02-10,34,84,0.0,0.014496968,1.6741697
2012-03-04,45,34,0.0,-0.091993846,1.884347
2012-06-17,1,93,5.0,3.3662057,2.1547992
2012-04-12,33,9,165.00000000000006,106.3905,3.3536372
2012-03-09,25,12,3.0,3.44488,2.3708189
2012-04-28,1,89,0.0,-0.00417209,1.6499255
2012-01-02,43,105,0.0,-0.0062841163,1.7262126
2012-02-26,13,46,1.0,2.7945664,2.5312777
2012-01-25,9,42,0.0,-0.12401404,1.810441
2012-03-31,24,43,80.00000000000003,57.409534,2.7480447
2012-03-30,44,62,0.0,-0.0070054843,1.5931135
2012-01-19,1,89,0.0,0.013187304,1.6143825
2012-03-12,27,93,0.0,0.007171747,1.6330959
2012-02-26,15,45,178.0,135.39948,3.411821
2012-01-16,38,9,9.000000000000002,34.531643,2.4564736
2012-06-19,31,9,61.00000000000001,39.17049,2.3730035
2012-05-06,7,5,75.0,81.083755,2.8905146
2012-01-20,45,4,0.0,0.110313915,1.681036
2012-07-07,28,2,0.0,-0.005011393,1.8341027
2012-03-11,19,93,7.000000000000002,3.7834985,2.2006748
2012-07-03,39,9,1.9999999999999996,5.8841233,2.5503151
2012-06-02,37,15,0.0,0.020788714,1.7824444
2012-04-29,21,91,1.9999999999999996,2.2078295,2.389248
2012-08-16,2,44,145.99999999999994,141.26068,3.565586
2012-07-13,26,2,0.0,-0.034056194,1.7213209
2012-08-22,14,9,16.999999999999996,8.001567,2.4368546
2012-03-10,13,36,118.99999999999997,75.03933,2.8714166
2012-02-06,5,105,0.0,-0.0041574887,1.6746514
2012-02-06,18,37,9.000000000000002,9.460005,1.7725314
2012-06-27,4,97,0.0,0.00026219524,1.6821823
2012-01-12,15,61,1.0,1.9637111,2.4303594
2012-01-02,27,80,0.0,-0.02959856,1.7136115
2012-02-22,3,109,0.0,0.01956593,1.6220498
2012-03-31,34,31,0.0,-0.041338917,1.6590564
2012-07-09,20,106,0.0,0.006255683,1.7877383
2012-02-18,45,22,0.0,0.05494785,1.6276404
2012-04-08,38,93,1.0,3.0428274,2.2020533
2012-02-07,23,56,1.9999999999999996,2.2614758,2.2616405
2012-02-08,43,105,0.0,0.0017083565,1.621045
2012-06-04,38,45,110.99999999999996,106.55654,3.1584995
2012-01-13,22,93,11.0,4.4048166,2.1988294
2012-08-03,10,86,0.0,-0.014229594,1.6664143
2012-04-29,37,5,71.99999999999999,50.90883,2.5902584
2012-08-12,45,26,1.0,4.435308,2.2989585
2012-06-19,45,26,7.000000000000002,4.357566,2.1914556
2012-03-07,7,93,17.999999999999996,3.136089,2.2478306
2012-02-06,5,20,1.9999999999999996,1.7844795,2.490112
2012-03-15,14,93,0.0,-0.014289004,1.6321498
2012-07-21,42,82,1.9999999999999996,1.6988499,2.523931
2012-01-22,22,68,56.999999999999986,64.30702,2.6757073
2012-05-05,9,42,12.0,17.05483,2.1317253
2012-01-23,8,100,0.0,0.0025350167,1.620556
2012-07-06,11,86,1.9999999999999996,1.7691559,2.3293407
2012-08-19,44,105,0.0,-0.009393687,1.7728971
2012-07-18,30,44,174.00000000000006,141.36505,3.5278761
2012-03-12,7,5,58.999999999999986,89.02258,3.037472
2012-05-01,2,44,174.00000000000006,134.35304,3.584354
2012-05-06,15,61,1.0,1.9901867,2.786221
2012-01-25,34,52,1.0,1.9905539,2.3990452
2012-04-03,2,44,140.00000000000003,104.66261,3.362195
2012-07-24,38,86,0.0,-0.010201432,1.6444077
2012-08-16,3,2,0.0,0.021720594,1.6836375
2012-08-14,20,41,24.000000000000007,21.506516,1.6715367
2012-07-16,7,23,20.0,19.80899,1.5198504
2012-02-18,14,70,0.0,-0.029717956,1.7229097
2012-05-29,5,16,12.0,19.866367,1.9711947
2012-05-19,12,37,18.999999999999996,16.75601,1.7221819
2012-06-25,4,9,102.99999999999999,53.81576,2.7344255
2012-07-03,38,98,0.0,-0.009436467,1.7734536
2012-07-01,35,63,0.0,-0.004436093,1.6991695
2012-07-05,13,104,0.0,-0.011741362,1.7859792
2012-03-21,9,45,51.00000000000003,53.59919,2.7828045
2012-07-25,38,52,1.0,1.5896995,2.4512913
2012-04-24,9,42,5.9999999999999964,8.467403,1.7465199
2012-05-27,29,8,31.0,35.809563,2.209517
2012-05-28,27,21,0.0,-0.06389395,1.7106924
2012-01-21,8,59,0.0,-0.009298403,1.6945688
2012-07-30,11,61,0.0,0.005675288,1.6400543
2012-06-08,35,93,0.0,0.0030823764,1.6671573
2012-02-10,36,9,35.0,56.958332,2.670131
2012-03-23,9,5,64.99999999999997,47.1377,2.5181904
2012-03-13,14,25,18.999999999999996,13.197524,2.1243815
2012-04-14,22,93,0.0,0.021998566,1.6936868
2012-03-25,27,93,0.0,0.005345042,1.7145878
2012-02-01,36,9,65.99999999999997,90.29381,3.1615086
2012-02-10,45,34,0.0,-0.08261421,1.7125866
2012-06-08,9,93,1.0,4.2571073,2.2408118
2012-02-18,36,44,64.99999999999997,92.51918,3.1835494
2012-01-21,30,13,0.0,0.0070442143,1.7343678
2012-06-14,1,40,0.0,-0.01893662,1.6523724
2012-08-19,44,62,1.0,2.2198477,2.3527546
2012-06-13,37,105,0.0,-0.010662436,1.6647842
2012-06-15,30,49,0.0,0.006755678,1.7463202
2012-08-09,34,9,56.00000000000001,40.703056,2.4410558
2012-04-14,1,47,0.0,0.020549772,2.3551204
2012-01-15,10,5,68.00000000000001,109.606186,3.1646664
2012-01-22,19,83,11.0,9.207262,2.1622164
2012-06-03,37,5,102.0,53.346085,2.7044785
2012-07-30,30,16,29.000000000000004,31.055017,2.1840441
2012-08-05,23,45,38.99999999999998,61.587864,3.2603993
2012-08-12,16,64,0.0,0.04481496,1.8084741
2012-03-11,8,59,1.0,1.9669381,2.4233172
2012-06-18,31,45,68.00000000000001,71.995384,2.8859859
2012-07-19,15,61,1.0,2.060719,2.4246867
2012-05-07,45,50,0.0,-0.011423196,1.6587373
2012-02-21,26,45,37.99999999999999,59.53123,2.952525
2012-08-01,31,9,61.00000000000001,70.969284,2.970623
2012-06-15,31,104,0.0,0.012117814,1.6816733
2012-07-12,1,9,13.000000000000004,20.285511,2.3476977
2012-06-19,7,7,0.0,-0.03231378,1.6947373
2012-04-24,45,50,0.0,-0.011250285,1.6239067
2012-01-08,44,93,0.0,0.0065767723,1.6507429
2012-08-04,31,93,0.0,-0.020718813,1.7629222
2012-05-14,17,9,191.0,147.61003,3.4882271
2012-03-18,5,32,0.0,0.12889636,1.6109004
2012-08-04,20,41,36.99999999999999,29.375605,2.0897613
2012-02-11,3,93,0.0,-0.0014389897,1.7744634
2012-07-05,8,93,3.0,3.3159804,2.11287
2012-03-20,32,19,0.0,-0.0462783,1.7768295
2012-05-09,24,60,0.0,-0.0007909024,1.623475
2012-06-02,41,68,61.00000000000001,59.613865,2.7011216
2012-03-07,34,9,29.000000000000004,40.91733,2.4840264
2012-03-26,30,44,145.99999999999994,135.37671,3.4410677
2012-07-22,13,93,0.0,-0.025175346,1.7828532
2012-03-04,3,2,0.0,0.07539382,1.8256698
2012-02-22,2,93,0.0,0.0018661504,1.6249657
2012-08-23,11,87,0.0,-0.012934117,1.6101943
2012-06-04,15,93,0.0,0.030165646,1.7964269
2012-04-28,9,42,11.0,11.416234,1.913378
2012-04-02,25,12,1.0,2.8230872,2.3942957
2012-04-18,5,105,0.0,-0.0028333908,1.6632477
2012-03-05,40,45,33.00000000000001,47.223267,2.9209025
2012-01-24,8,23,3.0,9.053376,1.7575185
2012-08-01,1,40,0.0,-0.058057807,1.7084719
2012-02-06,20,18,0.0,-0.03396927,1.7718574
2012-08-15,19,93,20.0,4.2348824,2.1139781
2012-08-02,35,24,0.0,0.09404299,1.6430519
2012-01-12,3,5,25.000000000000004,56.7106,2.8252013
2012-03-20,22,54,0.0,-0.0034089969,1.6549553
2012-04-16,39,111,0.0,-0.010902384,1.615711
2012-04-09,41,108,0.0,0.0006367944,1.620455
2012-05-17,4,27,5.9999999999999964,5.1588564,2.0877225
2012-08-12,44,5,33.00000000000001,47.49153,2.8162591
2012-02-04,31,67,0.0,0.041600518,1.6626378
2012-06-06,43,73,1.0,2.0539086,2.33074
2012-01-09,5,93,0.0,0.011616095,1.6167045
2012-04-25,31,67,5.0,8.471497,1.670655
2012-04-12,27,9,16.999999999999996,28.156477,2.3159378
2012-07-01,16,16,45.99999999999995,53.63646,2.4573853
2012-03-06,24,43,76.00000000000003,55.79841,2.7567637
2012-05-01,30,51,0.0,0.012239121,1.7389085
2012-07-04,32,58,5.0,2.2807226,2.337378
2012-04-09,25,81,14.999999999999998,10.19539,2.0512154
2012-03-30,32,19,1.0,1.8990301,2.3870451
2012-08-07,25,81,9.000000000000002,9.15226,1.8841383
2012-01-17,8,93,1.9999999999999996,1.8006344,2.2570283
2012-05-26,27,9,23.000000000000004,22.091864,2.4610243
2012-02-25,40,93,0.0,-0.005567808,1.6420504
2012-01-07,21,5,31.999999999999986,56.54894,2.8869977
2012-02-03,9,45,100.00000000000003,73.13871,2.8578277
2012-02-24,40,106,0.0,0.008919204,1.618058
2012-03-22,11,110,0.0,-0.0025244334,1.6018473
2012-03-18,6,45,72.99999999999997,71.87269,3.0702395
2012-08-02,41,61,0.0,-0.004453787,1.6628134
2012-04-26,1,9,12.0,13.273308,2.5838387
2012-08-03,17,48,216.00000000000003,162.05789,3.657765
2012-03-27,4,90,0.0,0.00089213386,1.6870068
2012-03-16,43,37,16.0,9.860306,1.7394743
2012-05-20,6,9,42.99999999999999,40.132107,2.4100082
2012-06-11,10,93,0.0,0.009749856,1.696074
2012-06-07,12,37,25.000000000000004,13.716065,1.6434772
2012-05-05,2,93,1.9999999999999996,3.862782,2.3519218
2012-01-01,3,93,0.0,0.016733207,1.7900605
2012-07-06,27,21,0.0,-0.06609558,1.7496274
2012-01-06,10,21,0.0,0.019635566,1.7018114
2012-02-04,24,60,1.9999999999999996,2.0843868,2.543413
2012-04-28,28,45,58.999999999999986,68.41687,3.005583
2012-02-28,5,93,0.0,-0.006028219,1.6003402
2012-05-22,14,9,4.000000000000001,12.9383335,2.3116605
2012-02-14,40,15,0.0,-0.03287396,1.6586285
2012-03-22,30,49,0.0,0.014238712,1.6326714
2012-06-05,45,9,20.0,16.936329,2.7794247
2012-06-25,14,9,26.0,13.972478,2.2619233
2012-03-30,4,96,0.0,0.0037365563,1.6932079
2012-06-12,37,45,78.0,68.44796,2.9450026
2012-08-01,2,11,1.9999999999999996,1.8571557,2.2610018
2012-06-10,1,99,0.0,-0.0029853117,1.7734985
2012-01-22,19,88,0.0,-0.020550301,1.7396768
2012-07-11,19,88,0.0,-0.019237872,1.7207304
2012-07-03,13,93,0.0,-0.006300723,1.784067
2012-02-18,9,5,81.00000000000001,62.928905,2.8739772
2012-04-23,43,93,0.0,0.0014704225,1.6079165
2012-04-25,45,22,0.0,-0.0146181155,1.6525198
2012-07-03,31,98,0.0,-0.017756587,1.7092057
2012-03-06,22,9,35.99999999999998,50.15718,2.5698593
2012-08-20,14,15,0.0,-0.011371673,1.6839186
2012-01-06,40,45,68.00000000000001,58.76144,2.9490108
2012-02-22,11,86,0.0,-0.0030130139,1.6078292
2012-07-29,29,8,28.000000000000004,37.21999,2.2272933
2012-05-30,45,22,0.0,0.031085875,1.6426868
2012-06-09,40,51,0.0,0.0002731573,1.6893444
2012-04-12,34,93,0.0,0.025410598,1.6531433
2012-06-24,38,9,109.00000000000004,101.00569,3.3800714
2012-04-09,15,93,0.0,0.020116348,1.8148801
2012-05-17,45,22,0.0,0.009392509,1.6102976
2012-02-09,15,93,5.9999999999999964,4.0993376,2.5399392
2012-02-12,6,107,0.0,-0.009609137,1.7437817
2012-01-29,20,5,56.999999999999986,71.164024,3.0906982
2012-04-05,16,77,7.000000000000002,2.5054781,2.2596877
2012-08-13,30,13,3.0,2.4175887,2.3799493
2012-02-19,11,61,0.0,0.025169643,1.7164514
2012-07-30,17,37,42.99999999999999,43.026077,2.4208176
2012-03-02,31,9,46.99999999999997,34.007088,2.536338
2012-01-26,44,5,16.0,17.655024,2.6137402
2012-06-26,24,97,0.0,-0.002251932,1.6844321
2012-08-15,36,9,28.000000000000004,34.956245,2.3352513
2012-02-13,12,16,46.99999999999997,41.26686,2.2157173
2012-03-18,1,40,0.0,-0.0052745338,1.6738293
2012-08-10,10,5,94.99999999999999,68.069725,2.7991607
2012-02-10,23,29,0.0,-0.120920464,1.7493252
2012-04-16,14,9,0.0,-0.37400368,2.0745711
2012-01-04,9,42,0.0,-0.20189802,1.9722501
2012-01-22,24,43,63.99999999999998,80.87079,3.0120208
2012-06-12,6,14,0.0,-0.055806164,1.7483684
2012-06-24,12,16,44.000000000000014,31.575666,2.1797786
2012-02-26,2,11,0.0,-0.0019687992,1.7517657
2012-03-20,21,5,56.999999999999986,40.835373,2.6553931
2012-08-16,43,93,0.0,-0.0020515718,1.6249369
2012-01-28,8,5,45.99999999999995,42.49897,2.648351
2012-05-11,11,110,0.0,0.008069771,1.6299015
2012-05-30,43,3,3.0,2.728542,2.3465588
2012-08-19,11,110,0.0,0.0069135,1.7260042
2012-01-05,12,79,1.9999999999999996,2.5283055,2.2979379
2012-02-07,10,93,0.0,-0.004192499,1.6655278
2012-05-21,1,40,0.0,-0.030174274,1.6353111
2012-07-12,2,44,109.00000000000004,117.42079,3.4352558
2012-02-21,14,33,0.0,0.06588225,1.5674841
2012-07-01,41,108,0.0,-0.0103683155,1.7112042
2012-07-02,25,12,1.0,2.2608852,2.191499
2012-02-08,25,50,0.0,0.062337704,1.7265929
2012-07-01,41,61,0.0,0.020049244,1.6775985
2012-01-07,25,12,0.0,0.032865904,1.8816046
2012-01-31,1,93,0.0,-0.0074389307,1.6488298
2012-03-02,1,89,0.0,0.0042885514,1.6519707
2012-05-09,45,26,9.000000000000002,5.163917,1.976927
2012-07-01,25,81,10.000000000000002,13.648038,2.1793447
2012-06-05,7,23,13.000000000000004,17.695805,1.7056189
2012-03-11,41,93,0.0,0.0006209475,1.6535636
2012-07-26,41,108,0.0,-0.017992366,1.6279318
2012-01-24,18,57,0.0,-0.042669617,1.6577647
2012-07-31,39,103,0.0,-0.0345622,1.6361799
2012-02-07,25,45,109.99999999999997,67.21092,2.8871024
2012-02-26,25,81,12.0,13.059377,2.1223748
2012-02-12,43,93,0.0,0.0130269425,1.7768335
2012-04-07,9,45,94.0,73.14274,2.9469044
2012-01-18,41,68,56.00000000000001,50.544968,2.6840246
2012-07-09,26,2,0.0,0.019831978,1.7671028
2012-08-19,44,5,71.0,46.517853,2.750263
2012-04-22,3,45,125.0,96.70233,3.1769753
2012-02-05,9,5,68.00000000000001,100.70302,3.0791993
2012-05-18,33,85,0.0,0.0016571984,1.7878208
2012-07-11,34,9,45.0,52.32385,2.566191
2012-01-11,4,97,0.0,-0.021252228,1.7981551
2012-03-03,7,93,0.0,0.0004925983,1.680569
2012-03-05,30,44,274.0000000000001,197.21805,3.8032424
2012-03-08,22,68,67.00000000000001,42.21969,2.5418599
2012-04-26,28,5,11.0,29.841087,2.4881735
2012-03-24,7,23,21.000000000000004,13.4882145,1.6327356
2012-04-14,9,10,0.0,-0.05085013,1.7145519
2012-04-30,37,38,0.0,0.022495894,1.5975943
2012-07-20,39,9,13.000000000000004,8.300869,2.385486
2012-06-06,14,93,13.000000000000004,3.7697084,2.130104
2012-01-07,21,109,0.0,0.003572364,1.7636113
2012-07-12,34,52,1.9999999999999996,2.0607164,2.360205
2012-01-27,9,93,0.0,-0.007644415,1.6587073
2012-06-16,5,32,1.9999999999999996,2.2004366,2.3814044
2012-05-31,43,73,0.0,-0.019205986,1.6234645
2012-05-10,12,79,0.0,0.0020029931,1.6718549
2012-01-10,15,15,0.0,0.10577462,1.6978198
2012-05-10,39,103,0.0,-0.024764035,1.7721555
2012-03-14,17,48,112.00000000000003,127.53977,3.4111953
2012-03-18,9,5,58.000000000000014,64.63576,2.890549
2012-03-06,8,93,1.9999999999999996,3.2450893,2.2094498
2012-02-14,43,3,0.0,0.0014677582,1.6800311
2012-07-14,25,45,97.00000000000003,89.46611,3.0223987
2012-03-15,41,108,0.0,-0.0027214962,1.6131089
2012-08-14,3,2,0.0,0.028774833,1.6406729
2012-01-27,40,93,0.0,0.014433291,1.6244751
2012-06-06,22,68,41.99999999999996,47.972034,2.5738945
2012-02-01,37,38,0.0,0.018766748,1.698647
2012-06-12,24,60,0.0,0.0066987923,1.7010125
2012-01-07,9,5,120.00000000000003,101.65128,3.18774
2012-02-06,17,71,1.9999999999999996,1.9393555,2.8019097
2012-01-05,27,21,3.0,2.6709485,2.545718
2012-01-23,23,56,8.000000000000005,2.4402022,2.230562
2012-03-27,18,72,1.0,1.2555304,2.4084055
2012-01-07,34,9,94.99999999999999,45.10221,2.7080839
2012-05-05,3,109,0.0,0.015964732,1.6710385
2012-07-24,35,49,0.0,-0.013229393,1.6364423
2012-04-09,30,51,0.0,-0.0056968126,1.8077893
2012-06-02,6,107,0.0,0.0298263,1.848561
2012-06-22,15,17,1.9999999999999996,3.8363633,2.8907378
2012-05-02,9,93,0.0,0.0057434225,1.6306005
2012-07-05,40,93,5.9999999999999964,3.2362473,2.2310863
2012-03-09,14,93,0.0,-0.007684522,1.6474568
2012-05-12,40,45,117.00000000000004,80.6754,2.9521942
2012-05-18,27,68,56.999999999999986,49.396507,2.5622475
2012-04-23,20,74,3.0,1.8598007,2.4524267
2012-08-23,10,86,0.0,-0.017847333,1.6060551
2012-04-03,12,93,1.9999999999999996,4.022073,2.1049895
2012-02-12,11,110,0.0,-0.01154473,1.7826538
2012-05-15,1,89,0.0,0.0056771026,1.5956461
2012-08-07,45,26,8.000000000000005,3.5769536,2.0834203
2012-06-07,11,86,1.0,2.268268,2.3937535
2012-02-20,40,55,1.9999999999999996,2.1501718,2.2099888
2012-02-12,23,56,8.000000000000005,2.7232552,2.5864525
2012-02-04,17,9,210.99999999999997,181.80182,3.8267944
2012-07-28,18,57,1.0,1.718287,2.4482772
2012-08-01,23,29,1.0,1.6188278,2.5455563
2012-03-31,24,60,0.0,-0.004348577,1.6605521
2012-06-07,40,51,0.0,-0.014548302,1.7075845
2012-01-14,37,104,0.0,-0.015272238,1.7600944
2012-04-25,11,110,0.0,-0.009571559,1.6018734
2012-01-22,5,93,0.0,-0.0057705543,1.6693282
2012-05-16,43,73,0.0,-0.014137282,1.6026553
2012-06-04,41,108,0.0,-0.007097063,1.7102304
2012-05-13,22,9,56.999999999999986,51.41961,2.6479123
2012-01-27,22,9,42.99999999999999,36.844116,2.4618807
2012-07-28,29,56,0.0,0.013329205,1.6413442
2012-07-29,2,85,0.0,-0.015062285,1.7130103
2012-02-28,10,5,58.999999999999986,53.246635,2.7860048
2012-04-13,10,93,1.9999999999999996,3.9192338,2.045882
2012-05-03,19,83,9.000000000000002,7.2308354,2.0643713
2012-05-22,7,5,121.99999999999994,69.38292,3.0777414
2012-01-14,24,60,3.0,2.3934891,2.4009373
2012-05-11,23,45,31.999999999999986,47.12494,2.9746938
2012-05-24,14,88,0.0,-0.027433682,1.6149333
2012-05-04,43,93,0.0,-0.00086619944,1.6678315
2012-01-02,25,50,0.0,0.06558276,1.826689
2012-01-21,1,47,0.0,0.009398321,2.3981264
2012-07-24,6,9,41.99999999999996,32.756794,2.5295246
2012-02-05,45,50,0.0,-0.0055920137,1.8837314
2012-03-10,1,28,3.0,4.5991917,2.1185675
2012-08-12,35,105,0.0,0.004323562,1.7059745
2012-06-10,17,71,1.0,1.9334852,3.1059628
2012-07-08,16,77,0.0,0.023366459,1.7369866
2012-05-21,20,106,0.0,0.0144198,1.7192999
2012-07-13,33,93,1.0,3.7120233,2.109179
2012-08-18,7,93,0.0,0.021119954,1.8946197
2012-07-12,22,9,55.00000000000002,37.01734,2.6229315
2012-04-13,21,91,1.0,2.3748176,2.436224
2012-02-05,28,45,84.00000000000001,72.20006,2.929509
2012-01-21,37,104,0.0,0.0030018778,1.6839615
2012-06-15,37,45,72.99999999999997,60.963997,2.7388003
2012-03-16,1,28,5.9999999999999964,3.407617,2.2702463
2012-07-23,31,104,0.0,-0.019801252,1.6463858
2012-03-13,16,64,0.0,0.017676938,1.7128308
2012-02-22,31,67,10.000000000000002,8.949213,1.7540085
2012-03-28,43,105,0.0,-0.010906836,1.6146915
2012-07-09,7,93,1.9999999999999996,3.6968756,2.3531494
2012-02-23,19,88,0.0,-0.019714223,1.6395708
2012-04-01,16,93,0.0,0.011593216,1.7963655
2012-06-20,29,8,33.99999999999998,26.826904,2.1114879
2012-07-31,10,86,0.0,-0.012136956,1.636221
2012-05-30,1,28,1.9999999999999996,2.5692651,2.1871095
2012-03-08,1,28,3.0,2.6700232,2.2500346
2012-05-22,26,2,0.0,-0.030703928,1.6346227
2012-01-03,37,105,0.0,-0.0071073035,1.6659529
2012-04-11,32,19,0.0,-0.01208841,1.7412089
2012-05-28,4,97,0.0,-0.004311588,1.7494794
2012-08-15,43,93,4.000000000000001,3.5807996,2.0906677
2012-06-04,9,105,0.0,0.003028839,1.7228963
2012-01-18,25,12,0.0,0.0011324524,1.7948071
2012-03-24,44,93,0.0,0.0046385564,1.6855779
2012-07-12,20,93,4.000000000000001,4.242571,2.1833653
2012-01-05,15,86,0.0,0.01782133,1.7690574
2012-05-26,34,31,1.0,2.445424,2.4471989
2012-08-22,30,51,0.0,0.011461333,1.6404047
2012-06-06,14,15,0.0,-0.036175374,1.6893198
2012-06-11,24,43,37.99999999999999,55.14649,2.8261492
2012-02-06,30,65,1.9999999999999996,1.728807,2.67013
2012-03-23,30,44,169.00000000000006,150.6232,3.601484
2012-06-11,30,13,1.9999999999999996,2.6551917,2.4119997
2012-06-12,40,5,44.000000000000014,35.788395,2.6996524
2012-07-13,11,86,0.0,-0.02111594,1.6267407
2012-04-09,19,75,0.0,-0.015051906,1.6430285
2012-08-12,19,69,0.0,-0.009700533,1.7975314
2012-07-25,1,47,0.0,-0.0050674747,1.9838969
2012-07-06,5,16,26.0,25.244202,2.1279495
2012-07-05,1,89,0.0,0.009607399,1.6395688
2012-04-21,31,45,102.99999999999999,80.9745,2.9876263
2012-06-01,28,2,1.9999999999999996,2.7070432,2.6691632
2012-06-17,8,59,0.0,0.050753895,1.7440091
2012-02-25,5,16,28.000000000000004,22.052362,2.0605009
2012-01-11,2,5,91.00000000000001,79.807846,2.9630482
2012-08-11,12,86,0.0,0.008865142,1.7961291
2012-03-16,39,36,5.0,11.845653,2.142517
2012-02-04,45,9,50.0,24.432957,2.5839555
2012-07-13,28,35,1.9999999999999996,2.218658,2.3942466
2012-05-13,37,38,0.0,0.005462224,1.6591673
2012-02-09,32,9,33.99999999999998,40.85313,2.4168334
2012-01-08,5,93,0.0,0.009453006,1.6661918
2012-08-21,23,56,0.0,8.914691e-05,1.597597
2012-07-25,11,68,42.99999999999999,37.973087,2.5910099
2012-06-24,42,5,20.0,44.97623,2.6881838
2012-05-14,9,105,0.0,-0.00033432333,1.6173518
2012-03-05,40,55,0.0,-0.0040727756,1.6587677
2012-03-29,25,9,97.00000000000003,63.741753,2.8518736
2012-01-21,11,68,65.99999999999997,61.44436,2.6879344
2012-08-17,28,35,0.0,-0.08938197,1.6982225
2012-05-11,34,84,0.0,0.012911484,1.6639968
2012-01-07,32,86,1.9999999999999996,2.090869,2.3422728
2012-07-13,19,88,0.0,-0.019511232,1.6384758
2012-08-10,22,68,41.99999999999996,40.389893,2.446386
2012-08-02,16,77,0.0,-0.0034848256,1.7754935
2012-05-13,20,93,0.0,0.0080326265,1.7453269
2012-02-18,34,84,0.0,-0.0018122502,1.6752179
2012-08-24,8,23,4.000000000000001,12.381355,1.7993283
2012-03-01,25,9,87.00000000000003,64.92361,2.8531704
2012-02-14,41,16,33.00000000000001,38.630955,2.3961484
2012-01-07,13,36,94.99999999999999,59.619156,2.79131
2012-01-25,24,6,14.0,35.373158,2.423869
2012-07-20,3,5,36.99999999999999,35.659546,2.7309453
2012-03-04,13,104,0.0,-0.019050062,1.8318928
2012-03-02,18,37,5.0,12.0794,1.9180286
2012-05-30,18,5,17.999999999999996,13.897055,2.7136831
2012-07-09,16,93,1.9999999999999996,3.9737444,2.4086015
2012-05-19,43,37,16.0,13.267684,1.6416149
2012-01-02,38,9,145.0,86.23661,2.9885
2012-03-11,9,93,0.0,-0.012368242,1.7538843
2012-03-29,19,93,1.0,3.1935124,2.1423533
2012-04-25,10,5,61.00000000000001,45.984947,2.7224507
2012-03-05,8,93,0.0,-0.00409379,1.6304103
2012-05-06,5,93,0.0,0.005786351,1.8367493
2012-04-23,16,16,18.999999999999996,21.045498,2.3438509
2012-05-29,12,86,1.0,1.9637513,2.6386585
2012-02-24,41,16,45.0,23.995562,2.244306
2012-03-19,3,45,84.00000000000001,64.590614,2.7980428
2012-04-02,14,25,18.999999999999996,12.498681,2.2528229
2012-01-15,36,9,75.0,65.09458,2.6672363
2012-07-06,32,58,0.0,-0.0050862436,1.6308357
2012-04-10,8,23,9.000000000000002,6.275945,1.7307703
2012-01-13,30,49,1.0,2.8796182,2.3366249
2012-04-05,2,85,1.0,1.8149155,2.4746408
2012-05-15,38,86,0.0,-0.009575975,1.6413212
2012-05-14,7,7,1.9999999999999996,2.407749,2.595887
2012-06-16,39,103,0.0,-0.008651856,1.7008393
2012-06-04,20,18,1.0,1.5040367,2.5543935
2012-03-30,30,51,0.0,-0.0070759524,1.7133434
2012-02-18,27,68,67.00000000000001,58.15906,2.724292
2012-04-17,40,45,46.99999999999997,47.406998,3.009436
2012-01-29,4,9,61.00000000000001,59.536972,3.0614166
2012-06-18,45,26,5.9999999999999964,4.167818,1.9814876
2012-03-28,32,51,0.0,-0.028543046,1.632019
2012-04-05,38,52,1.0,1.8917838,2.369189
2012-03-12,8,5,31.999999999999986,53.787773,2.6905394
2012-05-24,17,37,48.99999999999999,37.969204,2.5018327
2012-03-17,44,105,0.0,-0.008113048,1.6397113
2012-03-21,11,86,1.0,1.734244,2.2959156
2012-02-29,24,6,45.99999999999995,40.278084,2.4380536
2012-07-20,31,9,67.00000000000001,45.821804,2.5831501
2012-02-28,6,14,0.0,0.030685114,1.6520685
2012-07-28,32,86,1.0,2.2723718,2.336339
2012-01-24,20,74,0.0,0.006600295,1.6945715
2012-01-30,40,15,0.0,0.0536913,1.760437
2012-01-22,18,5,18.999999999999996,19.79305,2.8599463
2012-03-02,40,45,48.99999999999999,70.01803,2.8700461
2012-06-18,19,75,0.0,-0.0060638594,1.6263689
2012-08-08,18,72,1.9999999999999996,1.1619916,2.5341809
2012-07-19,15,5,38.99999999999998,49.478172,3.0303893
2012-06-28,43,37,8.000000000000005,12.8015995,1.5174754
2012-05-08,38,45,72.99999999999997,66.418304,2.8893733
2012-02-02,20,5,84.99999999999997,89.25705,3.077242
2012-07-28,13,36,140.00000000000003,78.03763,2.8628523
2012-04-21,13,46,0.0,-0.12671532,1.7695497
2012-04-09,30,49,0.0,-0.006036154,1.7983836
2012-04-24,40,93,0.0,-0.007118847,1.5998929
2012-06-02,8,23,9.000000000000002,17.74824,1.9900018
2012-03-14,11,9,44.000000000000014,36.35205,2.2465072
2012-06-10,31,67,0.0,0.080820784,1.8333791
2012-07-03,14,88,0.0,-0.019716542,1.6586633
2012-01-05,32,58,0.0,-0.009417175,1.6707298
2012-02-27,9,45,61.99999999999999,56.50842,2.8794982
2012-05-29,39,103,0.0,-0.034695275,1.6594207
2012-08-06,18,5,35.0,19.817278,2.8428254
2012-08-17,1,89,4.000000000000001,2.0773578,2.2541716
2012-02-17,25,9,166.00000000000006,76.4765,3.0156062
2012-03-04,1,47,0.0,0.037415057,2.020856
2012-06-02,33,92,3.0,3.104366,2.3721223
2012-06-11,33,92,0.0,0.013933556,1.8673437
2012-05-24,31,9,33.00000000000001,34.684547,2.2603366
2012-08-21,9,45,67.00000000000001,57.464733,2.8433661
2012-04-21,3,102,0.0,-0.003103558,1.6517977
2012-08-24,9,93,31.999999999999986,4.0217657,2.1542246
2012-07-05,29,41,40.00000000000001,26.756205,1.9455116
2012-08-17,31,98,0.0,0.007130427,1.6651235
2012-03-12,1,9,14.999999999999998,29.1501,2.3880074
2012-05-25,15,5,72.99999999999997,68.703514,2.921958
2012-08-22,13,36,73.99999999999997,59.069622,2.9084737
2012-05-27,36,9,25.000000000000004,40.67739,2.3871188
2012-08-02,5,20,0.0,-0.016120277,1.6774365
2012-04-03,5,37,4.000000000000001,10.387677,1.6793072
2012-05-09,16,93,1.9999999999999996,4.0168505,2.4111686
2012-06-09,8,93,1.9999999999999996,4.0151963,2.2229602
2012-06-01,17,37,60.00000000000001,63.058254,2.6325967
2012-04-03,14,50,0.0,-0.017335441,1.6749145
2012-07-26,9,105,0.0,-0.010157102,1.61665
2012-06-09,24,60,1.9999999999999996,1.9308541,2.4289403
2012-03-09,17,37,68.00000000000001,42.66465,2.2386649
2012-05-15,1,93,4.000000000000001,3.9983435,2.0480487
2012-07-02,15,45,125.99999999999999,111.106415,3.2260551
2012-02-29,22,54,0.0,-0.011810142,1.6473533
2012-05-23,39,9,0.0,-0.232132,1.9203573
2012-07-03,35,66,16.999999999999996,9.197454,1.6475052
2012-08-05,29,8,50.0,54.21411,2.5826006
2012-02-14,37,5,30.0,43.739822,2.6786072
2012-01-10,11,86,1.0,1.6942191,2.3247728
2012-05-29,43,73,0.0,-0.02235549,1.6972864
2012-03-26,40,93,0.0,-0.00096517854,1.6654066
2012-03-14,11,86,0.0,-0.0015914016,1.6445125
2012-07-01,40,45,89.0,98.00029,3.0677688
2012-04-19,7,93,0.0,0.004773101,1.6118042
2012-07-06,43,93,0.0,0.013087925,1.6328716
2012-03-03,13,5,41.99999999999996,87.22719,3.0157845
2012-07-21,11,61,3.0,1.9426483,2.3861735
2012-06-18,25,9,109.00000000000004,56.322826,2.7446377
2012-06-11,21,5,51.00000000000003,49.876682,2.7248702
2012-07-07,24,60,1.0,1.9100463,2.4052787
2012-01-31,10,93,0.0,0.003610999,1.6053197
2012-02-27,3,45,70.00000000000007,62.127766,2.849039
2012-02-12,27,80,1.0,2.5125003,2.4470768
2012-06-21,22,104,0.0,0.013313715,1.8693398
2012-02-20,5,93,1.9999999999999996,3.3244743,2.173144
2012-07-01,7,7,1.0,3.459148,2.5938087
2012-05-08,26,45,40.999999999999986,51.58737,2.859207
2012-01-30,19,15,0.0,-0.02658587,1.6775877
2012-07-06,38,52,1.0,1.797911,2.4610252
2012-03-03,27,68,71.0,63.310658,2.905075
2012-06-12,4,97,0.0,0.020769862,1.7281983
2012-01-29,31,93,1.9999999999999996,3.6270807,2.1762142
2012-04-14,10,37,24.000000000000007,12.658291,1.5897119
2012-07-08,21,5,50.0,45.547016,2.7792192
2012-05-26,5,16,14.0,23.229572,2.052687
2012-08-14,16,64,0.0,0.011670555,1.7864859
2012-05-27,28,45,56.00000000000001,67.72585,2.9242496
2012-05-14,24,6,23.000000000000004,38.26597,2.3305433
2012-05-13,43,105,0.0,-0.010281291,1.7401026
2012-05-05,30,16,103.99999999999997,46.007313,2.4121923
2012-07-12,6,14,0.0,-0.034110498,1.7451191
2012-05-07,12,37,13.000000000000004,13.750753,1.5649948
2012-06-29,1,40,0.0,-0.055532068,1.6750702
2012-01-07,1,99,0.0,0.007817789,1.6752746
2012-05-15,31,98,0.0,-0.00943746,1.7011079
2012-06-23,12,16,42.99999999999999,31.983925,2.2001083
2012-05-07,24,97,0.0,0.009864594,1.6907719
2012-05-28,14,88,0.0,-0.07241408,1.6934903
2012-07-05,30,51,0.0,0.017651485,1.6720704
2012-06-19,10,21,1.9999999999999996,0.8966797,2.5976996
2012-04-05,39,9,5.0,3.2187529,2.5806382
2012-07-10,33,93,3.0,3.0114405,2.2481542
2012-04-29,29,8,33.00000000000001,36.18018,2.2958322
2012-04-14,8,100,0.0,0.0011031604,1.7014902
2012-08-24,26,5,25.000000000000004,32.02031,2.5815527
2012-06-13,4,90,0.0,0.0115019325,1.7084174
2012-04-03,27,93,0.0,0.008413924,1.6144098
2012-03-06,14,15,0.0,-0.0020622315,1.7057436
2012-06-20,43,73,0.0,-0.03792872,1.6414056
2012-01-10,24,6,13.000000000000004,17.336407,2.6648755
2012-03-02,17,71,0.0,-0.001082272,2.0490956
2012-01-30,1,93,0.0,0.0052333414,1.6670778
2012-03-21,1,99,0.0,-0.005911221,1.6499734
2012-01-01,11,87,0.0,-0.0017166189,1.7347726
2012-01-14,38,93,0.0,0.0074752495,1.7476683
2012-04-04,42,82,0.0,-0.051853202,1.7618593
2012-01-27,2,11,0.0,-0.0931985,1.720041
2012-07-31,7,95,0.0,-0.0047455286,1.6078193
2012-07-22,11,110,0.0,-0.013858068,1.7051581
2012-01-13,36,1,0.0,0.025804289,1.7073784
2012-06-09,12,93,31.0,6.6163573,2.4294534
2012-04-01,19,69,1.0,2.2422314,2.514413
2012-04-19,10,37,12.0,10.516394,1.5498499
2012-01-29,23,45,45.0,52.070213,3.114298
2012-07-27,2,5,47.99999999999999,37.132313,2.6641917
2012-08-14,39,36,8.000000000000005,11.237341,2.1812344
2012-07-23,8,59,0.0,-0.012313607,1.6422893
2012-06-27,17,48,163.99999999999994,140.94113,3.6756053
2012-05-23,9,5,45.0,44.134583,2.713239
2012-03-15,29,56,3.0,1.983676,2.4725683
2012-06-24,39,103,0.0,0.0068449625,1.7028257
2012-01-24,19,39,1.0,4.5759387,1.8306597
2012-02-14,15,86,0.0,0.004424682,1.7674088
2012-02-08,33,85,0.0,0.014622917,1.7639896
2012-07-16,38,52,0.0,0.004444622,1.7611204
2012-02-29,8,100,0.0,-0.0041215806,1.6546795
2012-08-05,45,22,0.0,0.01155943,1.7375176
2012-04-20,27,93,35.99999999999998,4.636857,1.9946822
2012-06-20,37,38,0.0,0.050196044,1.6480504
2012-06-23,44,68,78.0,55.684746,2.716863
2012-01-02,18,57,0.0,-0.011315411,1.6633736
2012-02-05,27,80,1.0,2.1795561,2.2679958
2012-04-10,22,68,82.99999999999997,50.536835,2.5451326
2012-05-27,15,93,5.9999999999999964,3.6557343,2.426454
2012-01-11,14,70,0.0,-0.01673122,1.6745586
2012-02-07,32,93,4.000000000000001,3.2003562,2.246483
2012-05-22,33,9,77.0,41.993004,2.5958574
2012-01-09,6,9,56.00000000000001,53.203506,2.6029432
2012-07-21,10,21,1.0,3.023306,2.5645335
2012-07-12,19,88,0.0,-0.009865593,1.6521003
2012-02-07,20,41,26.999999999999996,23.315382,2.0125039
2012-06-09,23,5,26.0,35.149975,2.7704825
2012-07-16,23,45,41.99999999999996,40.101807,2.993742
2012-05-21,17,37,56.00000000000001,43.378723,2.480754
2012-04-28,8,84,0.0,-0.0130943125,1.6348813
2012-02-05,8,59,1.0,1.9480906,2.6525633
2012-06-03,15,15,0.0,-0.006583648,1.9069335
2012-07-01,16,25,148.0,177.42365,3.6357799
2012-04-29,19,39,0.0,-0.053984746,1.7660434
2012-02-25,16,39,0.0,0.19320826,1.8400663
2012-01-24,31,98,0.0,-0.013863505,1.7202209
2012-04-15,1,40,0.0,0.022563964,1.6561311
2012-01-02,33,93,0.0,0.03366839,1.7686526
2012-05-30,21,91,0.0,0.0018749988,1.6026781
2012-05-27,13,36,129.99999999999994,83.849075,2.9396417
2012-04-02,26,2,1.9999999999999996,2.6310546,2.4997828
2012-06-16,42,82,0.0,-0.09776012,1.7377986
2012-01-18,2,5,89.99999999999997,53.048332,2.6446784
2012-08-18,7,5,149.0000000000001,81.15843,3.0450575
2012-01-02,7,95,0.0,0.003349611,1.7090237
2012-01-31,43,105,0.0,-0.01698508,1.6821985
2012-06-24,38,93,3.0,3.1918256,2.2886736
2012-03-27,42,45,64.99999999999997,44.91828,2.9207125
2012-04-09,32,9,51.00000000000003,45.270103,2.4356272
2012-03-15,36,9,45.99999999999995,53.527096,2.625796
2012-07-17,1,47,0.0,0.001467558,2.3119435
2012-03-24,12,86,0.0,0.0026797997,1.7268202
2012-04-24,37,53,0.0,-0.017006697,1.6144129
2012-07-09,16,16,35.99999999999998,46.87458,2.4650435
2012-07-22,44,62,0.0,-0.0027710241,1.7198526
2012-03-24,40,106,0.0,-0.013391045,1.6486411
2012-01-20,11,61,1.9999999999999996,1.9975667,2.2517636
2012-03-19,21,91,0.0,-0.018132053,1.6674644
2012-01-24,15,17,0.0,-0.064242035,1.8790367
2012-02-01,16,77,0.0,0.013192102,1.7156941
2012-06-13,22,68,40.00000000000001,39.77775,2.4670768
2012-06-18,39,9,3.0,3.6639996,2.636718
2012-06-23,43,73,0.0,-0.0324011,1.6824194
2012-06-25,40,15,0.0,0.026721867,1.7425239
2012-07-10,24,97,0.0,0.006455931,1.7390307
2012-01-19,6,14,0.0,-0.01894588,1.6660116
2012-03-02,37,45,56.999999999999986,66.388794,2.8961642
2012-04-04,16,25,163.99999999999994,137.9674,3.5735798
2012-05-06,38,52,0.0,-0.003817817,1.7791864
2012-04-27,22,78,1.9999999999999996,3.307006,2.2788029
2012-05-15,3,5,30.0,54.75183,2.710542
2012-08-10,44,68,21.000000000000004,50.561607,2.544852
2012-03-03,38,98,0.0,0.006194511,1.720073
2012-02-08,13,46,0.0,-0.0006879352,1.8618138
2012-05-06,22,93,14.0,7.450651,2.4663
2012-02-04,20,74,0.0,-0.055626992,1.81322
2012-07-21,32,58,5.9999999999999964,2.3025854,2.4589927
2012-03-27,14,50,0.0,-0.020451643,1.6698918
2012-08-15,39,103,0.0,-0.034909196,1.7150043
2012-07-05,19,39,0.0,0.0016735697,1.6337304
2012-07-14,1,28,1.9999999999999996,5.764839,2.339886
2012-05-29,43,93,1.0,4.8859215,2.3064742
2012-01-06,38,93,0.0,0.0034169084,1.7202386
2012-08-06,35,50,0.0,0.0035566234,1.6369894
2012-08-10,37,45,55.00000000000002,54.9738,2.881871
2012-06-15,3,45,84.99999999999997,65.4647,2.8155367
2012-07-01,31,104,0.0,-0.012496342,1.7907182
2012-04-14,15,93,14.0,4.405501,2.2666256
2012-07-19,28,5,63.99999999999998,39.961452,2.5566835
2012-01-18,9,10,1.9999999999999996,1.969015,2.3067935
2012-05-21,36,30,1.9999999999999996,1.3843336,2.4382577
2012-01-10,11,61,1.0,1.665453,2.3517985
2012-06-11,28,35,0.0,-0.103422955,1.7798618
2012-03-03,25,93,0.0,0.041530672,1.7840742
2012-05-13,23,45,40.999999999999986,45.641,3.014931
2012-07-17,27,80,0.0,-0.027566627,1.634541
2012-05-02,34,52,3.0,2.1914806,2.351963
2012-05-20,19,16,9.000000000000002,20.074268,2.136704
2012-02-09,8,59,1.9999999999999996,1.5959487,2.4894104
2012-03-13,16,39,0.0,0.026277624,1.769393
2012-03-05,43,16,69.00000000000003,65.88019,2.73378
2012-06-06,23,45,29.000000000000004,44.307823,2.9555569
2012-04-18,21,109,0.0,-0.005597535,1.5986257
2012-06-17,29,56,0.0,0.036934704,1.6767306
2012-01-12,18,5,35.99999999999998,16.038486,2.916461
2012-08-12,6,45,89.0,74.20549,3.0399363
2012-05-01,19,15,0.0,-0.012537286,1.6765574
2012-05-18,17,9,108.00000000000007,115.71289,3.370984
2012-03-28,44,94,0.0,0.0030004883,1.6208348
2012-04-17,14,93,0.0,-0.024438303,1.6094763
2012-04-14,18,37,5.0,9.790346,1.8309214
2012-02-05,14,33,0.0,-0.08216165,1.885508
2012-06-09,37,15,0.0,0.06032794,1.757974
2012-06-19,25,45,109.00000000000004,67.86707,2.8527281
2012-04-08,25,84,0.0,0.03801341,1.7665722
2012-02-27,45,50,0.0,-0.011851331,1.6384336
2012-02-13,26,45,36.99999999999999,52.883278,2.8652215
2012-07-30,25,9,72.99999999999997,48.77505,2.5581975
2012-07-26,11,86,0.0,-0.022898221,1.636153
2012-08-18,43,105,0.0,-0.002617979,1.6777254
2012-02-07,29,56,1.9999999999999996,2.2415667,2.3565223
2012-01-24,23,5,20.0,24.565372,2.6831746
2012-03-22,27,21,0.0,-0.08872671,1.6924646
2012-01-17,26,5,92.00000000000003,48.28348,2.677792
2012-06-03,11,61,0.0,0.031586383,1.7031933
2012-05-26,30,65,0.0,-0.015089581,1.8282597
2012-02-25,9,105,0.0,-0.007545007,1.6544468
2012-01-01,23,29,1.0,1.5509484,2.589255
2012-05-01,2,93,5.9999999999999964,4.7541924,2.381266
2012-04-23,4,101,0.0,0.0058728843,1.6847765
2012-06-22,30,13,0.0,-0.028682552,1.7175457
2012-05-01,32,58,11.0,2.3558238,2.3148289
2012-03-02,40,5,12.0,61.800865,2.8122134
2012-01-04,18,37,16.999999999999996,11.305311,1.8669752
2012-06-13,15,93,1.9999999999999996,4.411584,2.3367307
2012-08-24,23,5,18.999999999999996,23.800116,2.6000762
2012-01-23,19,69,0.0,-0.0151977185,1.6542896
2012-05-01,27,93,0.0,0.013777481,1.7263451
2012-03-10,33,44,347.00000000000006,231.17528,4.080846
2012-08-11,21,44,84.99999999999997,106.93457,3.4476244
2012-04-24,31,45,63.000000000000036,62.718334,2.817556
2012-06-18,45,22,0.0,0.012844316,1.61224
2012-01-11,29,41,23.000000000000004,23.557583,1.8510275
2012-03-04,13,5,143.99999999999997,122.811874,3.3478374
2012-03-03,14,15,0.0,-0.059781104,1.8082888
2012-05-07,40,55,0.0,-0.0068846294,1.6681994
2012-08-03,40,45,77.0,71.05042,2.825521
2012-08-09,35,66,12.0,9.238837,1.6403368
2012-07-21,40,45,102.99999999999999,75.38599,3.0590587
2012-05-12,31,104,0.0,-0.0038662793,1.6880777
2012-08-12,44,62,1.9999999999999996,2.1791244,2.4107804
2012-06-19,9,45,64.99999999999997,58.486115,2.9589436
2012-01-03,8,100,0.0,0.0034306191,1.6603963
2012-03-20,27,93,4.000000000000001,3.9498138,1.9861746
2012-04-02,25,9,157.0,102.2366,3.1035218
2012-03-17,22,93,0.0,0.004326064,1.7178769
2012-06-14,11,61,4.000000000000001,1.7465277,2.5921257
2012-04-10,7,23,28.000000000000004,14.784699,1.7320787
2012-06-13,29,56,0.0,-0.010275049,1.7150465
2012-08-15,15,45,70.00000000000007,64.96502,2.8215215
2012-07-01,11,68,58.000000000000014,46.45247,2.5970151
2012-02-02,12,16,36.99999999999999,37.253166,2.2043524
2012-03-14,1,28,1.9999999999999996,2.7149065,2.170741
2012-07-15,17,48,210.00000000000003,184.97578,3.6740246
2012-07-24,23,45,37.99999999999999,47.43616,2.9809608
2012-06-26,10,86,0.0,0.0063790143,1.6400763
2012-07-11,7,23,33.00000000000001,16.884607,1.6915444
2012-08-05,2,93,0.0,-0.0045907805,1.7919455
2012-02-21,3,2,0.0,0.011012474,1.6012944
2012-03-31,15,15,0.0,-0.012937274,1.7663426
2012-06-22,29,45,70.00000000000007,66.62475,2.6964831
2012-05-14,31,93,8.000000000000005,3.5969958,2.1367936
2012-06-11,38,93,0.0,0.016941233,1.7410302
2012-06-12,45,9,5.0,9.316861,2.433493
2012-01-08,1,93,0.0,0.0045217923,1.6974536
2012-07-10,12,16,40.00000000000001,28.910372,2.2340584
2012-08-09,39,111,0.0,-0.008776945,1.6594293
2012-02-28,40,93,0.0,0.0028747648,1.6260028
2012-05-14,30,44,282.0,201.12784,3.8024187
2012-04-30,39,103,0.0,-0.004637369,1.6205688
2012-04-26,19,88,0.0,-0.019696446,1.6418273
2012-07-14,25,84,0.0,0.028214706,1.7145182
2012-07-20,1,28,5.9999999999999964,3.9286094,2.0179336
2012-04-26,9,10,1.9999999999999996,2.3849084,2.1184852
2012-05-28,1,47,0.0,0.044488672,1.9693234
2012-05-25,21,91,1.9999999999999996,2.4571753,2.353794
2012-07-05,16,85,0.0,-0.0025670237,1.6815938
2012-03-16,38,93,5.9999999999999964,3.6120973,2.1368885
2012-08-05,42,45,121.99999999999994,97.57714,3.1076398
2012-06-05,41,16,30.0,39.457413,2.279442
2012-07-16,20,41,31.999999999999986,26.336851,1.7966506
2012-05-05,20,106,0.0,0.021912185,1.8156686
2012-08-08,19,83,11.0,7.0401893,1.9027613
2012-06-13,45,22,0.0,0.12966818,1.596427
2012-06-14,35,24,0.0,0.22376728,1.7372996
2012-05-19,20,106,0.0,0.03092311,1.7657938
2012-04-03,19,83,10.000000000000002,6.90443,1.9982055
2012-02-23,15,49,0.0,0.012150679,1.7728741
2012-04-05,31,98,0.0,-0.0057131215,1.6802706
2012-03-23,18,72,0.0,-0.037387114,1.6518272
2012-07-03,16,25,125.0,135.6292,3.5058112
2012-03-12,26,45,58.000000000000014,50.6042,2.8372416
2012-08-01,15,61,1.9999999999999996,2.0714874,2.487594
2012-06-16,6,14,0.0,-0.0064825993,1.740828
2012-02-19,5,93,0.0,0.0075478298,1.6819999
2012-02-10,1,9,16.999999999999996,39.85907,2.6322362
2012-07-06,12,16,45.0,32.56194,2.2606876
2012-07-12,9,45,56.999999999999986,46.424294,2.9307678
2012-06-23,5,37,16.0,12.189537,1.7074196
2012-05-21,32,9,40.00000000000001,33.502575,2.3149636
2012-08-08,16,25,174.99999999999994,133.19019,3.654731
2012-01-23,34,45,92.00000000000003,75.456566,2.9118483
2012-02-21,27,9,33.00000000000001,24.87265,2.3707452
2012-07-09,25,45,100.00000000000003,70.16481,2.9138103
2012-06-17,4,93,1.0,5.3986406,2.291015
2012-06-15,22,78,1.9999999999999996,3.4514759,2.4282067
2012-08-21,36,1,0.0,0.07706724,1.7023687
2012-08-01,1,28,5.9999999999999964,2.7554252,2.3572044
2012-01-27,5,93,0.0,0.002547881,1.6723133
2012-04-09,6,107,0.0,0.017148606,1.6729776
2012-03-01,3,102,0.0,0.02651088,1.771895
2012-04-27,10,5,56.999999999999986,31.685797,2.7896023
2012-04-25,1,93,0.0,0.002155949,1.5949446
2012-07-21,30,49,0.0,-0.0068670805,1.7350584
2012-06-13,35,24,0.0,0.038316436,1.9470209
2012-06-30,14,93,0.0,-0.016113976,1.6839032
2012-05-16,8,84,0.0,-0.014500706,1.6327562
2012-01-03,2,5,103.99999999999997,84.908585,2.979461
2012-04-23,1,28,3.0,2.537389,2.251929
2012-02-03,14,15,0.0,-0.006643622,1.7131723
2012-05-09,5,32,0.0,0.03370684,1.5651014
2012-01-06,19,83,9.000000000000002,6.9674263,1.8953189
2012-06-27,29,45,96.0,57.801888,2.8378386
2012-08-10,41,68,47.99999999999999,45.42568,2.4634838
2012-05-01,5,32,3.0,1.3693672,2.6834702
2012-04-03,40,45,48.99999999999999,71.048706,2.9307442
2012-06-06,12,79,3.0,2.7791972,2.5076742
2012-07-08,43,3,1.0,4.807666,2.4333098
2012-05-29,19,75,0.0,-0.007860871,1.6202669
2012-02-14,28,2,0.0,0.027788362,1.6415386
2012-02-05,44,105,0.0,-0.0049535017,1.6961135
2012-07-29,41,93,1.0,2.951645,2.1909199
2012-04-09,5,20,1.0,1.539474,2.530726
2012-01-06,18,72,0.0,-0.0029706527,1.7811205
2012-05-10,5,93,1.9999999999999996,3.9923038,2.1375015
2012-02-27,21,109,0.0,-0.0030513208,1.6514482
2012-07-01,27,93,3.0,3.805007,2.1651282
2012-04-19,15,5,46.99999999999997,55.969322,2.7428691
2012-05-10,36,1,0.0,-0.07158453,1.7291374
2012-02-11,33,9,241.00000000000009,149.56189,3.558205
2012-02-24,22,68,47.99999999999999,54.831535,2.5513666
2012-03-14,4,97,0.0,-0.019439844,1.7310888
2012-06-01,22,54,0.0,0.020840775,1.7003522
2012-06-21,8,23,10.000000000000002,7.9746966,1.782764
2012-07-04,22,54,0.0,-0.0016327559,1.6578
2012-01-18,10,86,0.0,-0.0054973266,1.6010127
2012-02-21,6,107,0.0,0.0034492023,1.6491605
2012-04-02,38,45,121.00000000000003,103.18456,3.2237477
2012-04-06,38,45,114.99999999999999,96.40991,3.1091018
2012-03-19,4,96,0.0,-0.0018162035,1.7357947
2012-04-07,29,41,25.000000000000004,26.988195,1.8512259
2012-05-12,19,39,0.0,-0.061584007,1.687697
2012-07-21,1,89,1.0,1.6876061,2.311047
2012-08-06,45,26,3.0,4.876395,2.1078053
2012-07-25,45,26,5.9999999999999964,4.7316995,2.0299616
2012-06-12,13,104,0.0,0.019618822,1.792139
2012-01-13,45,22,0.0,0.20039707,1.5564412
2012-08-22,37,38,0.0,0.03867979,1.6345664
2012-07-31,44,5,60.00000000000001,31.504732,2.7183447
2012-04-19,9,105,0.0,0.010348292,1.6467443
2012-07-14,7,93,1.9999999999999996,3.6773267,2.321952
2012-06-28,17,37,45.99999999999995,36.846046,2.4911864
2012-02-06,11,9,22.0,58.654675,2.7886138
2012-07-29,23,56,0.0,-0.05893456,1.7651438
2012-07-10,37,104,0.0,-0.0062809987,1.617891
2012-07-03,34,93,4.000000000000001,3.273673,2.4035814
2012-01-30,20,74,0.0,0.004505163,1.7474372
2012-01-03,18,57,0.0,-0.042674884,1.682612
2012-04-19,38,98,0.0,0.004822863,1.6013924
2012-05-19,26,5,45.0,44.132668,2.608925
2012-07-22,16,25,208.0,178.35213,3.6549542
2012-07-10,45,34,0.0,-0.05442997,1.647274
2012-04-16,28,5,41.99999999999996,56.08037,2.8441834
2012-03-20,40,55,1.0,2.1119466,2.3085036
2012-03-19,40,106,0.0,-0.0187004,1.7352456
2012-08-14,31,104,0.0,-0.0016713602,1.6292754
2012-05-09,38,9,29.000000000000004,26.884983,2.5836294
2012-05-13,9,45,71.99999999999999,71.925354,2.8300867
2012-03-26,32,45,60.00000000000001,62.073273,2.7078195
2012-06-14,14,70,0.0,-0.033044223,1.6463972
2012-07-28,41,16,68.00000000000001,29.922054,2.1767519
2012-06-26,5,20,1.0,1.2535964,2.4914687
2012-08-06,44,105,0.0,0.012251359,1.6428206
2012-03-01,28,5,99.00000000000004,75.18137,3.036723
2012-07-20,14,70,7.000000000000002,2.1223161,2.2859209
2012-05-04,40,15,0.0,0.08128533,1.6073706
2012-05-27,9,93,4.000000000000001,3.3181558,2.2164629
2012-04-18,25,12,1.0,3.4822705,2.4460633
2012-05-10,20,93,0.0,0.015126808,1.6966386
2012-06-07,31,9,48.99999999999999,39.539265,2.3688834
2012-03-24,4,101,0.0,-0.0012192775,1.7507677
2012-04-06,44,94,0.0,0.0076042134,1.6457841
2012-01-22,11,9,44.000000000000014,36.679817,2.4045386
2012-01-25,44,5,12.0,11.163063,2.8023484
2012-01-25,33,93,0.0,0.0019282339,1.7254555
2012-04-16,16,39,0.0,0.07405372,1.7099413
2012-01-04,15,45,100.00000000000003,67.80415,3.0149856
2012-08-20,25,9,67.00000000000001,32.894054,2.7212296
2012-05-07,19,83,8.000000000000005,6.614475,2.0233943
2012-05-29,34,93,0.0,0.011223635,1.6429875
2012-06-09,1,93,1.9999999999999996,4.263303,2.226555
2012-08-24,1,47,0.0,0.07062326,2.0168223
2012-06-06,8,84,0.0,-0.017066702,1.6493117
2012-08-17,22,68,33.99999999999998,44.754726,2.488187
2012-02-26,1,47,0.0,0.013417325,2.3760014
2012-01-22,20,18,0.0,-0.062510476,1.7811109
2012-07-09,41,68,31.999999999999986,43.4008,2.6132312
2012-02-07,41,68,64.99999999999997,54.990566,2.6356196
2012-02-20,25,93,0.0,0.0644148,1.7467636
2012-05-20,44,93,0.0,0.0046313996,1.6602126
2012-08-15,30,65,0.0,0.006035079,1.7446247
2012-07-13,16,39,0.0,0.0886141,1.704521
2012-04-27,28,35,0.0,-0.02640215,1.6881479
2012-07-29,5,32,0.0,0.09049324,1.6136639
2012-03-15,16,93,0.0,0.010147227,1.6908798
2012-02-13,28,45,55.00000000000002,71.82545,2.9675446
2012-06-07,8,23,16.999999999999996,6.396831,1.7608453
2012-01-18,2,11,0.0,0.0038064488,1.6612786
2012-07-15,20,18,0.0,-0.0024107872,1.7189438
2012-01-16,39,36,20.0,12.56588,2.2089598
2012-06-07,3,2,1.0,2.7557688,2.2564273
2012-06-26,40,5,14.999999999999998,29.795546,2.6369843
2012-07-17,40,5,20.0,19.888832,2.7118738
2012-02-17,22,93,8.000000000000005,5.1382637,2.2361696
2012-02-17,10,93,5.0,4.2098465,1.9989347
2012-01-13,25,84,0.0,0.04021761,1.7331096
2012-06-07,35,105,0.0,-0.0035953007,1.6607721
2012-01-19,16,77,0.0,-0.0049015502,1.7016728
2012-01-12,11,110,0.0,-0.0013872667,1.6365402
2012-07-06,1,93,3.0,4.302498,2.0416286
2012-06-17,7,7,1.9999999999999996,3.3673806,2.7073615
2012-01-05,18,37,17.999999999999996,13.292984,1.8720552
2012-02-24,36,44,64.99999999999997,80.258194,3.0502036
2012-02-29,37,15,0.0,0.0054327976,1.6342983
2012-07-29,25,9,71.0,59.722202,2.7622697
2012-01-30,27,80,0.0,-0.02627744,1.685104
2012-04-13,6,14,0.0,-0.08790506,1.7106388
2012-08-22,2,5,33.99999999999998,28.581886,2.6214535
2012-02-29,14,70,0.0,-0.023456931,1.6644682
2012-04-28,29,56,0.0,-0.0052173734,1.6890205
2012-07-24,27,80,0.0,-0.041862845,1.6668223
2012-06-01,34,93,1.0,6.355301,2.5631092
2012-06-04,24,60,1.0,2.0798826,2.3432534
2012-07-21,17,48,190.0,170.44815,3.7814953
2012-04-23,5,105,0.0,-0.0052692913,1.5986325
2012-04-23,18,5,8.000000000000005,16.672752,2.8304029
2012-02-26,20,106,0.0,0.016388776,1.7585416
2012-05-29,15,49,0.0,0.0070731253,1.6902117
2012-07-08,8,23,13.000000000000004,11.86349,1.6742189
2012-02-10,34,31,3.0,2.3638792,2.3505898
2012-03-04,43,16,93.0,62.78287,2.731568
2012-03-04,1,28,5.9999999999999964,4.5049744,2.3819165
2012-07-27,25,81,8.000000000000005,7.8077164,1.9814167
2012-06-09,45,22,0.0,-0.062814735,1.8145767
2012-04-10,15,17,0.0,-0.034732234,1.8128635
2012-06-12,26,45,46.99999999999997,61.624107,2.9899316
2012-07-29,44,105,0.0,-0.0072871773,1.7170645
2012-08-08,43,37,13.000000000000004,8.267429,1.7907461
2012-02-29,44,62,0.0,0.0049296417,1.6057317
2012-07-19,25,93,0.0,0.039683577,1.6880294
2012-06-01,4,9,130.99999999999997,80.8373,3.078207
2012-07-08,4,90,0.0,-0.011662784,1.7658488
2012-06-26,41,108,0.0,-0.023618298,1.7329781
2012-08-19,40,55,3.0,1.937632,2.331626
2012-03-07,12,79,0.0,0.004430258,1.6619246
2012-06-08,36,30,0.0,-0.068784446,1.6794244
2012-06-19,11,61,0.0,-0.0016281941,1.6259439
2012-04-26,19,83,7.000000000000002,5.261483,1.9344183
2012-04-20,41,108,0.0,-0.0011631877,1.5984088
2012-07-17,24,97,0.0,0.0054406277,1.6573077
2012-04-09,18,57,0.0,-0.0039786277,1.6316503
2012-03-26,11,86,0.0,-0.010355886,1.613546
2012-02-13,34,93,0.0,0.01884759,1.6175241
2012-02-20,14,9,10.000000000000002,15.5805235,2.3597438
2012-02-07,7,23,21.000000000000004,13.81283,1.4166492
2012-04-21,20,93,0.0,0.00031585814,1.7133479
2012-02-26,19,88,1.0,1.943538,2.7088947
2012-01-20,21,44,93.0,103.15138,3.4388525
2012-01-05,42,5,112.00000000000003,68.13022,2.9580867
2012-06-26,5,93,12.0,5.339808,2.265502
2012-01-01,41,86,0.0,-0.0036578334,1.6892968
2012-06-03,15,61,0.0,0.031465612,1.830116
2012-02-24,31,98,0.0,0.0025326244,1.6311668
2012-06-18,36,9,68.00000000000001,41.428047,2.2620265
2012-06-03,3,102,0.0,0.011243109,1.7453578
2012-08-03,43,16,87.99999999999999,60.31313,2.6467853
2012-07-01,35,24,0.0,0.0719735,1.7453521
2012-04-18,3,2,5.0,2.9315507,2.2175431
2012-01-11,33,92,3.0,2.1200793,2.3268247
2012-05-03,44,93,0.0,0.013821135,1.6315414
2012-04-15,4,9,231.0,101.049576,3.1571176
2012-03-24,7,7,3.0,2.458401,2.4188142
2012-08-07,8,5,54.000000000000014,42.345947,2.725758
2012-02-01,22,54,0.0,0.008724625,1.6619636
2012-05-02,7,95,0.0,0.0019043541,1.6338011
2012-06-05,25,84,0.0,0.034637026,1.8590999
2012-06-05,31,98,0.0,-0.0036025294,1.6988698
2012-06-19,30,44,193.0,173.8495,3.8146272
2012-03-27,7,95,0.0,-0.0054751085,1.5891428
2012-06-25,40,93,8.000000000000005,3.5283833,2.4420888
2012-01-14,36,9,56.00000000000001,37.763065,2.622553
2012-04-28,25,9,91.00000000000001,82.42264,3.0416117
2012-07-22,22,78,1.9999999999999996,2.655168,2.3495352
2012-05-19,24,60,1.0,2.1631212,2.4650857
2012-02-08,7,23,17.999999999999996,17.315186,1.6713785
2012-01-04,30,49,0.0,0.0045748744,1.744776
2012-02-25,14,25,13.000000000000004,28.559889,2.6900961
2012-03-29,4,96,0.0,0.011680549,1.7471514
2012-08-16,32,19,1.0,0.9062402,2.5514214
2012-07-24,34,45,97.00000000000003,66.96829,2.8700202
2012-06-26,45,50,0.0,-0.005027813,1.6209222
2012-07-06,16,39,0.0,0.07949051,1.8676245
2012-06-23,12,79,1.0,2.7454615,2.4462726
2012-05-06,43,16,58.000000000000014,56.169662,2.6323729
2012-02-14,19,15,0.0,-0.021586044,1.6875179
2012-05-25,38,86,0.0,-0.016074287,1.6279088
2012-06-27,19,39,0.0,0.01623864,1.598682
2012-07-26,34,31,0.0,0.04911931,1.5679139
2012-05-20,36,30,3.0,2.8166497,2.4320881
2012-01-26,23,45,24.000000000000007,43.13176,2.8286345
2012-01-22,38,52,0.0,-0.0011231806,1.8264694
2012-02-15,13,104,0.0,-0.0025927848,1.6688147
2012-06-28,17,48,166.00000000000006,156.42903,3.7998254
2012-02-01,5,93,0.0,0.012135132,1.7004333
2012-05-12,3,45,92.00000000000003,94.43327,3.0671406
2012-03-24,1,47,0.0,0.016282277,2.3118582
2012-03-07,31,45,89.0,60.705532,2.7709641
2012-02-19,32,58,5.0,2.2028027,2.2752533
2012-02-23,41,61,1.0,1.9535869,2.2664669
2012-04-24,42,5,13.000000000000004,22.158335,2.6096919
2012-07-03,12,79,0.0,0.013385106,1.7424377
2012-07-10,16,77,0.0,0.019129599,1.7606882
2012-08-12,26,2,0.0,0.09985549,1.8408891
2012-07-04,4,93,0.0,-0.0030794393,1.7386448
2012-07-03,21,44,61.00000000000001,88.85914,3.3109596
2012-06-03,43,3,3.0,4.1205935,2.4008238
2012-01-21,30,65,1.0,2.1118684,2.7570138
2012-07-07,31,67,0.0,0.048812374,1.7178894
2012-05-13,26,5,48.99999999999999,41.767952,2.7220304
2012-07-21,29,45,82.00000000000003,86.52674,3.1105335
2012-01-13,32,58,4.000000000000001,2.320982,2.274838
2012-07-09,5,93,0.0,0.0005532283,1.6333663
2012-02-17,9,45,82.00000000000003,56.145325,2.7787766
2012-01-24,33,44,140.00000000000003,157.40553,3.6934059
2012-03-28,37,5,36.99999999999999,61.27659,2.8871615
2012-04-08,37,104,0.0,-0.013203006,1.6833245
2012-02-28,2,5,70.00000000000007,35.30769,2.5785222
2012-04-17,2,93,0.0,-0.00052431226,1.599259
2012-07-15,33,85,0.0,0.01727778,1.727565
2012-02-06,24,6,141.00000000000003,53.1818,2.596036
2012-07-11,36,9,26.0,22.073973,2.5666318
2012-02-28,14,15,0.0,-0.012331531,1.677802
2012-07-18,34,84,0.0,-0.0034436418,1.6244944
2012-07-19,10,93,1.9999999999999996,3.6348078,2.053392
2012-05-04,11,61,0.0,-0.0070434944,1.6317621
2012-04-12,45,4,0.0,-0.05377124,1.7098364
2012-05-10,17,71,0.0,0.030116282,1.9535269
2012-03-10,11,9,65.99999999999997,43.200016,2.41668
2012-04-26,10,86,0.0,-0.011816452,1.6170995
2012-01-13,1,93,0.0,0.014608156,1.6360291
2012-02-19,41,68,82.99999999999997,79.08836,2.8436627
2012-04-23,24,97,0.0,-0.02251321,1.634888
2012-07-10,14,15,0.0,0.0025239042,1.6394145
2012-05-13,24,60,1.9999999999999996,1.169707,2.4494987
2012-04-14,15,45,157.0,128.37038,3.3763337
2012-08-22,22,9,40.00000000000001,33.076683,2.7007713
2012-05-26,32,58,0.0,-0.004419745,1.646316
2012-02-16,19,69,1.0,2.1062126,2.2873948
2012-01-27,8,59,0.0,-0.014495191,1.6550411
2012-06-04,16,93,5.9999999999999964,4.870199,2.2868927
2012-03-23,33,44,158.00000000000014,205.97464,3.9121275
2012-07-23,19,39,0.0,-0.02298534,1.6893882
2012-07-20,44,105,0.0,-0.0083525255,1.6505833
2012-06-05,45,4,0.0,0.050439302,1.6914548
2012-02-01,25,50,0.0,0.061254706,1.8788823
2012-08-13,3,5,100.00000000000003,52.27593,2.668846
2012-08-04,5,16,35.99999999999998,28.720396,2.2862465
2012-05-18,1,89,0.0,-0.00053300866,1.6033726
2012-01-21,12,93,5.0,3.4798505,2.330436
2012-07-06,34,93,0.0,0.012820974,1.6343187
2012-07-16,13,93,0.0,-0.013743132,1.7007285
2012-06-04,43,16,71.99999999999999,52.017185,2.6225502
2012-03-10,8,59,1.9999999999999996,1.7845582,2.5882108
2012-04-15,43,73,0.0,-0.012424261,1.6770067
2012-01-21,18,57,0.0,-0.020499395,1.7234119
2012-02-10,11,86,0.0,-0.005869459,1.6421801
2012-06-12,17,37,87.00000000000003,53.71431,2.5408611
2012-06-13,14,93,4.000000000000001,4.39481,2.367038
2012-04-30,34,45,93.0,67.66708,2.863605
2012-01-31,32,51,0.0,-0.0013196479,1.6429538
2012-01-17,39,103,0.0,-0.03981046,1.637398
2012-05-31,20,106,0.0,0.013825361,1.7381185
2012-05-06,29,56,0.0,0.018765282,1.7223159
2012-04-21,1,93,5.9999999999999964,3.4377823,2.1404967
2012-08-18,35,49,0.0,-0.0049348036,1.6539235
2012-02-17,34,31,1.0,2.3411508,2.42283
2012-01-26,34,52,1.9999999999999996,2.0580106,2.3383236
2012-02-24,33,9,155.0,119.692245,3.4710538
2012-04-26,37,105,0.0,-0.0051056435,1.5970366
2012-08-08,35,66,12.0,8.722339,1.6200222
2012-07-30,17,48,155.0,163.22342,3.6716313
2012-08-17,34,31,0.0,-0.019249415,1.6164782
2012-04-01,38,45,190.0,135.57169,3.3834343
2012-01-15,32,45,65.99999999999997,101.42793,3.0782259
2012-02-08,15,15,0.0,0.111627035,1.740705
2012-02-04,20,18,0.0,-0.06490282,1.7967006
2012-08-09,19,15,0.0,-0.021510402,1.6739067
2012-02-22,34,9,14.0,37.13945,2.462422
2012-07-06,41,93,1.0,3.1572688,2.2066848
2012-04-28,6,45,64.99999999999997,72.17654,3.0112886
2012-07-31,23,45,33.00000000000001,44.29635,2.9660075
2012-07-05,14,93,10.000000000000002,3.8022172,2.1460984
2012-03-21,11,61,0.0,-0.0066968417,1.6120468
2012-04-06,12,79,3.0,2.9510255,2.2642293
2012-01-02,14,88,0.0,-0.017452681,1.6801889
2012-03-31,45,50,0.0,-0.012157939,1.671923
2012-06-19,12,86,0.0,0.015461482,1.6881299
2012-03-09,32,58,1.0,2.3852494,2.4585357
2012-08-06,3,109,0.0,0.0067450735,1.6613041
2012-06-01,19,69,0.0,0.017034356,1.7149895
2012-02-01,4,27,5.9999999999999964,5.483383,2.0605454
2012-08-17,30,44,180.99999999999997,202.02356,3.8358424
2012-07-11,37,105,0.0,-0.0073018204,1.6739682
2012-07-23,40,15,0.0,-0.006622059,1.6426098
2012-02-02,19,39,0.0,-0.03666418,1.6552278
2012-01-16,25,81,14.999999999999998,9.417611,1.9844522
2012-07-10,14,25,16.0,11.05586,2.2497218
2012-01-06,3,5,81.00000000000001,64.820015,2.7480779
2012-03-25,22,104,0.0,0.0037683076,1.7998568
2012-01-23,6,45,61.00000000000001,51.748516,2.8530326
2012-04-30,27,93,5.0,4.1907444,2.0227206
2012-01-05,17,48,182.00000000000006,177.54697,3.7587326
2012-01-20,2,93,1.9999999999999996,3.5144417,2.083066
2012-04-27,43,37,17.999999999999996,14.647317,1.4661709
2012-05-02,43,93,0.0,0.0024638395,1.6380193
2012-04-29,5,105,0.0,-0.0033620368,1.6472381
2012-06-24,27,93,12.0,7.69348,2.3083975
2012-04-24,6,107,0.0,0.0032346714,1.6164504
2012-01-29,16,77,0.0,0.038675737,1.7928588
2012-03-25,3,93,1.9999999999999996,3.6066701,2.2942305
2012-07-13,20,74,1.0,2.4468486,2.3721156
2012-07-06,39,9,1.9999999999999996,5.6809115,2.5144286
2012-02-16,13,46,1.0,2.0429018,2.496035
2012-02-14,41,86,0.0,-0.0037707803,1.6311411
2012-05-11,34,52,1.9999999999999996,2.0487728,2.2786171
2012-08-21,2,44,120.00000000000003,110.15112,3.3911533
2012-08-17,44,62,0.0,-0.0038567875,1.6061553
2012-05-08,1,28,3.0,3.2771928,2.2483792
2012-08-06,29,56,0.0,0.013887275,1.6867092
2012-01-07,11,9,67.00000000000001,43.39543,2.3481908
2012-06-30,44,68,77.0,53.765236,2.7306693
2012-02-10,1,99,0.0,0.0021893892,1.6675845
2012-05-20,12,86,0.0,-0.008772986,1.6915121
2012-06-09,37,5,51.00000000000003,56.75129,2.802838
2012-08-12,19,88,0.0,-0.008991403,1.6927142
2012-08-22,37,45,47.99999999999999,58.36968,2.850377
2012-03-04,16,50,0.0,-0.004798497,1.8637526
2012-07-04,12,16,25.000000000000004,32.87108,2.2452576
2012-07-05,22,78,3.0,2.423272,2.3351502
2012-04-22,44,62,0.0,-0.0069550825,1.6601295
2012-03-03,27,80,0.0,-0.0018670297,1.6935993
2012-05-12,40,5,58.000000000000014,66.43656,2.7593226
2012-06-06,3,102,0.0,0.017246008,1.6665705
2012-04-11,22,68,36.99999999999999,43.05523,2.571397
2012-07-05,25,84,1.9999999999999996,2.351707,2.3335228
2012-08-10,9,93,0.0,0.008508691,1.6321913
2012-01-19,39,9,1.0,4.3811107,2.4731102
2012-01-02,14,93,0.0,-0.015350185,1.6839087
2012-03-23,6,9,4.000000000000001,26.384987,2.215656
2012-04-14,1,93,10.000000000000002,3.7124467,2.1362844
2012-01-12,7,7,3.0,2.9807906,2.5055635
2012-02-28,30,44,154.00000000000003,115.90756,3.4013834
2012-05-28,5,32,5.9999999999999964,1.5626066,2.436138
2012-01-03,15,5,174.00000000000006,103.899,3.1532702
2012-08-13,22,78,0.0,0.0046160496,1.6565062
2012-02-17,11,61,0.0,-0.0046999343,1.6423502
2012-06-08,38,98,0.0,0.0064148167,1.6920404
2012-03-18,37,104,0.0,-0.015109744,1.7122496
2012-05-25,25,45,100.99999999999996,68.33721,2.847334
2012-06-12,37,104,0.0,-0.0038985966,1.6645718
2012-04-01,5,20,0.0,0.005397963,1.7325683
2012-05-26,16,25,185.00000000000009,113.995125,3.2346165
2012-07-02,45,22,0.0,0.008901668,1.7933844
2012-07-26,44,93,0.0,-0.011398967,1.613955
2012-08-19,37,104,0.0,-0.002480304,1.6872251
2012-07-30,16,16,26.999999999999996,33.94427,2.1599383
2012-06-08,31,45,89.0,85.75272,2.9758058
2012-05-27,44,93,1.9999999999999996,5.357682,2.3956714
2012-08-08,15,17,0.0,0.027155468,1.7712955
2012-05-08,44,68,35.0,39.384758,2.7333171
2012-04-14,38,86,0.0,0.0055144145,1.669845
2012-02-11,4,9,125.99999999999999,86.01622,2.959882
2012-02-17,27,68,65.99999999999997,55.077133,2.5476458
2012-01-08,10,93,0.0,-0.0042783106,1.7167017
2012-03-21,42,82,0.0,-0.036101174,1.7127059
2012-04-21,15,93,0.0,0.005122171,1.7928811
2012-08-11,33,44,262.99999999999994,253.97217,4.106855
2012-03-16,20,41,21.000000000000004,19.301025,1.7877935
2012-06-16,20,93,0.0,0.013099605,1.7492068
2012-08-03,34,9,33.99999999999998,66.98282,2.7968335
2012-01-29,16,39,0.0,0.1930806,1.8209532
2012-01-17,16,50,0.0,0.0035514077,1.6981504
2012-04-15,2,11,0.0,-0.05260318,1.7937306
2012-06-08,32,86,0.0,-0.017502211,1.735957
2012-07-02,26,45,40.999999999999986,67.24987,2.9616613
2012-01-28,22,104,0.0,-0.0073555987,1.699768
2012-04-08,19,39,0.0,-0.07431542,1.7476549
2012-03-02,6,9,24.000000000000007,52.853664,2.7056005
2012-03-25,20,74,0.0,0.011471415,1.7059466
2012-06-09,40,15,0.0,0.044567797,1.7119045
2012-01-09,4,96,0.0,-0.0034232752,1.7452197
2012-08-11,41,86,0.0,-0.009905392,1.7172543
2012-08-12,32,93,4.000000000000001,3.7410045,2.1512094
2012-07-05,1,47,0.0,0.041665968,1.9653577
2012-01-02,19,88,0.0,-0.0071519734,1.8085582
2012-01-15,39,111,0.0,0.0050096475,1.6394916
2012-02-18,33,93,0.0,0.007308309,1.7334068
2012-08-04,45,4,0.0,-0.020179179,1.7477871
2012-01-11,16,77,0.0,0.017083019,1.7628133
2012-06-24,12,37,26.0,19.175228,1.7237989
2012-07-30,22,104,0.0,-0.010390714,1.7801126
2012-08-13,45,34,0.0,-0.009657473,1.6220834
2012-05-25,1,40,0.0,-0.005114961,1.6604084
2012-07-25,35,49,0.0,-0.013567214,1.6041452
2012-03-10,4,96,0.0,-0.015153495,1.8419354
2012-05-31,43,37,14.0,12.210973,1.6256223
2012-01-27,17,9,100.00000000000003,135.88286,3.5894313
2012-01-06,19,93,5.0,3.6789887,2.1556582
2012-02-08,40,15,0.0,0.047786452,1.6360251
2012-06-12,16,50,0.0,0.02449083,1.7251352
2012-06-11,38,9,71.0,50.807716,2.4784267
2012-05-09,11,87,0.0,0.014760974,1.6374081
2012-01-07,24,6,61.00000000000001,63.424343,2.659009
2012-07-14,32,9,8.000000000000005,25.160866,2.4224393
2012-01-01,31,98,0.0,-0.01579593,1.7691492
2012-08-03,19,75,0.0,-0.016406078,1.7277093
2012-03-16,19,16,31.0,20.024796,1.9700413
2012-01-01,6,14,0.0,0.027644448,1.8657739
2012-06-12,31,45,71.99999999999999,68.18968,2.7815151
2012-07-13,21,109,0.0,-0.008541441,1.6538554
2012-06-14,25,9,87.99999999999999,59.13032,2.7680538
2012-01-27,11,86,0.0,-0.01234951,1.6238106
2012-01-06,30,44,238.99999999999997,185.98253,3.7325096
2012-08-05,9,105,0.0,-0.0019777426,1.7397201
2012-04-24,16,25,116.00000000000003,119.158325,3.3442683
2012-04-12,15,61,0.0,0.02326747,1.6993408
2012-07-31,35,49,0.0,-0.013159692,1.6128172
2012-03-30,45,34,0.0,0.047098827,1.583919
2012-03-06,11,110,0.0,-0.0027331614,1.7303935
2012-02-10,38,9,151.99999999999997,108.53151,3.1803312
2012-07-31,19,88,0.0,-0.018259833,1.6390347
2012-03-07,8,23,7.000000000000002,6.6831427,1.7133968
2012-05-18,6,14,0.0,-0.1294036,1.8031354
2012-05-08,15,17,1.0,1.9457979,2.5537822
2012-05-24,32,86,1.0,2.0337615,2.2760186
2012-07-07,38,86,0.0,-0.009675738,1.7024708
2012-07-29,32,45,72.99999999999997,59.119656,3.0185642
2012-07-04,11,87,1.9999999999999996,1.8597655,2.3114738
2012-01-19,15,5,132.99999999999997,124.11683,3.4651423
2012-07-29,29,41,45.0,27.606552,1.9082593
2012-01-23,34,52,1.0,2.1136823,2.3249633
2012-05-28,32,9,31.999999999999986,38.51787,2.4024768
2012-06-05,2,85,0.0,0.008900428,1.8406049
2012-02-27,1,93,0.0,-0.00014079218,1.6078863
2012-05-12,1,89,0.0,-0.0016966353,1.6405799
2012-01-27,9,42,0.0,-0.14286199,1.9467796
2012-01-31,16,16,33.00000000000001,34.36217,2.288195
2012-02-28,4,97,0.0,0.017766733,1.7465093
2012-05-02,2,5,123.00000000000003,74.01535,2.991205
2012-05-20,26,2,0.0,-0.03841466,1.7430525
2012-06-15,11,87,0.0,0.0030566696,1.6786466
2012-01-11,16,64,0.0,0.0045011784,1.8058581
2012-03-29,7,23,14.999999999999998,14.53262,1.4571455
2012-05-07,1,9,31.999999999999986,28.276218,2.3210876
2012-01-13,4,96,0.0,0.019504154,1.7025754
2012-08-08,29,45,77.0,71.09623,2.836504
2012-03-24,13,46,5.9999999999999964,2.9963257,2.4363303
2012-07-16,8,5,40.00000000000001,51.312077,2.8826513
2012-04-07,25,93,0.0,0.059396803,1.764858
2012-08-09,15,93,0.0,0.02066431,1.7295917
2012-03-14,12,79,0.0,0.0154293,1.6571355
2012-05-24,29,8,38.99999999999998,23.119724,2.0073833
2012-06-09,20,106,0.0,0.018246753,1.7650435
2012-04-19,21,44,63.99999999999998,82.98285,3.2428076
2012-02-03,19,75,0.0,-0.015931167,1.6635046
2012-02-27,8,23,12.0,9.929144,1.6662344
2012-07-19,30,49,0.0,-0.0032737588,1.7537161
2012-05-11,20,93,0.0,0.025216509,1.7189577
2012-03-03,13,46,0.0,-0.0713273,1.7980425
2012-05-18,24,76,0.0,0.007020331,1.6302241
2012-08-06,35,16,22.0,29.3213,2.170634
2012-03-15,16,85,0.0,0.005356565,1.7065315
2012-02-14,31,104,0.0,-0.0056251255,1.6219603
2012-05-21,34,84,0.0,-0.0076357396,1.6839647
2012-06-16,20,106,0.0,0.009766516,1.7871954
2012-01-04,20,74,3.0,2.827301,2.441839
2012-03-08,1,51,0.0,-0.0025363662,1.6347847
2012-07-08,44,94,1.9999999999999996,2.3034437,2.7532716
2012-07-22,25,81,11.0,11.3776455,1.9752533
2012-02-22,13,36,94.0,70.31006,2.917534
2012-08-19,45,34,0.0,-0.050112188,1.7096623
2012-06-10,15,15,0.0,0.0039539253,1.9056661
2012-05-26,31,104,0.0,-0.006602141,1.6703776
2012-01-04,36,30,1.0,2.7066078,2.5829241
2012-01-14,1,28,3.0,4.5948257,2.2272725
2012-07-30,41,108,0.0,-0.01162326,1.6556662
2012-02-28,31,9,58.999999999999986,51.0426,2.7243392
2012-01-03,40,106,0.0,-0.008010759,1.7032567
2012-03-30,12,93,7.000000000000002,3.9850783,2.1200237
2012-04-17,23,56,8.000000000000005,2.0584872,2.2208354
2012-08-08,20,41,20.0,22.409145,1.805684
2012-05-23,38,9,26.999999999999996,37.711937,2.4534163
2012-03-02,33,93,0.0,0.033262685,1.7140052
2012-03-06,15,49,0.0,0.027116926,1.8938435
2012-08-14,15,86,0.0,0.0049786014,1.7857751
2012-05-16,1,93,3.0,3.8035152,2.0660396
2012-01-26,17,48,149.0000000000001,162.07887,3.6995013
2012-02-14,3,45,58.000000000000014,50.76976,2.9180224
2012-08-16,14,33,0.0,-0.100842774,1.7401172
2012-01-07,37,53,1.9999999999999996,2.3815336,2.5004761
2012-01-13,28,45,47.99999999999999,58.259315,2.770913
2012-07-24,3,2,3.0,2.246503,2.2594645
2012-01-29,32,45,67.00000000000001,86.01294,3.0516655
2012-07-13,19,83,14.0,6.6820693,1.8801005
2012-04-05,15,17,0.0,0.09996321,1.8266646
2012-04-17,40,5,45.0,41.661163,2.7564137
2012-03-25,1,51,0.0,0.0009918922,1.6854092
2012-04-29,5,37,13.000000000000004,12.105383,1.6241634
2012-02-22,9,10,5.0,3.549199,2.1578436
2012-04-27,26,2,0.0,-0.10256136,1.7288455
2012-02-21,23,5,40.00000000000001,28.702885,2.6771832
2012-01-20,13,36,82.99999999999997,59.67728,2.7143712
2012-03-14,1,40,0.0,-0.046553504,1.6523087
2012-08-10,35,93,12.0,4.2955194,2.2628865
2012-04-11,16,77,1.9999999999999996,2.82768,2.6683414
2012-07-19,14,25,18.999999999999996,10.615078,2.1968987
2012-04-29,16,64,0.0,0.016086845,1.7603316
2012-03-10,2,11,1.9999999999999996,3.226336,2.3606992
2012-03-01,19,88,0.0,-0.026662914,1.7325279
2012-03-16,33,44,219.99999999999991,164.71896,3.7077715
2012-05-27,6,107,0.0,-0.0037389381,1.6622343
2012-06-10,39,9,0.0,-0.11846469,2.164849
2012-08-04,31,9,65.99999999999997,63.078815,2.7869718
2012-06-04,36,30,1.0,2.323013,2.3823085
2012-04-02,43,105,0.0,-0.0012970229,1.650667
2012-02-17,20,74,0.0,0.00045021632,1.672443
2012-04-25,24,43,47.99999999999999,44.165024,2.8694997
2012-08-13,20,18,0.0,0.027230032,1.7207611
2012-01-13,26,45,44.000000000000014,63.10785,2.9733362
2012-02-13,23,56,8.000000000000005,2.3908486,2.5106716
2012-07-21,25,9,56.999999999999986,57.607727,2.7467449
2012-06-30,45,4,0.0,-0.037470397,1.7293622
2012-01-29,9,45,97.99999999999999,71.55841,3.0731282
2012-01-05,9,45,75.0,51.09249,2.9621909
2012-06-26,39,36,14.0,12.774568,2.1935945
2012-02-07,33,93,0.0,0.022792583,1.6814284
2012-04-01,37,15,0.0,0.049745295,1.7189105
2012-07-22,30,49,0.0,0.010517087,1.7205086
2012-05-11,2,44,138.99999999999994,123.87919,3.4242446
2012-03-03,9,5,60.00000000000001,68.291336,2.8743212
2012-04-26,1,28,5.0,2.9591997,2.3045545
2012-06-20,40,106,0.0,-0.007157741,1.7105478
2012-01-26,25,93,0.0,0.055281993,1.7688267
2012-05-06,1,28,1.9999999999999996,3.8335438,2.2465892
2012-04-03,15,5,82.99999999999997,125.77065,3.3855913
2012-08-20,5,93,1.0,3.602211,2.1171846
2012-04-03,10,21,0.0,0.02425406,1.642214
2012-05-02,31,67,1.9999999999999996,9.325897,1.7456008
2012-08-24,6,9,65.99999999999997,36.70153,2.4001622
2012-05-01,13,46,1.0,1.4844538,2.6295543
2012-04-04,34,84,0.0,0.015292437,1.6363506
2012-05-29,37,105,0.0,-0.014493294,1.6444036
2012-05-30,29,45,89.0,62.840168,2.751442
2012-07-17,22,78,3.0,2.6610322,2.3337302
2012-02-20,13,104,0.0,-0.014835832,1.6994243
2012-06-21,39,103,0.0,-0.018757274,1.68986
2012-06-29,8,5,25.000000000000004,21.966866,2.8322697
2012-07-24,2,44,120.00000000000003,112.24857,3.4174628
2012-01-27,22,68,45.0,52.066784,2.5130248
2012-07-14,39,9,0.0,-0.25976807,2.0678327
2012-05-20,20,106,0.0,0.022371875,1.7959136
2012-04-23,24,43,63.000000000000036,48.463562,2.825791
2012-06-14,40,93,5.9999999999999964,3.4138887,2.1079772
2012-02-17,22,78,0.0,-0.0006150883,1.6515193
2012-07-15,36,1,1.9999999999999996,3.947492,2.7170541
2012-03-04,8,93,0.0,-0.005645736,1.6941667
2012-04-01,15,86,0.0,0.010971716,1.791081
2012-05-09,25,50,0.0,0.06662194,1.7125739
2012-04-29,22,78,5.9999999999999964,3.466035,2.4201655
2012-07-18,25,93,0.0,0.04985512,1.7135916
2012-02-08,23,5,35.99999999999998,35.641308,2.6534748
2012-03-15,37,105,0.0,-0.009320254,1.6335857
2012-05-12,37,15,0.0,0.04262467,1.6794839
2012-06-01,42,82,1.9999999999999996,2.7891636,2.7420115
2012-06-28,9,45,63.000000000000036,53.32521,2.8099878
2012-06-19,34,45,82.00000000000003,69.534546,2.9422767
2012-08-19,22,54,1.9999999999999996,2.2312636,2.424982
2012-04-26,34,84,0.0,0.009251375,1.6172243
2012-03-05,14,25,10.000000000000002,13.042202,2.2286916
2012-03-31,11,61,1.0,1.8367419,2.6428828
2012-02-19,1,9,42.99999999999999,37.02871,2.6236577
2012-04-17,14,33,0.0,0.037552204,1.5552838
2012-01-22,44,68,97.99999999999999,74.707886,2.812918
2012-01-08,32,9,47.99999999999999,64.0352,2.6536899
2012-04-13,23,29,0.0,-0.08922167,1.7088045
2012-01-25,38,98,0.0,-0.0003019774,1.661975
2012-05-08,9,5,33.00000000000001,45.548782,2.679529
2012-03-01,31,9,84.00000000000001,73.383606,2.996298
2012-04-18,11,86,0.0,-0.0050084693,1.6001415
2012-07-04,31,104,0.0,-0.028423933,1.6570901
2012-04-30,10,93,0.0,-0.008766941,1.5929091
2012-01-23,16,93,0.0,0.01882125,1.7507118
2012-04-27,26,45,52.00000000000001,49.968674,2.8547437
2012-07-14,1,40,0.0,-0.06765115,1.8248031
2012-02-20,4,96,0.0,-0.009901831,1.7519399
2012-02-20,26,5,96.0,58.91009,2.893831
2012-03-16,29,56,1.0,2.1586955,2.364153
2012-04-29,31,104,0.0,-0.0076387823,1.696345
2012-04-13,34,9,47.99999999999999,44.148994,2.3300517
2012-04-24,41,16,14.999999999999998,31.218155,2.295908
2012-02-23,17,71,0.0,-0.0020432733,1.906816
2012-06-02,7,93,5.0,4.49407,2.3303213
2012-01-30,41,16,44.000000000000014,27.382662,2.2239838
2012-07-23,25,93,1.9999999999999996,3.9261758,2.1835775
2012-03-03,24,97,0.0,0.03331111,1.7621503
2012-06-06,25,45,89.0,63.60403,2.831576
2012-05-13,45,4,0.0,0.012797018,1.6791873
2012-04-28,31,9,16.0,54.810852,2.704376
2012-03-15,3,93,0.0,0.014635996,1.6170636
2012-06-19,18,57,1.0,1.4991729,2.424136
2012-03-18,3,93,5.9999999999999964,3.6498377,2.242816
2012-05-24,1,99,0.0,0.027120974,1.6436678
2012-05-25,34,31,0.0,-0.040213615,1.6467268
2012-05-24,3,109,0.0,0.019364374,1.6085113
2012-05-20,38,45,118.99999999999997,106.45074,3.218311
2012-07-12,7,23,17.999999999999996,13.185147,1.4554726
2012-08-03,22,93,3.0,4.442028,2.2074363
2012-05-15,41,86,1.9999999999999996,1.9105997,2.2852452
2012-01-01,44,62,0.0,0.0006913978,1.707451
2012-01-02,28,5,69.00000000000003,51.679203,2.8496552
2012-08-07,26,5,86.0,46.538963,2.749122
2012-08-07,30,13,5.0,2.7545438,2.3436353
2012-06-30,35,16,14.0,18.70228,2.3232572
2012-06-12,36,1,5.0,3.585366,2.5919306
2012-01-11,31,45,37.99999999999999,72.09472,2.9182348
2012-07-18,28,5,40.00000000000001,38.194565,2.587296
2012-07-10,24,43,52.00000000000001,64.35537,2.867463
2012-04-09,6,14,1.9999999999999996,1.9039814,2.3511484
2012-06-03,32,9,33.00000000000001,36.83301,2.512424
2012-07-09,8,100,0.0,-0.0030894538,1.6706277
2012-03-20,40,45,44.000000000000014,78.108444,3.02816
2012-08-18,16,85,0.0,0.020186419,1.7505566
2012-06-20,10,21,1.0,1.6475868,2.4384072
2012-05-26,17,37,71.0,35.07736,2.241357
2012-01-28,5,93,0.0,-0.003260613,1.6348424
2012-04-03,9,5,38.99999999999998,52.390713,2.6460001
2012-03-24,36,30,1.0,2.2533104,2.478791
2012-06-03,12,37,31.999999999999986,31.505817,1.9789127
2012-04-30,33,85,1.0,2.0780554,2.6361456
2012-01-07,43,105,0.0,0.0035173816,1.7316172
2012-07-02,37,53,0.0,-0.025181422,1.6626999
2012-05-24,3,5,60.00000000000001,55.600937,2.770569
2012-08-07,16,39,0.0,0.010236412,1.7965945
2012-06-23,14,25,22.0,13.372427,2.123684
2012-02-04,27,93,0.0,0.0069309706,1.6862376
2012-01-13,10,93,1.9999999999999996,3.3455153,2.1444852
2012-05-03,24,6,17.999999999999996,31.214123,2.371886
2012-06-25,23,5,13.000000000000004,31.53601,2.641059
2012-08-04,15,45,118.99999999999997,105.99126,3.1269572
2012-07-14,21,44,103.99999999999997,94.12225,3.3467846
2012-01-11,43,37,16.999999999999996,14.588116,1.6098567
2012-03-02,15,45,104.99999999999997,77.08285,3.040843
2012-03-13,24,76,0.0,-0.0009129993,1.6409272
2012-02-28,3,109,0.0,-8.427218e-05,1.5963391
2012-02-21,31,67,13.000000000000004,9.063379,1.7592394
2012-03-07,9,45,60.00000000000001,54.85361,2.8846908
2012-02-16,21,5,24.000000000000007,38.50753,2.67256
2012-06-03,27,68,75.0,48.677338,2.6865742
2012-08-18,35,93,4.000000000000001,3.5586305,2.3383896
2012-02-05,5,16,37.99999999999999,32.1002,2.160595
2012-01-16,12,93,0.0,0.01213095,1.755971
2012-03-03,16,85,0.0,-0.013312131,1.8766418
2012-04-24,24,60,0.0,-0.02380517,1.65153
2012-03-16,31,9,22.0,39.609196,2.3898427
2012-04-09,29,45,72.99999999999997,79.82176,2.8969827
2012-01-15,6,14,0.0,0.022963667,1.7867041
2012-08-09,31,67,0.0,-0.0034890077,1.7014647
2012-01-17,17,9,166.99999999999997,157.46037,3.6993296
2012-05-06,40,5,92.00000000000003,60.783287,2.7125316
2012-07-18,2,11,0.0,0.004514153,1.6560409
2012-04-20,44,68,46.99999999999997,54.623154,2.595509
2012-08-23,32,9,52.00000000000001,32.524048,2.2804415
2012-02-20,6,9,40.00000000000001,30.794434,2.2898288
2012-05-26,26,2,0.0,-0.06842375,1.7383492
2012-01-27,8,84,0.0,-0.017468687,1.6306208
2012-04-02,37,104,0.0,0.0029313415,1.683899
2012-01-29,20,74,0.0,-0.0053339973,1.7849594
2012-02-10,40,93,0.0,0.0074619693,1.684661
2012-03-06,32,51,0.0,-0.028436499,1.7130116
2012-04-04,40,15,0.0,0.065324806,1.738897
2012-07-13,18,37,18.999999999999996,9.752431,1.7997874
2012-04-07,15,93,0.0,0.013211552,1.7981102
2012-06-18,24,43,51.00000000000003,60.559002,2.6916142
2012-05-22,38,98,0.0,0.0016366232,1.5989254
2012-01-06,15,49,0.0,0.01793959,1.7530057
2012-04-14,43,16,73.99999999999997,57.944862,2.5418515
2012-01-16,16,77,0.0,-0.019394292,1.805036
2012-01-12,5,37,16.0,11.04506,1.5681779
2012-08-18,31,45,121.99999999999994,97.615555,3.1536741
2012-06-02,39,111,0.0,0.00322034,1.8134377
2012-06-25,16,85,1.9999999999999996,1.8604157,2.3078156
2012-03-06,22,78,0.0,-0.009005699,1.7316685
2012-08-17,17,9,155.0,111.00981,3.2922962
2012-01-27,44,5,37.99999999999999,45.049416,2.671112
2012-07-15,2,93,0.0,-0.001454528,1.6846063
2012-01-09,18,5,35.0,19.739164,2.9174378
2012-05-29,18,37,12.0,9.659134,1.6978729
2012-05-30,5,37,4.000000000000001,9.392699,1.6173669
2012-01-31,9,42,10.000000000000002,9.381396,1.6759357
2012-05-20,44,105,0.0,-0.0037037297,1.6532574
2012-03-03,34,9,31.999999999999986,82.0195,3.0374699
2012-04-17,42,45,67.00000000000001,68.21753,2.922601
2012-02-19,6,107,0.0,-0.007779114,1.661039
2012-08-16,34,45,102.0,62.816486,2.932039
2012-02-22,16,39,0.0,-0.02397702,1.7309357
2012-01-15,28,2,0.0,0.011613176,1.7104784
2012-02-25,13,93,0.0,-0.0200568,1.7981583
2012-03-08,11,110,0.0,0.0042070826,1.6087536
2012-02-26,17,37,45.99999999999995,48.022316,2.5642672
2012-06-21,20,5,82.99999999999997,60.283752,2.8017807
2012-04-06,32,93,0.0,0.006558999,1.6395819
2012-01-21,20,106,0.0,-0.0022348561,1.7611269
2012-02-15,45,22,0.0,0.11880682,1.5800253
2012-01-23,45,50,0.0,-0.032652754,1.654538
2012-02-27,9,42,5.9999999999999964,10.586245,1.6935397
2012-05-22,13,93,3.0,3.42579,2.081901
2012-04-26,30,16,36.99999999999999,23.12548,2.1545897
2012-04-12,16,50,0.0,0.006068047,1.776075
2012-04-25,15,15,0.0,0.08590552,1.6344846
2012-06-08,28,35,0.0,-0.124685764,1.7554512
2012-07-28,10,21,0.0,0.0033274798,1.7107128
2012-04-07,1,47,0.0,0.037760742,2.3376245
2012-01-10,23,56,0.0,-0.026726788,1.7411857
2012-01-17,23,5,28.000000000000004,43.54342,2.8945935
2012-05-09,34,31,0.0,-0.041892845,1.6355246
2012-04-30,41,93,0.0,-0.0011956372,1.5913198
2012-08-14,12,79,1.9999999999999996,2.8524024,2.3480735
2012-07-23,31,98,0.0,-0.012349976,1.6507128
2012-06-08,39,111,0.0,0.0012815025,1.6786064
2012-02-06,2,85,0.0,-0.003805193,1.6900864
2012-08-18,34,93,1.0,5.354583,2.198247
2012-08-17,13,104,0.0,-0.01081885,1.735649
2012-04-12,23,45,25.000000000000004,41.091206,2.9111915
2012-06-15,14,33,1.0,1.1261668,2.5165956
2012-07-18,43,105,0.0,-0.0091609415,1.6234075
2012-04-30,7,7,1.9999999999999996,1.822989,2.5120718
2012-07-01,23,56,1.9999999999999996,2.2872562,2.6291456
2012-03-09,30,16,77.0,39.111996,2.2138014
2012-06-27,5,20,0.0,-0.06546253,1.6827644
2012-05-02,19,69,1.0,2.1951346,2.3232353
2012-05-18,22,104,0.0,0.019670008,1.7394491
2012-01-08,45,26,0.0,0.0074863145,1.7247266
2012-05-04,22,104,0.0,0.0066057416,1.7496763
2012-05-15,37,15,0.0,-0.013754956,1.6388721
2012-03-07,32,86,0.0,-0.002566082,1.6263838
2012-05-28,25,93,3.0,3.7017007,2.1693664
2012-01-08,23,5,35.99999999999998,50.1922,2.9048421
2012-01-29,34,9,73.99999999999997,39.78766,2.5074196
2012-03-28,37,15,0.0,-0.009107211,1.6603355
2012-07-10,1,40,0.0,-0.0060126144,1.6500773
2012-05-20,9,10,5.9999999999999964,2.3650007,2.4088166
2012-05-17,5,105,0.0,0.0060454803,1.6114609
2012-04-25,43,3,3.0,1.9805686,2.2004056
2012-03-21,33,93,11.0,3.905933,2.2221446
2012-02-26,25,93,3.0,3.7792983,2.3365068
2012-04-01,33,85,0.0,0.018192213,1.7348119
2012-08-08,19,93,12.0,3.7418878,2.0780845
2012-06-26,19,69,0.0,-0.031619716,1.6352036
2012-04-20,19,15,0.0,-0.06377282,1.6538507
2012-04-19,21,109,0.0,0.0026200628,1.6362121
2012-07-04,28,5,45.99999999999995,55.982117,2.7093604
2012-01-24,1,9,11.0,19.608402,2.4226894
2012-07-20,14,15,0.0,-0.031514104,1.6875634
2012-07-21,13,36,176.99999999999997,99.72003,3.1202347
2012-07-25,35,93,0.0,-0.007595276,1.603367
2012-03-31,22,78,3.0,3.0202758,2.6359425
2012-04-15,7,7,1.0,2.4890745,2.5152802
2012-02-09,41,68,64.99999999999997,44.754257,2.610344
2012-08-10,25,84,1.0,2.1671493,2.7644117
2012-03-24,8,23,11.0,10.241853,1.5894014
2012-08-08,36,44,100.99999999999996,91.404434,3.2771423
2012-01-07,37,15,0.0,0.06038013,1.7226739
2012-04-12,16,39,0.0,-0.027968867,1.9342936
2012-08-19,12,79,1.0,2.6767178,2.6241367
2012-03-31,42,82,0.0,-0.061209824,1.6940912
2012-04-17,33,9,157.0,95.17186,3.3506904
2012-02-16,5,105,0.0,0.0026208332,1.6045979
2012-02-04,36,44,141.99999999999994,127.14321,3.622245
2012-04-18,32,93,0.0,-0.008251146,1.6076595
2012-04-07,19,39,0.0,-0.060402524,1.7320346
2012-06-02,18,37,10.000000000000002,15.402693,2.1097035
2012-04-15,29,41,26.999999999999996,28.809067,1.9255434
2012-08-16,7,7,1.0,2.6771433,2.3665042
2012-01-25,7,7,1.0,3.0955348,2.644946
2012-08-23,37,45,44.000000000000014,53.95025,2.7812355
2012-07-16,15,17,0.0,-0.04438697,1.8268576
2012-05-15,38,9,56.999999999999986,25.987839,2.5220873
2012-02-27,43,73,1.0,1.7483602,2.332292
2012-01-16,28,35,1.9999999999999996,2.3374841,2.285222
2012-03-14,7,93,0.0,-0.006230469,1.6701589
2012-03-03,45,4,0.0,0.024701534,1.7490363
2012-07-19,14,70,0.0,-0.021663945,1.6650442
2012-07-19,13,36,93.0,77.176956,2.8999875
2012-07-21,31,93,1.9999999999999996,3.435746,2.345296
2012-05-03,1,51,0.0,0.02592655,1.6212922
2012-04-10,1,51,0.0,0.01345987,1.6125959
2012-01-06,41,16,55.00000000000002,47.72971,2.3345306
2012-03-11,18,37,10.000000000000002,7.2076297,2.0846636
2012-01-05,44,62,3.0,2.4181447,2.2949946
2012-01-17,43,93,0.0,0.00034820702,1.5939385
2012-06-25,14,15,0.0,-0.09481814,1.7106858
2012-03-28,11,110,0.0,-0.005606069,1.6283146
2012-05-08,6,9,60.00000000000001,39.151894,2.3846583
2012-03-15,9,42,7.000000000000002,8.539388,1.7355325
2012-08-23,33,85,1.0,1.8181832,2.442589
2012-03-02,22,78,0.0,0.0031985333,1.6932505
2012-03-14,27,80,0.0,-0.027250085,1.7041377
2012-06-10,8,59,0.0,0.041147567,1.7492794
2012-06-14,11,87,0.0,0.0013353921,1.7170805
2012-06-23,4,101,0.0,0.007590238,1.7239015
2012-03-26,36,30,1.9999999999999996,1.9844105,2.5635555
2012-03-05,37,104,0.0,-0.037402146,1.7330157
2012-04-08,16,50,0.0,0.02893971,1.8341185
2012-01-12,15,93,4.000000000000001,3.8157535,2.218663
2012-03-17,9,5,68.00000000000001,59.57567,2.8702352
2012-02-23,19,93,0.0,-0.014392853,1.6413938
2012-06-30,21,5,26.999999999999996,33.768368,2.6584811
2012-05-11,4,96,0.0,0.011749943,1.7709333
2012-04-16,43,37,17.999999999999996,12.667278,1.5824428
2012-08-12,11,68,91.00000000000001,47.943134,2.5168076
2012-05-09,2,44,80.00000000000003,91.114044,3.1023622
2012-08-14,3,5,30.0,70.883095,2.838487
2012-07-20,34,9,30.0,31.92463,2.4011357
2012-02-18,6,107,0.0,0.011243139,1.7469808
2012-08-19,38,45,126.99999999999997,113.57155,3.2645624
2012-02-16,32,86,0.0,0.0107167605,1.6863687
2012-07-13,44,68,76.00000000000003,52.079792,2.6099162
2012-08-17,28,5,45.99999999999995,31.724596,2.6186056
2012-03-25,6,14,0.0,-0.017458003,1.7204548
2012-06-02,24,97,0.0,0.009067996,1.7077111
2012-07-16,15,45,71.0,74.41136,2.8615713
2012-08-16,7,93,1.0,3.0395303,2.1590893
2012-03-02,41,68,92.00000000000003,56.19753,2.6464
2012-08-04,36,30,1.9999999999999996,1.6712244,2.5254974
2012-07-04,14,9,3.0,17.336744,2.3205366
2012-02-22,8,93,1.0,2.8163917,2.1551588
2012-03-30,40,93,0.0,-0.0004826417,1.6048958
2012-06-10,32,45,36.99999999999999,58.480812,3.0452423
2012-07-24,16,50,0.0,0.005033313,1.7207721
2012-07-27,35,49,0.0,-0.013849339,1.6391326
2012-03-09,43,73,0.0,-0.009938642,1.6552241
2012-03-07,1,40,0.0,-0.065199174,1.705833
2012-04-26,10,21,1.0,1.540169,2.4660954
2012-06-26,34,52,1.0,1.8578056,2.3531427
2012-06-16,13,36,127.99999999999997,100.02605,3.0867543
2012-06-22,31,104,0.0,0.0023702665,1.6253731
2012-05-07,12,79,0.0,0.0023677833,1.6782491
2012-08-02,43,105,0.0,-0.0070961127,1.6816516
2012-05-20,43,93,0.0,0.0017303553,1.6259412
2012-04-30,30,51,0.0,-0.018122373,1.7107626
2012-05-17,34,84,0.0,0.009492063,1.6315453
2012-01-16,4,96,0.0,0.00026260817,1.686761
2012-03-23,22,78,1.0,3.6215317,2.4096625
2012-07-09,2,93,0.0,0.0031156142,1.6535784
2012-04-26,11,110,0.0,-0.0017025054,1.5872765
2012-02-08,30,16,63.000000000000036,51.134773,2.603841
2012-04-03,45,34,0.0,-0.010768166,1.6165445
2012-05-27,27,93,14.0,6.6571894,2.2705395
2012-05-27,38,93,0.0,-0.0072483025,1.6596043
2012-04-18,1,40,0.0,-0.046429615,1.6520202
2012-07-14,15,93,0.0,0.0013732933,1.7975354
2012-03-21,27,80,0.0,-0.028055891,1.6476375
2012-01-16,41,61,7.000000000000002,1.9995838,2.3295126
2012-02-29,41,16,28.000000000000004,23.155386,2.1841216
2012-02-14,39,36,7.000000000000002,11.60978,2.188876
2012-05-31,45,50,0.0,-0.01986353,1.613035
2012-02-22,29,45,76.00000000000003,63.34216,2.8898957
2012-05-04,41,16,22.0,34.502106,2.3302212
2012-01-15,37,15,0.0,0.029517666,1.6790452
2012-01-29,25,84,0.0,0.048247937,1.7491733
2012-04-19,11,9,41.99999999999996,28.550806,2.1937187
2012-02-03,30,65,1.9999999999999996,2.175814,2.3751335
2012-08-14,45,50,0.0,-0.0045481473,1.6087933
2012-04-06,20,106,0.0,0.02381102,1.7337664
2012-06-11,20,93,0.0,0.027891262,1.8283179
2012-02-06,38,98,0.0,0.003511425,1.6553118
2012-04-26,24,76,0.0,-0.0007181863,1.6367643
2012-04-18,31,45,70.00000000000007,56.428566,2.8055558
2012-04-30,13,46,1.0,1.1311084,2.6448665
2012-06-13,17,37,51.00000000000003,48.70334,2.4507449
2012-03-02,9,5,46.99999999999997,61.755005,2.7570758
2012-02-20,32,45,53.00000000000001,61.69369,2.7733495
2012-03-06,15,45,136.00000000000003,104.99446,3.2492726
2012-07-10,45,22,0.0,0.09948116,1.570931
2012-08-10,15,61,0.0,0.0023932173,1.7978303
2012-07-09,38,86,0.0,0.0075562717,1.6824173
2012-02-28,44,5,28.000000000000004,21.261698,2.591588
2012-07-04,37,45,65.99999999999997,69.83131,2.8499396
2012-07-25,10,21,0.0,0.001878938,1.6167116
2012-05-29,5,20,0.0,-0.07318948,1.6874526
2012-04-22,20,74,9.000000000000002,2.5233018,2.393571
2012-02-22,41,108,0.0,-0.017403863,1.6821818
2012-02-14,9,105,0.0,-0.0060745287,1.6587331
2012-03-23,11,61,0.0,0.02342827,1.674702
2012-01-21,14,15,0.0,-0.084374376,1.7829328
2012-06-02,15,61,4.000000000000001,2.4751658,2.5325503
2012-03-21,19,93,0.0,-0.017218886,1.6131008
2012-07-12,18,5,22.0,16.812365,2.836339
2012-07-31,19,83,10.000000000000002,5.200241,1.9894319
2012-07-05,17,48,169.00000000000006,134.84892,3.4488366
2012-03-18,39,111,0.0,-0.005795994,1.6653284
2012-04-02,12,86,0.0,0.010161864,1.6940018
2012-07-02,40,15,0.0,0.066902,1.6505629
2012-05-02,11,68,48.99999999999999,45.837715,2.4736152
2012-03-29,44,93,0.0,-0.0025795696,1.608507
2012-02-21,40,15,0.0,0.03613789,1.7218152
2012-07-16,17,37,75.0,51.069717,2.5372887
2012-01-28,44,68,87.00000000000003,64.229805,2.8048627
2012-03-30,13,104,0.0,0.0051809964,1.6585152
2012-05-06,22,78,7.000000000000002,3.8181934,2.5447493
2012-03-15,41,68,70.00000000000007,53.52112,2.600784
2012-07-10,43,73,0.0,-0.024241706,1.6506126
2012-08-08,18,5,28.000000000000004,17.344437,2.8609936
2012-06-19,20,18,1.0,1.6836903,2.5362313
2012-07-07,11,87,1.0,1.7263937,2.4009404
2012-05-07,24,76,0.0,0.0085175345,1.65398
2012-05-11,19,93,3.0,4.2831426,2.170046
2012-07-05,42,82,1.0,1.9168115,2.3583379
2012-03-25,1,99,0.0,0.005422639,1.64853
2012-06-20,35,63,0.0,-0.014896102,1.630337
2012-05-09,21,109,0.0,-0.00091533846,1.6276605
2012-02-29,28,45,31.999999999999986,48.63927,2.9433668
2012-06-21,13,46,1.0,3.4123049,2.344601
2012-06-29,3,109,0.0,0.0008274781,1.6734929
2012-02-23,22,78,0.0,0.041563746,1.6667436
2012-04-09,40,45,42.99999999999999,67.29535,2.809871
2012-03-04,26,5,58.000000000000014,64.89165,2.8017156
2012-05-24,25,93,0.0,0.065556586,1.7852541
2012-01-17,5,37,16.999999999999996,10.754146,1.6009309
2012-05-16,3,109,0.0,0.0017365746,1.6150177
2012-06-04,14,70,0.0,-0.009796812,1.6736405
2012-04-09,45,9,28.000000000000004,19.256323,2.6423342
2012-04-22,2,5,112.00000000000003,79.15916,3.0428452
2012-03-31,5,105,0.0,0.011453147,1.7294859
2012-06-30,32,58,5.0,2.3661895,2.2972984
2012-03-04,15,15,0.0,0.06354082,1.6767328
2012-04-07,29,56,1.9999999999999996,2.0980084,2.5972025
2012-05-26,40,5,26.0,41.204678,2.7330537
2012-01-25,11,87,0.0,-0.00027615041,1.5996103
2012-03-07,2,85,1.0,1.8064817,2.4561281
2012-05-09,10,86,0.0,-0.009599872,1.63772
2012-06-21,38,93,0.0,-0.00870227,1.6519177
2012-02-04,40,55,1.9999999999999996,3.2281568,2.5236313
2012-05-15,5,32,0.0,0.024737338,1.5728945
2012-05-21,11,87,0.0,-0.012563878,1.6213671
2012-01-15,38,86,0.0,-0.0037276181,1.6682842
2012-03-13,37,104,0.0,-0.00994202,1.6290706
2012-06-14,4,27,5.9999999999999964,5.6521893,2.0072985
2012-05-16,4,27,8.000000000000005,3.814856,2.0567565
2012-05-08,29,8,26.0,35.618603,2.06977
2012-07-29,18,57,1.0,1.5355425,2.4514875
2012-04-22,15,5,173.0,105.25406,3.2487917
2012-02-06,14,88,1.0,1.8027749,2.379577
2012-04-02,7,7,1.9999999999999996,1.6589494,2.682944
2012-05-08,17,9,109.00000000000004,102.64891,3.2705016
2012-01-22,20,74,0.0,-0.00036184638,1.752964
2012-07-04,34,9,30.0,45.80514,2.4198217
2012-07-18,31,93,5.9999999999999964,3.1228874,2.1373565
2012-06-10,9,10,1.0,3.603272,2.1033406
2012-08-10,37,105,0.0,-0.0025755875,1.6527363
2012-07-15,45,9,5.9999999999999964,9.043317,2.6025057
2012-03-12,45,9,24.000000000000007,13.400539,2.4313235
2012-05-08,40,106,0.0,-0.0006297309,1.643101
2012-05-08,5,16,23.000000000000004,20.517525,2.1782782
2012-07-06,25,45,86.0,69.10487,2.7753155
2012-03-21,16,77,0.0,0.014337722,1.7140766
2012-01-03,13,46,10.000000000000002,2.8609123,2.3996608
2012-07-09,8,93,10.000000000000002,3.6271784,2.1469777
2012-03-01,7,23,17.999999999999996,17.61972,1.7726562
2012-04-01,43,105,0.0,-0.0055075665,1.7171814
2012-01-25,41,93,0.0,-0.005690815,1.6116256
2012-06-19,31,93,3.0,4.4620414,2.399895
2012-01-06,27,21,0.0,-0.070821784,1.7558568
2012-01-04,25,45,121.00000000000003,86.23978,3.000861
2012-04-27,24,60,1.9999999999999996,1.5445561,2.3186517
2012-01-07,3,45,124.00000000000004,101.52165,3.0893142
2012-06-05,40,55,0.0,-0.002072418,1.6487627
2012-04-08,45,9,40.00000000000001,17.04763,2.4630558
2012-01-24,2,85,1.0,1.9213593,2.4421852
2012-05-28,37,38,0.0,0.034353584,1.6484592
2012-03-13,24,60,0.0,-0.027416684,1.6350782
2012-06-15,24,76,0.0,-0.01811819,1.6995099
2012-04-06,44,62,0.0,0.005616471,1.6302544
2012-03-26,1,47,0.0,0.024930043,1.9408563
2012-07-17,43,105,0.0,-0.01114827,1.6130114
2012-03-01,30,44,170.00000000000006,155.21768,3.6995187
2012-03-22,16,77,1.9999999999999996,2.7334113,2.3642452
2012-08-04,34,93,0.0,0.007763833,1.7132949
2012-04-01,28,2,0.0,-0.026341446,1.9054664
2012-08-11,22,78,0.0,0.0017954655,1.6952276
2012-04-21,24,76,0.0,0.00402031,1.6357485
2012-04-16,41,61,0.0,-0.024310058,1.6236185
2012-04-21,41,68,45.0,54.873642,2.6786385
2012-01-24,29,56,7.000000000000002,2.0033283,2.3154786
2012-02-28,44,62,1.9999999999999996,1.631753,2.3610127
2012-04-20,19,16,16.0,15.103364,2.097889
2012-06-20,27,93,14.999999999999998,5.2323465,2.0678399
2012-05-02,25,81,12.0,9.9397,1.9866601
2012-02-08,2,85,0.0,0.00049004913,1.6878893
2012-01-20,5,37,14.0,10.659119,1.556453
2012-05-15,6,14,0.0,-0.086680375,1.7218063
2012-02-10,45,50,0.0,-0.008635399,1.6702979
2012-06-24,15,17,1.0,5.8535204,2.8724418
2012-04-05,14,15,0.0,-0.025769666,1.6762853
2012-05-17,18,37,7.000000000000002,5.1029625,1.9925165
2012-01-10,37,53,0.0,-0.005803801,1.6737704
2012-06-06,39,111,0.0,-0.018602937,1.8023982
2012-05-15,19,39,0.0,-0.0048326175,1.6979063
2012-07-04,32,86,4.000000000000001,1.9631575,2.3090234
2012-06-08,11,110,0.0,0.01782245,1.6989903
2012-01-28,32,19,1.0,1.9721589,2.525201
2012-03-17,6,107,0.0,0.00053787837,1.6406142
2012-05-25,18,5,5.9999999999999964,11.452117,2.719889
2012-05-18,5,105,0.0,0.0054180548,1.6093317
2012-03-30,32,9,29.000000000000004,34.933964,2.2651756
2012-01-14,28,5,33.99999999999998,62.36638,2.8521802
2012-01-22,4,93,0.0,-0.0106611205,1.7925999
2012-06-11,18,5,21.000000000000004,21.945316,2.8718197
2012-06-23,6,9,5.0,13.002645,2.5157955
2012-06-01,10,5,16.999999999999996,43.881714,2.8093565
2012-06-29,16,50,0.0,-0.008270821,1.7444233
2012-07-06,13,36,117.00000000000004,99.54532,3.085576
2012-07-28,36,44,105.99999999999996,101.063156,3.2220492
2012-07-10,1,28,1.9999999999999996,3.160302,2.1545708
2012-04-16,1,40,0.0,-0.03089289,1.6291796
2012-06-06,20,41,21.000000000000004,25.101173,1.8315126
2012-06-05,17,71,1.0,1.7137818,2.6019344
2012-08-14,19,93,3.0,3.5407548,2.086797
2012-08-14,31,45,80.00000000000003,63.792744,2.7188244
2012-02-06,10,93,0.0,0.001713768,1.6186894
2012-04-09,38,93,1.9999999999999996,3.4493506,2.0456238
2012-02-16,36,44,70.00000000000007,88.05053,3.2133281
2012-04-11,4,101,0.0,-0.014270293,1.7470195
2012-05-03,40,15,0.0,0.030487476,1.6307007
2012-04-01,45,34,0.0,-0.10930244,1.7652901
2012-05-08,30,16,77.0,34.215893,2.3132243
2012-01-02,42,45,89.0,94.93169,3.0655644
2012-01-25,22,93,1.9999999999999996,4.2713237,2.1839452
2012-04-24,18,72,0.0,-0.018973801,1.6319276
2012-05-15,27,80,1.0,2.1088643,2.2192008
2012-01-07,19,93,0.0,-0.01617689,1.7834188
2012-05-07,1,89,0.0,1.5567324e-05,1.6546001
2012-05-05,31,93,1.9999999999999996,4.1852393,2.325669
2012-06-20,20,41,24.000000000000007,22.487606,1.8902681
2012-02-03,18,57,0.0,-0.011417931,1.6480162
2012-08-23,5,20,1.9999999999999996,1.0546013,2.6036673
2012-06-06,28,2,5.0,3.5956936,2.2717497
2012-05-11,25,93,10.000000000000002,4.70348,2.1583428
2012-04-11,37,104,0.0,-0.006804378,1.6297779
2012-06-28,15,17,0.0,-0.06015864,1.8124925
2012-06-28,31,67,0.0,-0.016634624,1.6562029
2012-03-07,9,10,5.0,1.5815306,2.161298
2012-03-18,2,5,94.0,77.76787,3.06034
2012-01-08,29,56,5.0,2.7364836,2.48427
2012-08-15,16,16,20.0,25.790596,2.2524486
2012-07-20,23,56,0.0,-0.015640344,1.6238017
2012-05-16,8,23,4.000000000000001,12.252824,1.771637
2012-05-09,24,76,0.0,0.010878576,1.6278647
2012-03-31,14,25,16.0,12.204272,2.4376547
2012-07-29,31,93,4.000000000000001,3.3544018,2.2632437
2012-02-22,8,5,12.0,26.295872,2.600795
2012-08-07,7,93,0.0,-0.01248516,1.6628472
2012-08-17,45,9,5.0,13.689323,2.3317425
2012-06-11,11,86,0.0,-0.019711716,1.6781129
2012-03-05,19,69,1.9999999999999996,2.3628294,2.3407128
2012-07-21,43,16,55.00000000000002,29.992496,2.46286
2012-02-06,25,81,17.999999999999996,10.543117,1.8146605
2012-03-15,33,85,0.0,0.014912969,1.6942512
2012-08-09,37,38,0.0,0.064317994,1.5656031
2012-08-01,12,79,1.9999999999999996,2.5882497,2.5652828
2012-06-23,28,5,14.0,28.658714,2.7231085
2012-04-04,5,20,4.000000000000001,2.017507,2.4241164
2012-01-14,4,27,20.0,8.383225,2.1131184
2012-01-06,7,93,0.0,-0.0039422596,1.7114339
2012-07-08,25,12,1.0,2.416115,2.4347913
2012-06-29,36,44,104.99999999999997,97.66936,3.371074
2012-05-19,20,93,5.0,6.1427507,2.2105217
2012-07-03,27,21,0.0,-0.017799234,1.735918
2012-02-04,6,9,40.00000000000001,68.08988,2.9422812
2012-02-28,8,93,0.0,-0.0039541093,1.6187731
2012-05-05,41,86,0.0,-0.010754559,1.6475364
2012-02-27,20,5,72.99999999999997,71.50563,3.0496309
2012-07-31,41,86,0.0,-0.018363388,1.6411989
2012-03-30,5,20,0.0,-0.032110352,1.6141245
2012-06-27,25,84,0.0,0.03908099,1.701059
2012-04-18,25,81,4.000000000000001,8.138476,2.0319223
2012-07-24,35,16,13.000000000000004,15.570865,2.1756346
2012-05-28,29,8,14.0,14.282212,2.1517997
2012-02-05,38,52,0.0,0.010536688,1.8208076
2012-02-09,7,7,0.0,-0.034089115,1.7745965
2012-06-11,3,102,0.0,0.014666388,1.738742
2012-01-27,38,52,0.0,-0.025573567,1.6391194
2012-04-12,33,93,0.0,0.022158654,1.699043
2012-01-20,12,16,35.99999999999998,31.863497,2.1033258
2012-07-17,40,15,0.0,-0.020236911,1.6519641
2012-06-09,23,45,35.0,49.47236,3.1252658
2012-05-26,24,43,52.00000000000001,58.917576,2.898997
2012-08-05,10,93,1.0,5.528995,2.4136608
2012-06-24,40,15,0.0,0.015315236,1.6876004
2012-03-16,10,5,84.00000000000001,44.99774,2.6853464
2012-02-11,19,16,22.0,22.266895,2.3142467
2012-06-19,1,28,5.0,2.5964768,2.347209
2012-03-08,32,19,0.0,-0.08019073,1.732011
2012-02-22,4,93,0.0,-0.025604399,1.7201456
2012-04-27,15,61,0.0,-0.011343788,1.7826822
2012-01-28,30,49,0.0,-0.009118972,1.8373251
2012-03-07,13,104,0.0,-0.010159397,1.6871364
2012-04-06,25,45,114.99999999999999,69.62646,2.8092208
2012-06-19,13,36,92.00000000000003,76.59558,2.8946517
2012-06-24,35,63,1.0,1.9872948,2.5347564
2012-01-19,32,51,0.0,-0.013617852,1.6280129
2012-03-30,13,36,102.99999999999999,67.47727,2.7793624
2012-02-21,9,105,0.0,-0.001979092,1.6038038
2012-03-21,14,70,0.0,-0.029024374,1.6689224
2012-03-13,40,15,0.0,-0.014696817,1.625087
2012-04-07,34,93,12.0,4.4161983,2.4170868
2012-06-18,4,97,0.0,0.0127596725,1.6967309
2012-05-24,41,68,35.99999999999998,49.445072,2.553349
2012-07-23,9,10,4.000000000000001,2.6336427,2.107789
2012-04-27,3,2,5.0,1.9584255,2.4306476
2012-03-20,4,97,0.0,0.0024365569,1.6736519
2012-08-12,16,93,0.0,0.023952793,1.8040129
2012-04-30,22,78,1.9999999999999996,3.5364556,2.3093262
2012-08-16,35,66,9.000000000000002,9.2129965,1.6786159
2012-03-15,28,45,46.99999999999997,43.905975,2.8548288
2012-07-23,20,93,0.0,0.0025197833,1.7714974
2012-01-28,39,111,0.0,-0.005208341,1.643288
2012-01-20,29,45,94.99999999999999,71.66255,2.9098356
2012-08-04,39,36,16.0,15.100707,2.2890594
2012-03-16,13,36,99.00000000000004,77.27043,2.8753138
2012-07-25,9,45,78.0,51.863876,2.9394882
2012-08-22,16,85,0.0,-0.00340457,1.7066238
2012-03-06,8,59,1.0,1.525238,2.4432046
2012-06-06,37,38,0.0,0.046170335,1.5978668
2012-04-15,1,9,26.999999999999996,20.193424,2.4528658
2012-07-03,11,61,1.9999999999999996,1.8081821,2.3236358
2012-08-18,12,16,40.00000000000001,35.633614,2.1797533
2012-01-19,8,23,7.000000000000002,9.365503,1.6635294
2012-02-11,25,93,0.0,0.058007218,1.7751892
2012-03-29,19,88,1.0,1.7201966,2.3221843
2012-07-05,9,105,0.0,-0.004623551,1.6377065
2012-02-03,43,105,0.0,0.005936567,1.6779546
2012-01-05,36,1,0.0,0.024957567,1.6657784
2012-05-16,34,84,0.0,0.0067478456,1.6038835
2012-05-30,13,5,64.99999999999997,60.740143,2.994486
2012-02-25,11,61,3.0,1.8995036,2.6668043
2012-05-12,8,59,1.9999999999999996,1.9366751,2.438393
2012-02-24,17,71,0.0,-0.019778294,1.9230212
2012-02-20,18,5,28.000000000000004,17.676956,2.941947
2012-01-23,45,4,0.0,0.033778153,1.6496106
2012-07-24,31,67,0.0,0.0010357088,1.6475507
2012-07-29,21,5,60.00000000000001,41.019375,2.799238
2012-08-16,27,93,0.0,0.00728468,1.6011494
2012-02-29,5,20,1.9999999999999996,1.072735,2.4650478
2012-01-13,40,15,0.0,0.041716225,1.61469
2012-07-16,35,24,0.0,0.20915842,1.8464367
2012-04-23,25,84,0.0,0.047338348,1.7139738
2012-08-15,2,11,0.0,-0.048431564,1.7297373
2012-03-17,25,81,14.0,14.319591,1.9395429
2012-03-22,30,16,26.0,23.05293,2.066095
2012-03-23,15,17,0.0,-0.103749976,1.8452908
2012-04-06,44,105,0.0,0.0037523487,1.6384525
2012-01-06,39,103,0.0,0.0020915011,1.6446297
2012-05-11,44,93,10.000000000000002,3.604574,2.0630808
2012-05-18,21,109,0.0,0.00032683846,1.6515774
2012-05-21,30,13,0.0,0.010274194,1.6910456
2012-02-25,8,59,0.0,-0.0137262745,1.6649925
2012-08-01,16,93,0.0,0.020974081,1.743268
2012-02-14,19,83,4.000000000000001,5.7265053,1.889811
2012-05-30,30,65,0.0,0.0143247,1.6439577
2012-04-11,14,88,0.0,-0.018812804,1.6468676
2012-06-06,45,9,10.000000000000002,9.528192,2.4536417
2012-04-26,2,11,0.0,-0.048402905,1.7521117
2012-06-23,19,83,13.000000000000004,9.0840025,2.157933
2012-04-17,1,99,0.0,0.00011256514,1.6178489
2012-04-07,45,9,23.000000000000004,22.261349,2.7360458
2012-06-18,31,104,0.0,0.022936137,1.6976492
2012-08-21,16,85,0.0,-0.0026593585,1.6927668
2012-04-04,19,69,0.0,-0.017710237,1.6508654
2012-05-14,28,35,1.0,3.200923,2.4066052
2012-05-02,45,34,0.0,-0.038481615,1.6613624
2012-08-06,22,68,31.0,38.387962,2.5860686
2012-03-20,27,68,55.00000000000002,38.1565,2.527788
2012-01-31,37,38,0.0,0.035880294,1.6495675
2012-03-24,15,5,143.0,72.9672,2.9099286
2012-07-19,29,56,3.0,1.9268736,2.4191587
2012-08-09,13,36,89.0,83.71942,3.0367358
2012-06-08,24,76,0.0,-0.012576529,1.6508741
2012-02-28,10,86,0.0,-0.0006443091,1.6034038
2012-08-02,40,15,0.0,0.036385503,1.7381979
2012-02-25,31,45,80.00000000000003,85.96279,3.0874412
2012-07-26,41,61,1.0,1.7192314,2.2740202
2012-03-09,41,93,0.0,0.006902201,1.6414846
2012-03-27,40,51,0.0,-0.014344173,1.6130233
2012-05-25,1,51,0.0,0.0047195735,1.6486778
2012-08-23,39,36,11.0,10.670245,2.1944923
2012-01-16,20,41,26.0,20.417957,1.6800901
2012-04-09,20,106,0.0,0.00014655944,1.7672957
2012-07-11,3,102,0.0,-0.009513155,1.6791896
2012-07-14,44,105,0.0,-0.010371929,1.7149122
2012-04-20,33,92,0.0,0.011844798,1.6716504
2012-06-03,12,79,0.0,0.02321803,1.8392248
2012-07-18,1,93,5.9999999999999964,3.960447,2.0893085
2012-05-20,16,25,208.0,120.37575,3.2428012
2012-02-02,16,64,0.0,0.0070078555,1.7936802
2012-02-19,38,52,0.0,-0.004284685,1.7187647
2012-03-09,13,36,97.00000000000003,70.56735,2.7723968
2012-04-02,32,19,1.0,2.467516,2.390421
2012-06-03,35,93,1.0,3.7209697,2.2180448
2012-08-01,8,100,0.0,-0.005304277,1.7293329
2012-05-19,37,5,97.00000000000003,47.8041,2.5695603
2012-06-03,7,7,4.000000000000001,3.9742122,2.6833794
2012-06-25,32,86,0.0,-0.024219269,1.6440061
2012-05-03,28,2,3.0,2.028516,2.3163173
2012-07-14,36,1,0.0,0.055194493,1.7044657
2012-03-18,33,9,168.0,126.09926,3.4989552
2012-02-19,12,93,1.9999999999999996,3.273216,2.495531
2012-08-18,1,99,1.0,2.2033582,2.4248261
2012-06-21,25,12,0.0,-0.0068191392,1.7506213
2012-02-18,3,102,0.0,-0.0030853048,1.6602495
2012-05-18,34,9,26.0,24.017525,2.456846
2012-06-04,22,93,17.999999999999996,6.9389415,2.4165797
2012-01-01,8,23,4.000000000000001,16.032314,1.6801432
2012-06-02,34,31,1.9999999999999996,2.5859072,2.384601
2012-05-24,43,3,1.0,2.0902255,2.201284
2012-03-23,12,16,26.999999999999996,34.821404,2.2131526
2012-01-29,22,68,55.00000000000002,64.73436,2.7589886
2012-08-04,12,16,51.00000000000003,33.767597,2.269256
2012-05-10,40,93,7.000000000000002,3.172834,2.186311
2012-04-05,42,82,1.9999999999999996,2.1904516,2.3474474
2012-02-22,7,7,5.0,2.428476,2.4471638
2012-02-13,39,111,0.0,-0.00054953207,1.6156327
2012-08-09,13,104,0.0,0.004467564,1.7088071
2012-06-29,15,17,1.9999999999999996,1.6560105,2.644517
2012-02-15,42,5,30.0,45.626667,2.6247208
2012-04-14,37,38,0.0,-0.036328416,1.7570188
2012-08-16,41,93,1.0,3.6705036,2.1182582
2012-02-12,40,106,0.0,-0.009176397,1.7513101
2012-04-20,8,5,31.0,34.635593,2.499176
2012-02-11,41,61,0.0,-0.010453898,1.7239197
2012-03-18,9,10,0.0,-0.058397625,1.7308471
2012-03-05,14,15,0.0,-0.07951159,1.7751139
2012-03-16,38,52,0.0,-0.021169582,1.6955373
2012-03-12,11,87,0.0,-0.0057218233,1.617084
2012-08-11,20,18,1.0,3.308802,2.6678896
2012-06-24,10,86,0.0,0.01612507,1.7009137
2012-08-23,29,41,17.999999999999996,18.20808,1.7514589
2012-04-11,18,57,0.0,-0.01728178,1.6451756
2012-06-25,19,39,0.0,-0.004387838,1.6316442
2012-02-25,18,37,9.000000000000002,15.416034,1.9702903
2012-02-04,24,97,0.0,-0.0013990906,1.734367
2012-01-01,15,5,63.99999999999998,117.47304,3.2269576
2012-03-07,32,58,1.0,2.180943,2.2475197
2012-01-09,10,93,0.0,0.004821923,1.6704814
2012-03-26,14,25,14.999999999999998,10.302043,2.4073105
2012-06-28,40,15,0.0,-0.02952521,1.6451527
2012-06-25,23,56,0.0,-0.028822994,1.6671226
2012-06-09,15,17,1.9999999999999996,2.6330826,2.6089864
2012-06-05,23,56,3.0,2.0225887,2.4789126
2012-01-01,40,5,76.00000000000003,63.764725,2.841301
2012-06-02,7,5,120.00000000000003,82.37992,2.969131
2012-05-21,31,93,0.0,-0.0136904875,1.6327047
2012-01-31,26,5,29.000000000000004,37.07675,2.5802004
2012-01-26,16,77,0.0,0.009887455,1.7343479
2012-05-26,19,88,0.0,-0.023319514,1.7247542
2012-06-14,5,32,0.0,0.04856367,1.5707927
2012-07-23,3,45,89.99999999999997,65.79315,2.8707232
2012-08-19,6,14,3.0,2.3421607,2.4221742
2012-08-17,14,93,0.0,-0.014044947,1.6356395
2012-02-08,29,56,1.0,1.4682868,2.419369
2012-07-25,17,9,126.99999999999997,98.780945,3.357421
2012-06-24,34,9,71.99999999999999,60.755486,2.7154717
2012-03-19,1,47,0.0,0.02264573,1.9589938
2012-01-03,20,106,0.0,0.012144264,1.8444551
2012-05-30,11,87,0.0,-0.010225694,1.6300155
2012-01-04,38,52,1.0,2.1329122,2.3445737
2012-03-19,24,97,0.0,-0.0042974134,1.6530406
2012-08-15,2,85,0.0,-0.018577507,1.6765742
2012-05-28,3,45,87.99999999999999,72.817314,2.997215
2012-08-21,18,57,0.0,-0.023569347,1.6391187
2012-03-06,31,104,0.0,-0.00067673903,1.6317152
2012-04-28,16,50,0.0,0.013706477,1.7461612
2012-04-28,14,15,0.0,-0.10911422,1.8239691
2012-04-26,32,9,11.0,30.49088,2.2534251
2012-07-01,42,82,1.0,1.6233219,2.7569149
2012-07-29,44,62,0.0,-0.0028815416,1.688867
2012-04-02,37,45,73.99999999999997,79.449066,2.9807703
2012-08-12,1,93,4.000000000000001,3.71607,2.1097853
2012-05-25,7,7,5.9999999999999964,2.3733728,2.4324744
2012-08-15,21,91,0.0,-0.010076877,1.6845031
2012-03-21,13,46,1.9999999999999996,2.411728,2.3394089
2012-06-10,6,14,0.0,0.039671306,1.8236313
2012-05-26,42,45,75.0,80.414536,2.9206417
2012-06-14,38,93,0.0,-0.007783679,1.6287689
2012-01-28,43,73,1.0,1.7379205,2.4084005
2012-04-11,29,45,75.0,73.208275,2.9622848
2012-02-20,8,100,0.0,-0.016407644,1.6671505
2012-01-03,15,86,0.0,0.0049372106,1.7500607
2012-01-11,8,93,0.0,-0.0007999585,1.6253406
2012-02-07,42,82,0.0,-0.039296467,1.6998919
2012-06-01,38,86,0.0,0.061392494,1.8692437
2012-05-28,33,9,135.00000000000006,72.227425,2.9060516
2012-02-11,32,9,99.00000000000004,46.49779,2.6272287
2012-08-10,40,93,8.000000000000005,3.9403725,2.1248758
2012-07-02,40,93,1.9999999999999996,3.3090196,2.1789787
2012-07-18,29,41,16.0,20.060963,1.9318833
2012-03-28,29,8,16.999999999999996,23.002266,1.9302945
2012-01-22,10,5,93.0,86.88104,3.0383182
2012-08-06,40,51,0.0,0.0006541357,1.7007803
2012-04-27,8,84,0.0,-0.022637008,1.6362993
2012-05-10,29,41,40.999999999999986,24.006248,1.8813564
2012-04-15,31,45,109.00000000000004,99.21013,3.1375864
2012-03-09,22,104,0.0,0.025225926,1.686166
2012-07-06,6,14,4.000000000000001,2.2887828,2.1376913
2012-07-24,19,88,1.0,2.1134121,2.264345
2012-03-09,40,15,0.0,0.0675192,1.6402241
2012-05-13,37,15,0.0,0.0036437172,1.7355399
2012-01-16,16,64,0.0,-0.00995241,1.8020042
2012-07-15,5,20,1.0,1.8239654,2.6706648
2012-07-03,12,16,31.999999999999986,36.715923,2.1830776
2012-01-05,23,5,56.999999999999986,57.73547,3.0977619
2012-06-13,39,9,0.0,-0.26039118,1.9860042
2012-04-19,4,27,4.000000000000001,4.347963,2.0209606
2012-05-26,25,84,0.0,0.0502583,1.7446953
2012-03-24,45,34,0.0,0.00049646705,1.7322857
2012-05-29,2,11,0.0,-0.11081561,1.7449181
2012-05-09,25,45,84.99999999999997,65.63609,2.8757973
2012-01-30,20,41,17.999999999999996,21.737251,1.8154482
2012-01-31,1,40,0.0,-0.0895235,1.7715632
2012-05-30,17,9,145.0,90.295105,3.3509958
2012-07-13,27,9,40.00000000000001,55.07045,2.6372702
2012-01-13,2,5,89.0,70.90798,2.7747762
2012-05-21,19,16,10.000000000000002,16.691074,2.2246735
2012-07-21,35,105,0.0,-0.009901726,1.6722267
2012-04-20,1,40,0.0,-0.059425477,1.6683443
2012-01-17,19,93,0.0,-0.028872505,1.6805581
2012-06-09,13,36,138.99999999999994,97.41684,3.0765233
2012-02-12,4,96,0.0,0.0019393094,1.9233009
2012-06-08,10,21,1.0,1.6784849,2.4879196
2012-06-01,4,93,0.0,0.03054222,1.7374855
2012-02-04,44,105,0.0,-0.013459976,1.7118917
2012-02-17,10,37,10.000000000000002,11.232117,1.597986
2012-04-06,24,97,0.0,0.011034719,1.6547852
2012-08-17,1,9,17.999999999999996,16.629894,2.3921945
2012-03-09,1,51,0.0,0.022162275,1.6344925
2012-01-30,2,85,0.0,-0.015406132,1.6886573
2012-03-01,39,36,5.9999999999999964,14.812622,2.302457
2012-02-10,12,79,0.0,0.0039156848,1.741127
2012-06-18,8,23,8.000000000000005,9.779598,1.5622891
2012-01-23,1,28,1.0,3.215261,2.1569824
2012-01-18,20,93,0.0,0.0033725293,1.6702954
2012-06-22,39,111,0.0,0.010262773,1.6217413
2012-03-20,19,88,0.0,-0.01734737,1.6206087
2012-04-20,10,5,64.99999999999997,34.48342,2.7493055
2012-04-14,2,11,1.9999999999999996,2.2169836,2.4985857
2012-07-05,6,45,63.000000000000036,65.18188,3.0890467
2012-05-20,19,93,0.0,-0.008315878,1.6965566
2012-06-26,44,93,37.99999999999999,5.3466043,2.3587012
2012-01-22,19,39,1.0,5.5019145,1.7778091
2012-03-22,18,37,3.0,6.383805,1.8764534
2012-02-26,7,23,36.99999999999999,19.834557,1.7723393
2012-07-31,25,12,0.0,-0.02505493,1.7060932
2012-07-31,13,46,5.9999999999999964,5.0723352,2.3397806
2012-07-01,30,65,1.9999999999999996,1.9032621,2.7111216
2012-05-09,11,68,38.99999999999998,38.987873,2.4396179
2012-03-07,38,52,1.0,1.9442279,2.284313
2012-06-23,8,23,7.000000000000002,10.854932,1.6479257
2012-07-06,9,5,44.000000000000014,64.42225,2.7126672
2012-04-29,44,68,116.00000000000003,70.87408,2.7846596
2012-07-15,31,93,0.0,-0.010770578,1.6595159
2012-07-30,4,97,0.0,0.0004452214,1.7002789
2012-02-15,13,46,0.0,-0.08383252,1.8528779
2012-08-20,32,93,0.0,0.007185076,1.607019
2012-06-13,43,73,1.9999999999999996,1.4682958,2.4529753
2012-08-02,19,16,12.0,24.476173,2.0173843
2012-06-19,40,45,58.999999999999986,79.161606,3.0556138
2012-07-09,44,94,1.0,2.0130327,2.4005558
2012-05-07,28,5,55.00000000000002,53.5703,2.584816
2012-05-06,7,7,0.0,0.04210493,1.7510344
2012-02-15,32,19,0.0,-0.05649883,1.7198683
2012-07-16,15,15,0.0,0.067058556,1.6916846
2012-02-07,36,9,51.00000000000003,47.867588,2.6072497
2012-05-31,12,37,16.999999999999996,13.420308,1.5932454
2012-03-02,12,93,3.0,4.1176615,2.3520293
2012-02-07,14,25,23.000000000000004,19.626585,2.2217424
2012-08-18,19,69,0.0,0.002456881,1.6529756
2012-03-15,37,45,55.00000000000002,50.833366,2.8617554
2012-01-06,15,5,100.00000000000003,105.00376,3.1493804
2012-06-17,32,58,1.0,2.3722062,2.2711675
2012-07-19,45,50,0.0,-0.025214553,1.6209959
2012-06-24,17,9,189.0,107.828636,3.4634392
2012-08-11,36,44,116.00000000000003,113.26029,3.400458
2012-06-13,3,109,0.0,0.010167886,1.6317312
2012-05-08,11,110,0.0,0.0012890894,1.6247718
2012-08-06,41,16,52.00000000000001,50.967773,2.4507215
2012-06-30,37,105,0.0,-0.008399386,1.6630934
2012-07-06,19,69,0.0,-0.012720182,1.6386589
2012-01-13,37,45,71.0,78.53437,2.921882
2012-03-06,8,84,0.0,-0.006453329,1.6194408
2012-05-17,42,45,73.99999999999997,67.737686,2.8702385
2012-04-10,27,80,0.0,-0.0322079,1.7106445
2012-07-13,2,11,0.0,-0.08963205,1.7501674
2012-07-04,3,102,0.0,0.004156281,1.6754521
2012-06-02,8,100,0.0,-0.005553571,1.7199662
2012-06-03,21,5,45.99999999999995,63.540447,2.9304492
2012-03-28,28,2,1.9999999999999996,1.7041721,2.3559425
2012-01-01,7,23,16.0,23.309656,1.8011093
2012-06-09,40,55,0.0,0.0011587307,1.7118418
2012-06-04,22,78,4.000000000000001,2.8109963,2.4032454
2012-04-03,12,37,20.0,17.916014,1.6501347
2012-06-01,28,5,94.0,57.02968,2.802036
2012-05-11,14,9,22.0,27.654245,2.7332892
2012-02-25,34,93,0.0,0.018871816,1.6921707
2012-06-24,16,39,0.0,0.13852559,1.9944586
2012-06-21,39,9,0.0,-0.25216824,1.9793348
2012-03-09,2,5,35.0,46.351288,2.826142
2012-03-23,26,5,24.000000000000007,39.96045,2.6313376
2012-02-09,22,104,0.0,-0.001123283,1.7092364
2012-07-15,4,9,81.00000000000001,119.0055,3.2158778
2012-04-01,37,45,84.99999999999997,85.007614,2.9976394
2012-02-12,25,9,145.99999999999994,135.42725,3.354474
2012-04-17,20,74,1.0,2.3909516,2.2928002
2012-03-20,26,5,64.99999999999997,44.62378,2.7783282
2012-04-18,36,44,63.99999999999998,90.48891,3.2435708
2012-07-12,13,93,0.0,-0.0028453898,1.7432626
2012-08-21,38,86,0.0,-0.013555577,1.6431316
2012-03-05,16,25,180.00000000000006,112.59027,3.328942
2012-03-25,22,68,58.999999999999986,61.465744,2.6556144
2012-01-24,29,8,30.0,36.576874,2.2118146
2012-06-21,43,16,40.00000000000001,32.962204,2.3653164
2012-05-30,26,5,67.00000000000001,34.286095,2.5729327
2012-05-23,33,9,63.99999999999998,54.99393,2.706595
2012-01-25,18,72,0.0,-0.042740125,1.6782538
2012-04-23,22,68,38.99999999999998,49.71041,2.5289273
2012-06-19,33,92,0.0,0.0020946746,1.7686737
2012-01-16,38,45,104.99999999999997,72.7157,2.861913
2012-04-23,3,5,55.00000000000002,49.420376,2.629431
2012-03-21,18,37,8.000000000000005,7.7930417,1.7989411
2012-05-30,37,38,0.0,0.039898768,1.5497682
2012-06-26,22,9,58.000000000000014,35.775913,2.466087
2012-01-25,22,54,0.0,-0.02364817,1.7352728
2012-03-19,42,82,1.0,2.0984573,2.395797
2012-07-28,6,14,0.0,0.023751887,1.7248842
2012-06-29,12,16,33.00000000000001,29.26814,2.041329
2012-01-29,32,93,1.9999999999999996,2.9921215,2.2183964
2012-01-01,11,86,0.0,-0.008859218,1.7375768
2012-08-22,5,32,1.9999999999999996,1.4050524,2.3883445
2012-06-03,22,9,80.00000000000003,96.28439,3.0388837
2012-08-22,1,40,0.0,-0.065661214,1.6760561
2012-08-05,23,29,0.0,-0.10664396,1.7759794
2012-02-10,25,12,0.0,-0.032166887,1.809915
2012-07-28,20,93,9.000000000000002,3.616716,2.2110367
2012-07-01,24,6,25.000000000000004,56.598022,2.514749
2012-04-25,32,51,0.0,-0.0076855198,1.6021436
2012-07-06,27,93,0.0,0.014793292,1.6693267
2012-07-23,11,9,50.0,26.321957,2.2276046
2012-02-19,23,56,0.0,-0.030488234,1.7410982
2012-07-19,16,25,138.00000000000009,122.071396,3.274965
2012-03-02,7,95,0.0,0.007926043,1.6877146
2012-01-14,12,16,53.00000000000001,49.161926,2.3871095
2012-05-29,41,61,0.0,-0.0177694,1.6223902
2012-07-31,1,9,11.0,16.96657,2.3103104
2012-08-07,29,45,84.99999999999997,77.49461,2.9746761
2012-05-25,6,14,1.9999999999999996,1.5441986,2.4603798
2012-06-26,35,93,13.000000000000004,3.2702625,2.15296
2012-04-03,32,86,0.0,-0.008216319,1.6862179
2012-07-09,37,45,51.00000000000003,83.27175,2.9529378
2012-02-01,39,111,0.0,0.01572146,1.7729692
2012-01-16,19,88,0.0,-0.011690645,1.6666678
2012-05-26,38,93,0.0,0.000972104,1.6432781
2012-02-04,15,86,0.0,0.016817708,1.7393874
2012-05-25,25,12,0.0,-0.051407076,1.7195941
2012-04-04,6,14,0.0,0.021564996,1.8141905
2012-05-01,19,69,1.9999999999999996,2.4064803,2.4670632
2012-07-06,5,20,0.0,-0.020947374,1.7108656
2012-07-24,40,5,67.00000000000001,37.87993,2.607232
2012-07-21,41,16,48.99999999999999,31.714924,2.1255076
2012-03-31,27,21,3.0,1.4777967,2.60129
2012-04-16,19,88,0.0,-0.01710389,1.6505746
2012-05-13,22,78,5.0,3.4668756,2.4045258
2012-07-03,28,5,56.999999999999986,48.791847,2.680654
2012-08-02,3,45,76.00000000000003,78.589836,2.980134
2012-05-06,38,9,150.0,104.896706,3.168769
2012-02-14,1,9,69.00000000000003,30.533178,2.4702947
2012-04-02,15,15,0.0,0.080942936,1.867028
2012-03-20,15,5,112.00000000000003,78.32734,3.0513425
2012-05-25,30,13,0.0,-0.009666784,1.6686298
2012-06-23,37,53,0.0,-0.013659101,1.683183
2012-05-23,41,68,31.0,41.972576,2.660013
2012-01-26,38,52,1.0,1.836108,2.2726877
2012-04-06,32,19,1.0,2.1373022,2.4522233
2012-07-13,15,17,1.0,1.4009645,2.6105518
2012-04-19,10,93,3.0,3.9317744,2.0852997
2012-07-08,33,93,0.0,0.0006172919,1.905505
2012-01-24,24,43,61.99999999999999,59.663742,2.9070776
2012-08-05,4,27,11.0,8.894038,2.1588106
2012-06-18,22,93,11.0,8.054754,2.3602226
2012-03-14,19,93,0.0,-0.015027385,1.6174074
2012-03-29,22,104,0.0,0.022721734,1.6817347
2012-07-15,29,45,103.99999999999997,94.146515,3.1499875
2012-07-02,32,86,1.9999999999999996,2.132013,2.2287307
2012-05-31,4,90,1.9999999999999996,1.6539707,2.2733471
2012-03-14,24,6,31.0,41.25071,2.3526726
2012-08-02,41,68,50.0,42.499138,2.4894001
2012-05-13,33,93,0.0,0.025889175,1.6731317
2012-06-12,8,59,1.0,0.96027946,2.510696
2012-05-13,11,68,48.99999999999999,51.132683,2.5317814
2012-04-23,22,93,0.0,-0.008246776,1.6505909
2012-04-24,45,4,0.0,0.00111725,1.6450948
2012-04-11,2,44,105.99999999999996,101.50528,3.395643
2012-07-18,43,16,40.999999999999986,34.82974,2.2623558
2012-04-18,37,45,48.99999999999999,45.346054,2.972321
2012-03-03,36,44,120.00000000000003,122.84145,3.5691824
2012-08-19,19,88,0.0,-0.013078017,1.6694655
2012-02-09,8,100,0.0,-0.0055807945,1.6641716
2012-08-08,4,96,0.0,0.0011307066,1.7414367
2012-06-23,27,21,1.9999999999999996,1.626118,2.629234
2012-02-11,16,77,0.0,0.0025806506,1.8420384
2012-03-24,18,72,0.0,-0.023808708,1.6562635
2012-07-09,9,5,82.99999999999997,76.5418,2.8466303
2012-07-26,42,5,10.000000000000002,31.28433,2.581471
2012-04-29,3,102,0.0,-0.0002140959,1.655659
2012-05-06,30,51,0.0,0.038685497,1.7771149
2012-06-02,38,86,1.0,1.9934437,2.6150653
2012-02-19,7,5,138.99999999999994,95.19663,3.1997726
2012-06-01,26,5,135.00000000000006,77.30713,3.010697
2012-01-22,38,45,148.0,112.300156,3.240301
2012-08-11,15,5,63.000000000000036,93.0109,3.02489
2012-06-17,45,9,1.0,17.54568,2.4662166
2012-05-01,9,45,99.00000000000004,59.94158,2.9817564
2012-05-17,32,58,0.0,-0.012464733,1.6072488
2012-06-24,24,60,0.0,0.005676801,1.6597434
2012-05-19,4,96,0.0,0.008961311,1.788999
2012-05-24,18,37,5.9999999999999964,7.9658637,1.7804255
2012-04-07,18,57,0.0,-0.0261905,1.7104872
2012-03-04,31,9,65.99999999999997,71.56817,2.7995014
2012-07-07,23,5,48.99999999999999,40.954597,2.8595226
2012-08-17,20,18,0.0,-0.026432272,1.7176903
2012-08-17,3,109,0.0,0.018233366,1.6086005
2012-08-07,39,103,0.0,-0.031533,1.7125244
2012-07-03,8,93,3.0,2.779075,2.2346847
2012-08-11,30,16,52.00000000000001,53.14771,2.4708364
2012-04-11,31,45,69.00000000000003,61.88804,2.7309875
2012-08-19,43,93,0.0,0.005507015,1.6944778
2012-02-02,7,95,0.0,0.0047207596,1.6553138
2012-08-14,17,48,141.00000000000003,131.3356,3.4106696
2012-05-19,15,45,146.99999999999994,136.05476,3.4052026
2012-06-18,5,16,26.0,25.214191,2.019653
2012-04-13,19,15,0.0,-0.048203308,1.6387457
2012-06-11,7,7,0.0,0.02306089,1.7218021
2012-07-28,30,13,0.0,0.018119892,1.7207447
2012-01-26,13,5,109.00000000000004,54.460747,2.891666
2012-03-08,33,93,0.0,0.020617362,1.7025069
2012-07-11,40,15,0.0,-0.010764538,1.6149834
2012-07-22,5,105,0.0,-0.0063546686,1.6705451
2012-01-29,42,45,77.0,91.202896,3.1183093
2012-03-01,8,23,4.000000000000001,16.61385,1.8772513
2012-05-10,1,93,1.0,4.0067797,2.0790696
2012-03-04,4,27,7.000000000000002,10.95733,2.158069
2012-04-12,40,106,0.0,-0.0005942621,1.6273655
2012-04-19,14,25,5.9999999999999964,13.217255,2.3109717
2012-05-29,24,76,0.0,-0.0043084454,1.6039814
2012-08-01,39,111,0.0,-0.027178798,1.7469996
2012-05-14,44,5,44.000000000000014,36.00009,2.5329134
2012-02-23,28,5,11.0,32.605785,2.5051901
2012-01-30,3,2,0.0,-0.019169332,1.657093
2012-04-26,15,49,0.0,0.0090496745,1.6865971
2012-07-05,4,9,89.0,75.14248,2.8505688
2012-02-22,20,41,16.0,15.124259,1.8045018
2012-05-18,44,93,26.999999999999996,4.129363,2.0708072
2012-02-18,13,46,0.0,-0.009997044,1.9010578
2012-01-23,3,93,0.0,0.00529962,1.657376
2012-06-19,21,5,36.99999999999999,43.158905,2.6926348
2012-01-07,24,76,0.0,0.008370613,1.75367
2012-07-11,26,5,123.00000000000003,68.24242,2.9179926
2012-04-25,8,84,0.0,-0.015701337,1.6016096
2012-06-07,41,16,31.0,35.497562,2.3392653
2012-01-15,20,106,0.0,0.0029766408,1.7383565
2012-08-02,36,1,0.0,-0.04859659,1.7088504
2012-04-19,33,92,1.9999999999999996,2.582632,2.5307002
2012-02-19,31,98,0.0,-0.018326214,1.7116742
2012-08-07,45,4,0.0,-0.013539537,1.6768275
2012-08-06,21,109,0.0,-0.008716545,1.6783147
2012-03-24,22,93,0.0,0.03639889,1.7951357
2012-02-21,16,85,0.0,-0.0006717048,1.7516798
2012-01-14,15,5,244.99999999999991,122.313126,3.2903676
2012-02-12,43,105,0.0,0.0014508952,1.7509103
2012-05-18,25,50,0.0,0.04272425,1.708387
2012-07-06,37,104,0.0,0.006169473,1.6544209
2012-05-20,4,101,0.0,-0.0033103207,1.7873597
2012-06-13,28,35,1.0,1.4097403,2.5247672
2012-08-16,5,105,0.0,0.00025231534,1.6346897
2012-07-02,21,44,78.99999999999997,106.66122,3.4293582
2012-08-20,22,78,0.0,-0.0012254148,1.7426796
2012-06-22,32,45,60.00000000000001,59.675343,2.887383
2012-01-31,3,93,1.0,3.1774323,2.2457016
2012-08-22,3,102,0.0,0.0057967766,1.6782788
2012-02-01,25,81,16.0,8.285941,2.2437139
2012-05-24,22,54,0.0,0.014288586,1.6752697
2012-04-12,2,44,94.0,107.4451,3.282334
2012-08-23,30,13,1.9999999999999996,2.7381756,2.1131897
2012-06-18,23,5,33.99999999999998,27.92236,2.7434452
2012-04-25,26,5,99.00000000000004,39.310726,2.7735157
2012-01-08,21,109,0.0,0.00010371097,1.6902732
2012-06-19,24,60,1.0,1.8024635,2.3245468
2012-06-16,24,76,3.0,2.386757,2.4329317
2012-03-20,19,83,5.9999999999999964,5.753886,1.8553638
2012-02-28,22,104,0.0,0.008564631,1.6662368
2012-01-18,6,9,21.000000000000004,42.940697,2.509424
2012-02-26,34,9,11.0,51.63204,2.6684601
2012-06-08,1,47,0.0,0.056809515,1.9361817
2012-06-06,5,20,1.0,1.4290472,2.655423
2012-03-23,16,77,1.0,2.8262796,2.3602045
2012-04-02,16,77,1.0,2.7573073,2.3173854
2012-01-19,12,93,0.0,0.0050368435,1.6972772
2012-04-05,10,21,0.0,-0.04813684,1.7254924
2012-08-13,34,45,80.00000000000003,74.22063,2.801659
2012-04-29,16,16,24.000000000000007,33.088764,2.2730052
2012-07-27,44,68,78.99999999999997,49.159233,2.5814555
2012-05-30,25,45,53.00000000000001,62.109135,2.8014123
2012-06-06,14,9,16.999999999999996,12.457203,2.4417746
2012-02-10,22,104,0.0,0.011818699,1.7640458
2012-07-30,44,68,26.999999999999996,51.420723,2.5387025
2012-04-07,32,19,1.0,2.6114233,2.5253837
2012-04-11,44,94,0.0,-0.01331172,1.6712385
2012-06-24,44,62,1.9999999999999996,2.4519286,2.4520862
2012-04-03,12,79,0.0,0.013368447,1.7273015
2012-01-09,5,20,1.0,1.6269374,2.457851
2012-03-21,4,101,0.0,0.0011861162,1.683053
2012-01-31,7,23,9.000000000000002,16.629318,1.770649
2012-04-14,18,57,0.0,-0.022341155,1.6994525
2012-01-24,27,68,53.00000000000001,37.34549,2.7245128
2012-01-27,27,80,0.0,-0.040513825,1.6877812
2012-02-22,32,93,0.0,-0.0047684307,1.6076838
2012-06-19,27,80,0.0,-0.04217633,1.6648858
2012-04-01,22,93,0.0,-0.008725419,1.7335804
2012-01-07,11,68,84.00000000000001,61.926315,2.6901271
2012-07-21,27,21,4.000000000000001,2.0930831,2.554903
2012-07-16,36,9,52.00000000000001,61.072765,2.5856903
2012-07-31,39,111,0.0,-0.03193182,1.6318408
2012-05-26,45,50,0.0,-0.011846866,1.6706864
2012-02-07,13,46,4.000000000000001,4.219265,2.31337
2012-01-22,16,64,0.0,-0.014935378,1.8788499
2012-03-17,34,84,0.0,0.009933183,1.6441021
2012-08-08,15,86,0.0,0.015747195,1.7952622
2012-07-13,45,9,11.0,15.139305,2.3564754
2012-04-21,18,5,13.000000000000004,19.12397,2.7712276
2012-04-29,43,73,0.0,-0.02230596,1.6541374
2012-06-07,20,5,123.00000000000003,79.85985,3.080737
2012-03-15,1,40,0.0,-0.06480991,1.7083346
2012-06-19,37,38,0.0,0.039530072,1.6099747
2012-02-06,4,96,0.0,0.0033774488,1.7291383
2012-06-14,19,75,0.0,-0.010642357,1.621034
2012-02-05,32,86,0.0,-0.005822336,1.7014623
2012-02-29,14,15,0.0,-0.01693258,1.7519925
2012-03-04,19,15,0.0,0.039873015,1.7452947
2012-05-11,1,47,0.0,0.040797602,1.9414512
2012-04-23,43,37,11.0,14.874674,1.4349723
2012-07-23,41,16,46.99999999999997,28.95661,2.094572
2012-04-08,31,45,78.0,88.87015,3.0433178
2012-02-27,32,93,0.0,-0.019710707,1.6346394
2012-02-16,9,10,1.9999999999999996,2.059752,2.3117554
2012-07-29,2,11,0.0,-0.014207999,1.7635574
2012-01-23,1,89,0.0,-0.002277173,1.6167859
2012-03-12,27,68,68.00000000000001,48.480537,2.6146123
2012-03-24,33,92,0.0,0.020883333,1.7157259
2012-05-22,4,93,0.0,0.012975764,1.7115223
2012-03-16,21,44,60.00000000000001,65.0403,3.095681
2012-04-17,26,5,75.0,36.68245,2.557845
2012-07-17,14,9,1.0,14.457876,2.312506
2012-07-03,20,93,1.9999999999999996,3.7912521,2.385861
2012-02-29,34,93,0.0,0.017766748,1.6137166
2012-04-21,24,60,0.0,-0.024310155,1.6754619
2012-03-12,1,51,0.0,0.015538713,1.6083343
2012-04-16,13,46,1.9999999999999996,2.1843958,2.443946
2012-06-21,6,45,58.000000000000014,62.640083,2.9003787
2012-03-27,15,49,0.0,0.015407572,1.7126298
2012-08-24,32,45,56.00000000000001,61.42861,2.7763438
2012-08-17,13,36,89.99999999999997,88.23607,2.9857032
2012-06-09,33,92,5.0,2.6880903,2.6630516
2012-03-17,11,9,35.99999999999998,26.43602,2.6339872
2012-01-29,15,49,0.0,0.01479112,1.8117689
2012-07-15,18,72,0.0,-0.016810762,1.7069759
2012-02-21,23,29,1.0,1.9130191,2.5612118
2012-04-09,33,44,158.99999999999994,135.61903,3.4101562
2012-05-20,21,91,0.0,-0.0063790083,1.6942745
2012-05-15,1,47,0.0,0.0015717942,2.3192353
2012-01-17,33,85,0.0,0.0069812285,1.7269948
2012-07-15,33,92,5.0,2.6612556,2.273448
2012-01-14,27,9,31.999999999999986,45.631325,2.4878953
2012-06-18,35,66,16.0,9.532385,1.6226494
2012-03-28,26,2,0.0,-0.06976031,1.6965908
2012-01-14,4,101,0.0,0.005064291,1.7979969
2012-05-03,43,16,54.000000000000014,56.7498,2.6579304
2012-07-28,21,5,38.99999999999998,45.97163,2.721531
2012-07-28,32,45,45.0,67.965034,2.983204
2012-06-07,29,8,26.0,27.377607,2.0819077
2012-05-20,20,41,31.999999999999986,27.439331,1.9365628
2012-03-02,22,54,0.0,-0.0043035643,1.6907995
2012-07-06,2,11,0.0,-0.07033113,1.7282823
2012-02-03,32,9,22.0,44.21163,2.3652284
2012-07-06,16,16,25.000000000000004,38.708435,2.2308066
2012-01-24,36,44,82.99999999999997,86.27734,3.2320845
2012-02-18,27,21,1.9999999999999996,1.8659645,2.4932735
2012-08-05,2,5,150.0,83.64537,2.9469469
2012-07-22,35,50,0.0,-0.014111208,1.6644473
2012-04-07,3,93,0.0,0.013881323,1.6613623
2012-03-25,37,5,71.99999999999999,45.968407,2.6676366
2012-03-04,34,93,0.0,0.014242346,1.7111534
2012-04-09,19,16,9.000000000000002,23.582352,2.071162
2012-08-20,44,62,1.9999999999999996,2.0174036,2.2645636
2012-07-04,17,37,54.000000000000014,53.21872,2.6034715
2012-02-21,37,38,0.0,0.030322345,1.5691535
2012-01-12,19,83,1.9999999999999996,4.4394045,2.1032445
2012-03-09,26,5,35.99999999999998,52.37114,2.7048414
2012-06-26,15,61,3.0,1.771127,2.4396694
2012-04-15,21,5,40.00000000000001,62.912445,3.0306711
2012-01-19,12,86,0.0,-0.00328276,1.6633203
2012-06-07,32,93,22.0,5.9633603,2.3144612
2012-01-02,2,11,1.9999999999999996,2.0131116,2.47462
2012-01-01,8,100,0.0,0.0026077752,1.7498649
2012-02-12,9,93,0.0,-0.005355613,1.70601
2012-02-21,1,99,0.0,0.001044657,1.6113983
2012-06-10,45,50,0.0,0.0039011005,1.6768523
2012-07-24,11,110,0.0,-0.021547126,1.6246011
2012-03-20,20,41,33.99999999999998,18.132101,1.7189298
2012-07-16,12,16,33.00000000000001,34.963352,2.1403491
2012-03-30,11,9,33.00000000000001,40.41329,2.3818324
2012-07-31,38,86,0.0,-0.017086126,1.6228708
2012-03-01,29,45,87.99999999999999,73.14808,2.9669502
2012-07-08,39,36,16.0,10.327487,2.197828
2012-01-29,43,16,58.000000000000014,40.81534,2.4594162
2012-01-29,31,9,76.00000000000003,64.213165,2.8243952
2012-06-29,2,5,40.999999999999986,38.365646,2.6699986
2012-07-21,41,68,30.0,50.11728,2.6885378
2012-06-29,6,45,60.00000000000001,68.64767,2.8446784
2012-05-30,2,11,1.0,2.5016491,2.050145
2012-07-19,27,9,54.000000000000014,25.122091,2.2714586
2012-08-06,37,38,0.0,0.0905543,1.5796118
2012-07-03,44,105,0.0,-0.008750846,1.7497646
2012-08-01,8,5,18.999999999999996,47.339737,2.8819993
2012-04-01,9,42,14.0,13.204817,1.8525821
2012-01-27,25,81,14.999999999999998,10.765646,1.7602313
2012-07-23,33,92,0.0,0.027367713,1.7248117
2012-06-30,19,16,13.000000000000004,27.4744,2.1698306
2012-01-21,16,39,4.000000000000001,8.79716,1.8360808
2012-02-18,1,9,31.0,22.719364,2.4021854
2012-02-05,40,5,86.0,69.839584,2.8143091
2012-03-13,4,27,4.000000000000001,5.8466296,1.9292228
2012-06-15,28,35,1.9999999999999996,1.405387,2.4910636
2012-05-19,31,104,0.0,-0.0061303317,1.718284
2012-05-31,43,3,1.0,2.0993228,2.2605703
2012-06-01,25,81,20.0,11.505265,1.8571808
2012-01-02,43,73,1.9999999999999996,1.397278,2.545415
2012-01-06,9,42,0.0,-0.08985656,1.8087382
2012-02-09,19,69,0.0,-0.024472073,1.668709
2012-06-10,28,2,1.9999999999999996,3.0916529,2.3306692
2012-06-02,44,68,82.99999999999997,70.063896,2.7410915
2012-02-23,1,51,0.0,0.01766968,1.6008928
2012-05-07,32,86,0.0,-0.014927116,1.6518812
2012-05-29,37,5,17.999999999999996,24.015469,2.644135
2012-07-27,36,30,0.0,0.042476986,1.604788
2012-07-31,44,105,0.0,-0.010321482,1.6246372
2012-06-01,44,93,0.0,0.02079426,1.7125515
2012-08-09,12,79,0.0,0.0034521155,1.703493
2012-03-10,8,23,12.0,8.891469,1.8025109
2012-08-18,32,19,0.0,-0.078687906,1.7669094
2012-08-06,22,93,7.000000000000002,4.5416474,2.2933683
2012-07-15,34,31,1.0,3.8320856,2.4803026
2012-08-05,41,93,3.0,5.3245735,2.2805598
2012-01-07,14,88,0.0,-0.019348837,1.7256446
2012-01-01,30,13,0.0,0.014477272,1.7976128
2012-07-21,14,25,10.000000000000002,26.01093,2.6007254
2012-06-28,44,93,0.0,-0.0014631576,1.6112068
2012-07-10,35,50,0.0,-0.017123783,1.6863523
2012-05-28,24,76,0.0,-0.008508381,1.6023924
2012-04-25,37,38,0.0,0.0010916471,1.6489878
2012-08-23,27,80,0.0,-0.036749575,1.6476275
2012-06-08,12,37,26.999999999999996,16.130388,1.5950015
2012-06-16,19,93,0.0,-0.022469837,1.7806377
2012-08-17,26,2,0.0,-0.034477457,1.7415202
2012-01-04,27,93,10.000000000000002,3.8368564,2.1436796
2012-03-08,12,79,1.9999999999999996,2.6233416,2.4132214
2012-06-01,30,44,238.00000000000009,312.07724,4.2194276
2012-01-27,3,102,0.0,0.020453922,1.6086864
2012-07-24,34,9,36.99999999999999,40.27256,2.4487665
2012-01-17,30,51,0.0,0.009565828,1.7447988
2012-07-14,4,9,64.99999999999997,74.099815,2.834871
2012-01-05,8,5,61.00000000000001,47.65722,2.8083591
2012-04-15,44,93,0.0,-0.021333987,1.788838
2012-05-10,22,68,56.999999999999986,50.270164,2.5167031
2012-07-25,22,104,0.0,-0.014144736,1.7034115
2012-05-19,9,10,1.0,3.1310222,2.053547
2012-05-02,19,93,3.0,3.7952154,2.141841
2012-01-18,10,21,0.0,-0.035377067,1.6925045
2012-02-07,32,45,56.999999999999986,62.22736,2.8373346
2012-01-07,37,105,0.0,0.005193797,1.7532088
2012-08-07,3,109,0.0,-0.004875275,1.6971678
2012-02-19,29,41,23.000000000000004,28.021723,1.9250523
2012-08-03,22,9,70.00000000000007,49.69953,2.4679534
2012-02-06,43,3,0.0,0.024161972,1.6287841
2012-07-21,14,15,0.0,-0.105453715,1.9388075
2012-06-19,32,58,0.0,-0.017140321,1.7001944
2012-08-11,1,99,0.0,0.0075700637,1.6891142
2012-05-02,22,78,4.000000000000001,3.753961,2.354714
2012-04-19,12,37,13.000000000000004,11.711426,1.6341666
2012-06-22,5,105,0.0,-0.03175803,1.7108661
2012-06-26,16,85,0.0,0.0015119439,1.6782246
2012-08-13,27,9,50.0,53.148293,2.6295867
2012-05-28,29,45,61.00000000000001,63.96989,2.7096987
2012-02-26,2,44,127.99999999999997,150.88661,3.5352554
2012-01-04,8,23,4.000000000000001,14.290289,1.9560523
2012-04-30,9,45,76.00000000000003,55.101074,2.7797906
2012-03-21,15,86,0.0,0.0058933864,1.6883366
2012-01-25,25,12,0.0,-0.037430692,1.7552359
2012-06-28,5,20,3.0,1.5990591,2.5345984
2012-02-23,19,75,0.0,-0.020766271,1.6257317
2012-05-03,30,13,0.0,-0.029644668,1.8420788
2012-01-14,24,6,250.0000000000001,68.91999,2.7544317
2012-01-28,16,93,0.0,0.0087481635,1.7851111
2012-01-25,13,93,0.0,0.0069432324,1.7106007
2012-03-25,7,95,0.0,0.0021325566,1.7161167
2012-02-11,11,87,0.0,-0.0017156966,1.6854997
2012-05-13,15,45,117.00000000000004,124.158005,3.3493161
2012-01-01,42,82,0.0,-0.06298768,1.8891878
2012-02-10,14,70,0.0,-0.02024889,1.6819082
2012-04-17,22,54,0.0,0.024114849,1.6819922
2012-07-04,1,9,14.0,16.892477,2.472111
2012-03-03,40,45,84.00000000000001,102.42827,3.120905
2012-08-03,30,65,0.0,0.020819644,1.65871
2012-03-14,20,106,0.0,0.013889473,1.704725
2012-05-11,12,79,5.9999999999999964,2.724273,2.2557607
2012-05-07,6,107,0.0,0.008252244,1.6632557
2012-04-04,1,47,0.0,0.011693188,2.3777947
2012-06-08,18,5,12.0,18.732239,2.7340636
2012-04-10,8,100,0.0,-0.0062670177,1.6351137
2012-03-03,42,82,1.0,2.0647964,2.7624097
2012-07-24,20,106,0.0,-0.014464776,1.7436193
2012-04-15,30,16,93.0,53.97473,2.5042498
2012-05-29,8,93,4.000000000000001,3.3181646,2.0806825
2012-07-09,12,37,18.999999999999996,11.822764,1.706252
2012-03-13,42,45,69.00000000000003,60.88141,2.921453
2012-06-02,19,15,0.0,0.021449836,1.7313212
2012-04-18,44,62,0.0,0.009820803,1.5872194
2012-07-12,35,93,0.0,-0.0069508892,1.6880814
2012-06-13,12,79,0.0,-0.011562903,1.6998527
2012-03-22,9,10,0.0,0.005031434,1.6243452
2012-06-03,31,93,1.0,4.4116488,2.1654983
2012-05-06,44,62,1.0,2.150669,2.4565887
2012-02-29,19,93,0.0,-0.011589044,1.635906
2012-05-30,4,96,0.0,0.0008470409,1.7726611
2012-07-28,11,87,0.0,-0.0170647,1.6760787
2012-07-17,1,89,0.0,-0.012099501,1.6045457
2012-04-26,44,5,40.00000000000001,24.93882,2.5910728
2012-03-25,25,50,0.0,0.03451899,1.828683
2012-08-04,28,45,55.00000000000002,74.767624,2.9839668
2012-01-30,44,62,0.0,-0.021041328,1.671502
2012-02-28,5,105,0.0,0.001566922,1.5991273
2012-06-05,44,5,33.00000000000001,39.850563,2.6743486
2012-07-18,7,23,18.999999999999996,16.890425,1.5158285
2012-03-09,1,28,3.0,2.6968894,2.20269
2012-03-04,42,45,61.99999999999999,88.28195,2.997006
2012-05-16,12,93,1.9999999999999996,3.952363,2.114541
2012-05-06,37,105,0.0,-0.0028499188,1.687539
2012-04-17,38,86,0.0,-0.005369202,1.617642
2012-04-29,45,34,0.0,-0.021713985,1.6709087
2012-03-14,10,37,12.0,6.8717327,1.8466401
2012-01-23,4,27,8.000000000000005,7.094745,1.8967497
2012-04-26,21,109,0.0,-0.002797773,1.702661
2012-03-19,10,86,0.0,-0.013405559,1.5993943
2012-01-07,33,44,229.99999999999994,240.87808,3.956745
2012-02-06,13,36,100.99999999999996,65.84451,2.7379332
2012-06-13,9,105,0.0,0.009816433,1.6704623
2012-02-18,11,61,3.0,2.3423843,2.3619509
2012-01-30,30,44,154.00000000000003,136.88522,3.505469
2012-04-15,32,19,1.0,1.9838674,2.6052341
2012-07-01,14,15,0.0,-0.025562478,1.7210652
2012-05-10,2,11,3.0,1.9601622,2.1754203
2012-08-06,14,88,4.000000000000001,1.8761628,2.3138115
2012-04-08,17,37,46.99999999999997,48.82486,2.4089274
2012-08-18,36,1,0.0,-0.004837056,1.7453526
2012-07-25,37,45,58.000000000000014,58.09712,2.767389
2012-03-23,44,62,0.0,-0.004476902,1.599079
2012-06-04,18,57,3.0,1.5394938,2.579587
2012-03-19,22,9,60.00000000000001,48.22059,2.5350654
2012-05-21,38,98,0.0,-0.0034087964,1.6658968
2012-01-16,14,25,1.0,11.89493,2.2575035
2012-06-12,13,93,0.0,0.004676548,1.7892214
2012-08-07,12,37,11.0,14.377287,1.6131647
2012-01-09,37,53,1.0,2.0203543,2.4517887
2012-02-23,16,77,0.0,0.0029578304,1.70471
2012-01-22,8,93,3.0,3.3298512,2.236395
2012-05-17,45,26,9.000000000000002,4.676069,1.9982778
2012-02-01,7,93,3.0,2.301229,2.2897825
2012-02-07,2,93,0.0,-0.0036140594,1.6533178
2012-04-08,36,1,4.000000000000001,2.740802,2.5714195
2012-04-19,24,97,0.0,-0.009838698,1.6010685
2012-04-17,24,6,36.99999999999999,48.491863,2.6452236
2012-03-05,19,39,0.0,-0.057300724,1.7089183
2012-02-04,3,93,0.0,0.012465405,1.7526453
2012-03-14,19,88,0.0,-0.020192344,1.6285114
2012-05-13,9,42,7.000000000000002,12.25295,1.7019408
2012-07-27,3,102,0.0,0.0072607878,1.623336
2012-06-13,15,49,0.0,0.019489545,1.7435892
2012-05-19,40,106,0.0,-0.007910591,1.7144684
2012-07-03,11,68,51.00000000000003,38.260246,2.5341415
2012-04-22,45,9,29.000000000000004,17.364094,2.4140763
2012-05-03,5,105,0.0,0.00995154,1.6160133
2012-03-25,26,2,4.000000000000001,3.401406,2.3029318
2012-05-30,39,111,0.0,-0.035785258,1.7084037
2012-03-17,37,45,78.0,74.82748,2.911437
2012-05-17,23,45,40.00000000000001,42.42952,2.8751094
2012-01-18,12,16,24.000000000000007,24.320524,2.184732
2012-01-07,43,16,109.99999999999997,71.52323,2.736095
2012-03-07,28,45,61.00000000000001,53.3723,2.83066
2012-07-30,14,9,29.000000000000004,12.472503,2.4832122
2012-02-29,13,46,0.0,-0.070844375,1.7243553
2012-02-01,13,46,3.0,3.4428394,2.3922126
2012-05-12,20,5,100.00000000000003,110.61287,3.287561
2012-04-21,28,2,0.0,0.02552897,1.752521
2012-04-23,15,93,0.0,0.020488381,1.7287267
2012-05-07,9,5,94.0,61.1072,2.7817552
2012-01-10,44,105,0.0,8.288669e-05,1.6519924
2012-01-20,30,49,0.0,-0.011252439,1.8238759
2012-03-28,31,9,10.000000000000002,30.144806,2.3051646
2012-03-23,36,30,1.9999999999999996,2.2565098,2.426294
2012-08-17,37,104,0.0,0.0032642093,1.6806116
2012-08-02,17,37,69.00000000000003,37.517082,2.3773482
2012-06-13,35,66,11.0,9.792175,1.6702217
2012-07-25,11,110,0.0,-0.013498985,1.6710908
2012-02-06,24,76,3.0,2.4843378,2.427942
2012-04-17,9,105,0.0,0.02291393,1.6393175
2012-04-14,7,7,0.0,-0.015155922,1.6910893
2012-04-19,40,51,0.0,-0.021455886,1.647302
2012-07-25,42,82,0.0,-0.08244774,1.7244378
2012-08-21,1,47,0.0,0.00082527235,2.0111191
2012-07-29,44,94,0.0,-0.007164489,1.7167352
2012-03-20,5,16,14.0,16.674881,1.9433815
2012-07-27,11,9,8.000000000000005,29.695232,2.2384315
2012-03-26,14,88,0.0,-0.027100254,1.6292341
2012-01-24,28,5,17.999999999999996,27.255802,2.8275464
2012-05-11,17,48,148.0,170.76549,3.6684024
2012-01-17,11,87,0.0,0.024394322,1.6651392
2012-04-02,40,51,0.0,-0.017385488,1.6881871
2012-06-29,33,93,0.0,0.0121168075,1.8177658
2012-01-02,37,5,102.0,72.4903,2.843651
2012-04-17,34,52,1.9999999999999996,1.8713071,2.3451304
2012-07-11,19,75,0.0,-0.016010633,1.6894757
2012-07-30,14,88,0.0,-0.03276047,1.6503408
2012-05-11,24,6,31.0,29.38389,2.338951
2012-05-05,37,45,63.000000000000036,70.99519,2.9258544
2012-04-13,8,100,0.0,-0.0066678086,1.6384166
2012-03-06,14,9,29.000000000000004,11.877814,2.5685687
2012-07-18,9,42,9.000000000000002,11.491028,1.8949156
2012-05-01,16,93,1.9999999999999996,4.3720684,2.3976986
2012-07-21,24,76,0.0,0.013927953,1.7000598
2012-03-30,33,44,185.00000000000009,195.92578,3.8482985
2012-02-05,40,51,0.0,0.0014631214,1.7435706
2012-08-15,10,37,9.000000000000002,11.043751,1.5682306
2012-06-10,27,80,0.0,0.011642148,1.7262017
2012-03-23,8,5,33.99999999999998,28.913567,2.540594
2012-04-08,25,50,0.0,0.05333903,1.7664621
2012-02-13,4,27,11.0,6.8464556,2.1257107
2012-06-04,10,5,77.0,69.09194,2.9192452
2012-06-15,32,19,0.0,-0.065093234,1.7093669
2012-03-29,40,55,1.0,1.9228269,2.4421935
2012-03-01,19,16,23.000000000000004,16.569742,2.3921165
2012-07-30,19,83,7.000000000000002,6.6658406,1.9478036
2012-07-23,44,5,33.00000000000001,26.533606,2.6505966
2012-05-27,37,45,51.00000000000003,77.12236,2.9783592
2012-07-29,29,56,0.0,0.0049071372,1.7275016
2012-05-04,44,94,1.0,2.9454434,2.3659086
2012-07-16,1,40,0.0,-0.010507101,1.6555878
2012-03-28,15,49,0.0,0.012318196,1.6854572
2012-07-02,16,64,0.0,0.027408952,1.7484243
2012-07-04,13,93,0.0,-0.0012920763,1.7368433
2012-02-19,14,93,0.0,-0.01757095,1.6972636
2012-03-25,8,23,14.999999999999998,10.91205,1.7533664
2012-08-06,13,93,0.0,-0.0084531205,1.7362841
2012-05-02,5,20,1.0,1.1840954,2.5503252
2012-02-07,1,99,0.0,5.8889873e-05,1.664123
2012-08-18,34,9,82.99999999999997,74.70088,2.9193575
2012-08-22,14,70,0.0,-0.08361354,1.6799886
2012-01-12,31,98,0.0,0.004931285,1.6557882
2012-07-24,22,68,53.00000000000001,38.069454,2.5352263
2012-03-16,26,2,3.0,2.1122983,2.2823272
2012-02-14,4,96,0.0,0.0068401676,1.6934031
2012-03-08,12,37,20.0,13.143356,1.6117622
2012-05-24,39,9,1.9999999999999996,7.6838145,2.392002
2012-02-15,38,9,84.00000000000001,45.11274,2.490341
2012-03-30,25,45,89.99999999999997,67.74047,2.836397
2012-03-20,1,40,0.0,-0.092236206,1.6937722
2012-07-05,1,93,0.0,0.0048767705,1.6540562
2012-05-06,21,91,3.0,2.1093793,2.456903
2012-02-10,42,5,112.00000000000003,60.36092,2.8583002
2012-07-28,9,42,12.0,12.345852,1.6911588
2012-07-14,11,110,0.0,-0.013065243,1.6824474
2012-02-26,14,9,4.000000000000001,16.279348,2.5311701
2012-05-05,31,9,84.00000000000001,56.794514,2.7121432
2012-01-18,32,93,0.0,-0.005552228,1.6082095
2012-05-28,15,49,0.0,0.0094284555,1.6999022
2012-07-30,1,47,0.0,0.018261429,1.9198289
2012-08-23,12,79,0.0,0.011334862,1.6675323
2012-01-19,9,93,1.9999999999999996,2.9160237,2.112684
2012-07-22,17,37,75.0,52.2388,2.5802417
2012-07-23,25,50,0.0,0.01996,1.706328
2012-01-07,19,39,0.0,-0.057895623,1.7907141
2012-08-14,15,5,36.99999999999999,93.53258,3.272645
2012-08-04,15,61,1.0,2.0532618,2.7636902
2012-03-30,36,1,0.0,-0.037986428,1.6317079
2012-04-19,18,72,0.0,-0.09828748,1.6961545
2012-06-01,20,18,1.0,3.575118,2.866841
2012-06-18,28,5,44.000000000000014,50.403366,2.591037
2012-03-07,29,41,16.0,17.88833,1.7648346
2012-02-04,43,16,118.99999999999997,63.43593,2.6196275
2012-02-13,12,79,3.0,2.7655134,2.262569
2012-08-03,41,68,26.0,42.976593,2.468308
2012-08-16,19,88,0.0,0.006433604,1.7210348
2012-03-23,24,76,1.0,2.3033352,2.3368082
2012-03-02,31,104,0.0,0.00400134,1.6756852
2012-05-05,22,9,87.00000000000003,78.73475,2.8720334
2012-01-29,21,91,1.9999999999999996,1.7671509,2.6385415
2012-01-24,1,99,0.0,0.0014598136,1.6104525
2012-02-07,3,93,0.0,0.004314312,1.6306041
2012-06-22,15,93,1.9999999999999996,4.6286516,2.5712478
2012-03-19,19,16,13.000000000000004,21.892849,2.1848671
2012-03-04,41,61,1.9999999999999996,2.2299194,2.4025078
2012-05-27,28,35,0.0,-0.08972142,1.7450327
2012-01-15,1,40,1.0,7.240453,1.7688018
2012-04-01,4,101,0.0,-0.0021590898,1.8048457
2012-03-28,11,87,0.0,-0.0055523943,1.6024226
2012-01-29,21,44,97.00000000000003,107.4212,3.5943913
2012-02-09,24,76,0.0,-0.0063802595,1.7948008
2012-03-28,1,9,24.000000000000007,13.473739,2.4695644
2012-07-27,23,29,1.0,1.788343,2.3450127
2012-01-23,10,21,1.0,1.7362078,2.3023179
2012-01-14,34,9,54.000000000000014,63.356674,2.6356177
2012-08-06,31,9,71.0,77.36566,2.895744
2012-02-02,8,100,0.0,-0.002580832,1.6828661
2012-02-09,10,21,1.0,1.7609253,2.568982
2012-04-20,27,68,37.99999999999999,39.904793,2.6607563
2012-04-20,42,82,1.0,2.0983424,2.3275535
2012-01-04,33,44,185.00000000000009,215.35431,3.8921733
2012-03-07,23,5,54.000000000000014,39.929005,2.8854117
2012-02-01,45,50,0.0,-0.017538447,1.7356731
2012-01-30,34,45,102.0,78.77301,2.9673219
2012-03-05,32,93,0.0,0.000275651,1.6319636
2012-08-22,20,74,1.9999999999999996,2.5448747,2.2932827
2012-03-21,25,81,12.0,7.215733,2.175544
2012-01-26,9,105,0.0,-0.0056116926,1.6372987
2012-07-23,8,93,1.9999999999999996,3.2261462,2.1076672
2012-04-27,25,84,0.0,0.05207864,1.7379801
2012-05-03,13,5,65.99999999999997,49.925552,3.0057158
2012-01-01,9,45,71.99999999999999,79.087524,3.0205963
2012-06-18,45,9,3.0,10.222549,2.3633034
2012-06-03,20,5,146.99999999999994,106.7232,3.2026892
2012-04-11,45,26,0.0,0.01389316,1.6347862
2012-04-24,18,57,0.0,-0.011018842,1.6363755
2012-02-23,42,82,1.0,2.3653395,2.2793121
2012-05-07,17,71,3.0,2.1302073,2.6915815
2012-02-14,27,80,1.0,2.4324284,2.1380649
2012-05-09,18,57,0.0,-0.021840211,1.6328436
2012-01-13,14,9,21.000000000000004,13.748957,2.5248773
2012-05-13,34,84,0.0,-0.018488908,1.7059039
2012-01-26,12,79,0.0,-0.0007734905,1.6882763
2012-07-04,14,93,4.000000000000001,2.7128875,2.2295318
2012-05-11,36,1,1.9999999999999996,3.8717422,2.4314337
2012-04-17,13,36,76.00000000000003,67.181465,2.837216
2012-01-09,44,94,0.0,-0.009691224,1.7140408
2012-01-09,45,34,0.0,-0.05933696,1.7262167
2012-06-26,37,5,38.99999999999998,49.36536,2.7854521
2012-07-11,43,93,0.0,-0.0059772693,1.6351789
2012-06-07,32,51,0.0,0.0061330004,1.6359433
2012-01-29,8,100,0.0,-0.009113877,1.6564143
2012-08-06,11,61,4.000000000000001,1.8079203,2.36867
2012-03-14,1,93,0.0,0.004618405,1.6063257
2012-06-13,29,41,26.999999999999996,23.191061,1.8272876
2012-07-18,14,93,8.000000000000005,3.9382174,2.2086177
2012-07-08,35,16,33.99999999999998,35.805965,2.1224012
2012-06-30,42,82,1.9999999999999996,2.346706,2.4567816
2012-05-03,20,18,1.0,2.2410383,2.4791017
2012-02-11,41,86,0.0,-0.0014384218,1.6564562
2012-01-10,10,86,0.0,-0.006860964,1.6504474
2012-03-20,22,93,1.0,4.2314377,2.2421882
2012-03-11,8,5,45.0,39.139835,2.7528837
2012-01-24,17,9,50.0,101.2622,3.5873911
2012-03-31,28,35,1.9999999999999996,1.9748982,2.4827096
2012-03-13,2,93,0.0,-0.00032413023,1.6761281
2012-06-24,24,6,31.0,43.011375,2.3925114
2012-03-14,15,49,0.0,0.020227056,1.6954894
2012-05-30,11,86,0.0,-0.013885967,1.6471077
2012-04-06,37,15,0.0,0.042196624,1.6213596
2012-05-12,41,93,0.0,0.004475944,1.6725545
2012-06-02,3,45,117.00000000000004,103.77657,3.1119378
2012-04-03,9,10,0.0,-0.06739672,1.7024719
2012-06-28,31,9,28.000000000000004,28.519041,2.295384
2012-08-12,41,68,25.000000000000004,50.728947,2.5795202
2012-04-20,11,61,0.0,-0.0059636324,1.6716725
2012-06-08,16,77,0.0,-0.0024562422,1.8041763
2012-03-19,14,25,21.000000000000004,14.140411,2.2708952
2012-03-20,15,15,0.0,0.05967417,1.6801593
2012-06-21,9,105,0.0,0.012448264,1.6635678
2012-06-14,24,43,36.99999999999999,44.94452,2.6882744
2012-04-07,19,88,0.0,-0.012300203,1.6769153
2012-08-13,20,74,1.9999999999999996,2.7929049,2.323204
2012-08-01,17,9,205.00000000000003,116.901924,3.51743
2012-02-21,32,9,35.99999999999998,37.74468,2.4197958
2012-02-23,1,40,0.0,-0.051708467,1.6556807
2012-05-09,44,105,0.0,0.015825503,1.7060195
2012-08-14,8,93,0.0,-0.022743361,1.6856288
2012-01-10,1,40,0.0,-0.08750383,1.8036534
2012-01-20,34,45,99.00000000000004,66.839165,2.8332415
2012-07-08,1,89,0.0,-0.013390603,1.7106943
2012-03-08,16,85,0.0,0.010483601,1.7029555
2012-03-21,3,93,0.0,0.00064503285,1.689247
2012-07-27,10,21,1.9999999999999996,1.5606425,2.381095
2012-02-09,28,5,14.0,36.28474,2.6589415
2012-04-28,31,98,0.0,0.004713471,1.6665316
2012-02-01,22,78,0.0,0.0013127829,1.6683006
2012-05-30,31,67,0.0,-0.026318809,1.6337836
2012-01-10,40,45,45.0,52.967556,2.8858907
2012-08-03,44,68,68.00000000000001,55.257812,2.5843341
2012-07-05,28,35,0.0,-0.077418506,1.7802826
2012-04-25,13,93,0.0,-0.01272581,1.6482999
2012-04-13,22,54,0.0,0.0027922061,1.6581434
2012-02-03,40,15,0.0,0.076062895,1.6980371
2012-01-03,34,52,3.0,2.3599458,2.2954316
2012-08-22,41,68,29.000000000000004,36.846146,2.5764868
2012-02-08,11,110,0.0,-0.0020810992,1.6248817
2012-01-19,27,80,0.0,-0.034528848,1.6590405
2012-07-29,40,51,0.0,-0.025399227,1.720334
2012-03-31,44,105,0.0,-0.024521112,1.7425121
2012-07-01,28,5,109.99999999999997,66.94652,2.8335643
2012-01-01,5,32,1.0,2.7903802,2.4035287
2012-07-14,14,25,16.0,31.551615,2.4930103
2012-01-10,37,105,0.0,-0.005542277,1.6410114
2012-01-13,15,17,0.0,0.047354896,1.7985333
2012-05-05,23,29,1.9999999999999996,1.7522988,2.7110577
2012-03-09,44,5,22.0,29.033638,2.5653043
2012-06-13,40,15,0.0,-0.020621585,1.6238374
2012-06-09,19,88,0.0,-0.022537164,1.6801826
2012-03-19,12,79,0.0,-0.0018152974,1.6928523
2012-06-26,13,46,1.0,5.5863175,2.4923763
2012-02-05,36,44,123.00000000000003,114.36733,3.475077
2012-01-04,21,109,0.0,-0.0032170797,1.7832359
2012-05-31,40,106,0.0,-0.00638236,1.6059332
2012-02-13,39,36,3.0,9.158274,2.2574887
2012-05-21,20,93,1.9999999999999996,5.493863,2.2462168
2012-07-15,45,34,0.0,-0.04917415,1.6847707
2012-07-24,24,97,0.0,0.0054808343,1.6755311
2012-03-06,29,41,22.0,22.858131,1.8586402
2012-04-22,17,48,138.00000000000009,168.69484,3.7291007
2012-05-29,25,9,72.99999999999997,44.55513,2.6863837
2012-06-24,16,93,0.0,-0.0012812257,1.8425803
2012-08-03,13,5,141.00000000000003,107.90344,3.3732586
2012-08-07,13,5,112.00000000000003,103.87819,3.3060548
2012-03-18,12,93,11.0,3.6418638,2.2571762
2012-03-06,8,23,7.000000000000002,9.456369,1.647053
2012-08-08,4,101,0.0,-0.0010355164,1.716724
2012-07-21,25,84,0.0,0.02418009,1.7379473
2012-08-04,1,93,5.9999999999999964,4.0737944,2.1506913
2012-01-22,22,9,97.00000000000003,72.95722,2.8595095
2012-08-07,40,55,0.0,-0.0068407943,1.6637859
2012-01-21,7,7,0.0,-0.009248017,1.7146497
2012-02-27,17,48,135.00000000000006,133.43837,3.420979
2012-02-08,25,93,1.0,3.6328115,2.2258317
2012-03-22,24,76,0.0,-0.006842287,1.6074438
2012-02-24,1,9,24.000000000000007,26.47694,2.2120836
2012-07-06,15,93,5.9999999999999964,4.757352,2.2758865
2012-07-18,24,6,25.000000000000004,28.44652,2.3335521
2012-01-02,25,93,0.0,0.050649222,1.8244815
2012-01-14,13,93,0.0,-0.009863331,1.7693679
2012-06-25,36,1,3.0,2.6969335,2.2277112
2012-01-19,1,9,35.0,35.448708,2.6486003
2012-08-09,44,68,52.00000000000001,39.08194,2.598949
2012-06-15,16,16,31.999999999999986,32.556522,2.1637218
2012-06-24,27,68,47.99999999999999,55.296963,2.8576233
2012-06-30,17,9,109.99999999999997,145.04007,3.725103
2012-04-19,5,93,14.0,3.976982,2.0973492
2012-01-01,14,70,1.9999999999999996,1.5918149,2.4350576
2012-07-05,24,6,84.99999999999997,48.28037,2.5606222
2012-04-08,37,45,64.99999999999997,74.69078,2.8893049
2012-07-31,33,44,160.99999999999994,176.74405,3.7927468
2012-05-27,1,47,0.0,0.021591308,2.3197286
2012-06-17,1,89,0.0,-0.0004558009,1.6606604
2012-01-22,20,5,75.0,88.84277,3.0855331
2012-01-02,3,109,0.0,0.0073016863,1.7476275
2012-01-22,30,49,0.0,0.013209403,1.7170321
2012-03-27,40,15,0.0,0.024586223,1.7439005
2012-02-10,27,9,44.000000000000014,51.8971,2.5557294
2012-06-30,6,9,26.0,42.999763,2.5277944
2012-07-23,33,85,0.0,0.025346799,1.7306647
2012-04-01,41,16,48.99999999999999,40.806507,2.3728573
2012-07-25,10,86,4.000000000000001,1.619412,2.2715518
2012-08-17,21,5,44.000000000000014,47.058655,2.687188
2012-08-12,25,81,10.000000000000002,13.3729925,1.9753567
2012-03-12,29,45,93.0,76.783554,2.9075496
2012-05-27,7,95,0.0,0.009915311,1.6715636
2012-01-03,33,92,1.0,2.2047627,2.6203775
2012-07-01,27,80,0.0,-0.02637884,1.6872449
2012-04-07,43,3,5.0,2.2768044,2.3570395
2012-05-02,38,98,0.0,0.009635633,1.8575017
2012-03-17,39,103,0.0,0.008827218,1.6276971
2012-03-15,2,5,78.99999999999997,53.407974,2.8868897
2012-04-02,40,45,58.000000000000014,78.90938,2.9001074
2012-04-06,15,93,0.0,0.014430637,1.8004603
2012-02-18,19,83,18.999999999999996,9.658832,1.9451451
2012-08-05,30,44,315.9999999999999,220.34605,3.8943403
2012-01-26,22,78,0.0,-0.0061442195,1.7303394
2012-01-12,25,12,0.0,-0.032021493,1.7705567
2012-07-09,11,68,55.00000000000002,42.27084,2.3736122
2012-05-01,16,85,0.0,0.002549423,1.811498
2012-08-21,18,5,8.000000000000005,14.966592,2.7994459
2012-01-24,13,104,0.0,-0.0009997323,1.7101994
2012-05-01,19,16,9.000000000000002,15.050988,2.327461
2012-04-07,9,5,116.00000000000003,68.94878,2.9298172
2012-05-25,39,111,0.0,-0.0028427101,1.6355017
2012-01-12,1,99,0.0,0.024309702,1.6490848
2012-05-15,45,4,0.0,0.0040334132,1.6567779
2012-07-30,37,15,0.0,-0.0050820457,1.7243848
2012-05-26,31,98,0.0,-0.0076941843,1.6608981
2012-03-17,45,22,0.0,0.016845249,1.6802876
2012-05-29,14,50,0.0,-0.014961731,1.6581281
2012-06-30,4,97,0.0,-0.0032638635,1.7343951
2012-03-14,11,87,0.0,-0.0015914016,1.6445124
2012-03-04,22,93,11.0,6.55491,2.4878592
2012-06-03,3,5,91.00000000000001,79.26495,2.9128323
2012-03-01,5,16,23.000000000000004,25.601318,2.1973667
2012-01-17,34,93,0.0,0.00566373,1.6725798
2012-01-28,36,30,1.9999999999999996,2.3264723,2.4406526
2012-01-08,41,16,82.99999999999997,51.594734,2.4588127
2012-04-11,21,91,1.9999999999999996,1.9896289,2.4724696
2012-01-15,27,21,1.0,1.6294432,2.5169609
2012-01-16,9,105,0.0,-0.0038356648,1.6391505
2012-02-28,10,37,9.000000000000002,10.368639,1.5921024
2012-03-21,32,19,0.0,-0.07514926,1.6828321
2012-07-14,22,78,1.9999999999999996,2.4211483,2.3483098
2012-02-29,22,9,30.0,32.781414,2.5667138
2012-01-18,23,29,0.0,-0.06672091,1.6737696
2012-05-20,43,105,0.0,0.0036150177,1.630839
2012-07-06,42,45,71.0,76.5674,2.9284208
2012-02-26,42,45,71.0,75.75863,2.9197469
2012-01-13,40,106,0.0,-0.006371348,1.7033496
2012-01-07,40,51,0.0,-0.006372469,1.7758871
2012-04-30,11,9,17.999999999999996,40.204758,2.449742
2012-05-24,25,81,11.0,8.365606,2.113142
2012-01-02,11,61,0.0,0.030220795,1.682797
2012-02-05,31,45,113.00000000000003,96.78604,3.0609736
2012-07-29,41,68,40.999999999999986,44.004295,2.799426
2012-02-22,12,16,22.0,26.859459,2.5947714
2012-04-29,18,37,7.000000000000002,14.101757,1.9783016
2012-05-01,25,84,1.0,2.1501102,2.4379122
2012-02-26,9,10,3.0,3.6425185,2.067922
2012-05-24,34,84,1.0,1.7537527,2.2283273
2012-05-18,23,29,1.9999999999999996,1.26098,2.5525675
2012-02-24,18,37,5.9999999999999964,10.030799,1.7089727
2012-03-15,4,93,0.0,-0.018296681,1.6845236
2012-02-17,8,23,9.000000000000002,9.025373,1.6089773
2012-01-01,40,45,47.99999999999999,76.366776,2.955182
2012-06-27,45,34,0.0,0.047220327,1.5794648
2012-06-24,43,105,0.0,0.0050384384,1.7795522
2012-03-22,27,80,0.0,-0.03011492,1.6348834
2012-01-10,28,5,77.0,57.055862,2.8888192
2012-02-25,4,96,0.0,-0.013942192,1.8248644
2012-08-05,7,95,0.0,-0.0042648893,1.7427208
2012-02-25,20,74,0.0,0.02170248,1.7465773
2012-01-01,4,9,61.00000000000001,89.40889,3.0605888
2012-01-01,36,44,94.0,89.66696,3.3355627
2012-06-16,23,56,1.9999999999999996,2.0745864,2.5724294
2012-08-02,15,45,89.0,81.62567,2.9746344
2012-06-13,44,62,1.0,2.0167174,2.3646905
2012-08-14,43,105,0.0,-0.0014659298,1.624959
2012-02-04,34,84,0.0,0.009486175,1.7134976
2012-06-05,43,3,5.0,1.9581687,2.3917954
2012-02-14,3,102,0.0,0.020191228,1.7119653
2012-05-14,5,20,0.0,-0.008208409,1.6669948
2012-04-14,16,93,0.0,-0.0114581315,1.8360177
2012-08-01,37,53,0.0,-0.01632031,1.7044938
2012-05-03,40,55,3.0,2.052141,2.2353706
2012-03-04,4,97,0.0,-0.012168631,1.8359796
2012-02-07,15,93,0.0,0.015184928,1.7350379
2012-03-10,14,50,1.0,2.2801356,2.4174929
2012-05-09,16,64,0.0,0.011675275,1.7056825
2012-04-21,16,93,70.00000000000007,3.6015224,2.5402555
2012-03-25,39,9,1.9999999999999996,4.535864,2.5565116
2012-02-25,45,26,10.000000000000002,4.9976687,2.0997882
2012-03-03,38,9,208.0,101.99921,3.1093922
2012-01-24,5,93,0.0,-0.004893628,1.5916623
2012-08-19,15,49,0.0,0.021260792,1.8186957
2012-05-25,19,83,13.000000000000004,6.1956444,1.8282562
2012-07-17,30,13,3.0,3.246163,2.025436
2012-03-31,33,44,187.0,217.42978,3.9112728
2012-08-20,10,86,1.9999999999999996,1.9531391,2.2667193
2012-06-02,31,98,0.0,0.0074571767,1.7068654
2012-02-12,20,106,0.0,0.0017737264,1.8497084
2012-04-05,8,23,10.000000000000002,7.158739,1.9028018
2012-02-04,13,5,109.99999999999997,115.022285,3.254516
2012-06-29,9,10,0.0,-0.043440863,1.7594701
2012-05-19,32,93,0.0,-0.0035896648,1.6848221
2012-03-09,9,5,46.99999999999997,45.490242,2.7981327
2012-07-19,15,93,0.0,0.006315307,1.696684
2012-01-02,31,98,0.0,-0.0038128318,1.6927552
2012-06-08,43,93,1.9999999999999996,4.349,2.142142
2012-06-18,35,24,0.0,0.18803498,1.7882565
2012-03-20,23,56,4.000000000000001,2.1060188,2.4911478
2012-02-19,4,93,0.0,-0.0051599983,1.8057702
2012-01-28,11,86,0.0,-0.0120838685,1.6841645
2012-05-21,15,45,121.00000000000003,96.03366,3.1569629
2012-06-07,14,25,10.000000000000002,29.726519,2.7041278
2012-04-23,11,87,0.0,-0.017972367,1.6169744
2012-07-27,11,87,0.0,-0.020522693,1.6835921
2012-05-02,32,93,5.0,3.7784328,2.0563931
2012-01-31,1,47,0.0,0.0091654,2.0142503
2012-03-31,30,49,0.0,0.01729241,1.6908303
2012-07-31,21,44,87.99999999999999,107.65188,3.4918933
2012-05-02,32,9,13.000000000000004,35.408504,2.3822877
2012-06-17,4,27,5.0,5.456857,2.1788187
2012-06-07,44,105,0.0,-0.108361326,1.7892079
2012-07-04,28,2,0.0,0.00046654773,1.7137995
2012-04-12,28,5,16.0,41.08161,2.5091834
2012-03-01,16,85,0.0,-0.009272692,1.731691
2012-02-23,42,45,65.99999999999997,64.63366,2.9270084
2012-07-10,9,105,0.0,-0.013454268,1.6664628
2012-04-09,11,110,0.0,-0.0037048375,1.6562626
2012-08-02,4,97,0.0,0.013782922,1.6986582
2012-08-03,21,91,4.000000000000001,1.7183111,2.3329346
2012-07-21,34,9,47.99999999999999,43.286724,2.4150739
2012-06-27,29,8,13.000000000000004,24.410524,1.9914213
2012-03-06,33,92,0.0,0.0129667,1.8108879
2012-05-28,22,78,8.000000000000005,3.7050037,2.3874729
2012-02-07,20,106,0.0,0.010583493,1.7011844
2012-03-29,39,9,5.9999999999999964,5.352367,2.388779
2012-04-14,29,8,23.000000000000004,26.65131,1.9899158
2012-05-21,43,93,0.0,0.0022822446,1.5992827
2012-05-09,36,44,92.00000000000003,79.72589,3.0335715
2012-05-30,14,25,7.000000000000002,11.855457,2.2225916
2012-05-03,39,36,8.000000000000005,6.994459,2.374348
2012-05-10,25,9,102.0,70.55602,2.7753198
2012-01-13,29,45,82.99999999999997,64.51494,2.7570822
2012-01-21,11,110,0.0,-0.005818627,1.6529564
2012-06-28,20,5,73.99999999999997,66.47021,2.941394
2012-02-09,25,81,10.000000000000002,9.0823965,2.1208112
2012-04-20,21,5,37.99999999999999,39.072136,2.5847914
2012-02-28,11,61,1.0,1.7222974,2.2608633
2012-02-08,21,5,58.999999999999986,37.000305,2.594909
2012-04-23,25,9,97.99999999999999,54.829166,2.7542982
2012-06-19,39,9,5.9999999999999964,5.2468853,2.5112948
2012-05-01,26,5,105.99999999999996,63.516785,2.986629
2012-06-01,34,9,51.00000000000003,75.39695,2.8093593
2012-06-16,40,15,0.0,0.07894731,1.7633578
2012-05-25,42,5,22.0,39.7473,2.437824
2012-06-18,39,36,13.000000000000004,8.615485,2.3899357
2012-07-18,13,36,87.00000000000003,91.56642,3.0596495
2012-06-18,34,45,81.00000000000001,62.09481,2.898934
2012-01-07,3,93,0.0,0.0139945205,1.6665019
2012-01-21,44,68,68.00000000000001,74.113785,2.8763263
2012-02-15,31,9,50.0,37.653603,2.4022112
2012-04-03,24,6,48.99999999999999,51.426933,2.6186488
2012-07-28,35,24,0.0,-0.10367337,1.805617
2012-04-18,43,73,1.9999999999999996,1.6016386,2.3680327
2012-02-13,16,39,0.0,0.06594808,1.7462788
2012-07-30,37,45,44.000000000000014,63.95465,2.8277044
2012-08-04,25,12,0.0,-0.0316157,1.8182613
2012-01-09,43,16,69.00000000000003,64.67223,2.6466587
2012-04-24,11,86,0.0,0.0018356094,1.6316024
2012-06-10,42,45,141.00000000000003,107.0896,3.2337317
2012-03-23,22,54,0.0,0.030787507,1.725881
2012-03-06,24,97,0.0,-0.014708458,1.6460353
2012-05-22,3,93,0.0,0.0026637078,1.6049535
2012-02-15,6,45,54.000000000000014,58.964935,2.7978594
2012-08-23,9,105,0.0,-0.013319395,1.6296978
2012-06-05,4,27,4.000000000000001,7.8610682,1.9788114
2012-01-25,10,86,0.0,-0.009467722,1.6191016
2012-05-23,19,15,0.0,-0.015472444,1.6202857
2012-05-28,8,5,35.0,25.05286,2.618274
2012-02-03,32,19,0.0,-0.07128967,1.7479788
2012-03-04,4,90,0.0,-0.0153347105,1.8321322
2012-07-16,8,23,5.9999999999999964,16.842474,1.96104
2012-04-18,19,93,0.0,-0.017358169,1.635797
2012-07-23,20,5,157.0,95.819214,3.2244344
2012-08-17,2,93,4.000000000000001,4.0970387,2.2503257
2012-05-06,42,5,29.000000000000004,45.425156,2.6785846
2012-06-19,15,45,96.0,104.67062,3.2702413
2012-02-01,43,3,0.0,-0.049449697,1.6937008
2012-03-18,41,86,1.0,1.4542645,2.299853
2012-07-24,35,63,0.0,-0.011773425,1.6696943
2012-02-16,1,99,0.0,0.022730106,1.5905352
2012-06-13,20,93,1.0,5.3693767,2.1791317
2012-01-18,40,51,0.0,-0.0014783068,1.6314871
2012-08-08,44,94,0.0,-0.0042779525,1.656259
2012-05-06,39,111,0.0,0.013693009,1.6881447
2012-07-29,27,80,1.9999999999999996,1.77105,2.2872248
2012-01-19,19,88,0.0,-0.0282089,1.6409174
2012-08-01,13,5,67.00000000000001,114.80142,3.3371656
2012-04-27,3,5,63.99999999999998,45.010685,2.6706777
2012-01-26,6,45,42.99999999999999,60.42462,2.8094537
2012-01-26,11,9,31.999999999999986,35.910515,2.649594
2012-07-26,26,5,35.0,31.728443,2.641282
2012-05-11,28,45,47.99999999999999,52.47027,2.8639863
2012-06-16,35,24,0.0,0.16047414,1.788337
2012-07-03,44,94,1.0,2.1441422,2.7236552
2012-05-11,2,85,1.0,2.141862,2.3113973
2012-03-29,41,108,0.0,-0.005994885,1.6041743
2012-04-16,17,37,40.00000000000001,49.14858,2.504919
2012-04-08,19,88,1.0,1.9244155,2.361003
2012-07-15,25,9,143.0,85.254196,3.0672596
2012-06-01,23,5,33.00000000000001,43.922234,2.919076
2012-05-11,6,107,0.0,0.010047597,1.6368201
2012-03-26,26,45,35.0,56.624535,2.9020452
2012-03-23,32,19,1.0,1.8518918,2.4245732
2012-01-18,14,93,5.9999999999999964,2.9369476,2.1219692
2012-02-12,5,16,50.0,30.571115,2.2293386
2012-01-17,20,74,0.0,-0.001709903,1.7504555
2012-01-17,32,51,1.9999999999999996,2.1272402,2.307264
2012-04-11,38,45,97.99999999999999,80.72928,2.985624
2012-02-15,15,45,92.00000000000003,93.864426,3.194797
2012-07-31,18,72,0.0,-0.021518232,1.6603614
2012-05-03,21,91,0.0,0.0065314514,1.6426529
2012-06-25,6,9,70.00000000000007,38.3854,2.4805033
2012-02-19,13,5,89.99999999999997,110.91499,3.2453978
2012-07-04,5,93,5.0,3.515522,2.0738323
2012-02-01,1,28,3.0,3.1152778,2.2950974
2012-03-13,28,2,0.0,-0.025981778,1.7176133
2012-02-12,38,98,0.0,0.007974577,1.7802938
2012-06-21,32,58,0.0,-0.00023633639,1.6065041
2012-06-16,14,93,0.0,-0.019251175,1.6766788
2012-03-24,4,27,3.0,4.52875,2.203584
2012-03-30,18,5,5.0,10.08739,2.7358606
2012-06-07,21,5,55.00000000000002,47.262466,2.7749076
2012-07-02,32,58,10.000000000000002,2.0513308,2.489377
2012-07-07,37,15,0.0,0.026743907,1.6707788
2012-08-04,22,93,0.0,-0.014109771,1.740051
2012-02-01,19,15,0.0,-0.029948115,1.6832862
2012-01-17,27,93,1.9999999999999996,3.8819046,2.0637553
2012-02-17,1,51,0.0,0.0041334163,1.5887064
2012-08-15,5,32,0.0,0.04473538,1.5799017
2012-04-02,27,9,17.999999999999996,31.962023,2.3921766
2012-07-16,2,85,0.0,-0.0097366655,1.7025251
2012-01-03,22,54,0.0,-0.023005383,1.7519174
2012-07-12,29,8,67.00000000000001,25.523758,1.9795598
2012-04-28,11,9,55.00000000000002,46.339264,2.6929557
2012-03-13,19,75,0.0,-0.011275665,1.6340212
2012-08-06,23,29,1.0,1.7555618,2.7249162
2012-03-25,13,36,113.00000000000003,93.096924,3.067316
2012-04-21,11,87,0.0,0.0052193403,1.6668555
2012-07-19,34,84,0.0,-0.0060694525,1.648928
2012-06-14,14,25,1.9999999999999996,12.421044,2.162636
2012-07-28,20,41,40.00000000000001,23.265514,1.9861887
2012-05-14,16,93,1.9999999999999996,3.9521627,2.4676294
2012-08-16,37,5,13.000000000000004,26.321266,2.632155
2012-03-17,31,104,0.0,-0.006791447,1.7354931
2012-03-23,30,65,0.0,-0.015265151,1.7022
2012-06-29,4,27,4.000000000000001,6.05703,1.8478825
2012-01-29,12,16,52.00000000000001,36.687202,2.2721221
2012-04-06,22,104,0.0,0.0077933264,1.6817112
2012-03-24,20,5,40.00000000000001,39.89853,2.923035
2012-02-29,22,78,0.0,0.0013894143,1.6481899
2012-01-12,14,25,16.0,12.030478,2.1909115
2012-02-18,2,44,138.00000000000009,153.37627,3.53982
2012-01-12,2,85,1.0,1.8073186,2.3014326
2012-03-06,27,68,31.0,46.649597,2.6379302
2012-05-11,3,5,71.99999999999999,45.91501,2.6250496
2012-07-08,19,75,0.0,0.0019051911,1.654818
2012-07-07,5,105,0.0,-0.00915424,1.6817588
2012-03-27,41,93,3.0,2.863954,2.098331
2012-08-04,30,49,0.0,0.027156895,1.7180821
2012-01-18,1,89,0.0,0.00025385915,1.61865
2012-02-19,20,74,0.0,0.0077000423,1.7719264
2012-04-04,39,103,0.0,-0.0017897937,1.727918
2012-07-09,11,110,0.0,0.0066509,1.7126932
2012-02-29,33,9,78.0,53.492188,2.7246377
2012-03-27,9,42,13.000000000000004,6.661574,1.8870488
2012-06-19,15,17,0.0,-0.00975079,1.81062
2012-06-02,39,103,0.0,0.0029844488,1.7450927
2012-01-30,44,105,0.0,-0.0020674802,1.6107274
2012-05-17,31,104,0.0,0.0047627864,1.5998764
2012-05-28,16,93,0.0,0.01020223,1.7329729
2012-06-24,34,45,151.99999999999997,100.598564,3.1459324
2012-07-13,5,37,12.0,11.729188,1.5736274
2012-03-07,25,12,1.0,2.2750766,2.3166928
2012-03-01,20,18,0.0,-0.013124685,1.7416464
2012-04-27,44,5,30.0,29.093037,2.6948185
2012-07-18,21,5,51.00000000000003,30.454975,2.5846012
2012-03-19,19,69,1.9999999999999996,2.135288,2.3589242
2012-08-10,29,8,30.0,34.821804,2.1916866
2012-01-10,41,61,4.000000000000001,1.9276357,2.319657
2012-01-27,2,93,0.0,0.012798475,1.6101164
2012-05-15,24,97,0.0,-0.015240182,1.7330048
2012-06-04,30,51,0.0,0.0075749755,1.7375517
2012-05-21,20,18,0.0,-0.0386217,1.7444797
2012-06-30,5,20,1.9999999999999996,3.0057712,2.3841243
2012-07-28,27,93,5.9999999999999964,4.887617,2.1216002
2012-03-09,3,2,4.000000000000001,4.1084065,2.4137292
2012-06-10,13,46,1.9999999999999996,1.980743,2.5911202
2012-02-27,29,56,1.9999999999999996,2.168309,2.502842
2012-06-16,20,41,40.00000000000001,27.48477,1.8646294
2012-08-02,35,63,0.0,-0.0022106562,1.6792375
2012-07-05,39,36,12.0,15.4661455,2.1909528
2012-07-28,28,35,0.0,-0.044886645,1.7083125
2012-04-08,41,86,0.0,-0.011073162,1.6869242
2012-07-24,30,49,0.0,0.0069460105,1.7268287
2012-02-16,2,11,0.0,-0.05405064,1.6784825
2012-05-03,4,97,0.0,0.02138236,1.7177223
2012-04-23,43,73,0.0,-0.01704286,1.6226763
2012-06-19,5,32,1.0,1.6400034,2.3348017
2012-06-29,20,18,0.0,0.009342004,1.7442529
2012-06-15,41,93,10.000000000000002,5.6900973,2.244816
2012-07-27,18,5,37.99999999999999,18.245693,2.864579
2012-05-02,23,56,1.0,2.1498737,2.356373
2012-05-20,2,85,0.0,-0.010545098,1.6518399
2012-06-25,25,45,84.00000000000001,60.449608,2.8725605
2012-03-04,29,8,31.0,38.559002,2.2169456
2012-02-09,5,37,5.0,5.752329,1.9726776
2012-07-15,4,93,0.0,-0.008906357,1.7980869
2012-05-19,3,45,80.00000000000003,98.24409,3.0949643
2012-02-16,22,78,0.0,-0.0047292975,1.6491101
2012-07-19,20,18,1.0,1.8826565,2.5948644
2012-03-04,25,50,0.0,0.054090463,1.8935071
2012-01-20,38,52,0.0,-0.005746324,1.7513967
2012-04-25,1,89,0.0,0.0025196185,1.5898595
2012-06-12,43,73,0.0,-0.016394455,1.678996
2012-02-11,45,50,0.0,-0.0019302926,1.6960642
2012-07-31,11,110,0.0,-0.030675564,1.6684766
2012-05-06,15,45,158.00000000000014,134.97717,3.4112723
2012-03-28,12,37,14.0,9.178619,2.0000527
2012-03-05,37,45,55.00000000000002,73.91126,2.896762
2012-08-19,31,98,1.0,2.060265,2.6016183
2012-02-21,4,27,3.0,3.6712174,2.1578884
2012-08-11,35,105,0.0,0.012040091,1.6787254
2012-05-08,16,39,0.0,0.021441428,1.8829262
2012-07-09,7,7,0.0,0.023592506,1.703422
2012-02-14,31,98,0.0,-0.009524577,1.6271765
2012-02-25,44,62,1.9999999999999996,2.0509875,2.5071585
2012-08-17,24,43,44.000000000000014,52.96197,2.6960247
2012-07-11,9,105,0.0,-0.0015154931,1.6770775
2012-01-02,39,36,13.000000000000004,12.43401,2.2201905
2012-05-05,33,9,266.00000000000006,143.19191,3.5340173
2012-07-12,23,45,30.0,52.289482,3.0665486
2012-01-08,17,37,99.00000000000004,62.02544,2.6754332
2012-04-13,2,11,0.0,-0.099746384,1.7196192
2012-03-06,34,84,0.0,0.02134571,1.6415169
2012-03-15,30,51,0.0,-0.011887619,1.7332283
2012-08-03,4,97,0.0,0.006692083,1.7164137
2012-08-07,5,93,0.0,0.002941539,1.6670891
2012-03-14,31,93,3.0,3.7356653,2.090453
2012-02-10,36,44,82.00000000000003,104.70026,3.3606265
2012-02-03,19,88,0.0,-0.015118558,1.6879938
2012-03-31,9,45,87.99999999999999,68.09038,2.9944458
2012-06-14,1,99,0.0,0.021437397,1.6375741
2012-06-10,11,110,0.0,0.011488506,1.78498
2012-03-27,16,85,0.0,-0.000687892,1.7353108
2012-07-13,38,45,78.0,92.37294,3.0164425
2012-04-09,19,88,0.0,-0.011515515,1.6474648
2012-06-17,44,93,0.0,0.002683616,1.6368921
2012-02-26,22,68,89.0,65.45279,2.6979415
2012-02-12,6,45,71.0,62.88009,3.0470195
2012-06-28,11,110,0.0,0.0018017347,1.6239188
2012-06-03,14,25,13.000000000000004,13.020704,2.3757572
2012-02-27,14,70,0.0,-0.017414784,1.6173975
2012-02-23,43,105,0.0,0.002059557,1.6314391
2012-06-04,1,89,0.0,-0.013257043,1.6989446
2012-05-20,3,109,0.0,-0.0058576367,1.698323
2012-01-12,13,36,76.00000000000003,53.75241,2.8343022
2012-01-11,29,8,13.000000000000004,27.008768,2.04614
2012-02-12,6,9,124.00000000000004,62.636566,2.7103012
2012-04-12,26,5,84.99999999999997,50.86699,2.8219016
2012-01-06,34,93,3.0,3.338604,2.216261
2012-07-29,26,5,60.00000000000001,64.1805,2.977348
2012-01-19,3,102,0.0,0.012185181,1.6129191
2012-08-16,23,29,0.0,0.007870831,1.6555622
2012-02-07,10,86,0.0,-0.0042620976,1.6723213
2012-04-08,8,59,0.0,-0.007987527,1.675373
2012-08-13,30,65,0.0,0.025787098,1.6675668
2012-02-27,37,15,0.0,-0.01058924,1.6363889
2012-05-28,23,5,30.0,29.696402,2.5945396
2012-05-04,40,45,68.00000000000001,76.18593,2.8422463
2012-03-11,40,93,0.0,-0.011034214,1.6799167
2012-05-10,9,105,0.0,-0.00016180411,1.62323
2012-01-24,29,41,31.999999999999986,21.056217,1.8325177
2012-05-14,23,29,1.0,1.3030455,2.4770331
2012-08-23,11,68,24.000000000000007,40.9094,2.5887744
2012-05-31,12,86,0.0,0.002929726,1.655419
2012-05-29,44,93,4.000000000000001,3.9924803,2.1390474
2012-02-23,29,56,1.9999999999999996,2.0811958,2.398961
2012-01-30,19,69,1.9999999999999996,2.2597651,2.3020494
2012-02-19,41,86,0.0,0.0035189516,1.674536
2012-03-04,40,51,0.0,-0.00708971,1.6995032
2012-06-19,24,76,0.0,-0.014178278,1.622781
2012-05-22,41,86,0.0,-0.014108162,1.6730058
2012-06-30,33,93,1.9999999999999996,3.7579508,2.3372703
2012-06-11,15,49,0.0,0.021613972,1.7771382
2012-05-24,15,49,0.0,0.016637847,1.7583572
2012-02-18,37,45,80.00000000000003,81.85289,2.9532676
2012-04-12,4,96,0.0,0.012987861,1.703271
2012-08-24,25,84,0.0,0.037550867,1.7096748
2012-05-11,4,90,1.0,1.8598229,2.4938288
2012-07-31,21,5,12.0,34.14059,2.5540712
2012-04-05,14,9,14.999999999999998,11.922377,2.4989033
2012-03-21,23,29,0.0,0.019700097,1.6330906
2012-07-05,15,86,0.0,0.009816889,1.707269
2012-01-31,16,85,0.0,-0.001965906,1.741953
2012-04-23,12,86,0.0,-0.020293146,1.7266756
2012-07-27,40,5,48.99999999999999,42.496315,2.498164
2012-07-07,9,45,94.0,74.14434,2.8948872
2012-07-20,1,9,20.0,22.040253,2.2406757
2012-04-04,27,68,56.00000000000001,47.868484,2.5417383
2012-02-27,2,11,0.0,-0.021871839,1.7046661
2012-05-02,16,85,0.0,0.0034074963,1.794213
2012-02-06,16,39,0.0,0.07800131,1.753178
2012-06-18,15,17,0.0,-0.008200925,1.8041683
2012-05-28,5,16,17.999999999999996,19.36955,2.045975
2012-04-30,33,92,1.0,2.4720232,2.5672002
2012-06-15,15,49,0.0,0.0008218411,1.8007691
2012-08-19,5,16,73.99999999999997,25.198172,2.1159983
2012-04-18,23,45,25.000000000000004,34.553776,2.9118197
2012-04-23,6,9,47.99999999999999,32.32187,2.347623
2012-03-31,17,9,117.00000000000004,163.64745,3.9357967
2012-02-26,20,74,0.0,0.0018868699,1.7939507
2012-08-05,32,51,0.0,-0.010775212,1.7977949
2012-08-17,26,5,45.0,54.47125,2.7057939
2012-04-11,38,86,1.0,1.6780627,2.308099
2012-08-04,9,105,0.0,-0.011943261,1.7990849
2012-01-01,29,56,0.0,0.014890727,1.7851183
2012-05-24,21,44,78.0,97.000626,3.3495119
2012-06-09,1,47,0.0,0.050541982,1.9900801
2012-07-27,11,61,0.0,-0.013888489,1.6150666
2012-02-14,9,93,5.0,2.9457407,2.098154
2012-05-24,3,45,87.00000000000003,69.40554,2.931119
2012-01-01,21,109,0.0,-0.0072003403,1.7951293
2012-05-17,13,5,77.0,68.7796,2.941852
2012-01-25,4,101,0.0,0.0067484626,1.6816739
2012-02-08,27,80,0.0,-0.030538889,1.706796
2012-04-25,14,33,0.0,0.056590073,1.5681432
2012-06-09,15,45,141.00000000000003,129.08138,3.3489697
2012-03-16,4,101,0.0,0.004237216,1.6886417
2012-08-16,12,93,0.0,0.0055527864,1.6889986
2012-04-05,16,50,0.0,0.017362539,1.686394
2012-07-01,22,78,3.0,2.510851,2.442633
2012-05-29,6,9,45.0,28.981754,2.2487495
2012-05-03,37,104,0.0,-0.0045934846,1.7012674
2012-01-14,37,38,0.0,-0.03323932,1.7305974
2012-02-24,11,110,0.0,0.0038972388,1.6089146
2012-07-02,20,106,0.0,0.0022144332,1.7597278
2012-04-05,1,47,0.0,0.006573783,2.3613787
2012-01-11,31,98,0.0,-0.0010090545,1.6375719
2012-07-29,12,86,0.0,-0.014665774,1.7093946
2012-04-27,18,5,18.999999999999996,13.934779,2.6414309
2012-07-15,27,21,1.0,2.781914,2.486508
2012-04-10,5,16,21.000000000000004,25.059868,2.1222389
2012-04-06,28,45,40.999999999999986,51.32365,2.934068
2012-01-01,22,78,0.0,0.0015834705,1.7776617
2012-07-07,20,18,1.0,1.8942873,2.6044497
2012-08-06,16,50,0.0,0.025469733,1.7656322
2012-03-25,18,57,0.0,-0.0006874415,1.7247503
2012-06-07,44,93,0.0,0.00308846,1.7112408
2012-03-19,22,54,0.0,-0.026439693,1.669223
2012-05-17,36,1,0.0,-0.061587907,1.7282126
2012-03-04,29,45,77.0,81.73674,3.0207868
2012-06-11,13,36,138.00000000000009,69.60935,2.7605605
2012-06-12,5,20,1.0,1.2162824,2.548987
2012-06-14,41,16,31.0,35.379898,2.385326
2012-06-18,30,49,0.0,0.008808661,1.7279409
2012-08-20,7,5,121.00000000000003,64.09219,2.8650873
2012-01-08,18,57,0.0,-0.021663591,1.7675563
2012-05-26,41,16,30.0,30.345875,2.1662157
2012-02-19,13,93,0.0,-0.016841143,1.8031542
2012-08-05,38,52,1.9999999999999996,2.014872,2.685423
2012-03-23,40,15,0.0,0.041690715,1.620484
2012-05-09,31,45,65.99999999999997,60.59244,2.8233576
2012-01-23,39,103,0.0,-0.0029758327,1.6776199
2012-03-24,27,80,0.0,-0.034634132,1.6557883
2012-08-22,3,93,0.0,0.0010846211,1.6629333
2012-03-22,30,44,105.99999999999996,77.94678,3.2203612
2012-06-30,15,15,0.0,-0.037678115,1.8504858
2012-05-23,16,85,0.0,0.0022630587,1.6779777
2012-04-24,37,15,0.0,-0.004594087,1.6505108
2012-06-26,14,33,3.0,1.5268874,2.594786
2012-08-07,25,12,1.9999999999999996,2.1748323,2.412194
2012-03-20,41,68,46.99999999999997,51.025677,2.6570663
2012-04-02,25,93,0.0,0.04296508,1.8137836
2012-01-12,24,97,0.0,0.010405484,1.6473668
2012-08-08,36,1,0.0,0.06415859,1.7569646
2012-05-01,10,86,0.0,0.005956437,1.6760567
2012-08-23,10,21,1.9999999999999996,0.8467827,2.5391028
2012-05-26,36,9,31.999999999999986,38.45747,2.3736894
2012-07-17,37,15,0.0,-0.045783676,1.6549697
2012-03-23,22,9,41.99999999999996,37.207237,2.6721482
2012-05-25,45,22,0.0,-0.02702654,1.7499164
2012-08-23,7,7,0.0,-0.0613991,1.8307118
2012-02-16,7,93,0.0,-0.0013372808,1.6046845
2012-05-27,11,110,0.0,0.030340314,1.7630519
2012-04-03,16,64,0.0,0.024252364,1.7071589
2012-06-22,34,93,0.0,0.01822129,1.6248595
2012-04-25,19,83,1.9999999999999996,5.502429,1.8994948
2012-02-14,45,4,0.0,0.09671838,1.7114578
2012-03-07,8,93,0.0,-0.007843407,1.6157846
2012-04-14,11,68,91.00000000000001,63.82102,2.6799269
2012-03-03,3,102,0.0,0.002176588,1.7499866
2012-08-03,12,86,0.0,-0.0031204468,1.7507956
2012-04-19,30,51,0.0,-0.019129606,1.6844525
2012-08-07,22,78,5.0,2.652418,2.2925227
2012-04-10,36,44,67.00000000000001,88.497635,3.285706
2012-07-17,10,86,0.0,-0.012793213,1.6097692
2012-08-09,21,91,0.0,0.0016804481,1.6785437
2012-02-12,14,9,45.0,28.048298,2.6403525
2012-08-01,28,5,65.99999999999997,69.54749,3.0923884
2012-05-30,20,41,20.0,18.228462,1.7638111
2012-05-30,44,105,0.0,-0.0037363905,1.6167214
2012-03-06,33,9,163.99999999999994,101.91197,3.24435
2012-07-17,10,5,61.99999999999999,46.470833,2.7771184
2012-08-13,21,5,45.99999999999995,54.109818,2.8086374
2012-05-20,41,108,0.0,-0.02442465,1.7210848
2012-07-24,40,45,40.999999999999986,44.602837,2.9641318
2012-07-20,23,29,1.9999999999999996,0.85389656,2.5594223
2012-01-28,32,58,1.0,2.369677,2.302419
2012-03-22,30,65,0.0,0.0062870597,1.6355515
2012-05-01,16,77,5.0,3.1307065,2.6102626
2012-08-20,18,57,1.9999999999999996,1.7576339,2.3939981
2012-04-07,45,50,0.0,0.015644113,1.656163
2012-07-15,21,5,42.99999999999999,57.09139,2.8612916
2012-02-29,29,45,56.00000000000001,70.95123,2.9114397
2012-07-02,6,107,0.0,0.006054559,1.6713657
2012-07-10,1,93,12.0,3.7154021,2.1389246
2012-08-12,2,44,112.00000000000003,147.8036,3.4738188
2012-02-05,7,95,0.0,-0.0017611231,1.7823418
2012-01-14,43,37,50.0,30.92873,1.9701297
2012-02-12,25,81,16.999999999999996,13.776329,2.2532868
2012-02-03,25,84,0.0,0.037149623,1.7364424
2012-05-27,8,23,8.000000000000005,10.723599,1.7132919
2012-03-03,19,15,0.0,0.010080796,1.7306796
2012-03-21,20,5,110.99999999999996,62.42838,2.9967139
2012-03-17,5,16,25.000000000000004,25.129547,2.185196
2012-03-05,10,37,16.999999999999996,16.27901,1.7237343
2012-02-14,20,106,0.0,0.0029901036,1.6806643
2012-03-11,3,93,0.0,0.00090649375,1.6993738
2012-06-28,7,93,1.9999999999999996,3.7447276,2.2014096
2012-03-02,19,75,0.0,-0.006019676,1.6583389
2012-01-05,19,69,1.9999999999999996,2.5939944,2.4371753
2012-08-04,44,94,0.0,0.006263374,1.7435961
2012-03-29,32,19,0.0,-0.04859668,1.6590422
2012-07-21,3,109,0.0,0.0005249246,1.700537
2012-05-26,15,45,132.99999999999997,124.53815,3.431512
2012-05-09,32,93,8.000000000000005,3.5761614,2.1772237
2012-02-06,7,23,16.0,14.5158825,1.5449395
2012-04-11,45,9,16.999999999999996,8.022453,2.4907594
2012-08-17,31,45,94.0,77.61065,2.8589857
2012-02-27,5,32,1.0,1.6186128,2.3296642
2012-07-22,16,50,0.0,-0.0014124692,1.8245976
2012-07-22,11,61,0.0,0.012227747,1.6753159
2012-05-18,9,93,3.0,3.880371,2.2528129
2012-03-04,15,61,0.0,0.0063686096,1.8802928
2012-07-23,43,37,13.000000000000004,12.336631,1.5680251
2012-05-22,37,45,58.000000000000014,55.78858,2.885478
2012-03-05,12,93,0.0,0.008453515,1.7263527
2012-02-11,15,5,127.99999999999997,82.52254,3.022887
2012-06-16,12,93,16.0,5.0784016,2.3035414
2012-02-12,8,5,36.99999999999999,39.705322,2.9369857
2012-05-14,36,9,56.999999999999986,38.328377,2.3020737
2012-06-03,4,96,0.0,0.010896242,1.7779963
2012-07-02,10,21,1.0,1.8932493,2.3938773
2012-05-12,18,72,0.0,-0.0012047332,1.6965488
2012-02-28,19,88,0.0,-0.021127831,1.7002968
2012-05-09,43,73,0.0,-0.010295999,1.6250012
2012-05-25,41,61,0.0,-0.019455388,1.6420659
2012-01-16,16,16,45.0,39.976456,2.2722735
2012-01-05,3,102,0.0,0.011449824,1.7198591
2012-08-03,39,36,20.0,9.7818365,2.2406366
2012-06-19,15,61,0.0,-0.0065399464,1.70935
2012-08-16,28,35,0.0,-0.09111769,1.7587268
2012-05-02,24,76,0.0,0.020216677,1.6606023
2012-06-26,22,104,0.0,-0.054741777,1.8326495
2012-02-05,30,16,118.00000000000003,60.450867,2.5681756
2012-04-06,2,85,0.0,0.011558611,1.666463
2012-01-20,11,68,45.99999999999995,48.38388,2.4936593
2012-02-16,19,83,1.9999999999999996,6.052721,1.9438589
2012-02-07,4,97,0.0,0.013301189,1.7109666
2012-04-01,17,9,210.99999999999997,207.02225,3.8435829
2012-05-16,12,79,0.0,0.0042490526,1.6808467
2012-03-13,37,5,37.99999999999999,30.991228,2.8121192
2012-04-26,43,3,1.9999999999999996,1.8285198,2.2585347
2012-05-19,32,51,0.0,-0.02358052,1.7242826
2012-01-11,38,45,86.0,76.289276,2.9054198
2012-02-18,29,8,41.99999999999996,28.947727,2.083932
2012-06-20,6,14,0.0,-0.0030635921,1.6493827
2012-05-22,37,5,25.000000000000004,33.514202,2.5091786
2012-03-19,40,45,50.0,48.00113,2.9518492
2012-04-24,19,15,0.0,-0.039012305,1.6838002
2012-02-26,45,50,0.0,-0.004649394,1.6989038
2012-07-29,35,105,0.0,-0.013062245,1.6792545
2012-08-06,22,9,63.000000000000036,97.1484,3.174216
2012-03-15,24,6,89.99999999999997,44.954323,2.5517344
2012-01-02,37,53,3.0,2.1761255,2.421441
2012-04-25,17,48,132.99999999999997,144.36899,3.7105405
2012-05-03,32,51,0.0,-0.0007583821,1.6346506
2012-05-21,22,54,0.0,-0.002505326,1.6744982
2012-08-13,3,102,0.0,0.010072502,1.618723
2012-05-22,20,41,17.999999999999996,19.81173,1.7200899
2012-02-24,33,93,1.9999999999999996,3.0257516,2.153423
2012-05-31,9,42,13.000000000000004,9.254629,1.7228826
2012-06-23,33,85,0.0,0.009187012,1.8894191
2012-01-15,30,51,0.0,0.00675033,1.8609579
2012-01-04,4,96,0.0,-0.012127079,1.7700816
2012-06-03,9,45,35.99999999999998,54.324615,3.029545
2012-01-10,34,9,24.000000000000007,28.73508,2.6709406
2012-06-29,23,45,35.99999999999998,43.425575,2.9425702
2012-07-19,5,16,14.0,19.947592,2.0339692
2012-05-28,31,9,65.99999999999997,51.35688,2.6464121
2012-01-31,3,109,0.0,-0.002541113,1.6627431
2012-04-11,36,1,3.0,2.1159122,2.362956
2012-05-02,41,16,33.00000000000001,39.600163,2.3866506
2012-02-13,38,86,0.0,0.0018386905,1.7691301
2012-08-18,43,93,0.0,0.0020441338,1.6747546
2012-05-30,7,93,5.9999999999999964,3.4187274,2.1467018
2012-03-12,26,2,4.000000000000001,4.130451,2.1874182
2012-05-23,13,46,1.9999999999999996,1.7162125,2.5068016
2012-08-12,2,93,0.0,0.010385575,1.703838
2012-08-23,39,111,0.0,-0.029197099,1.6281228
2012-07-28,24,60,0.0,0.00065509655,1.649675
2012-06-14,26,45,41.99999999999996,56.129166,2.8518028
2012-02-18,41,108,0.0,-0.00802573,1.6473609
2012-07-30,29,41,25.000000000000004,23.13453,1.7595886
2012-06-06,24,6,56.999999999999986,46.828453,2.3944438
2012-06-26,16,25,135.00000000000006,99.58066,3.1549044
2012-03-19,22,68,64.99999999999997,56.749058,2.5501633
2012-07-13,23,56,0.0,-0.020908743,1.660948
2012-02-02,42,45,97.99999999999999,64.254105,2.9279528
2012-07-05,25,93,5.9999999999999964,4.4678736,2.2460136
2012-03-25,31,93,0.0,-0.004301845,1.753279
2012-03-04,17,37,58.999999999999986,61.83067,2.6824853
2012-03-02,37,53,0.0,-0.012938366,1.7480618
2012-03-01,1,40,0.0,-0.059318423,1.7520036
2012-07-19,3,109,0.0,0.010794069,1.6504691
2012-01-25,37,5,33.00000000000001,48.735855,2.5786574
2012-05-10,21,44,97.99999999999999,95.68741,3.3977742
2012-08-15,14,33,1.0,1.1958646,2.5865567
2012-07-22,22,68,37.99999999999999,53.301838,2.6401198
2012-07-02,34,45,116.00000000000003,98.78266,3.0888457
2012-03-30,10,5,61.00000000000001,38.3545,2.6988652
2012-07-21,19,15,0.0,-0.014444265,1.669402
2012-03-10,16,85,0.0,-0.01950707,1.8672953
2012-08-13,34,9,82.00000000000003,47.65939,2.4503162
2012-04-23,8,84,1.9999999999999996,1.6277518,2.3222957
2012-05-08,19,93,1.0,4.418621,2.3283775
2012-03-17,41,108,0.0,-0.02107716,1.7219893
2012-01-24,44,68,97.00000000000003,52.26935,2.6449463
2012-07-13,4,101,0.0,0.011599517,1.7005699
2012-08-11,16,77,0.0,0.020969102,1.8478086
2012-08-02,28,35,0.0,-0.059655935,1.6922199
2012-02-12,24,60,1.0,2.0275545,2.7427046
2012-05-08,36,1,4.000000000000001,2.8779433,2.2463727
2012-04-11,24,6,92.00000000000003,60.34094,2.65703
2012-03-02,42,5,58.000000000000014,60.317776,2.858485
2012-06-17,34,84,0.0,0.021622136,1.647596
2012-03-13,10,93,5.0,3.450548,2.0759509
2012-06-14,40,51,0.0,-0.0059624077,1.6121676
2012-05-29,28,45,37.99999999999999,38.826912,2.9395313
2012-02-26,41,86,0.0,-0.0106601305,1.6637057
2012-06-05,37,38,0.0,0.055288747,1.6661041
2012-03-02,16,16,76.00000000000003,35.478745,2.250001
2012-08-08,44,93,0.0,0.011624883,1.677493
2012-05-25,25,93,1.9999999999999996,3.960422,2.3029037
2012-08-16,19,83,16.999999999999996,6.1095166,2.1054003
2012-07-11,16,16,56.999999999999986,27.975317,2.3160136
2012-05-01,17,9,110.99999999999996,100.36503,3.2704153
2012-01-22,30,65,1.0,2.194985,2.5854218
2012-07-14,33,93,0.0,0.012825186,1.7994237
2012-03-10,9,42,13.000000000000004,11.420957,1.8631032
2012-05-01,10,21,1.9999999999999996,1.7448199,2.5658755
2012-04-09,22,78,1.0,3.2135363,2.2667222
2012-02-14,37,15,0.0,-0.02360628,1.6474497
2012-08-02,1,28,0.0,-0.09467133,1.7848045
2012-08-11,45,26,4.000000000000001,5.583508,2.157361
2012-01-27,10,5,26.0,67.35077,2.8986201
2012-04-22,4,27,7.000000000000002,8.467593,1.9898828
2012-06-22,22,68,42.99999999999999,45.383648,2.4518478
2012-04-25,18,5,7.000000000000002,9.530604,2.7595012
2012-04-12,22,104,0.0,0.018687608,1.7085998
2012-05-12,4,97,0.0,0.008362989,1.7673081
2012-08-13,39,9,5.9999999999999964,8.465165,2.591057
2012-04-24,30,65,0.0,0.011479268,1.6470889
2012-01-15,41,86,0.0,0.025371214,1.7180673
2012-07-11,36,30,0.0,-0.067710266,1.6883777
2012-06-30,18,72,1.0,1.28077,2.7812357
2012-04-30,8,84,0.0,-0.021366205,1.6507238
2012-03-03,25,45,132.0,90.5009,2.9861662
2012-03-09,40,5,75.0,42.38437,2.553177
2012-07-23,35,93,9.000000000000002,3.1962123,2.2861621
2012-06-06,22,54,0.0,0.04150346,1.742591
2012-04-21,37,105,0.0,-0.012707993,1.6522157
2012-05-15,43,3,0.0,0.047868274,1.8186371
2012-04-23,40,15,0.0,0.013344232,1.6771492
2012-01-11,44,94,0.0,0.006458736,1.6579398
2012-06-25,8,93,7.000000000000002,3.5961204,2.3757842
2012-01-18,37,5,46.99999999999997,46.0685,2.6376333
2012-01-24,16,16,28.000000000000004,20.630453,2.1838207
2012-07-31,4,27,7.000000000000002,7.131474,2.0323362
2012-06-18,19,16,10.000000000000002,19.022549,2.0188043
2012-02-28,7,23,14.999999999999998,17.304924,1.4897245
2012-04-30,17,9,138.00000000000009,107.91575,3.5135112
2012-08-16,39,103,0.0,-0.029903874,1.6954225
2012-07-01,15,86,1.9999999999999996,1.867392,2.728717
2012-05-03,12,16,24.000000000000007,29.971504,2.193951
2012-06-22,21,91,0.0,-0.01624794,1.6400988
2012-08-04,13,93,0.0,-0.016900111,1.8323005
2012-01-15,43,3,0.0,0.03107183,1.7162031
2012-08-11,24,97,0.0,0.004403813,1.7095653
2012-01-21,2,93,0.0,-0.00093197485,1.715162
2012-04-12,5,16,16.0,24.56402,2.1924703
2012-04-09,27,80,0.0,-0.028361825,1.642119
2012-01-16,34,52,1.9999999999999996,2.0987132,2.2650776
2012-08-06,9,45,76.00000000000003,61.873558,2.8505409
2012-05-07,27,21,0.0,-0.090816,1.7934484
2012-05-07,9,42,10.000000000000002,9.5413685,1.9104544
2012-06-09,2,93,0.0,0.029952815,1.7021503
2012-06-06,1,28,3.0,3.4899638,2.2875712
2012-08-10,35,16,16.0,34.364952,2.1692977
2012-01-13,16,39,1.9999999999999996,24.598991,2.0080328
2012-02-25,15,49,1.9999999999999996,2.3820877,2.4521015
2012-06-05,21,44,118.00000000000003,119.33659,3.57762
2012-08-23,16,64,0.0,0.0036699984,1.7354324
2012-06-14,15,93,5.9999999999999964,4.4130025,2.2200983
2012-04-29,10,21,1.0,2.6330264,2.4149911
2012-08-10,27,80,0.0,-0.03716236,1.7561171
2012-06-10,36,30,1.0,1.9513147,2.5093455
2012-07-09,39,9,5.9999999999999964,5.739835,2.495748
2012-07-16,15,93,0.0,0.026573246,1.7418258
2012-02-25,15,86,0.0,0.012032483,1.7451516
2012-05-16,11,68,63.99999999999998,42.919888,2.458275
2012-04-18,5,37,13.000000000000004,10.765144,1.6214615
2012-08-01,22,9,31.999999999999986,48.406235,2.4924037
2012-05-15,13,36,89.99999999999997,91.50945,3.0549107
2012-05-20,8,5,36.99999999999999,33.192326,2.7463632
2012-05-19,3,102,0.0,0.007995893,1.6577502
2012-08-07,13,46,10.000000000000002,3.0075011,2.3815215
2012-07-14,35,63,1.0,1.8379555,2.5713696
2012-07-08,20,74,0.0,0.027144972,1.7256033
2012-08-07,38,45,71.99999999999999,97.06602,3.2460916
2012-08-12,2,85,0.0,-0.0032252127,1.7096224
2012-06-14,22,104,0.0,0.024188917,1.8121916
2012-03-01,13,36,96.0,100.883385,3.171568
2012-08-08,42,5,61.00000000000001,39.04801,2.6202
2012-07-29,33,9,205.00000000000003,108.78873,3.350545
2012-03-21,9,10,4.000000000000001,2.3658652,2.1027992
2012-03-24,1,89,0.0,-0.012886251,1.6559068
2012-07-13,15,45,105.99999999999996,68.65893,2.820653
2012-04-25,20,41,31.999999999999986,16.958841,1.7482203
2012-05-23,14,50,0.0,-0.020718534,1.6126028
2012-05-30,12,16,24.000000000000007,26.092329,2.0816991
2012-04-07,28,35,0.0,-0.1745931,1.794779
2012-06-02,40,15,0.0,0.03856397,1.7855036
2012-07-15,11,68,86.0,46.14061,2.5261648
2012-04-27,3,102,0.0,0.017620862,1.6335496
2012-02-02,43,3,0.0,-0.07059848,1.6684147
2012-08-19,40,51,0.0,0.0040757367,1.6704786
2012-08-09,43,73,0.0,-0.015255774,1.6413946
2012-06-12,1,28,5.0,5.166711,2.2173586
2012-07-30,40,106,0.0,-0.00033093058,1.6165419
2012-07-01,4,96,0.0,0.021649685,1.8105096
2012-06-21,44,5,20.0,32.093273,2.532424
2012-01-05,23,45,35.0,56.69503,2.9949682
2012-04-19,13,104,0.0,-0.0031079566,1.7749461
2012-01-07,41,61,1.9999999999999996,2.1036394,2.4048767
2012-05-28,11,9,10.000000000000002,11.673898,2.4707432
2012-04-30,19,93,0.0,-0.018349772,1.6229503
2012-06-13,21,91,0.0,-0.016143853,1.680226
2012-03-22,1,51,0.0,-0.010699342,1.6265188
2012-07-06,14,88,0.0,-0.032530203,1.6564165
2012-08-19,5,20,1.9999999999999996,3.1760511,2.4691622
2012-05-24,42,45,56.999999999999986,53.18698,2.98619
2012-07-26,32,19,0.0,-0.05333594,1.6654812
2012-08-06,37,104,0.0,0.00757325,1.6497767
2012-08-19,42,45,71.99999999999999,88.77896,3.0700634
2012-06-26,23,5,44.000000000000014,25.725414,2.7150507
2012-02-07,28,35,0.0,-0.10160957,1.7677045
2012-03-04,31,67,24.000000000000007,11.275873,1.8159968
2012-02-22,30,65,1.9999999999999996,1.5888971,2.4066205
2012-03-22,36,9,26.999999999999996,38.982906,2.4832025
2012-02-25,10,5,121.99999999999994,55.821167,2.757056
2012-07-29,19,93,5.0,4.723524,2.2527742
2012-06-28,1,51,0.0,0.009444451,1.6005095
2012-04-30,13,93,0.0,-0.010180739,1.6550181
2012-08-10,10,21,1.9999999999999996,1.5603217,2.4493012
2012-03-04,15,5,254.99999999999994,129.48401,3.332432
2012-07-15,22,9,78.0,85.76447,2.9859045
2012-03-23,1,40,0.0,-0.08504976,1.6857034
2012-02-07,23,29,1.0,1.5624233,2.5684006
2012-08-08,38,45,100.00000000000003,81.34901,3.1040752
2012-06-07,42,45,89.99999999999997,80.19591,3.0607278
2012-08-15,44,105,0.0,-0.012407869,1.6825019
2012-06-10,41,68,55.00000000000002,62.338253,2.691178
2012-01-09,7,5,132.99999999999997,80.80044,3.0164454
2012-01-04,15,49,0.0,0.012875217,1.8178304
2012-04-06,32,58,1.0,2.3783793,2.3132567
2012-04-25,43,16,33.99999999999998,22.195671,2.4944153
2012-08-01,40,93,0.0,0.005584876,1.6623803
2012-07-18,44,105,0.0,-0.013301004,1.6166514
2012-02-20,23,56,0.0,-0.05099893,1.7322924
2012-03-05,5,32,0.0,-0.007878722,1.6610247
2012-06-22,21,44,97.99999999999999,84.09445,3.2615023
2012-04-13,11,61,0.0,-0.009929529,1.6053326
2012-01-03,34,9,35.99999999999998,55.855232,2.6899197
2012-05-10,6,9,84.00000000000001,42.96913,2.5428903
2012-03-31,38,52,0.0,-0.011974657,1.664808
2012-01-20,14,9,31.0,17.241629,2.3528442
2012-04-27,12,86,0.0,-0.014709501,1.6538844
2012-08-16,39,9,0.0,-0.2755605,2.0109122
2012-03-21,43,93,0.0,-0.005787254,1.6214861
2012-04-10,3,45,72.99999999999997,64.14156,2.8640053
2012-03-27,28,5,23.000000000000004,24.331913,2.6556213
2012-07-23,1,89,0.0,-0.0052051134,1.6025969
2012-02-24,9,5,92.00000000000003,65.74785,2.8176527
2012-05-20,36,44,73.99999999999997,121.59463,3.6242354
2012-07-23,34,93,0.0,0.014574024,1.6148223
2012-04-16,12,79,1.0,2.6150465,2.2629263
2012-02-15,20,106,0.0,0.0003497522,1.7122306
2012-03-31,32,19,0.0,-0.036434744,1.7824289
2012-05-20,9,105,0.0,-0.009194561,1.6711313
2012-06-18,43,105,0.0,-0.010128891,1.6590867
2012-04-26,15,93,0.0,0.019786647,1.6818055
2012-08-19,22,104,0.0,0.0025346817,1.7462451
2012-05-27,1,99,0.0,-0.004170657,1.6956766
2012-06-23,31,93,4.000000000000001,3.895366,2.1660936
2012-02-17,8,93,0.0,-0.00025985015,1.6311275
2012-07-02,6,45,71.0,63.666473,2.8861995
2012-05-27,42,45,82.99999999999997,89.47202,3.0790458
2012-06-06,24,76,0.0,0.0006840012,1.6728511
2012-02-20,39,9,11.0,5.8813677,2.475458
2012-03-08,13,93,60.00000000000001,4.2601633,2.4146132
2012-02-17,17,71,1.0,1.8510457,2.5187051
2012-07-22,14,70,0.0,-0.034772728,1.664373
2012-04-07,38,52,1.0,2.205945,2.4063447
2012-01-18,25,50,0.0,0.05438998,1.7230395
2012-07-21,15,15,0.0,0.020329641,1.6658717
2012-04-30,7,23,24.000000000000007,17.05186,1.535707
2012-05-07,12,93,1.9999999999999996,4.001581,2.1414177
2012-05-30,41,68,37.99999999999999,37.067562,2.5601277
2012-04-25,40,45,54.000000000000014,59.238083,2.8923993
2012-06-27,32,86,0.0,-0.012945652,1.6081066
2012-03-16,4,96,0.0,-0.011189712,1.7068341
2012-03-12,1,93,0.0,0.011747373,1.6080694
2012-04-14,2,85,0.0,0.006964097,1.7165033
2012-08-08,41,68,20.0,36.16574,2.7109816
2012-04-21,19,88,0.0,-0.022581767,1.7255127
2012-05-03,15,17,0.0,-0.041591648,1.8965697
2012-07-16,5,93,1.9999999999999996,4.6270924,2.0447729
2012-08-05,40,45,103.99999999999997,107.33821,3.2072027
2012-05-25,44,68,81.00000000000001,56.732594,2.652583
2012-06-15,13,36,127.99999999999997,78.596054,2.8590348
2012-06-20,5,37,11.0,11.287042,1.6309884
2012-06-15,9,5,93.0,86.713036,2.9447474
2012-08-17,35,24,0.0,0.1657373,1.7930533
2012-05-08,37,15,0.0,0.016821835,1.6171633
2012-06-12,44,93,13.000000000000004,5.03833,2.2535274
2012-03-23,15,5,97.99999999999999,77.4423,3.1526487
2012-01-02,15,17,5.0,4.443535,2.8148777
2012-04-19,34,31,3.0,1.2580242,2.4968698
2012-06-03,7,93,0.0,-0.0009128969,1.7718488
2012-03-03,24,60,1.0,2.3014321,2.6794686
2012-03-11,25,9,145.0,105.04051,3.2324038
2012-03-24,27,68,76.00000000000003,59.393276,2.8400037
2012-03-18,21,5,51.00000000000003,59.756927,2.9162624
2012-04-06,11,68,55.00000000000002,53.290382,2.5445144
2012-08-12,16,77,0.0,0.023005772,1.7731748
2012-04-24,27,21,1.0,1.2651849,2.5167575
2012-02-20,34,9,22.0,36.497704,2.4766846
2012-01-04,10,93,0.0,0.0052203704,1.6364608
2012-06-01,44,105,0.0,0.013739718,1.7257698
2012-01-27,44,94,0.0,0.0050358716,1.6309297
2012-05-02,31,93,0.0,0.0043380614,1.6349429
2012-08-15,4,27,8.000000000000005,5.932851,2.087309
2012-02-02,10,93,0.0,-0.015400323,1.7338034
2012-08-09,2,93,0.0,0.016137585,1.629272
2012-02-11,37,45,96.0,90.33264,3.003898
2012-07-20,37,45,58.000000000000014,53.649567,2.805376
2012-01-06,34,52,0.0,0.007399201,1.7055146
2012-03-07,19,39,0.0,-0.05180144,1.7203897
2012-04-09,9,5,40.00000000000001,40.871048,2.7290688
2012-04-22,11,61,0.0,0.006733644,1.6888981
2012-02-05,10,93,0.0,-0.0076217433,1.7167506
2012-07-06,25,81,9.000000000000002,10.509526,1.8993169
2012-02-13,9,10,0.0,-0.055968884,1.7293656
2012-07-30,35,24,0.0,0.07383421,1.7840371
2012-02-17,1,93,0.0,0.0016112622,1.621688
2012-03-20,9,10,1.0,2.5655265,2.2559752
2012-04-26,36,30,1.0,1.9512457,2.319728
2012-08-04,38,9,48.99999999999999,56.584732,2.5510626
2012-04-12,40,93,0.0,0.0036497014,1.6263204
2012-01-18,37,105,0.0,-0.04474863,1.69761
2012-03-21,37,45,52.00000000000001,59.612217,2.79571
2012-08-23,35,50,0.0,-0.011714374,1.6230692
2012-06-06,27,80,0.0,-0.019605234,1.6949594
2012-06-25,31,98,0.0,-0.01839271,1.6600943
2012-04-18,27,80,0.0,-0.012632416,1.6189656
2012-03-08,6,45,53.00000000000001,56.627335,2.852408
2012-01-25,11,9,41.99999999999996,28.86372,2.2145295
2012-04-15,33,9,238.99999999999997,102.09143,3.2342472
2012-04-23,32,9,29.000000000000004,39.806557,2.291147
2012-08-07,24,6,81.00000000000001,58.892868,2.599462
2012-02-12,3,45,134.00000000000003,110.082405,3.155512
2012-03-10,3,2,5.9999999999999964,4.0937366,2.2217064
2012-01-11,3,93,0.0,0.0013105755,1.6919719
2012-05-16,12,16,17.999999999999996,35.30177,2.167033
2012-01-13,45,9,7.000000000000002,14.45977,2.3946087
2012-07-10,14,93,3.0,3.4181502,2.055588
2012-07-27,30,49,0.0,-0.0019874729,1.6802307
2012-07-31,45,50,0.0,-0.015594985,1.6368519
2012-02-12,39,36,5.0,9.062225,2.2467704
2012-03-06,17,71,1.0,2.0150332,2.94704
2012-01-27,30,16,14.0,26.868307,2.1982217
2012-04-01,41,86,0.0,-0.0077703926,1.6861709
2012-03-18,29,45,97.99999999999999,84.51941,3.0819514
2012-08-03,36,30,0.0,-0.044882946,1.6824178
2012-03-05,41,68,76.00000000000003,66.36245,2.657574
2012-08-23,41,108,0.0,-0.01399112,1.6440332
2012-02-18,22,68,53.00000000000001,65.89578,2.6832395
2012-01-26,17,9,112.00000000000003,141.1751,3.7069504
2012-05-14,38,52,0.0,-0.004571423,1.7163843
2012-06-05,8,100,0.0,-0.0036189256,1.6915785
2012-07-14,15,15,0.0,0.005385973,1.6597128
2012-05-16,32,51,0.0,-0.0039525623,1.6032343
2012-01-08,32,45,41.99999999999996,91.67577,3.0211587
2012-02-20,40,93,0.0,-0.008265031,1.6743957
2012-06-04,26,2,3.0,3.4752116,2.5913055
2012-06-07,24,6,28.000000000000004,26.048414,2.4664495
2012-03-27,1,9,7.000000000000002,23.569355,2.4496636
2012-03-26,24,97,0.0,-0.0072167413,1.7198945
2012-08-04,33,9,155.0,95.80855,3.1827626
2012-04-15,33,44,238.00000000000009,213.03232,3.960679
2012-03-01,32,9,11.0,38.11447,2.5540397
2012-02-04,15,61,1.9999999999999996,2.9346242,2.5785925
2012-06-10,7,7,1.0,3.328323,2.4966636
2012-06-02,31,45,89.99999999999997,119.37131,3.3284419
2012-06-13,42,45,72.99999999999997,68.62054,2.8614845
2012-04-11,16,64,0.0,0.012389054,1.7065063
2012-02-26,14,70,0.0,-0.027540425,1.702582
2012-02-10,32,9,82.00000000000003,66.27357,2.6880596
2012-06-05,8,5,31.999999999999986,49.900524,2.7391212
2012-02-02,4,90,0.0,-0.015727175,1.6975765
2012-08-14,38,86,0.0,-0.011062432,1.6425948
2012-05-12,2,11,3.0,1.8026099,2.4766486
2012-02-19,17,71,1.9999999999999996,2.0603123,2.6774201
2012-08-15,24,97,0.0,0.0029082266,1.7162806
2012-08-08,16,64,0.0,0.019363318,1.7200795
2012-04-18,16,39,0.0,-0.02721869,1.7869234
2012-01-31,45,26,0.0,0.020912038,1.640411
2012-04-11,31,98,0.0,-0.009284784,1.638527
2012-06-14,45,9,21.000000000000004,9.348216,2.4130805
2012-04-01,28,45,73.99999999999997,87.58517,3.2058797
2012-05-18,12,79,1.0,2.8761659,2.4145112
2012-04-28,7,5,47.99999999999999,45.41709,2.897676
2012-05-11,27,9,45.99999999999995,32.11291,2.2616918
2012-08-12,31,93,0.0,-0.013063551,1.7697
2012-06-30,31,104,0.0,-0.012669472,1.6877806
2012-01-21,24,43,77.0,73.2458,2.943134
2012-08-20,23,56,3.0,2.134534,2.3718417
2012-05-08,45,26,4.000000000000001,3.2948885,2.1358147
2012-05-23,40,106,0.0,-0.011949456,1.649074
2012-01-26,19,93,0.0,-0.0254737,1.6585828
2012-04-22,9,10,0.0,-0.02745986,1.6987764
2012-02-11,7,95,0.0,0.008093018,1.7165248
2012-04-23,5,37,5.0,9.922293,1.5589321
2012-01-21,28,5,50.0,68.21519,2.9495857
2012-05-09,38,93,0.0,-0.005058922,1.6223791
2012-05-28,41,68,38.99999999999998,45.057384,2.4754145
2012-07-19,40,15,0.0,-0.020512346,1.7549233
2012-06-26,21,109,0.0,-0.006367108,1.7443995
2012-07-06,29,41,35.99999999999998,25.770973,2.0291474
2012-04-20,13,36,81.00000000000001,71.79458,2.8375685
2012-06-27,3,109,0.0,0.0035196003,1.6510768
2012-04-14,8,93,3.0,3.649247,2.291018
2012-06-29,26,5,58.000000000000014,58.50172,2.889407
2012-05-07,30,51,0.0,0.030133829,1.7349343
2012-08-13,41,86,0.0,-0.008335638,1.7039471
2012-01-04,29,8,31.0,24.618847,2.0514627
2012-06-08,15,17,1.0,3.3762913,2.9137635
2012-05-28,1,51,0.0,0.0071639577,1.6532351
2012-03-12,16,25,158.00000000000014,121.411385,3.483529
2012-08-06,34,84,0.0,0.007906433,1.6658645
2012-07-14,35,49,0.0,-0.0062420857,1.6357431
2012-05-19,26,2,1.0,3.297714,2.3214476
2012-06-09,16,85,0.0,0.0056750686,1.7425472
2012-02-21,12,93,0.0,0.0018826587,1.6565466
2012-08-07,38,98,0.0,-0.024118189,1.6784465
2012-01-02,16,25,102.0,57.651928,3.0657673
2012-05-23,43,16,14.999999999999998,24.281532,2.4464178
2012-08-01,11,110,0.0,0.007525733,1.7151972
2012-08-21,38,52,1.0,1.9405054,2.2917593
2012-03-30,31,104,0.0,-0.010349088,1.6516775
2012-05-15,25,81,20.0,8.954008,1.8589113
2012-04-03,37,105,0.0,-0.005535601,1.6934581
2012-05-20,27,68,70.00000000000007,56.285282,2.6184685
2012-07-07,40,51,0.0,0.0166809,1.7316167
2012-03-16,41,61,4.000000000000001,1.9147037,2.3259192
2012-07-02,28,45,71.99999999999999,72.290306,2.9859993
2012-06-30,15,49,0.0,0.018799052,1.7742406
2012-03-25,7,93,0.0,0.0013633671,1.6989427
2012-05-25,32,58,1.0,2.1777847,2.3424997
2012-08-17,22,104,0.0,0.001235386,1.7138325
2012-07-03,14,15,0.0,-0.12888165,1.785531
2012-01-21,10,86,0.0,-0.014759899,1.653034
2012-08-18,39,36,10.000000000000002,12.664327,2.2630982
2012-07-20,33,93,0.0,0.014213769,1.666697
2012-02-26,3,109,0.0,0.0017869996,1.7754767
2012-05-04,1,99,0.0,0.02229676,1.6252742
2012-02-08,31,104,0.0,-0.0068481863,1.6597744
2012-03-10,39,103,0.0,-0.013691794,1.7267799
2012-05-24,3,102,0.0,0.0076765483,1.6269803
2012-07-24,25,81,11.0,7.365237,2.0245628
2012-05-07,37,45,51.00000000000003,70.599945,2.8840923
2012-05-10,20,5,134.00000000000003,77.57568,3.0009573
2012-05-23,33,92,3.0,2.648866,2.6264954
2012-05-25,24,60,1.0,1.4794276,2.308609
2012-04-17,45,50,0.0,-0.008122336,1.6093409
2012-02-18,38,9,125.99999999999999,67.99668,2.8652194
2012-04-18,45,4,1.0,1.8749835,2.236295
2012-01-30,7,7,0.0,-0.060581118,1.7928127
2012-02-27,33,9,91.00000000000001,83.401886,3.0712729
2012-02-19,41,93,0.0,0.006238947,1.6333396
2012-02-24,43,16,30.0,30.751852,2.312096
2012-03-30,9,5,23.000000000000004,23.05748,2.7938356
2012-03-10,36,30,3.0,3.0904121,2.3855217
2012-05-01,11,61,0.0,-0.007029384,1.6468425
2012-05-06,25,84,0.0,0.040723,1.7851932
2012-01-20,14,15,0.0,-0.038270053,1.6835715
2012-07-06,20,74,0.0,-0.010313583,1.7282746
2012-01-14,15,49,0.0,0.015663134,1.7760185
2012-04-11,1,89,0.0,-0.011792499,1.6706135
2012-08-10,43,3,0.0,0.024351824,1.8103753
2012-03-13,40,106,0.0,-0.008683032,1.6286113
2012-07-31,38,93,0.0,-0.013536346,1.6186974
2012-07-24,45,26,5.9999999999999964,3.6553702,2.10138
2012-05-15,31,93,0.0,-0.009056,1.6727853
2012-06-16,11,61,0.0,0.055756986,1.7906296
2012-04-19,19,69,0.0,-0.01129346,1.6076852
2012-06-05,14,70,1.9999999999999996,1.9836326,2.3483324
2012-08-12,34,52,1.9999999999999996,2.1091387,2.608358
2012-02-08,18,57,0.0,-0.018020697,1.6600703
2012-08-20,7,7,0.0,0.0009288805,1.7012694
2012-01-24,22,9,56.999999999999986,39.2434,2.5760443
2012-02-23,15,45,53.00000000000001,50.09565,3.0091126
2012-04-04,39,9,0.0,-0.067842394,2.0684466
2012-01-29,2,5,99.00000000000004,56.586132,2.8475225
2012-08-09,44,62,0.0,0.0085628,1.644228
2012-06-09,3,2,1.0,3.1831727,2.4359791
2012-03-25,19,75,0.0,-0.0061575472,1.6740446
2012-07-07,18,72,0.0,-0.0033305776,1.7063969
2012-04-14,29,45,77.0,88.52478,3.0504842
2012-01-25,44,62,0.0,-0.006995911,1.6216141
2012-08-07,15,45,108.00000000000007,105.606415,3.2318392
2012-07-13,9,45,94.99999999999999,62.136402,2.9677815
2012-04-21,12,93,13.000000000000004,5.247954,2.4367774
2012-08-03,8,59,0.0,-0.0006448664,1.627181
2012-04-06,4,90,0.0,-0.00055303203,1.7617855
2012-08-08,24,97,0.0,0.018116778,1.689685
2012-06-23,19,88,1.0,2.1015506,2.5130231
2012-07-12,27,21,1.9999999999999996,2.0475037,2.5702693
2012-01-27,9,105,0.0,-0.007644415,1.6699936
2012-02-03,18,37,3.0,7.7439365,1.930153
2012-02-28,13,5,58.999999999999986,59.055763,2.9745967
2012-01-29,19,93,0.0,-0.008599215,1.6798123
2012-05-06,9,42,11.0,14.598522,2.147326
2012-07-29,19,15,0.0,0.0001013342,1.673588
2012-03-10,41,68,76.00000000000003,77.88319,2.8108516
2012-08-21,20,74,0.0,0.0009053049,1.7392623
2012-06-10,18,5,26.999999999999996,29.822666,3.0844464
2012-05-23,7,93,8.000000000000005,3.024537,2.2418394
2012-05-02,8,100,0.0,-0.0029769784,1.6978606
2012-03-01,34,84,0.0,0.024244303,1.6624346
2012-02-17,38,98,0.0,-0.004204365,1.6130831
2012-05-09,6,14,1.9999999999999996,1.9502541,2.1486034
2012-07-01,14,88,0.0,-0.005096485,1.8054405
2012-01-18,44,62,0.0,-0.0064605656,1.6304164
2012-08-15,5,37,14.0,11.121619,1.6235222
2012-04-23,8,5,71.0,38.402397,2.7083795
2012-02-19,6,9,30.0,40.73959,2.4053524
2012-02-14,10,93,0.0,-0.006180491,1.6337095
2012-05-02,25,93,0.0,0.06227121,1.7222953
2012-08-08,16,39,0.0,-0.01134653,1.9023491
2012-04-19,13,93,1.9999999999999996,3.3802485,2.3890622
2012-01-23,44,94,0.0,0.013085303,1.617539
2012-02-24,14,33,1.9999999999999996,1.3622408,2.4154232
2012-06-08,28,2,0.0,-0.016343353,1.6922992
2012-08-23,6,45,50.0,56.213898,2.8451838
2012-05-31,21,44,68.00000000000001,65.90331,3.0457802
2012-01-07,1,51,0.0,0.017206047,1.6662918
2012-07-24,2,85,0.0,-0.014975268,1.6355145
2012-04-16,21,44,75.0,55.18505,3.0823963
2012-05-22,12,79,0.0,-0.008045788,1.6686127
2012-02-04,37,15,0.0,0.008614791,1.827145
2012-02-19,37,38,0.0,0.006963351,1.6765007
2012-07-17,26,45,51.00000000000003,49.02446,2.9360297
2012-07-24,9,5,63.000000000000036,35.5699,2.7823563
2012-04-18,11,61,0.0,-0.019689692,1.7089514
2012-06-16,3,5,68.00000000000001,67.71455,2.7435648
2012-08-16,45,50,0.0,-0.009700504,1.6138104
2012-02-18,14,15,0.0,-0.0682305,1.7557731
2012-08-07,1,99,4.000000000000001,1.7233462,2.3281252
2012-04-28,9,93,0.0,0.010455953,1.6658325
2012-06-25,35,66,14.999999999999998,10.264132,1.559141
2012-03-30,25,9,65.99999999999997,53.93246,2.6076849
2012-03-31,25,93,0.0,0.049154017,1.7439172
2012-07-31,12,16,33.00000000000001,20.21671,2.2294478
2012-07-15,16,39,0.0,0.2184327,1.798051
2012-03-29,21,5,26.999999999999996,31.732782,2.5733829
2012-01-04,40,93,0.0,0.0014907584,1.708713
2012-07-02,14,88,0.0,-0.019620575,1.6547011
2012-01-13,2,11,0.0,-0.04070125,1.7632695
2012-01-22,16,16,53.00000000000001,47.231842,2.4666662
2012-03-23,38,9,87.00000000000003,74.309235,2.9127164
2012-05-09,30,16,78.99999999999997,49.928493,2.453205
2012-04-01,45,9,48.99999999999999,14.783183,2.588081
2012-03-19,39,111,0.0,0.0012185582,1.6389841
2012-02-29,28,2,0.0,-0.021035008,1.6733222
2012-04-27,12,93,4.000000000000001,4.2260933,2.1094625
2012-03-07,12,86,0.0,-0.0021166347,1.6552036
2012-04-17,42,82,0.0,-0.06197463,1.7083058
2012-08-12,8,100,0.0,-0.0091914795,1.7720506
2012-01-16,27,21,3.0,1.9857162,2.4461682
2012-06-21,25,50,0.0,0.046820447,1.7717996
2012-03-21,31,45,67.00000000000001,59.691807,2.8655243
2012-08-16,20,74,3.0,2.6411068,2.4691174
2012-02-02,44,94,0.0,-0.0072603365,1.6893921
2012-04-26,20,74,1.0,2.3826299,2.272631
2012-02-24,40,51,0.0,-0.014760189,1.6537642
2012-04-06,16,85,0.0,0.013172064,1.7487215
2012-05-12,36,9,45.0,41.775764,2.35011
2012-05-13,45,26,7.000000000000002,3.9196095,2.135535
2012-03-29,43,3,0.0,-0.06573232,1.6492078
2012-08-18,17,37,67.00000000000001,52.796364,2.5511243
2012-02-03,38,9,125.99999999999999,81.5529,2.8836558
2012-03-07,24,60,0.0,-0.0086354185,1.6214101
2012-01-29,2,11,1.9999999999999996,1.3273656,2.526125
2012-04-10,43,105,0.0,-0.002561597,1.6669403
2012-06-09,16,93,1.0,4.5091767,2.396179
2012-02-23,39,36,11.0,11.585905,2.2037346
2012-01-17,29,41,29.000000000000004,21.839611,1.7581741
2012-05-30,40,55,1.9999999999999996,1.8996339,2.2155588
2012-03-28,2,85,0.0,-0.0038553134,1.6139127
2012-05-23,14,9,4.000000000000001,9.072584,2.4276345
2012-04-28,31,93,0.0,-0.051120494,1.690995
2012-03-04,18,57,0.0,-0.031135036,1.7779409
2012-06-12,34,52,1.9999999999999996,1.8323603,2.346784
2012-02-16,44,68,91.00000000000001,52.869125,2.6050093
2012-07-04,19,16,9.000000000000002,24.602594,2.0390322
2012-01-18,22,54,0.0,-0.010550213,1.6543428
2012-06-21,33,9,87.99999999999999,95.84142,3.3294196
2012-06-23,44,105,0.0,0.0053749294,1.751248
2012-02-13,34,52,1.9999999999999996,2.5925798,2.3535995
2012-03-01,21,91,1.0,2.298153,2.5380876
2012-02-22,23,45,33.99999999999998,44.48922,2.8237123
2012-07-24,5,105,0.0,-0.011247439,1.6576964
2012-04-26,30,49,0.0,-0.016765963,1.6751509
2012-06-25,24,60,0.0,-0.009169786,1.6376661
2012-04-16,22,93,3.0,5.3264995,2.2713835
2012-06-01,27,93,4.000000000000001,6.736945,2.1977856
2012-03-12,10,21,0.0,-0.01851755,1.6795676
2012-07-29,36,1,0.0,-0.021309886,1.7829288
2012-05-17,37,53,0.0,-0.01650835,1.6291354
2012-01-26,14,70,0.0,-0.030810168,1.6806316
2012-05-24,29,56,0.0,-0.0067369076,1.7007198
2012-04-16,1,93,0.0,-0.010373,1.6507328
2012-07-27,2,85,0.0,-0.013838386,1.6177579
2012-02-01,2,85,0.0,0.0047842893,1.6647562
2012-06-26,14,25,14.999999999999998,11.516904,2.4366164
2012-06-14,11,110,0.0,0.021245372,1.7973006
2012-06-17,2,11,0.0,0.063595176,1.6983819
2012-04-19,16,77,1.9999999999999996,2.4029233,2.2359304
2012-03-03,5,37,11.0,10.83364,1.6936536
2012-06-12,37,53,0.0,-0.037769325,1.7193601
2012-08-07,10,37,11.0,11.247517,1.5961422
2012-08-21,12,79,0.0,0.0122693395,1.6767672
2012-02-03,9,5,64.99999999999997,49.41363,2.6483548
2012-07-27,26,5,100.00000000000003,39.731953,2.585609
2012-03-03,14,88,1.0,1.7503376,2.4090178
2012-05-15,23,45,29.000000000000004,38.765118,2.9023817
2012-08-05,28,45,99.00000000000004,91.2562,3.1786323
2012-08-21,28,5,44.000000000000014,36.49168,2.9266496
2012-06-02,38,45,125.99999999999999,118.829384,3.2486413
2012-01-02,25,81,13.000000000000004,11.419989,1.9640524
2012-03-15,14,15,0.0,-0.112662464,1.8074688
2012-04-20,3,109,0.0,0.011441964,1.599591
2012-08-18,20,106,0.0,0.02577961,1.8011781
2012-07-25,16,50,0.0,0.01174826,1.6782062
2012-05-23,22,68,37.99999999999999,41.834587,2.6616395
2012-06-06,4,27,5.9999999999999964,5.2899494,1.9896511
2012-07-30,40,51,0.0,-0.016167752,1.6631985
2012-04-26,5,16,16.999999999999996,17.897884,2.0271728
2012-01-08,29,45,114.99999999999999,92.56842,3.0265322
2012-08-17,15,49,0.0,0.008120405,1.7064509
2012-08-05,38,9,160.99999999999994,146.07996,3.5834591
2012-02-04,24,43,97.99999999999999,68.0659,2.8831406
2012-04-03,3,102,0.0,0.013891041,1.6813703
2012-05-26,39,9,5.9999999999999964,7.6781187,2.7064056
2012-02-07,43,105,0.0,0.0002155104,1.6106397
2012-02-12,16,85,0.0,0.0027870908,1.9226923
2012-06-28,32,45,45.0,57.2428,2.8182979
2012-07-01,29,8,68.00000000000001,40.28212,2.212549
2012-03-14,43,3,3.0,2.8260138,2.3374612
2012-08-13,14,93,3.0,3.9555006,2.0195632
2012-03-08,31,98,0.0,-0.009312219,1.6418376
2012-08-20,30,44,188.00000000000006,166.71751,3.6062686
2012-07-04,12,93,12.0,4.0538235,2.2482758
2012-07-24,23,56,1.0,1.8899008,2.4384303
2012-06-03,20,74,3.0,2.8746705,2.5342228
2012-07-09,19,83,10.000000000000002,7.1767325,1.8456488
2012-07-24,5,32,0.0,0.11140854,1.5214756
2012-02-22,30,13,0.0,0.029106209,1.6435806
2012-08-05,8,5,22.0,54.87298,2.8911507
2012-03-18,44,62,4.000000000000001,2.1887956,2.3580587
2012-03-23,41,61,1.9999999999999996,1.8829702,2.388361
2012-08-21,22,93,4.000000000000001,4.914489,2.2147748
2012-05-22,26,45,70.00000000000007,54.341553,2.8833683
2012-08-02,11,86,0.0,-0.007948524,1.6664042
2012-03-25,37,104,0.0,-0.01289372,1.6669052
2012-02-08,15,5,61.00000000000001,63.58361,3.14524
2012-08-16,10,5,77.0,49.54344,2.7608438
2012-01-03,32,58,3.0,2.438613,2.3626082
2012-08-08,27,68,58.999999999999986,39.98531,2.4679298
2012-01-05,15,5,112.00000000000003,100.679306,3.1398792
2012-08-04,13,5,58.000000000000014,107.96677,3.315873
2012-06-19,9,105,0.0,0.007086765,1.7184865
2012-07-23,44,94,3.0,1.7500391,2.4531238
2012-06-21,25,9,60.00000000000001,73.446556,2.9602067
2012-03-23,40,45,60.00000000000001,69.53558,2.8269093
2012-08-16,3,93,1.0,3.5308807,2.0985012
2012-07-15,43,16,80.00000000000003,56.1987,2.6423376
2012-05-09,33,9,163.99999999999994,77.22685,2.8929458
2012-07-19,31,98,0.0,-0.016205316,1.6334078
2012-05-04,3,5,28.000000000000004,71.46764,2.8187356
2012-02-22,21,109,0.0,-0.0061957687,1.7084842
2012-08-23,16,50,0.0,-0.0068921703,1.767906
2012-01-21,19,83,13.000000000000004,8.742427,1.9681164
2012-02-08,11,87,0.0,-0.0020287123,1.6419678
2012-08-24,17,9,163.00000000000006,126.27762,3.6598196
2012-07-25,1,89,3.0,1.9049697,2.2041428
2012-06-11,34,9,99.00000000000004,92.09339,2.9829264
2012-01-18,32,58,0.0,-0.011070383,1.6178092
2012-03-22,18,72,1.0,1.0707877,2.4551167
2012-03-25,30,44,208.99999999999994,184.7489,3.7558415
2012-05-14,9,93,0.0,-0.0013413086,1.5955254
2012-02-09,34,93,0.0,0.020898608,1.6432047
2012-05-11,3,102,0.0,0.034106344,1.6311382
2012-04-07,45,22,0.0,-0.034728758,1.764667
2012-08-03,24,97,0.0,0.021337956,1.6889848
2012-05-12,33,93,1.9999999999999996,4.1570344,2.1897488
2012-02-28,44,105,0.0,-0.0055919276,1.5905249
2012-01-03,19,83,8.000000000000005,6.4465566,2.1041224
2012-04-11,24,97,0.0,-0.0059314687,1.6871823
2012-03-11,10,37,16.999999999999996,15.213598,1.6405377
2012-05-17,21,5,13.000000000000004,32.798164,2.475374
2012-06-23,9,10,1.0,3.4332337,2.1795928
2012-03-04,30,49,0.0,0.005414668,1.8641018
2012-03-30,2,44,105.99999999999996,112.9055,3.3257189
2012-05-01,33,44,344.0000000000001,202.48616,3.8941972
2012-07-22,3,102,0.0,0.00031209592,1.7183522
2012-06-26,10,21,1.0,1.0290233,2.5870154
2012-07-25,37,5,45.0,31.192549,2.549695
2012-06-14,45,22,0.0,0.12224157,1.5878154
2012-05-15,4,90,0.0,0.005432267,1.6960946
2012-01-27,32,58,3.0,2.2456453,2.2813272
2012-07-30,35,93,0.0,-0.004207602,1.6240923
2012-01-04,31,45,63.99999999999998,72.76981,2.8506556
2012-07-17,7,23,16.0,14.043293,1.80914
2012-07-10,14,33,0.0,-0.017251585,1.6093994
2012-05-10,27,9,31.999999999999986,32.995735,2.31855
2012-01-16,1,28,5.9999999999999964,3.822092,2.084878
2012-08-11,43,93,0.0,0.0031398183,1.6740582
2012-04-01,8,100,0.0,0.0015152775,1.7126552
2012-07-16,41,61,5.0,2.0082102,2.329227
2012-05-11,32,86,1.0,2.188614,2.2784998
2012-08-05,24,76,0.0,0.020839084,1.6904749
2012-03-27,3,45,51.00000000000003,65.6408,2.8903623
2012-05-12,5,16,25.000000000000004,24.425232,2.2681265
2012-05-10,11,86,0.0,-0.0024330136,1.6211376
2012-01-19,6,45,50.0,59.01368,2.7769861
2012-08-16,38,45,72.99999999999997,78.34546,3.048034
2012-03-28,20,106,0.0,0.0031098956,1.6605004
2012-08-06,24,76,1.0,2.2168932,2.2623532
2012-03-25,34,31,1.9999999999999996,2.2792404,2.4649405
2012-04-17,14,88,0.0,-0.014379943,1.6021076
2012-04-15,31,93,3.0,5.3726664,2.4973598
2012-05-25,34,93,0.0,0.01085258,1.6776408
2012-03-30,33,92,3.0,2.71874,2.4970047
2012-06-14,25,45,71.99999999999999,52.61733,2.8842242
2012-05-26,29,8,21.000000000000004,28.010792,2.046646
2012-03-31,1,89,0.0,-0.009533653,1.6417737
2012-02-05,8,23,14.0,17.237402,1.9103202
2012-08-23,1,89,1.0,1.9806699,2.3765564
2012-01-10,30,44,191.0,164.51892,3.6443853
2012-05-09,12,93,4.000000000000001,4.169787,2.0907822
2012-03-12,30,51,0.0,0.022049658,1.6800582
2012-03-09,30,44,229.99999999999994,201.4979,3.819832
2012-02-23,29,41,17.999999999999996,16.9273,1.745069
2012-05-02,8,23,3.0,10.741844,1.8026978
2012-05-08,16,93,0.0,0.024925519,1.746055
2012-04-20,39,103,0.0,-0.012242006,1.6194035
2012-06-21,20,74,0.0,-0.00529104,1.7183621
2012-03-08,16,16,30.0,44.511066,2.401299
2012-05-04,12,79,5.0,2.9374633,2.305399
2012-08-11,31,98,1.0,2.6504622,2.3652678
2012-01-27,37,45,55.00000000000002,52.53693,2.830671
2012-02-25,32,51,1.9999999999999996,2.1579335,2.3644714
2012-02-14,30,49,0.0,0.01682982,1.6817056
2012-05-18,19,83,3.0,6.511804,1.8245705
2012-04-29,43,3,1.9999999999999996,2.81466,2.6031337
2012-02-12,37,38,0.0,0.02204243,1.7852142
2012-06-04,38,86,0.0,-0.001059883,1.7287283
2012-02-18,2,11,0.0,-0.025683563,1.7805188
2012-08-12,18,37,10.000000000000002,13.418201,1.8323584
2012-05-12,19,93,0.0,-0.014572689,1.6915239
2012-03-21,22,104,0.0,0.01874998,1.6837627
2012-06-21,26,2,4.000000000000001,2.2113838,2.2339034
2012-01-17,25,93,0.0,0.06364842,1.7950608
2012-04-12,36,9,35.0,38.337894,2.3585837
2012-03-28,45,4,4.000000000000001,2.1630607,2.2883587
2012-01-12,12,86,0.0,0.009674449,1.7357718
2012-03-30,4,90,0.0,-0.005246331,1.6826012
2012-01-14,39,111,0.0,-0.0006081624,1.6856567
2012-01-28,1,93,0.0,0.014859733,1.6790624
2012-07-04,25,45,94.0,64.85163,2.7931192
2012-03-08,33,92,4.000000000000001,2.4373581,2.2904305
2012-05-19,20,41,29.000000000000004,30.459475,1.9861304
2012-03-20,13,46,1.0,4.242648,2.257201
2012-05-03,28,5,23.000000000000004,41.202415,2.5531971
2012-04-17,38,9,46.99999999999997,25.239967,2.6474962
2012-05-04,32,93,1.9999999999999996,4.044094,2.013355
2012-02-25,25,9,121.99999999999994,101.77838,3.3053763
2012-02-09,21,5,52.00000000000001,35.46351,2.6459277
2012-03-28,10,86,0.0,-0.014492358,1.5994086
2012-06-23,33,9,121.99999999999994,75.41003,3.0147138
2012-03-03,11,110,0.0,-0.006102599,1.8220466
2012-02-07,26,2,0.0,0.07005391,1.6879659
2012-07-26,34,9,5.9999999999999964,34.714176,2.4385977
2012-07-09,38,9,56.999999999999986,69.38657,2.7236443
2012-03-19,38,98,0.0,0.009932589,1.7396375
2012-08-14,1,40,0.0,-0.008851297,1.6375303
2012-07-09,33,44,183.00000000000006,194.1257,3.805089
2012-08-17,19,39,0.0,0.0004207457,1.6137736
2012-06-19,16,93,0.0,0.005817417,1.7135735
2012-03-08,13,46,0.0,-0.1544408,1.8160874
2012-08-17,15,93,4.000000000000001,3.578342,2.2466128
2012-07-01,26,2,0.0,0.05972485,1.8385245
2012-08-14,13,93,0.0,-0.014908258,1.6840686
2012-01-12,26,2,0.0,0.030752882,1.693623
2012-08-06,8,23,9.000000000000002,13.386765,1.7256469
2012-03-25,5,16,29.000000000000004,20.181477,2.1583822
2012-05-04,2,5,46.99999999999997,62.238274,2.7603185
2012-05-05,19,83,20.0,10.340682,1.9337373
2012-08-04,37,53,0.0,-0.014247151,1.6871164
2012-07-24,31,9,70.00000000000007,42.50536,2.4353542
2012-04-12,43,93,3.0,3.9487643,2.1898737
2012-02-11,20,5,417.0,147.10394,3.4697094
2012-01-24,39,9,14.999999999999998,4.880651,2.4432776
2012-03-12,15,49,0.0,0.015015287,1.750224
2012-03-17,1,89,0.0,-0.01993721,1.6903957
2012-04-16,19,75,0.0,-0.013467708,1.6589773
2012-08-22,8,5,165.00000000000006,39.163048,2.7562206
2012-01-12,18,72,0.0,-0.024860028,1.6871332
2012-02-11,38,93,0.0,0.01888271,1.7879614
2012-05-30,10,93,1.0,3.7356377,2.0545115
2012-02-21,16,64,0.0,0.012677903,1.718606
2012-06-17,7,93,0.0,-0.004776022,1.730633
2012-05-14,7,23,14.999999999999998,13.508921,1.3617593
2012-07-30,20,106,0.0,-0.011165785,1.7102928
2012-02-13,45,9,31.999999999999986,15.976609,2.586862
2012-03-02,29,45,87.00000000000003,70.39059,2.7688823
2012-07-13,36,9,42.99999999999999,45.189762,2.4438078
2012-07-23,6,9,61.99999999999999,46.905098,2.5961847
2012-02-11,22,93,0.0,0.004573843,1.7053221
2012-02-16,25,50,0.0,0.051421747,1.7662057
2012-02-28,33,92,0.0,0.011816155,1.6756479
2012-08-10,25,81,12.0,10.295088,1.8434547
2012-08-16,22,78,0.0,0.005412405,1.6415204
2012-06-19,24,43,38.99999999999998,46.471638,2.678994
2012-04-04,9,10,1.0,1.8757302,2.1189818
2012-02-29,13,36,71.0,71.69593,2.9223566
2012-08-24,23,56,1.0,2.0667703,2.2398632
2012-04-23,28,45,75.0,62.680305,2.8359287
2012-03-11,18,57,1.0,1.7489605,2.5537117
2012-03-14,39,111,0.0,-0.002185554,1.6441205
2012-04-01,10,93,3.0,3.5808892,2.4731815
2012-01-07,25,50,1.0,3.2489088,2.4988806
2012-07-26,22,9,46.99999999999997,36.477722,2.5202458
2012-07-04,41,108,0.0,-0.02820072,1.662767
2012-03-07,13,5,157.0,87.43509,3.2527134
2012-04-14,31,93,5.0,5.003398,2.19409
2012-01-03,30,51,0.0,0.014597862,1.8127854
2012-05-20,31,98,0.0,-0.0103408,1.6452162
2012-03-24,4,93,0.0,-0.005907488,1.7360929
2012-08-15,19,69,0.0,-0.025536729,1.6368897
2012-07-19,38,52,1.9999999999999996,1.7756002,2.474848
2012-04-24,38,93,1.0,2.9067855,2.3575366
2012-05-18,15,86,1.9999999999999996,2.1093416,2.3645627
2012-01-30,14,70,0.0,-0.02761201,1.6514099
2012-08-01,41,16,65.99999999999997,40.583595,2.3378801
2012-08-24,37,53,0.0,-0.011797113,1.6309617
2012-05-29,8,5,35.0,33.554035,2.8015437
2012-08-15,8,93,0.0,-0.016186565,1.6496044
2012-02-20,17,71,1.9999999999999996,1.905647,2.6450987
2012-01-31,9,5,40.999999999999986,28.227858,2.6698775
2012-07-07,3,2,1.0,3.2505288,2.3863065
2012-05-04,17,9,28.000000000000004,116.15712,3.2826803
2012-05-19,32,58,1.0,2.3405216,2.3203335
2012-03-23,43,37,12.0,12.974382,1.4768733
2012-01-04,22,54,0.0,-0.0040317713,1.7476369
2012-03-02,21,91,0.0,-0.017835636,1.6482067
2012-03-17,20,93,1.0,3.5163167,2.2132502
2012-04-01,11,110,0.0,0.0025270875,1.704509
2012-07-25,29,41,14.999999999999998,18.440353,1.8140633
2012-08-04,40,15,0.0,0.1137696,1.7155333
2012-04-15,19,75,0.0,-0.010506392,1.6568006
2012-07-04,15,45,87.99999999999999,71.12302,2.9701345
2012-01-13,29,41,16.999999999999996,21.745693,1.7139453
2012-02-26,28,35,0.0,-0.06814713,1.7981001
2012-01-26,43,93,0.0,-0.005017498,1.6192766
2012-08-12,33,9,185.00000000000009,116.99253,3.354084
2012-03-31,7,23,17.999999999999996,15.845801,1.5673624
2012-02-17,2,93,0.0,0.015591841,1.598177
2012-07-19,6,45,67.00000000000001,62.537903,2.970385
2012-01-12,20,18,0.0,-0.0030085924,1.7951751
2012-05-29,43,37,7.000000000000002,14.932968,1.6074985
2012-02-27,16,16,37.99999999999999,26.799889,2.1178975
2012-05-12,1,9,64.99999999999997,41.24968,2.5665576
2012-08-22,22,68,30.0,35.704044,2.5030982
2012-06-20,33,85,0.0,0.019780746,1.8345567
2012-03-04,20,93,0.0,0.017296039,1.7649661
2012-03-10,3,109,0.0,0.006619236,1.6745437
2012-05-26,42,82,0.0,-0.07027982,1.7198751
2012-05-25,21,5,37.99999999999999,40.45641,2.6720116
2012-03-30,34,31,1.9999999999999996,1.7711343,2.6040258
2012-01-26,36,1,0.0,-0.0018551106,1.7396674
2012-05-09,21,5,40.999999999999986,48.34314,2.71756
2012-04-19,24,6,7.000000000000002,31.155283,2.3345006
2012-02-26,9,93,0.0,-0.010552694,1.6743548
2012-08-17,31,67,0.0,0.02852123,1.6424712
2012-05-02,24,43,47.99999999999999,46.858658,2.927427
2012-06-30,11,9,37.99999999999999,35.54803,2.3392744
2012-08-23,35,49,0.0,-0.017600423,1.6095506
2012-06-05,15,45,118.99999999999997,92.57373,3.158193
2012-01-13,31,45,75.0,58.78347,2.7732291
2012-01-10,2,11,0.0,-0.023067022,1.7960849
2012-05-24,25,84,0.0,0.051749784,1.7969755
2012-03-20,34,84,0.0,0.0095839705,1.6560884
2012-01-24,11,110,0.0,0.005093427,1.6175824
2012-01-30,26,2,0.0,-0.02437292,1.6564947
2012-06-24,43,73,0.0,-0.013561906,1.7331284
2012-04-13,34,52,1.0,2.3289142,2.3334188
2012-08-11,11,110,0.0,-0.0048566726,1.7239604
2012-01-28,29,41,22.0,17.167852,1.9576542
2012-07-04,27,80,0.0,-0.016462756,1.730392
2012-01-17,39,9,12.0,4.5684686,2.4830155
2012-07-17,4,97,0.0,-0.01524151,1.7678874
2012-07-08,35,50,0.0,-0.016950281,1.7554952
2012-03-25,17,48,155.99999999999994,172.72218,3.828273
2012-05-31,8,84,0.0,-0.02628313,1.6211681
2012-03-20,13,5,69.00000000000003,62.277878,2.994315
2012-05-04,34,31,0.0,-0.04505387,1.7087858
2012-07-10,10,37,12.0,13.283861,1.6072897
2012-01-10,17,71,1.0,2.3497355,2.6529064
2012-04-21,10,93,9.000000000000002,4.4616656,2.073399
2012-06-14,10,37,10.000000000000002,13.3197155,1.908707
2012-02-25,1,47,0.0,0.03031184,2.0375292
2012-04-04,22,104,0.0,0.00029684903,1.7690514
2012-01-23,10,93,0.0,-0.008856108,1.6329659
2012-06-10,1,51,0.0,0.0044944137,1.7182885
2012-06-13,15,45,121.99999999999994,67.925224,2.897983
2012-03-05,4,9,109.99999999999997,102.72386,3.171119
2012-04-14,37,15,0.0,-0.055292744,1.7622032
2012-07-12,21,109,0.0,-0.0013435072,1.6459286
2012-08-02,13,5,135.00000000000006,84.97608,3.2394736
2012-08-07,12,93,7.000000000000002,3.9185534,2.1277156
2012-07-19,32,51,0.0,-0.024235005,1.6366223
2012-05-02,43,73,0.0,-0.0032273429,1.6379788
2012-05-24,8,5,25.000000000000004,19.511576,2.7907689
2012-03-24,15,45,141.99999999999994,128.9352,3.3772821
2012-08-14,8,23,8.000000000000005,9.071619,1.6015677
2012-08-21,15,61,1.9999999999999996,1.5774397,2.4191625
2012-06-12,4,9,136.00000000000003,66.79674,2.7724307
2012-07-09,34,84,0.0,0.0025880116,1.683517
2012-05-20,3,102,0.0,-0.00075949373,1.6755687
2012-07-10,21,109,0.0,0.014015345,1.6795354
2012-01-05,9,10,0.0,-0.04685956,1.7078975
2012-04-21,42,5,75.0,46.699974,2.7838864
2012-03-19,11,9,30.0,36.505733,2.2119155
2012-03-08,19,75,0.0,-0.0095480075,1.6574559
2012-07-07,35,93,16.0,3.630928,2.144258
2012-05-28,2,5,141.00000000000003,65.85287,2.9409482
2012-05-13,14,25,0.0,0.34445453,2.3105822
2012-06-11,31,9,50.0,63.619865,2.6727207
2012-03-22,24,97,0.0,-0.005082302,1.6251149
2012-07-02,44,5,63.000000000000036,44.56032,2.660511
2012-08-16,30,65,1.0,1.2367954,2.5425408
2012-03-21,5,105,0.0,-0.0033587136,1.597642
2012-05-25,40,45,60.00000000000001,65.329704,2.814567
2012-03-11,13,104,0.0,-0.006543221,1.8798133
2012-07-14,38,52,1.0,1.7286681,2.3606899
2012-02-29,34,52,0.0,-0.011071953,1.6665164
2012-01-18,26,2,0.0,0.09467284,1.6213298
2012-05-31,39,36,8.000000000000005,9.9077015,2.262998
2012-06-12,38,52,1.0,2.1300344,2.3288808
2012-04-28,6,107,0.0,0.012649277,1.6757059
2012-06-25,38,52,1.0,1.7446778,2.5486875
2012-03-30,39,111,0.0,0.009844055,1.59589
2012-01-20,22,78,0.0,-0.0057913004,1.665981
2012-01-12,44,93,0.0,0.013849686,1.6716205
2012-02-18,1,47,0.0,0.020201338,2.3331301
2012-03-09,12,79,0.0,0.0055318144,1.7467384
2012-08-09,18,72,1.0,1.2749195,2.4703784
2012-06-09,21,91,1.0,1.9388671,2.2460403
2012-04-18,15,86,0.0,0.017262727,1.7703464
2012-02-24,30,49,0.0,0.2578625,1.7915183
2012-03-01,12,16,28.000000000000004,33.51811,2.2861009
2012-02-26,30,44,256.00000000000006,218.0788,3.9218652
2012-06-06,28,5,71.99999999999999,50.72553,2.5641134
2012-02-11,12,79,4.000000000000001,2.249032,2.7063787
2012-07-01,20,74,1.0,2.7826831,2.6645908
2012-06-18,44,5,40.00000000000001,39.658905,2.7490044
2012-06-25,38,9,63.000000000000036,49.932404,2.6053379
2012-06-02,42,45,78.0,97.66814,3.101308
2012-06-02,28,5,14.0,34.192657,2.7473636
2012-04-04,43,105,0.0,0.014526788,1.751249
2012-05-25,4,9,89.0,48.013947,2.7423472
2012-01-25,20,5,76.00000000000003,46.851776,2.8850334
2012-03-22,4,96,0.0,0.011270886,1.6988726
2012-01-09,25,81,11.0,9.654085,2.0893807
2012-08-11,43,105,0.0,0.00097480236,1.7053896
2012-03-06,37,104,0.0,-0.008698513,1.6870382
2012-06-24,6,45,60.00000000000001,78.40583,3.1083975
2012-05-30,9,105,0.0,0.006686029,1.5984069
2012-02-04,4,9,96.0,147.14067,3.457579
2012-08-15,37,105,0.0,-0.0057227137,1.6423216
2012-06-19,28,45,65.99999999999997,54.390396,2.8829713
2012-01-22,27,9,28.000000000000004,65.14726,2.8675086
2012-08-05,39,9,1.9999999999999996,8.440041,2.708883
2012-02-19,15,61,1.9999999999999996,2.0110922,2.7856047
2012-04-21,32,45,45.0,84.22553,3.0550578
2012-08-08,17,71,0.0,0.0001925377,1.9706873
2012-02-13,19,88,0.0,-0.013417145,1.6368492
2012-03-23,26,45,51.00000000000003,52.509483,2.8664622
2012-03-15,21,5,53.00000000000001,34.667213,2.5885746
2012-02-25,10,86,0.0,-0.019504217,1.654233
2012-04-07,11,87,0.0,-0.009105224,1.6701993
2012-01-18,11,110,0.0,0.0067289895,1.6137376
2012-08-05,40,15,0.0,0.024667924,1.770533
2012-03-03,40,51,0.0,-0.0013229359,1.6844126
2012-01-16,14,9,0.0,-0.2441366,2.2486646
2012-04-01,13,93,0.0,-0.011417937,1.8313653
2012-03-01,14,9,24.000000000000007,15.868219,2.4842098
2012-06-13,11,9,35.0,36.68429,2.3260279
2012-06-30,25,50,0.0,0.04711767,1.7365456
2012-05-10,25,50,0.0,0.09418197,1.7185742
2012-04-13,3,2,5.9999999999999964,2.505588,2.3062582
2012-01-15,14,25,10.000000000000002,34.985832,2.7263513
2012-05-19,16,39,0.0,0.15523507,1.8299149
2012-05-12,11,87,0.0,0.0015497922,1.6941712
2012-01-16,40,51,0.0,-0.03569116,1.6626623
2012-06-08,45,22,0.0,0.058719255,1.6178664
2012-03-05,28,5,78.99999999999997,53.290966,2.6284115
2012-01-31,15,86,0.0,0.0077458457,1.7051634
2012-02-18,39,103,0.0,0.019457279,1.6993529
2012-08-01,15,45,103.99999999999997,69.767265,2.8691115
2012-05-23,42,82,0.0,-0.09443825,1.6941437
2012-08-19,2,5,91.00000000000001,79.023735,3.0025303
2012-01-14,40,55,3.0,2.5232625,2.4104533
2012-05-05,13,46,0.0,-0.036759164,1.8046197
2012-06-11,19,75,0.0,-0.024515403,1.7053975
2012-06-15,40,5,89.0,51.07904,2.5772772
2012-06-12,9,93,0.0,0.0072739846,1.6419115
2012-06-27,32,58,1.0,1.9933591,2.2657814
2012-08-09,40,106,0.0,0.003070633,1.6165508
2012-06-01,25,50,0.0,0.10989065,1.7759714
2012-03-21,6,14,0.0,0.0439352,1.6152838
2012-07-09,19,93,0.0,-0.0018144081,1.6420329
2012-01-04,33,93,0.0,0.021958549,1.7108271
2012-07-13,44,5,29.000000000000004,31.489943,2.6411037
2012-04-29,41,93,0.0,0.0006811213,1.6365447
2012-04-12,22,54,0.0,0.003981373,1.6455077
2012-04-21,24,97,0.0,-0.010552044,1.6726637
2012-01-12,38,52,0.0,-0.011364234,1.680693
2012-02-16,40,45,44.000000000000014,42.846542,2.950345
2012-06-08,12,79,4.000000000000001,2.8803794,2.3301086
2012-07-10,1,51,0.0,0.013411919,1.6031548
2012-05-05,28,45,73.99999999999997,74.470184,2.9498293
2012-08-15,25,9,73.99999999999997,49.37252,2.7056243
2012-01-08,19,83,9.000000000000002,10.355587,1.9936618
2012-07-05,20,18,1.9999999999999996,1.009268,2.6531243
2012-08-23,41,16,33.00000000000001,19.546558,2.275219
2012-05-23,28,5,8.000000000000005,23.688187,2.5888152
2012-03-17,32,51,0.0,-0.035124697,1.7134223
2012-01-19,10,37,17.999999999999996,11.882862,1.7760162
2012-04-06,29,56,0.0,-0.008418345,1.7160171
2012-01-14,37,5,86.0,73.5975,2.9030888
2012-02-12,29,41,53.00000000000001,30.389221,1.9665586
2012-05-28,32,86,1.0,2.047096,2.397926
2012-08-07,18,37,9.000000000000002,10.390268,1.9197624
2012-06-11,44,105,0.0,0.00032234733,1.7117496
2012-03-11,12,86,1.0,1.8566282,2.5333576
2012-01-31,10,21,0.0,0.0020771606,1.6350926
2012-06-21,26,45,38.99999999999998,38.369026,2.9929044
2012-05-16,15,93,0.0,0.0039707,1.678348
2012-01-02,1,99,0.0,0.01483371,1.6627828
2012-07-05,17,71,0.0,0.0125752,1.9617316
2012-02-04,10,93,0.0,-0.003368473,1.6901789
2012-01-14,1,51,1.0,2.6287663,2.4027624
2012-01-10,10,37,24.000000000000007,11.240802,1.62485
2012-08-01,24,76,0.0,0.022419987,1.6517543
2012-01-04,24,60,0.0,0.024187561,1.6851686
2012-06-05,27,9,14.999999999999998,27.500088,2.4513526
2012-02-09,4,93,0.0,0.0019583183,1.7356329
2012-02-12,41,68,112.00000000000003,76.519325,2.7936285
2012-05-04,45,9,8.000000000000005,13.841888,2.4276743
2012-03-11,5,37,14.999999999999998,13.616585,1.698723
2012-06-27,14,25,10.000000000000002,12.931559,2.2319021
2012-02-21,1,93,0.0,-0.001231496,1.6201235
2012-02-20,9,5,48.99999999999999,55.43942,2.6290195
2012-05-11,2,5,60.00000000000001,73.73041,2.9474816
2012-05-21,3,45,71.0,68.525795,2.9120846
2012-05-18,39,111,0.0,-0.009556235,1.614934
2012-01-05,30,13,0.0,-0.010150508,1.783391
2012-01-14,37,45,78.99999999999997,81.4218,2.9366343
2012-03-19,15,45,105.99999999999996,102.91283,3.2569728
2012-08-19,44,93,1.0,4.727973,2.401363
2012-04-29,40,51,0.0,-0.008523537,1.686614
2012-02-20,17,9,96.0,122.415184,3.551862
2012-07-08,4,97,0.0,0.0103548635,1.7653538
2012-02-08,32,45,45.99999999999995,60.571068,2.8903024
2012-04-18,20,93,5.0,3.925351,2.0812526
2012-06-15,8,93,0.0,0.0040060836,1.7964073
2012-02-13,25,45,99.00000000000004,71.32417,2.8420632
2012-05-22,21,5,30.0,42.43246,2.6479223
2012-05-20,6,107,0.0,0.0012118975,1.711089
2012-07-04,22,93,1.9999999999999996,6.051997,2.2625031
2012-06-12,18,72,1.0,1.5371983,2.5070262
2012-06-04,29,56,0.0,-0.040702567,1.7389101
2012-03-23,33,92,1.9999999999999996,2.406025,2.1755571
2012-06-24,1,89,0.0,-0.02167739,1.7278528
2012-07-25,37,53,0.0,-0.030017184,1.6266872
2012-08-01,35,66,10.000000000000002,10.739428,1.6550556
2012-01-25,27,9,21.000000000000004,17.098007,2.5215175
2012-02-05,26,2,0.0,0.033274017,1.8376855
2012-08-20,40,106,0.0,-0.004628415,1.6091701
2012-08-07,43,105,0.0,-0.024402868,1.6953363
2012-04-01,38,9,143.99999999999997,122.40983,3.35913
2012-02-22,15,45,81.00000000000001,97.71176,3.2266173
2012-08-09,37,15,0.0,-0.0042988723,1.6325718
2012-07-11,14,25,5.9999999999999964,13.318248,2.0747879
2012-06-15,1,51,0.0,0.02891124,1.6245655
2012-06-17,19,39,0.0,-0.05301405,1.7099642
2012-03-30,43,3,0.0,0.021351913,1.581112
2012-06-30,11,86,1.0,1.9266185,2.4270482
2012-03-15,40,15,0.0,0.043876592,1.6851126
2012-05-25,14,70,0.0,-0.019773899,1.6134336
2012-02-11,21,5,84.99999999999997,68.24443,3.0443218
2012-06-16,45,4,0.0,-0.09962753,1.8098171
2012-04-09,13,5,117.00000000000004,82.33727,3.1160595
2012-01-11,41,93,0.0,-0.0030829632,1.6604813
2012-07-15,1,89,0.0,0.018252984,1.6926563
2012-08-22,26,5,35.99999999999998,35.74926,2.746809
2012-02-13,7,5,117.00000000000004,81.06587,3.0109384
2012-06-14,8,84,0.0,-0.018459583,1.632454
2012-04-29,21,44,92.00000000000003,91.42683,3.34053
2012-05-30,34,93,1.0,3.8959694,2.1143043
2012-03-09,36,1,1.0,2.6533663,2.2458198
2012-04-20,20,18,0.0,-0.054646496,1.809768
2012-02-17,36,44,67.00000000000001,99.292015,3.1729293
2012-04-17,7,7,3.0,2.510759,2.3813655
2012-04-08,17,48,140.00000000000003,83.934044,2.9874597
2012-08-02,15,15,0.0,0.03915469,1.8025638
2012-05-11,32,9,16.0,33.97491,2.3512568
2012-01-01,10,5,97.99999999999999,75.97679,2.9775324
2012-02-11,37,105,0.0,-0.006438407,1.7169591
2012-05-02,33,44,151.99999999999997,223.64658,3.9958587
2012-01-27,42,82,1.0,2.3222656,2.530514
2012-08-06,17,48,141.00000000000003,172.88239,3.7610254
2012-01-19,42,82,1.9999999999999996,2.2283444,2.3835986
2012-07-14,24,6,55.00000000000002,28.387249,2.416198
2012-05-04,8,93,5.9999999999999964,3.7982733,2.0915408
2012-01-01,22,93,3.0,4.0223894,2.5090294
2012-04-11,25,81,8.000000000000005,8.599288,2.084842
2012-08-09,44,5,16.999999999999996,25.434063,2.732679
2012-07-18,42,45,82.99999999999997,65.779205,2.863146
2012-04-11,4,9,125.0,80.48122,2.9197633
2012-07-10,15,49,0.0,0.002181926,1.7972282
2012-08-15,16,93,8.000000000000005,4.886545,2.3583977
2012-07-12,32,93,0.0,-0.0010540967,1.6461902
2012-05-05,25,9,116.00000000000003,114.63958,3.2308304
2012-06-09,24,97,0.0,0.014246615,1.7210236
2012-06-25,4,27,11.0,4.5956545,2.0252433
2012-04-05,25,81,11.0,8.545524,2.2604644
2012-03-18,32,51,0.0,-0.01188767,1.6682318
2012-05-02,28,45,63.99999999999998,68.53501,2.887682
2012-05-13,29,56,0.0,-0.0008115247,1.7394439
2012-02-07,2,5,132.99999999999997,72.88736,2.8780894
2012-04-04,27,93,0.0,0.007664743,1.6508932
2012-05-14,29,45,78.99999999999997,75.85913,2.911438
2012-07-05,25,12,0.0,-0.056959003,1.7574952
2012-06-26,44,5,16.0,32.744774,2.501234
2012-05-11,7,7,1.0,1.7719929,2.5468187
2012-01-13,1,40,1.0,8.017467,1.8798012
2012-07-09,27,9,31.999999999999986,19.466328,2.4884043
2012-06-15,12,93,1.9999999999999996,5.147914,2.2259932
2012-05-24,2,5,87.99999999999999,52.628044,2.699225
2012-02-09,31,98,0.0,-0.014066309,1.6413208
2012-05-02,10,21,0.0,0.020782217,1.6269898
2012-05-29,1,93,0.0,0.0035512522,1.5895032
2012-07-04,12,79,0.0,-0.0050614187,1.6980296
2012-07-04,35,49,0.0,-0.006761635,1.6298667
2012-06-07,5,32,0.0,0.0013399228,1.6485856
2012-01-30,39,103,0.0,-0.026722502,1.6550052
2012-08-20,43,3,0.0,0.07621427,1.6172377
2012-08-21,32,51,0.0,-0.0075085163,1.607703
2012-05-30,34,31,1.9999999999999996,1.1997235,2.4863513
2012-01-18,10,93,0.0,-0.0030114937,1.5963513
2012-03-04,27,9,36.99999999999999,62.11726,2.6656234
2012-06-30,12,37,17.999999999999996,15.067789,1.8172778
2012-01-07,30,44,234.0,199.12737,3.7409842
2012-06-14,38,52,0.0,-0.0031808205,1.6360664
2012-06-30,14,88,0.0,-0.027039168,1.6741825
2012-04-03,43,105,0.0,0.0019844603,1.6552836
2012-05-13,6,45,58.000000000000014,72.33264,3.0118356
2012-07-30,30,13,0.0,-0.0020831584,1.6522423
2012-06-20,31,93,0.0,0.0017375158,1.6981908
2012-04-07,12,93,1.9999999999999996,3.601331,2.1787379
2012-01-09,12,37,25.000000000000004,13.692388,1.7980934
2012-01-05,32,86,0.0,-0.00971666,1.6586299
2012-08-09,17,9,102.0,120.80316,3.3711183
2012-03-31,29,45,65.99999999999997,71.95544,2.9356127
2012-02-15,18,37,10.000000000000002,9.259789,1.7797565
2012-03-23,5,16,18.999999999999996,15.912339,2.0968368
2012-06-13,19,88,0.0,-0.017035533,1.6544224
2012-08-15,12,16,38.99999999999998,29.023056,2.116199
2012-01-20,10,93,0.0,-0.0028558918,1.607132
2012-07-16,31,67,0.0,0.0332497,1.6888386
2012-02-04,37,5,89.99999999999997,83.87194,3.1099422
2012-04-22,27,68,96.0,58.878246,2.6425712
2012-05-08,43,93,0.0,0.010151305,1.6625823
2012-01-19,5,93,0.0,0.00088867,1.6019918
2012-07-07,26,5,64.99999999999997,60.54045,2.7822254
2012-02-25,22,68,63.99999999999998,55.985867,2.6717947
2012-05-22,3,102,0.0,0.0026637078,1.6087321
2012-03-25,25,81,20.0,10.978498,2.1868272
2012-04-27,14,9,14.999999999999998,17.502861,2.5220158
2012-03-29,31,98,0.0,-0.010474704,1.5960538
2012-05-15,25,84,0.0,0.04811187,1.7158059
2012-05-02,25,84,0.0,0.04779266,1.729283
2012-03-17,19,93,1.9999999999999996,3.744935,2.1055226
2012-08-04,4,9,132.99999999999997,81.87529,2.920214
2012-08-07,40,5,42.99999999999999,37.025883,2.6398406
2012-01-12,16,64,0.0,-0.029075863,1.8312466
2012-06-16,17,9,163.99999999999994,178.45213,3.6791937
2012-03-26,28,5,35.99999999999998,25.005634,2.6190398
2012-05-22,3,45,52.00000000000001,64.10321,2.9584284
2012-05-26,19,16,11.0,21.52155,2.0788622
2012-02-01,9,5,25.000000000000004,48.201427,2.6172206
2012-08-20,32,51,0.0,-0.025913402,1.6730828
2012-01-29,27,80,1.9999999999999996,2.3894224,2.4203887
2012-02-03,36,30,3.0,1.7557241,2.4422097
2012-08-23,36,44,72.99999999999997,67.16716,3.1574194
2012-08-20,29,41,23.000000000000004,19.47213,1.6801327
2012-06-02,12,86,0.0,0.00441214,1.7169752
2012-06-11,25,12,0.0,-0.019764934,1.8248053
2012-07-03,3,93,0.0,0.00030364344,1.6788164
2012-06-28,16,39,0.0,-0.0159362,1.8209014
2012-02-13,42,82,1.0,2.1999934,2.651977
2012-01-14,25,45,121.99999999999994,95.770935,3.051894
2012-05-11,44,105,0.0,0.004431502,1.6260602
2012-02-06,43,16,71.99999999999999,55.34095,2.5499735
2012-08-03,40,5,77.0,62.804985,2.7946553
2012-07-12,13,36,99.00000000000004,75.685165,2.8735335
2012-08-23,21,91,3.0,1.9589736,2.19975
2012-08-20,19,15,0.0,-0.037783217,1.7140747
2012-01-22,16,39,1.0,27.666634,2.0708277
2012-07-16,16,85,0.0,-0.000100042496,1.7358876
2012-04-13,4,9,99.00000000000004,54.265713,2.7504487
2012-02-11,1,93,0.0,0.007965814,1.6843613
2012-06-04,4,101,0.0,0.021794325,1.753336
2012-04-11,12,79,1.9999999999999996,2.5843573,2.5139852
2012-06-16,14,15,0.0,-0.0569962,1.7323626
2012-06-11,15,5,123.00000000000003,118.18352,3.384043
2012-08-23,2,93,0.0,0.014329153,1.6200889
2012-04-04,30,49,0.0,0.021715129,1.6724522
2012-04-07,33,9,186.00000000000006,130.44476,3.4492013
2012-01-30,5,93,0.0,-0.0010568114,1.6431613
2012-06-05,19,75,0.0,-0.018140106,1.6750267
2012-03-14,41,68,51.00000000000003,53.10195,2.6556928
2012-05-15,45,22,0.0,0.03145063,1.6932876
2012-01-15,4,101,0.0,-0.011573254,1.8258888
2012-08-21,23,29,1.0,1.5892897,2.3918767
2012-03-15,33,44,123.00000000000003,127.695,3.4671423
2012-04-20,25,50,0.0,0.04637392,1.7252316
2012-01-11,5,93,0.0,0.011202199,1.639315
2012-05-15,34,45,94.0,67.385025,2.8453662
2012-02-02,37,15,0.0,0.015797006,1.7309686
2012-01-29,40,93,0.0,-0.0045077265,1.6660608
2012-06-28,3,5,70.00000000000007,47.721657,2.6561508
2012-03-03,32,58,3.0,2.5782423,2.31119
2012-01-20,12,93,0.0,0.005320032,1.675248
2012-07-24,8,100,0.0,-0.019430535,1.6733642
2012-03-10,5,93,7.000000000000002,3.509797,2.1137764
2012-07-31,5,37,5.0,9.703455,1.6162776
2012-06-25,30,65,1.9999999999999996,1.9593803,2.3962204
2012-06-13,22,93,35.0,6.8726315,2.513778
2012-05-01,1,40,0.0,-0.045380663,1.8511364
2012-02-08,22,9,37.99999999999999,41.35852,2.662916
2012-08-07,16,77,1.0,2.6028073,2.2623355
2012-06-09,5,16,26.999999999999996,23.727377,2.264241
2012-07-19,41,68,45.99999999999995,40.667694,2.505763
2012-06-03,14,88,0.0,0.011197934,1.7255224
2012-03-04,13,46,1.0,3.3058314,2.7276766
2012-02-01,26,2,0.0,0.0064952485,1.8177023
2012-06-22,34,84,0.0,0.0023741077,1.6299227
2012-06-19,26,45,45.0,55.809055,2.9220896
2012-01-15,5,32,4.000000000000001,2.6851172,2.3377392
2012-04-22,25,12,0.0,-0.023938116,1.7478267
2012-04-20,37,15,0.0,-0.020622088,1.6203575
2012-04-19,2,93,4.000000000000001,4.3723392,2.0472288
2012-02-27,7,23,14.0,14.239962,1.7305295
2012-03-21,14,25,3.0,12.069802,2.2195308
2012-07-26,28,2,1.9999999999999996,2.192935,2.2530007
2012-01-11,34,52,3.0,1.9813564,2.616354
2012-08-01,14,70,0.0,-0.003355788,1.6423465
2012-01-14,18,57,0.0,0.014774089,1.7505761
2012-01-11,45,4,0.0,0.050470978,1.6944896
2012-04-20,25,93,0.0,0.058504466,1.7336612
2012-06-07,38,52,1.0,1.9432787,2.6420438
2012-04-25,45,26,7.000000000000002,3.6057756,2.14452
2012-04-28,17,48,182.00000000000006,165.69983,3.6460607
2012-08-04,20,5,141.00000000000003,87.668335,3.1139727
2012-08-18,41,93,0.0,0.010579225,1.6471592
2012-07-11,42,45,64.99999999999997,66.42454,2.854696
2012-02-27,5,93,4.000000000000001,4.045545,1.9910733
2012-04-07,17,71,0.0,-0.027638623,1.9670933
2012-08-10,17,48,174.00000000000006,162.62958,3.67475
2012-08-13,27,80,0.0,-0.039897442,1.704496
2012-02-23,33,93,0.0,0.010590832,1.6989641
2012-04-08,10,21,1.9999999999999996,1.9472837,2.5357301
2012-07-05,19,83,11.0,6.542035,1.9068928
2012-01-14,15,45,158.99999999999994,103.68942,3.1109264
2012-01-05,10,86,0.0,-0.0002675461,1.6565458
2012-03-22,15,15,0.0,0.08228667,1.6361378
2012-07-17,15,5,72.99999999999997,61.231766,2.7550466
2012-08-22,36,9,30.0,22.691132,2.475656
2012-05-20,21,109,0.0,0.036069505,1.7195243
2012-04-15,34,93,0.0,0.019982131,1.7108828
2012-01-06,22,78,0.0,-0.019305702,1.7641575
2012-02-15,19,16,16.0,32.30956,2.2245238
2012-07-02,2,93,0.0,0.020184953,1.7155511
2012-05-16,13,46,1.9999999999999996,2.4517612,2.4039521
2012-08-22,38,9,87.00000000000003,53.743565,2.6552482
2012-06-23,40,51,0.0,-0.0041377707,1.6736771
2012-04-06,31,104,0.0,-0.0014653032,1.683453
2012-07-24,6,45,60.00000000000001,54.55932,2.8628225
2012-02-18,15,45,134.00000000000003,130.28172,3.359138
2012-02-20,34,31,0.0,0.029735617,1.6167156
2012-06-17,25,45,116.00000000000003,89.59069,3.0703585
2012-02-21,36,30,0.0,0.012832291,1.6304183
2012-02-03,8,93,12.0,4.6933813,2.281022
2012-07-30,19,75,0.0,-0.0226327,1.6874452
2012-04-19,2,11,3.0,2.2348514,2.2784572
2012-05-05,41,61,3.0,2.2540288,2.4061892
2012-06-12,32,45,63.000000000000036,67.861885,2.851182
2012-04-08,8,93,0.0,-0.010058687,1.690423
2012-04-06,11,61,0.0,0.007341261,1.6827009
2012-08-07,37,53,0.0,-0.0039518178,1.6531622
2012-06-20,19,15,0.0,-0.0037252903,1.6897718
2012-05-13,18,37,16.999999999999996,11.271663,1.7660391
2012-05-21,29,45,99.00000000000004,65.82182,2.817425
2012-01-05,45,26,0.0,0.04166864,1.628441
2012-06-12,30,49,0.0,0.019285513,1.7305392
2012-05-27,33,92,4.000000000000001,2.7829952,2.3428721
2012-07-12,41,16,23.000000000000004,38.501198,2.260338
2012-05-03,11,9,33.00000000000001,37.22833,2.416542
2012-08-13,12,86,0.0,-0.0043859766,1.7037894
2012-04-30,45,26,5.9999999999999964,4.5562954,1.9642792
2012-03-26,8,100,0.0,-0.008175841,1.6011407
2012-06-26,38,45,71.99999999999999,74.750175,2.967364
2012-06-25,32,19,0.0,-0.064978234,1.8559564
2012-03-15,13,46,0.0,-0.09410237,1.8273348
2012-05-21,25,9,56.999999999999986,59.012764,2.6423466
2012-05-24,30,16,25.000000000000004,21.75077,2.0539613
2012-07-08,16,39,0.0,0.21951343,1.8267667
2012-05-11,33,93,7.000000000000002,4.5283318,2.1579645
2012-03-27,26,45,48.99999999999999,54.182945,2.999351
2012-03-24,41,68,103.99999999999997,65.3652,2.8051348
2012-03-20,20,106,0.0,-0.0015480057,1.8287655
2012-05-03,18,72,0.0,-0.0068172626,1.6916809
2012-05-28,40,55,0.0,-0.02146001,1.6221974
2012-08-04,12,86,0.0,-0.0025244753,1.7400279
2012-04-05,32,58,4.000000000000001,2.3415713,2.2834616
2012-01-12,5,16,35.99999999999998,23.483875,2.162335
2012-02-08,4,90,0.0,-0.018373394,1.7216667
2012-02-09,12,37,26.0,12.191698,1.6366936
2012-07-07,42,45,71.0,85.605705,3.0343473
2012-06-04,40,5,84.00000000000001,62.224373,2.760877
2012-04-02,37,15,0.0,0.022791848,1.7381761
2012-05-25,24,43,51.00000000000003,45.1811,2.7991292
2012-06-11,37,5,55.00000000000002,51.972633,2.71514
2012-02-14,30,13,0.0,-0.031942092,1.7271059
2012-04-08,14,88,0.0,-0.022277908,1.708586
2012-07-10,16,50,0.0,0.012041517,1.7296511
2012-02-03,11,86,0.0,-0.005339161,1.6173005
2012-03-22,39,36,13.000000000000004,10.824497,2.1510866
2012-06-29,17,48,180.00000000000006,167.31277,3.7054164
2012-01-15,44,105,0.0,0.0020486072,1.6638725
2012-04-29,25,81,18.999999999999996,12.195664,2.100607
2012-03-08,4,9,87.99999999999999,62.82939,2.90947
2012-08-15,4,101,0.0,-0.01254679,1.7206488
2012-06-07,37,53,1.9999999999999996,1.9411647,2.4085689
2012-07-08,20,5,140.00000000000003,88.73891,3.0755527
2012-06-06,10,5,17.999999999999996,32.426685,2.8607862
2012-03-19,5,32,1.9999999999999996,2.4014058,2.4703143
2012-02-29,2,44,105.99999999999996,84.254555,3.1526535
2012-05-26,14,88,0.0,-0.021220729,1.6638496
2012-08-06,33,44,205.99999999999994,213.11797,3.8697953
2012-02-20,43,37,31.999999999999986,11.111621,1.6074581
2012-04-08,8,5,104.99999999999997,56.77784,2.729314
2012-06-11,16,64,0.0,0.0024253067,1.8263552
2012-08-12,3,5,63.99999999999998,72.65948,2.8746362
2012-01-08,44,105,0.0,0.0023565516,1.6781439
2012-07-14,8,5,35.99999999999998,39.686047,2.6763384
2012-05-24,8,23,5.0,8.159074,1.652519
2012-06-23,39,9,3.0,7.679716,2.6857603
2012-02-17,39,36,8.000000000000005,11.4201565,2.2306502
2012-04-01,6,9,89.0,70.08694,2.9627001
2012-07-13,21,44,84.99999999999997,111.20418,3.5610318
2012-03-14,29,41,24.000000000000007,15.949529,1.6978146
2012-07-30,34,45,89.0,70.64838,2.9085703
2012-01-04,17,37,51.00000000000003,47.42042,2.5909133
2012-03-31,36,9,31.999999999999986,39.167713,2.5089297
2012-03-11,29,8,41.99999999999996,50.434006,2.5064745
2012-03-18,1,89,0.0,-0.0244846,1.6808354
2012-04-09,38,98,0.0,0.007152912,1.6351839
2012-07-03,10,86,0.0,-0.010058585,1.6286985
2012-06-17,43,93,1.0,3.2729485,2.160653
2012-05-27,31,9,54.000000000000014,52.405876,2.7020872
2012-03-30,25,93,0.0,0.06329724,1.7065578
2012-07-02,17,9,132.99999999999997,130.10768,3.3187547
2012-02-12,19,39,0.0,-0.059145372,1.774068
2012-02-24,32,58,1.0,2.572172,2.3508654
2012-07-01,34,93,0.0,0.023670863,1.7377726
2012-04-27,6,14,1.0,2.7493672,2.1193104
2012-06-24,1,93,0.0,-0.008669147,1.7415156
2012-08-14,42,82,1.9999999999999996,2.0575957,2.3684464
2012-04-27,10,93,0.0,-6.478789e-05,1.603474
2012-08-14,11,86,0.0,-0.01070162,1.6420206
2012-06-10,14,15,0.0,-0.067785904,1.907677
2012-03-11,13,5,96.0,103.041084,3.2684095
2012-02-25,40,55,3.0,2.4531205,2.2852395
2012-01-12,14,70,0.0,0.0040583685,1.7085667
2012-04-20,5,105,0.0,0.0054817167,1.6048905
2012-05-22,17,48,153.00000000000006,136.42798,3.559732
2012-05-20,34,45,113.00000000000003,80.41054,2.930993
2012-04-24,38,9,64.99999999999997,41.894886,2.6150417
2012-01-31,30,44,141.99999999999994,142.6401,3.6453311
2012-04-10,32,86,0.0,-0.0033726627,1.6223634
2012-03-02,34,84,0.0,0.015068655,1.6862866
2012-05-03,10,37,14.0,8.90814,1.7020518
2012-04-21,2,5,99.00000000000004,77.07954,3.0383465
2012-07-29,31,104,0.0,-0.010900634,1.6663963
2012-02-09,11,9,30.0,31.13256,2.3149967
2012-04-16,32,19,1.0,1.4106623,2.4837658
2012-06-26,2,11,0.0,-0.005371158,1.6807414
2012-02-11,30,65,0.0,0.021788625,1.7289491
2012-01-27,17,71,0.0,-0.0068499637,1.9448534
2012-01-02,22,78,0.0,0.00041968928,1.7815154
2012-03-02,30,13,0.0,-0.036634862,1.7814468
2012-07-19,16,64,0.0,0.0067949407,1.71586
2012-08-06,6,107,0.0,-0.007482944,1.7498419
2012-08-14,40,93,1.9999999999999996,3.3076832,2.1017642
2012-01-30,20,5,55.00000000000002,44.25561,3.0185804
2012-01-25,28,5,25.000000000000004,26.974112,2.6714716
2012-07-13,41,108,0.0,-0.0048271557,1.6437789
2012-06-12,2,85,0.0,0.0005330484,1.6802295
2012-02-06,12,16,42.99999999999999,35.62227,2.1312068
2012-07-22,27,9,45.99999999999995,28.739407,2.3874571
2012-01-10,3,109,0.0,-0.0005272744,1.7208757
2012-04-12,43,37,14.999999999999998,13.504313,1.4415205
2012-06-15,17,71,3.0,2.0857968,3.001928
2012-08-12,1,28,10.000000000000002,5.0496774,2.3635921
2012-06-26,15,15,0.0,0.096183024,1.6562216
2012-03-04,3,93,1.0,3.4383562,2.2442079
2012-07-23,19,88,1.0,2.1750276,2.319868
2012-05-06,27,93,0.0,0.016264843,1.7117087
2012-05-26,36,1,0.0,-0.042331558,1.705274
2012-02-19,1,47,0.0,0.024320448,2.0034156
2012-02-01,34,93,1.9999999999999996,3.401552,2.4687352
2012-06-21,4,97,0.0,0.01160954,1.6800789
2012-01-24,30,51,0.0,-0.0087646805,1.7507573
2012-07-19,42,45,71.0,59.922,2.8289492
2012-07-16,7,93,3.0,3.2719762,2.1983063
2012-05-04,32,86,0.0,-0.01657291,1.6298647
2012-07-10,7,93,8.000000000000005,4.2473507,2.3353608
2012-06-12,4,101,0.0,0.0028301764,1.7263535
2012-02-28,40,45,45.0,56.931034,2.7846437
2012-07-18,3,109,0.0,-0.016072689,1.6198611
2012-04-11,11,61,0.0,0.003741852,1.6354399
2012-04-30,34,52,0.0,0.013457126,1.6331412
2012-02-27,16,25,149.0000000000001,185.5144,3.7072117
2012-01-29,10,21,0.0,0.06424231,1.6966988
2012-04-30,12,93,0.0,0.021501811,1.7021149
2012-08-16,13,93,0.0,-0.023577102,1.6750537
2012-06-26,25,81,8.000000000000005,7.0212016,1.9440215
2012-05-27,32,51,0.0,-0.031191094,1.7114117
2012-08-08,20,18,0.0,0.042167176,1.7378311
2012-05-12,45,50,0.0,0.008380343,1.6572624
2012-03-27,32,45,40.999999999999986,57.307102,2.7554169
2012-08-14,45,34,0.0,-0.0441415,1.6392403
2012-05-04,1,40,0.0,0.02194196,1.6211684
2012-03-26,30,65,1.0,1.4857793,2.4434588
2012-07-02,10,86,0.0,-0.01879573,1.6683017
2012-07-16,34,84,0.0,-0.0004165577,1.6792679
2012-05-25,14,93,5.0,3.6646514,2.0185642
2012-02-10,4,97,0.0,0.012700436,1.7064885
2012-03-27,17,48,178.0,156.57156,3.8207922
2012-07-23,23,45,31.0,43.78395,2.8965757
2012-02-11,23,5,26.0,43.36589,2.7581499
2012-04-05,33,44,298.99999999999994,214.32376,4.0056043
2012-08-11,33,85,0.0,0.01694238,1.730245
2012-06-13,18,5,8.000000000000005,16.568487,2.8175366
2012-08-18,12,79,0.0,0.014888499,1.7164747
2012-02-22,6,107,0.0,-0.0041545304,1.6162095
2012-01-12,7,93,0.0,0.0019018541,1.647219
2012-04-14,31,9,52.00000000000001,69.714714,2.8750565
2012-01-29,37,104,0.0,0.009129323,1.7467338
2012-08-21,32,58,0.0,-0.007270279,1.6102437
2012-04-29,29,41,23.000000000000004,24.809471,1.7895061
2012-07-12,11,9,18.999999999999996,23.15615,2.3715227
2012-01-11,40,45,29.000000000000004,56.119225,2.8605502
2012-06-24,22,54,0.0,0.06717777,1.7723929
2012-01-04,5,16,20.0,26.146757,2.1488338
2012-05-02,15,15,0.0,0.07097225,1.6438138
2012-01-04,7,7,0.0,-0.021459604,1.7549219
2012-05-30,44,5,18.999999999999996,36.208984,2.5748358
2012-01-29,5,93,0.0,-0.010701042,1.7012811
2012-04-07,41,61,3.0,2.0178657,2.3827527
2012-07-11,23,5,46.99999999999997,41.424408,2.923183
2012-03-21,7,95,0.0,-0.011208416,1.6277431
2012-05-12,4,96,0.0,0.014488884,1.770428
2012-05-21,19,15,0.0,-0.047377463,1.6626724
2012-04-08,22,68,48.99999999999999,65.15834,2.6687129
2012-04-25,22,78,9.000000000000002,2.9898863,2.3181574
2012-02-27,16,50,0.0,0.010726574,1.7562679
2012-03-10,13,5,113.00000000000003,111.32248,3.2573369
2012-08-20,37,15,0.0,0.018043045,1.628856
2012-02-11,13,93,0.0,-0.010210868,1.8251965
2012-08-12,3,45,102.0,99.935715,3.1008692
2012-02-07,4,96,0.0,-0.02314692,1.7707937
2012-03-11,25,12,1.0,2.5239491,2.2941797
2012-08-23,41,68,22.0,34.188103,2.656804
2012-05-01,44,68,31.999999999999986,53.660667,2.771864
2012-01-09,29,45,63.000000000000036,73.73515,2.854848
2012-07-05,1,40,0.0,-0.020286687,1.6665791
2012-03-18,34,84,0.0,0.012615206,1.6448491
2012-02-03,15,17,0.0,0.030552313,1.8691205
2012-06-06,4,93,0.0,0.02013827,1.737378
2012-04-30,44,68,102.0,60.152714,2.6409407
2012-05-07,45,22,0.0,0.10546543,1.5653765
2012-05-12,37,53,1.0,2.0913124,2.5685642
2012-08-02,22,78,0.0,0.005386798,1.6805824
2012-01-09,24,6,109.00000000000004,49.911495,2.5696242
2012-03-18,43,73,1.9999999999999996,1.5597396,2.4181256
2012-03-18,28,2,4.000000000000001,3.72366,2.3480308
2012-05-16,14,25,14.999999999999998,11.731361,2.281513
2012-01-15,12,37,35.99999999999998,17.66579,1.739127
2012-08-07,40,106,0.0,0.0032635084,1.6643417
2012-06-27,38,86,0.0,0.0027907107,1.6799066
2012-06-18,36,44,94.99999999999999,83.63536,3.256909
2012-06-05,27,93,14.0,8.07008,2.3714874
2012-07-19,40,93,1.0,3.4198523,2.09135
2012-07-30,31,67,0.0,0.026230607,1.5839847
2012-02-26,41,68,78.99999999999997,71.4083,2.8681662
2012-08-03,16,77,1.9999999999999996,2.8293822,2.3071547
2012-08-15,14,9,26.999999999999996,18.678173,2.635616
2012-07-04,15,61,0.0,0.009781131,1.7399375
2012-07-11,13,36,84.00000000000001,83.37855,2.9809203
2012-03-31,25,50,0.0,0.044210453,1.7537851
2012-07-24,1,47,0.0,-0.011423408,1.9547243
2012-01-04,38,93,0.0,-0.0031895302,1.6689053
2012-03-31,4,97,0.0,0.0034408732,1.7550837
2012-07-27,21,44,72.99999999999997,97.39418,3.3756251
2012-02-02,14,15,0.0,-0.023016676,1.6913632
2012-01-13,5,105,0.0,0.011112594,1.6555257
2012-01-11,30,16,64.99999999999997,49.880966,2.5676255
2012-03-25,41,68,80.00000000000003,62.53154,2.7841864
2012-07-19,37,38,0.0,0.061962493,1.5362514
2012-08-03,1,99,0.0,0.00025271962,1.7201325
2012-04-04,19,83,4.000000000000001,7.0759273,1.9353795
2012-03-19,33,93,4.000000000000001,4.9316893,2.4731963
2012-01-24,4,101,0.0,0.011519728,1.6886432
2012-04-02,38,86,0.0,0.0052741435,1.7710606
2012-05-12,6,14,3.0,1.8719202,2.474526
2012-01-02,10,37,33.00000000000001,15.038032,1.758801
2012-05-12,2,93,0.0,-0.0021621275,1.7407843
2012-06-22,3,109,0.0,0.011954687,1.6721249
2012-01-20,28,2,0.0,0.015966564,1.6221986
2012-06-02,6,14,0.0,0.034151893,1.8754689
2012-01-04,20,41,24.000000000000007,22.070892,1.8407983
2012-02-28,38,86,0.0,-0.0019433722,1.6138757
2012-04-22,7,95,0.0,0.003848436,1.6528125
2012-06-26,2,93,0.0,-0.00333254,1.6327738
2012-07-08,40,93,0.0,0.002266418,1.6947943
2012-06-06,22,78,1.0,3.4339924,2.4258027
2012-03-25,40,45,87.99999999999999,70.17964,2.963092
2012-04-15,43,37,26.0,17.066147,1.5017306
2012-04-25,44,62,0.0,-0.0016305018,1.5919346
2012-08-05,10,37,33.00000000000001,15.6800995,1.699609
2012-05-11,37,105,0.0,0.0005641204,1.6919994
2012-02-20,16,85,0.0,-0.004050115,1.7595294
2012-02-27,37,38,0.0,0.019618977,1.5847429
2012-04-24,40,5,12.0,29.491066,2.5489504
2012-07-15,30,49,0.0,0.01847116,1.7539035
2012-03-16,7,95,0.0,0.004603336,1.6193198
2012-01-28,23,45,44.000000000000014,55.17147,3.1234999
2012-08-15,24,43,53.00000000000001,51.56853,2.6942542
2012-06-27,39,111,0.0,-0.017673003,1.6614125
2012-07-28,14,25,24.000000000000007,25.105766,2.4966009
2012-04-10,5,20,1.0,1.242834,2.6111712
2012-07-04,1,89,0.0,0.011643822,1.6215469
2012-04-09,31,67,11.0,10.291798,1.6661342
2012-03-13,29,41,16.999999999999996,17.892866,1.6153663
2012-06-01,44,5,44.000000000000014,36.420425,2.5426767
2012-03-12,33,92,0.0,0.015115274,1.7230711
2012-01-06,27,80,1.0,2.786982,2.2410583
2012-07-15,41,61,0.0,-0.0028525835,1.6688211
2012-07-18,16,64,0.0,0.005259337,1.6810603
2012-02-28,1,51,0.0,-0.010195795,1.6157582
2012-04-28,44,62,0.0,-0.015580341,1.6994264
2012-07-26,31,98,0.0,-0.010936942,1.6197963
2012-03-28,18,37,4.000000000000001,8.078189,1.7403944
2012-04-12,39,36,16.999999999999996,10.269214,2.1144724
2012-05-26,18,72,0.0,-0.0046726367,1.6774831
2012-03-18,31,67,8.000000000000005,10.47645,1.6819953
2012-05-13,45,22,0.0,0.090423614,1.5935419
2012-02-08,37,53,0.0,-0.0010921293,1.6575569
2012-01-31,33,85,0.0,-0.009896931,1.8226969
2012-05-25,4,93,5.0,3.5536332,2.065958
2012-01-04,10,5,56.999999999999986,68.59462,2.88683
2012-04-24,40,15,0.0,-0.0073706396,1.6482223
2012-03-27,3,5,50.0,40.527634,2.6874247
2012-04-23,23,5,14.999999999999998,30.890486,2.6216922
2012-05-03,2,11,0.0,-0.13402398,1.7509487
2012-07-07,32,19,1.0,2.4633741,2.485016
2012-01-13,17,71,0.0,-0.0076917643,1.9489362
2012-03-03,43,37,25.000000000000004,28.799423,1.8725263
2012-03-05,24,6,67.00000000000001,54.27852,2.4901958
2012-05-14,6,9,60.00000000000001,39.099327,2.2408717
2012-05-02,8,93,0.0,0.007958951,1.6823797
2012-03-16,44,68,75.0,55.338264,2.6240058
2012-06-04,15,15,0.0,0.10827562,1.6982471
2012-08-08,10,86,1.9999999999999996,1.6762769,2.3194506
2012-02-10,34,45,143.0,81.3249,2.899076
2012-03-04,19,69,1.9999999999999996,1.8826358,2.4283967
2012-05-14,38,93,0.0,0.019942824,1.6836044
2012-02-04,20,106,0.0,0.004672632,1.7720861
2012-03-01,2,85,0.0,0.01798124,1.7524612
2012-06-06,29,45,56.00000000000001,76.15973,2.966858
2012-05-26,40,93,5.0,3.1802251,2.2056808
2012-05-31,30,44,132.99999999999997,166.54366,3.7838624
2012-08-06,30,65,0.0,0.007120831,1.7857404
2012-05-30,40,51,0.0,-0.027937928,1.6171668
2012-03-10,7,23,33.00000000000001,22.095398,1.6269544
2012-03-25,13,93,5.0,3.6384869,2.2452848
2012-08-04,27,21,4.000000000000001,1.5838425,2.541584
2012-03-20,26,45,53.00000000000001,48.735523,2.8936648
2012-07-17,32,45,47.99999999999999,53.330498,2.9169397
2012-02-21,44,5,33.00000000000001,23.640224,2.5585113
2012-07-07,22,78,1.0,2.3508677,2.4071476
2012-05-24,33,85,0.0,0.013668767,1.7336473
2012-06-02,31,67,0.0,0.05204021,1.7007922
2012-02-22,6,9,52.00000000000001,35.195557,2.5321686
2012-08-24,44,105,0.0,0.010454036,1.6313283
2012-01-22,9,5,141.99999999999994,84.556114,3.0937574
2012-02-26,13,93,1.9999999999999996,3.376753,2.4523494
2012-07-08,31,104,0.0,-0.0031265486,1.7249254
2012-03-07,25,81,14.0,9.711275,1.896136
2012-07-25,22,93,4.000000000000001,4.814897,2.185948
2012-04-26,25,45,63.000000000000036,47.35879,2.90741
2012-06-12,43,37,20.0,13.974184,1.6044337
2012-01-20,4,9,71.99999999999999,55.99299,2.8397133
2012-03-01,10,21,0.0,0.029342344,1.7098306
2012-08-11,7,5,41.99999999999996,54.79816,3.0331862
2012-04-15,14,33,0.0,-0.048382867,1.8022835
2012-01-18,15,49,0.0,0.007144537,1.7145255
2012-01-19,20,18,0.0,-0.038738996,1.7603381
2012-02-04,30,16,69.00000000000003,62.190407,2.6841617
2012-04-06,26,5,55.00000000000002,44.394157,2.6235468
2012-05-15,30,16,78.99999999999997,45.018517,2.385729
2012-07-13,29,8,50.0,19.539349,2.1332407
2012-05-04,31,9,35.0,31.34767,2.416083
2012-01-25,2,44,84.99999999999997,97.606995,3.2994833
2012-06-29,15,49,0.0,0.0060393596,1.7241979
2012-05-01,21,5,69.00000000000003,50.585007,2.8779857
2012-06-25,22,68,31.0,41.483456,2.468523
2012-03-06,20,5,110.99999999999996,90.02495,3.132295
2012-03-08,41,61,0.0,-0.005596671,1.6171422
2012-07-18,7,93,5.9999999999999964,3.3275733,2.2678876
2012-03-24,19,16,33.00000000000001,22.45945,2.006343
2012-05-15,19,93,10.000000000000002,4.499432,2.097139
2012-06-22,2,11,0.0,-0.053200964,1.6929841
2012-03-16,3,93,3.0,4.349057,2.174188
2012-08-23,25,45,71.0,79.41493,3.0549552
2012-08-05,19,69,1.0,2.0542812,2.396319
2012-01-06,21,5,77.0,43.100372,2.5576818
2012-03-15,9,105,0.0,0.002439111,1.6102514
2012-01-26,13,93,0.0,0.0049585993,1.662454
2012-02-11,34,31,3.0,3.4434426,2.7357528
2012-07-05,27,93,0.0,-0.0030566414,1.6280304
2012-06-01,23,56,3.0,2.2610793,2.6546311
2012-08-10,36,9,21.000000000000004,67.71956,2.703948
2012-07-21,3,5,50.0,73.45827,2.9141004
2012-02-16,10,37,14.0,12.554247,1.5919125
2012-07-18,10,5,93.0,49.292763,2.7204723
2012-02-04,30,51,5.0,2.5102801,2.827409
2012-07-28,34,93,1.9999999999999996,3.1010115,2.1889975
2012-04-08,30,13,0.0,0.06196996,1.8292063
2012-04-14,1,99,0.0,0.008533406,1.6544647
2012-03-15,30,49,0.0,-0.010518064,1.7484967
2012-04-08,1,99,0.0,0.009830693,1.7095008
2012-07-01,39,103,0.0,-0.0029738199,1.7124256
2012-04-12,6,9,21.000000000000004,33.565926,2.2384763
2012-08-19,33,93,0.0,0.033748284,1.9668175
2012-06-17,40,93,4.000000000000001,3.7489727,2.4510558
2012-03-23,10,5,31.0,46.73431,2.7233312
2012-01-31,18,72,1.0,1.1360883,2.4237742
2012-01-17,44,5,51.00000000000003,37.935883,2.6055963
2012-08-03,20,41,33.00000000000001,24.4833,1.9808029
2012-06-23,13,93,0.0,0.032410044,1.8215383
2012-04-15,1,47,0.0,0.031505123,1.9220316
2012-04-09,34,31,1.9999999999999996,3.0021334,2.286766
2012-06-30,34,31,0.0,-0.010886444,1.6598423
2012-08-23,23,45,36.99999999999999,38.55339,2.9633503
2012-01-06,29,45,87.00000000000003,69.48441,2.84062
2012-01-13,44,68,65.99999999999997,60.83286,2.6945646
2012-07-08,23,56,1.0,1.6880324,2.3322053
2012-04-13,22,68,76.00000000000003,52.31265,2.4927635
2012-06-01,45,22,0.0,0.050615903,1.6077645
2012-06-29,27,80,1.0,2.2338767,2.4952877
2012-08-05,6,9,155.0,77.5634,3.245546
2012-04-14,19,93,0.0,-0.007599446,1.677558
2012-04-05,27,93,4.000000000000001,4.496648,2.2057436
2012-07-22,16,93,0.0,0.0041728993,1.7909889
2012-07-03,25,50,0.0,0.07995492,1.7241809
2012-03-30,14,50,0.0,-0.030560771,1.6279682
2012-05-09,1,9,16.999999999999996,36.92078,2.4300342
2012-04-24,19,16,16.0,23.551197,1.9698892
2012-06-21,39,111,0.0,-0.018757274,1.6898599
2012-05-04,18,72,0.0,-0.028418291,1.6581743
2012-07-02,15,86,0.0,0.019577723,1.8281958
2012-02-07,37,105,0.0,-0.01148731,1.7112871
2012-03-13,34,9,30.0,51.245144,2.4840019
2012-04-27,22,68,56.999999999999986,52.942085,2.5904179
2012-08-07,33,85,0.0,-0.007171744,1.8348137
2012-08-02,25,9,77.0,61.76491,2.8291285
2012-01-25,34,93,0.0,0.026705517,1.7059085
2012-07-28,43,73,1.0,1.2545376,2.4095597
2012-06-10,25,50,0.0,0.0495452,1.8380585
2012-04-19,25,45,73.99999999999997,57.707638,2.8250906
2012-04-25,19,93,4.000000000000001,3.528614,2.0856564
2012-07-04,11,110,0.0,-0.017609183,1.6746262
2012-05-31,25,84,0.0,0.046997998,1.7199302
2012-06-02,7,23,22.0,15.712224,1.5822213
2012-07-08,29,8,67.00000000000001,47.83387,2.3415005
2012-08-03,34,45,121.00000000000003,94.02515,3.0533128
2012-04-06,3,93,0.0,0.013586028,1.7228332
2012-08-22,32,93,0.0,-0.0021658882,1.657161
2012-07-18,41,16,22.0,27.380083,2.0835655
2012-02-20,3,5,97.99999999999999,56.508312,2.646689
2012-02-12,10,37,36.99999999999999,16.01284,1.5854598
2012-06-28,22,104,0.0,0.007968412,1.7509917
2012-06-18,42,45,70.00000000000007,61.182346,2.8035426
2012-05-04,32,9,14.999999999999998,31.98615,2.3525126
2012-07-24,28,5,20.0,33.616917,2.558307
2012-02-04,30,44,260.99999999999994,237.47253,3.9953668
2012-01-20,4,96,0.0,0.006613667,1.6851372
2012-04-05,33,85,0.0,0.0057241963,1.7464697
2012-05-01,8,59,1.0,1.6108158,2.4709227
2012-06-18,36,30,3.0,2.1293483,2.4400704
2012-08-01,13,36,158.00000000000014,69.71724,2.8040192
2012-07-10,3,109,0.0,0.0051767016,1.7373558
2012-07-07,13,5,102.0,107.02272,3.3340185
2012-04-05,21,5,26.0,40.226093,2.653824
2012-04-05,31,104,0.0,-0.004465022,1.680413
2012-06-15,6,45,56.00000000000001,66.714485,2.8463683
2012-06-14,19,93,1.0,4.601185,2.128127
2012-01-15,36,1,0.0,0.09776624,1.7745721
2012-01-03,21,44,71.99999999999999,72.699104,3.137964
2012-02-06,41,93,0.0,0.008862424,1.6342776
2012-01-29,1,9,185.00000000000009,37.840275,2.710555
2012-01-30,25,93,0.0,0.046724435,1.7367785
2012-01-26,38,98,0.0,0.0012588658,1.5959855
2012-04-06,43,16,54.000000000000014,53.53292,2.6365829
2012-02-09,20,106,0.0,-0.001029572,1.7569416
2012-04-03,9,105,0.0,-0.0033007117,1.6373549
2012-08-03,7,95,0.0,-0.006511641,1.7282428
2012-08-24,15,86,0.0,-0.018654993,1.7360548
2012-06-06,6,107,0.0,0.03424106,1.7018383
2012-04-24,43,105,0.0,-0.013261964,1.6266304
2012-07-15,40,106,0.0,0.002520446,1.6627408
2012-08-05,29,56,0.0,0.14032082,1.9731973
2012-07-20,7,93,0.0,0.002306208,1.729482
2012-08-23,20,41,29.000000000000004,17.357609,1.9510417
2012-02-25,40,5,118.99999999999997,60.447998,2.78612
2012-04-11,1,93,0.0,0.004565176,1.6320984
2012-01-26,26,2,0.0,0.03364536,1.7069734
2012-07-25,42,45,73.99999999999997,66.76588,2.98827
2012-05-31,40,93,3.0,3.2679932,2.112183
2012-03-05,2,44,174.99999999999994,129.79684,3.3882186
2012-02-20,12,37,21.000000000000004,17.01794,1.6606781
2012-02-12,20,5,429.99999999999983,145.76959,3.441783
2012-07-16,33,93,0.0,0.009516482,1.778352
2012-03-06,3,93,0.0,0.008760813,1.7118896
2012-03-21,15,49,0.0,0.0075392067,1.709715
2012-01-03,6,14,0.0,-0.06876718,1.8001026
2012-03-07,17,71,0.0,0.020301351,2.026797
2012-01-08,32,86,0.0,-0.022618862,1.7658008
2012-06-05,35,50,0.0,-0.0036828632,1.7070085
2012-07-30,24,43,35.99999999999998,54.790924,2.7247996
2012-01-22,10,93,0.0,-0.001475912,1.6515874
2012-06-11,24,60,1.0,1.8192033,2.364848
2012-08-13,6,9,108.00000000000007,39.586838,2.3498485
2012-07-04,33,85,0.0,-0.019577658,1.8499022
2012-08-12,30,16,63.000000000000036,43.304077,2.296639
2012-06-04,10,37,17.999999999999996,13.633227,1.5975322
2012-07-19,15,86,0.0,-0.0029494674,1.6859679
2012-05-04,7,95,0.0,0.004123555,1.6539913
2012-02-10,37,105,0.0,-0.010114916,1.6991655
2012-06-13,43,105,0.0,-0.027533023,1.7300996
2012-04-25,4,90,3.0,1.7850966,2.2320259
2012-02-08,11,86,0.0,-0.0057162815,1.6551493
2012-01-07,10,21,1.0,2.009618,2.5386596
2012-03-07,14,15,0.0,0.0714304,1.8027704
2012-07-02,29,41,26.999999999999996,26.768436,1.8164169
2012-07-06,24,43,60.00000000000001,60.46265,2.7838032
2012-03-28,14,70,1.0,1.7117369,2.2608867
2012-05-05,16,77,1.9999999999999996,2.8845153,2.3789573
2012-02-14,22,68,45.0,48.916077,2.6095757
2012-07-28,23,5,40.00000000000001,31.5885,2.7411425
2012-06-20,45,22,0.0,-0.0076273996,1.6239655
2012-04-29,26,2,3.0,3.170351,2.6176493
2012-07-25,26,5,42.99999999999999,33.529503,2.6154366
2012-08-23,43,16,45.99999999999995,24.98219,2.4191952
2012-02-22,15,49,0.0,0.008375297,1.7291837
2012-05-17,37,5,26.0,42.69904,2.426147
2012-03-17,1,93,1.0,3.3271863,2.322451
2012-08-15,32,93,0.0,0.014263886,1.6295075
2012-02-25,6,14,0.0,-0.04010141,1.7200006
2012-07-15,40,15,0.0,0.035169765,1.7046165
2012-02-26,44,62,1.0,2.1923184,2.4423375
2012-04-30,25,45,61.00000000000001,62.465137,2.8354268
2012-03-01,13,93,0.0,0.008565422,1.6991975
2012-07-31,41,61,0.0,-0.020429637,1.6181743
2012-06-05,33,9,286.0000000000001,183.83118,3.7539773
2012-06-17,17,9,201.99999999999997,146.16891,3.5020473
2012-07-05,44,62,0.0,-0.0003461923,1.6297766
2012-04-04,20,18,1.0,1.1404046,2.5978634
2012-05-09,3,5,38.99999999999998,64.79535,2.7804291
2012-04-27,15,15,0.0,0.041349433,1.6750294
2012-05-15,34,9,54.000000000000014,64.229774,2.7618973
2012-05-21,25,45,94.99999999999999,63.661385,2.729677
2012-07-24,33,44,191.0,169.0784,3.76918
2012-01-16,19,69,1.9999999999999996,2.0802321,2.2665043
2012-04-13,2,85,1.0,0.85764277,2.9198425
2012-07-09,11,61,0.0,0.014210534,1.638621
2012-03-18,27,68,84.99999999999997,58.30237,2.6866176
2012-08-20,40,45,61.00000000000001,64.095634,2.859688
2012-01-19,28,5,166.99999999999997,51.47504,2.696227
2012-06-28,34,9,24.000000000000007,24.946266,2.5158262
2012-08-03,19,88,1.0,2.5274506,2.4119747
2012-08-16,35,24,0.0,0.13262977,1.8103514
2012-03-06,45,50,0.0,-0.017234903,1.674401
2012-02-09,27,68,47.99999999999999,41.73388,2.77358
2012-03-14,26,2,3.0,3.2156823,2.456379
2012-02-09,3,93,0.0,0.011698334,1.6674545
2012-05-15,30,13,1.9999999999999996,1.9641421,2.233355
2012-01-02,21,91,0.0,-0.007611398,1.6871983
2012-05-26,41,68,48.99999999999999,60.651154,2.6396382
2012-07-08,11,87,7.000000000000002,1.5536935,2.4017913
2012-01-30,11,86,0.0,-0.011177676,1.6276778
2012-04-05,7,95,0.0,-0.0012434273,1.7057028
2012-03-17,34,52,4.000000000000001,2.2440689,2.3513975
2012-01-01,20,18,0.0,-0.05196635,1.983237
2012-03-20,16,39,0.0,-0.0016270273,1.718947
2012-03-03,18,37,8.000000000000005,9.352693,1.8824656
2012-06-06,25,12,0.0,-0.026851548,1.8508872
2012-06-16,13,104,0.0,0.0040309946,1.7856461
2012-01-09,1,40,0.0,-0.04956449,1.6977988
2012-08-14,16,25,155.99999999999994,162.46573,3.585914
2012-02-24,38,93,0.0,0.0053208037,1.611934
2012-06-01,18,37,7.000000000000002,9.193307,1.8562711
2012-03-13,19,16,8.000000000000005,20.206348,2.1462622
2012-05-18,4,101,0.0,0.0063060634,1.6998498
2012-03-26,4,90,1.9999999999999996,1.8916018,2.4627903
2012-01-10,14,93,0.0,-0.025681088,1.6747491
2012-06-11,43,16,82.00000000000003,61.363125,2.6655996
2012-07-11,40,45,38.99999999999998,65.36017,2.8331842
2012-03-22,43,3,0.0,-0.03948214,1.6471242
2012-08-10,5,20,1.0,1.528526,2.4602008
2012-08-03,2,44,174.99999999999994,131.83347,3.3900995
2012-05-13,11,61,0.0,0.0014648065,1.6684598
2012-06-20,8,5,13.000000000000004,42.685497,2.9345005
2012-07-16,43,3,0.0,0.12400139,1.6659243
2012-07-22,10,37,12.0,13.484018,1.5755396
2012-07-04,1,51,0.0,0.015691176,1.6363218
2012-03-13,21,5,16.0,26.842247,2.6271029
2012-08-20,17,71,1.0,1.8175828,2.8579462
2012-03-19,19,88,0.0,-0.024140915,1.6951536
2012-02-05,34,9,45.99999999999995,62.579453,2.620644
2012-08-03,31,104,0.0,-0.0055004726,1.7707222
2012-01-26,44,68,63.99999999999998,50.7386,2.693524
2012-07-10,35,16,14.999999999999998,20.345829,2.3890827
2012-06-16,45,26,1.9999999999999996,3.2724347,2.1659262
2012-06-28,20,74,0.0,-0.0032756706,1.7076936
2012-01-25,10,37,21.000000000000004,12.198572,1.6112438
2012-04-24,5,37,11.0,10.635148,1.5507379
2012-06-06,15,86,1.0,2.3915176,2.473247
2012-01-03,30,65,0.0,0.011350843,1.7980609
2012-01-07,23,45,33.99999999999998,41.073128,3.0383084
2012-08-04,1,99,0.0,0.012809733,1.6978562
2012-05-30,19,93,1.9999999999999996,4.1194754,2.2222018
2012-04-25,38,9,31.0,32.56166,2.3927457
2012-07-08,30,49,0.0,0.01992725,1.7483373
2012-05-30,3,93,0.0,-0.0004414973,1.6136895
2012-02-17,1,28,5.0,2.7232943,2.1548443
2012-01-07,30,13,0.0,0.11887174,1.8692483
2012-03-26,1,93,0.0,-0.008396361,1.6549318
2012-08-23,40,15,0.0,-0.03565236,1.656657
2012-03-21,43,16,33.99999999999998,28.39132,2.3643627
2012-06-30,4,101,0.0,0.008828059,1.7365782
2012-04-13,44,62,0.0,-0.006449175,1.610375
2012-08-16,22,9,29.000000000000004,51.017044,2.6121228
2012-06-26,41,68,23.000000000000004,35.822845,2.5963602
2012-07-24,16,64,0.0,0.005143019,1.7034749
2012-06-03,44,62,0.0,0.0013112372,1.6870052
2012-04-11,43,105,0.0,0.0061722873,1.6165462
2012-07-14,34,9,35.0,56.56996,2.5504358
2012-08-11,29,45,77.0,82.38263,2.9751298
2012-05-23,38,52,1.9999999999999996,1.9707587,2.3051667
2012-05-20,27,80,1.9999999999999996,2.037259,2.2670476
2012-01-22,26,2,0.0,0.07590514,1.812225
2012-07-31,14,70,0.0,-0.0152345775,1.6887101
2012-08-22,14,93,4.000000000000001,2.695023,2.3250108
2012-06-12,29,8,40.00000000000001,46.870926,2.4251246
2012-01-29,37,105,0.0,0.0044390894,1.7365118
2012-05-03,12,93,1.0,4.2765284,2.129137
2012-04-08,24,76,4.000000000000001,1.9851695,2.2593796
2012-05-29,33,93,1.9999999999999996,3.3811045,2.082444
2012-05-10,8,93,8.000000000000005,5.3047013,2.3726308
2012-05-02,29,8,12.0,27.001877,2.0443857
2012-04-23,36,9,40.999999999999986,47.677547,2.4380023
2012-06-04,15,45,132.0,114.02578,3.2153125
2012-08-09,4,9,128.99999999999997,67.60549,2.837885
2012-03-26,18,5,16.0,15.788814,2.8723474
2012-06-18,41,86,0.0,-0.015493006,1.6099865
2012-06-22,1,9,10.000000000000002,26.413534,2.2348425
2012-04-08,11,9,26.0,48.42531,2.4271774
2012-07-01,7,95,0.0,0.050669387,1.8046478
2012-02-22,19,88,0.0,-0.019363672,1.6275723
2012-06-16,4,97,0.0,0.012157652,1.8080999
2012-02-07,36,1,0.0,0.030787881,1.6882724
2012-08-13,16,50,0.0,-0.003945195,1.766898
2012-03-13,45,9,16.0,8.8912945,2.4913614
2012-06-20,32,51,0.0,-0.0016533304,1.6430924
2012-07-11,30,65,1.0,1.8079087,2.5913305
2012-07-17,33,44,190.0,204.90689,3.9842072
2012-03-18,36,1,5.0,3.4494662,2.435582
2012-03-17,39,9,1.9999999999999996,6.5449343,2.5318544
2012-01-06,24,60,0.0,0.0026484772,1.6539857
2012-06-20,8,84,0.0,-0.018756898,1.6539507
2012-06-15,18,57,1.0,1.6339524,2.4616218
2012-04-17,29,45,53.00000000000001,70.24317,2.9793534
2012-05-15,8,84,0.0,-0.028438153,1.6691862
2012-04-03,31,45,69.00000000000003,66.57829,2.8232968
2012-01-19,41,61,1.0,1.9477296,2.2910564
2012-03-21,40,5,68.00000000000001,36.97597,2.6246169
2012-08-23,19,39,0.0,0.0035518506,1.5893763
2012-03-29,6,9,9.000000000000002,26.149858,2.2585669
2012-01-04,44,62,1.0,2.3681943,2.3033636
2012-03-22,20,5,68.00000000000001,51.56863,2.8342526
2012-02-26,30,65,0.0,0.012066983,1.7588162
2012-07-08,32,19,0.0,-0.08776578,1.7946867
2012-05-19,43,105,0.0,-0.02062626,1.7142577
2012-01-14,38,98,0.0,0.008672349,1.7763497
2012-07-04,45,9,38.99999999999998,14.492953,2.5633051
2012-05-16,31,93,4.000000000000001,3.5699637,2.124038
2012-06-02,22,9,77.0,46.52809,2.6938682
2012-07-04,29,8,17.999999999999996,26.822704,2.0136714
2012-04-27,32,58,1.9999999999999996,1.9470553,2.2316756
2012-04-01,14,70,1.0,1.8613877,2.3876739
2012-07-31,42,82,1.0,1.9634211,2.4499795
2012-03-07,41,68,82.00000000000003,52.83641,2.6612005
2012-04-08,37,15,0.0,0.033603985,1.6872298
2012-01-30,41,61,1.0,1.92047,2.2449384
2012-01-06,16,64,0.0,-0.009346573,1.8061508
2012-02-26,16,77,0.0,0.022927795,1.7965995
2012-02-17,42,82,0.0,-0.05004599,1.6792077
2012-03-02,14,9,17.999999999999996,16.62246,2.4875486
2012-04-18,38,52,1.9999999999999996,1.8053063,2.3154206
2012-08-03,36,44,94.99999999999999,97.67741,3.2643979
2012-03-13,39,111,0.0,-0.014496616,1.6572108
2012-01-07,8,59,0.0,-0.0017909798,1.6926186
2012-02-09,2,85,1.9999999999999996,1.7819301,2.2750273
2012-03-23,20,18,0.0,-0.07006513,1.7413943
2012-06-15,28,2,5.0,4.410923,2.5411758
2012-04-18,21,44,70.00000000000007,74.853004,3.1458845
2012-08-06,14,50,0.0,-0.009831939,1.643655
2012-08-23,21,44,60.00000000000001,48.443638,3.2104583
2012-06-30,39,9,16.0,7.595169,2.7136488
2012-08-04,13,46,3.0,3.2564433,2.731413
2012-08-11,19,75,0.0,0.031207578,1.7154455
2012-06-09,33,85,0.0,0.010402177,1.8956918
2012-01-14,19,83,10.000000000000002,9.393577,1.9247091
2012-07-25,27,80,0.0,-0.033247568,1.6303139
2012-08-17,8,23,10.000000000000002,9.807051,1.643103
2012-02-14,37,104,0.0,-0.008224488,1.6528903
2012-06-19,3,109,0.0,-0.005263294,1.6671737
2012-06-27,19,88,0.0,-0.03609739,1.646059
2012-07-19,7,93,3.0,3.1979795,2.1288955
2012-02-21,10,86,0.0,-0.004255788,1.6186866
2012-04-11,32,51,0.0,0.025004817,1.6827288
2012-02-05,33,93,0.0,0.04157096,1.9421343
2012-02-04,20,5,188.00000000000006,109.29708,3.205045
2012-03-28,8,93,13.000000000000004,3.3283136,2.0847292
2012-01-04,2,44,148.0,113.900024,3.4251547
2012-03-28,25,93,0.0,0.04948474,1.7046303
2012-05-19,25,50,0.0,0.03019644,1.8133043
2012-05-06,20,5,197.0,119.19328,3.3285027
2012-03-11,11,87,0.0,-0.0028141637,1.6935874
2012-02-06,34,84,0.0,0.022203824,1.6482813
2012-02-04,29,41,37.99999999999999,29.445194,1.9476936
2012-05-04,39,111,0.0,-0.0019839753,1.6721599
2012-03-01,12,37,18.999999999999996,20.146322,1.826726
2012-07-12,37,105,0.0,-0.016970964,1.7364786
2012-07-07,33,44,174.99999999999994,252.49077,4.022022
2012-04-13,30,65,0.0,0.025066879,1.674454
2012-06-02,13,104,0.0,0.02272555,1.8756882
2012-03-05,31,104,0.0,-0.0084775975,1.6697396
2012-03-13,32,86,0.0,-0.01147039,1.6958398
2012-08-20,40,15,0.0,0.03921165,1.6214356
2012-07-14,19,93,0.0,-0.013794094,1.7036283
2012-04-30,23,5,75.0,29.806246,2.7008512
2012-04-27,4,93,0.0,0.011965084,1.7137537
2012-06-04,45,22,0.0,0.09966699,1.6419648
2012-06-10,25,84,0.0,0.038738977,1.8317024
2012-02-14,30,51,1.9999999999999996,2.0978904,2.5985937
2012-08-08,37,15,0.0,-0.069644295,1.7526699
2012-04-09,26,45,68.00000000000001,55.31087,2.8370292
2012-03-10,23,45,33.00000000000001,56.770374,3.2437139
2012-02-06,6,107,0.0,-0.0045238435,1.6895083
2012-05-12,12,16,41.99999999999996,31.804878,2.3353624
2012-03-10,22,68,70.00000000000007,65.00372,2.6692433
2012-05-07,17,9,92.00000000000003,173.65202,3.6638126
2012-07-21,20,93,0.0,-0.0017615104,1.7229022
2012-02-12,20,74,0.0,0.009755093,1.7926955
2012-04-22,7,23,30.0,15.661979,1.5638062
2012-04-22,34,31,0.0,-0.03448802,1.7032278
2012-07-17,43,3,0.0,0.04922366,1.6167923
2012-03-22,39,103,0.0,0.010493613,1.5919623
2012-05-28,27,93,7.000000000000002,5.934316,2.1354163
2012-07-01,37,53,0.0,0.007852352,1.696137
2012-05-06,8,23,17.999999999999996,15.7848835,1.5388921
2012-04-05,34,45,143.99999999999997,77.31131,2.94359
2012-04-22,14,70,0.0,-0.018759,1.6691899
2012-05-22,31,67,0.0,-0.00962629,1.6207856
2012-07-03,9,93,1.9999999999999996,3.149685,2.1020684
2012-06-18,15,5,146.99999999999994,95.04698,3.1354644
2012-06-17,4,90,0.0,-0.019776851,1.752757
2012-03-26,11,68,33.99999999999998,45.444733,2.6266391
2012-01-04,9,105,0.0,-0.0028319356,1.7467108
2012-03-23,36,44,72.99999999999997,97.19123,3.4018388
2012-02-28,20,41,13.000000000000004,17.073902,1.8801038
2012-07-29,44,5,21.000000000000004,37.513317,2.7073586
2012-03-12,30,49,0.0,0.025916265,1.702662
2012-06-21,20,18,1.0,1.6687005,2.5907314
2012-03-29,15,93,0.0,0.010612961,1.6953773
2012-07-20,13,36,113.00000000000003,72.656105,2.7892144
2012-04-29,43,37,14.0,19.058178,1.562657
2012-05-17,4,101,0.0,0.012880709,1.6882596
2012-06-03,12,86,0.0,-0.0050968244,1.8437561
2012-03-16,45,9,21.000000000000004,10.211999,2.382364
2012-03-30,31,45,84.00000000000001,66.724266,2.8191514
2012-01-29,9,42,0.0,-0.23945917,2.0224528
2012-08-20,44,105,0.0,-0.004962727,1.6836573
2012-07-10,24,6,9.000000000000002,40.654125,2.414408
2012-05-27,9,45,77.0,74.72024,3.1620371
2012-04-07,4,96,0.0,-0.0034163566,1.8381336
2012-08-16,7,95,0.0,-0.011519873,1.6352496
2012-03-23,22,68,52.00000000000001,59.16623,2.6049054
2012-03-01,5,32,4.000000000000001,1.8937991,2.4369261
2012-01-31,38,86,0.0,-0.014451989,1.6418495
2012-01-13,1,9,29.000000000000004,40.845238,2.6886454
2012-07-27,45,9,5.9999999999999964,6.5653234,2.4817727
2012-07-08,15,15,0.0,0.0106264865,1.8818176
2012-06-03,16,64,0.0,0.021101436,1.7783657
2012-07-12,36,30,0.0,-0.027157815,1.6703259
2012-02-08,32,58,0.0,-0.0070040384,1.7030565
2012-01-30,5,105,0.0,-0.0009513808,1.6431141
2012-04-23,45,26,9.000000000000002,3.323773,2.2445924
2012-06-15,33,93,0.0,0.020000605,1.7142525
2012-04-30,1,9,5.9999999999999964,29.882683,2.3587239
2012-01-11,25,93,0.0,0.06755014,1.733078
2012-05-11,45,9,38.99999999999998,14.607826,2.3578823
2012-03-11,3,5,36.99999999999999,91.653854,3.16862
2012-03-04,4,101,0.0,-0.013596155,1.8504164
2012-05-30,19,16,26.999999999999996,18.227287,2.0174606
2012-01-02,9,45,126.99999999999997,61.98362,2.8569095
2012-03-13,15,86,0.0,0.013518652,1.696704
2012-04-27,20,93,14.999999999999998,4.835701,2.4295099
2012-03-27,37,15,0.0,-0.0007848586,1.6578772
2012-03-09,2,44,78.99999999999997,90.93637,3.1214252
2012-04-04,23,56,0.0,-0.0011005856,1.6186637
2012-04-03,41,16,31.999999999999986,33.1916,2.516918
2012-06-11,16,93,0.0,0.01776798,1.7877375
2012-08-03,40,93,0.0,0.007740343,1.6814777
2012-03-06,8,5,12.0,41.542114,2.9229248
2012-02-14,33,93,0.0,0.015631659,1.6576195
2012-02-25,17,48,160.00000000000003,139.29147,3.4804149
2012-02-13,4,93,0.0,-0.011456417,1.7216843
2012-06-26,14,15,0.0,-0.027548002,1.765652
2012-06-16,16,16,24.000000000000007,46.156227,2.4609275
2012-03-02,3,5,71.99999999999999,87.04152,3.1460235
2012-04-22,30,51,0.0,0.0028333177,1.7986004
2012-02-02,38,98,0.0,0.008551181,1.7322061
2012-05-22,45,50,0.0,-0.033330575,1.6421396
2012-07-25,6,107,0.0,-0.017290441,1.6456041
2012-06-10,19,88,0.0,-0.025858246,1.6808101
2012-06-01,38,52,1.0,2.4421997,2.7691784
2012-08-23,15,49,0.0,0.014171995,1.7037642
2012-03-24,9,93,0.0,0.0017218945,1.642483
2012-03-14,33,9,118.99999999999997,56.14497,2.6395357
2012-05-12,9,45,84.99999999999997,72.1855,2.9657674
2012-05-13,16,77,0.0,0.02128725,1.7953389
2012-04-05,8,5,1.9999999999999996,41.95915,2.8568144
2012-01-20,7,93,0.0,-0.012880345,1.68145
2012-04-25,41,93,0.0,-0.0034749096,1.5955412
2012-03-07,4,90,1.0,1.5646651,2.370674
2012-07-25,14,25,16.0,15.716201,2.257539
2012-06-11,22,68,70.00000000000007,54.156746,2.4798532
2012-07-11,6,9,105.99999999999996,48.12477,2.7546728
2012-01-23,43,73,1.9999999999999996,1.7758516,2.2769566
2012-01-28,13,46,5.9999999999999964,1.5780256,2.6179247
2012-02-14,32,58,1.0,2.2187538,2.1887472
2012-05-16,27,93,77.0,5.063653,2.1567664
2012-06-14,44,94,0.0,-0.004571738,1.6744539
2012-07-25,5,20,3.0,1.8273332,2.5411227
2012-01-16,1,40,0.0,-0.056105945,1.6986998
2012-05-31,17,9,112.00000000000003,107.72708,3.4911306
2012-02-09,8,84,0.0,-0.007039864,1.6683075
2012-08-07,27,93,3.0,4.015597,2.098624
2012-07-10,26,2,3.0,4.526976,2.5033796
2012-01-04,33,85,0.0,0.0018171683,1.8514061
2012-01-04,14,88,0.0,-0.018846992,1.7100614
2012-03-29,9,105,0.0,0.0016143187,1.6126281
2012-05-05,19,88,0.0,-0.012309857,1.6708266
2012-04-15,32,93,0.0,-0.010401853,1.7072152
2012-04-05,19,39,0.0,-0.0138082355,1.7302026
2012-07-26,19,88,1.0,2.3516212,2.3168862
2012-02-12,44,94,0.0,-0.0052491613,1.7036644
2012-05-07,33,92,3.0,2.5781178,2.2325187
2012-06-10,16,93,0.0,0.019195307,1.8708324
2012-05-13,32,93,1.9999999999999996,3.4971986,2.1155465
2012-06-09,20,5,84.00000000000001,91.69809,3.1231477
2012-08-07,36,9,56.999999999999986,29.590538,2.4956038
2012-07-17,11,61,1.0,1.6193875,2.3010333
2012-03-14,9,5,28.000000000000004,36.817932,2.6180413
2012-07-01,12,37,24.000000000000007,36.98978,2.1401808
2012-06-19,18,72,1.0,1.4337978,2.4530993
2012-07-31,41,93,0.0,-0.016109677,1.6683761
2012-01-08,43,73,0.0,0.0014802356,1.7274724
2012-01-04,20,106,0.0,0.010861561,1.8405764
2012-02-01,22,104,0.0,-0.010297852,1.7502842
2012-08-18,22,78,0.0,0.008403062,1.7403007
2012-04-11,20,41,17.999999999999996,18.54449,1.7609645
2012-05-04,18,37,14.0,9.243929,1.7589027
2012-07-03,2,93,0.0,-0.0057943347,1.6293474
2012-03-28,37,104,0.0,-0.0115045225,1.6027066
2012-01-20,45,9,38.99999999999998,15.318046,2.5945773
2012-04-30,33,93,0.0,0.006762016,1.8052679
2012-02-21,44,62,0.0,-0.0027345303,1.5981011
2012-03-19,6,107,0.0,-0.01752773,1.7450554
2012-07-26,45,50,0.0,-0.014148224,1.5977787
2012-01-18,3,2,0.0,0.02428716,1.6313521
2012-03-09,23,29,0.0,-0.11657329,1.7607409
2012-05-01,15,93,0.0,0.0136221405,1.719857
2012-07-20,16,25,158.99999999999994,161.52724,3.593353
2012-05-21,11,61,0.0,-0.01487395,1.6215659
2012-02-21,39,111,0.0,-0.0054762326,1.6348468
2012-04-08,43,73,1.0,1.7970513,2.547269
2012-08-22,7,5,48.99999999999999,36.88446,2.8668256
2012-07-26,21,44,82.99999999999997,95.35556,3.4241
2012-02-16,20,41,11.0,15.82706,1.7624235
2012-03-23,16,39,0.0,0.022999533,1.7117691
2012-03-06,41,86,0.0,0.0031826785,1.6586331
2012-01-17,4,101,0.0,-0.0002147058,1.7263141
2012-04-10,19,83,5.0,6.0768056,1.8964983
2012-06-18,38,93,0.0,0.004320505,1.6683067
2012-08-12,17,71,1.0,1.7282605,2.7354565
2012-02-22,28,5,71.0,41.68101,2.7370164
2012-06-19,40,55,0.0,-0.0076804473,1.6889721
2012-03-26,3,2,1.9999999999999996,2.112315,2.3605585
2012-07-24,4,101,0.0,0.0061940877,1.708425
2012-03-30,8,5,29.000000000000004,18.659481,2.6100757
2012-03-14,15,5,53.00000000000001,66.102615,2.803809
2012-02-19,39,9,5.0,6.7462234,2.8300276
2012-03-08,4,96,0.0,0.0062818667,1.7163213
2012-03-06,20,74,0.0,0.011843517,1.7028694
2012-08-16,40,93,0.0,0.0063511357,1.6606287
2012-08-19,2,85,0.0,0.0010571299,1.6743577
2012-05-07,7,93,4.000000000000001,3.959786,2.266183
2012-01-18,44,5,45.0,35.95468,2.5541673
2012-07-12,18,37,5.9999999999999964,10.188636,1.8008635
2012-08-21,13,5,103.99999999999997,113.53642,3.3991058
2012-05-31,41,93,4.000000000000001,3.8331923,2.1568315
2012-08-06,14,33,0.0,-0.06574977,1.7749493
2012-07-31,29,41,35.0,22.573887,1.8332067
2012-07-05,2,44,134.00000000000003,111.91238,3.3947282
2012-05-10,34,52,5.9999999999999964,2.0658555,2.3412313
2012-04-18,9,10,0.0,-0.017143887,1.6631868
2012-07-25,17,48,163.00000000000006,126.9759,3.4899344
2012-07-19,14,93,0.0,-0.017388873,1.6153798
2012-03-26,20,18,0.0,-0.04925535,1.7222443
2012-06-09,16,64,0.0,0.02249743,1.7646354
2012-04-16,20,41,22.0,19.65767,1.7629756
2012-07-07,2,44,130.99999999999997,161.58754,3.587854
2012-07-09,5,32,0.0,-0.012701915,1.6248177
2012-01-27,12,79,0.0,0.0009741108,1.6719183
2012-03-17,3,102,0.0,-0.0041516074,1.6626718
2012-02-18,25,81,14.999999999999998,14.185409,1.9713606
2012-05-28,6,9,26.0,33.095707,2.1979833
2012-01-31,13,104,0.0,0.0045892494,1.7641006
2012-04-11,29,56,4.000000000000001,1.9038991,2.5597782
2012-08-02,31,67,0.0,-0.019417495,1.6743916
2012-04-17,10,86,0.0,0.00018368546,1.5874085
2012-07-27,38,98,0.0,-0.0017068769,1.6286167
2012-06-12,18,57,3.0,1.6062016,2.4622705
2012-07-20,25,50,0.0,0.021207701,1.6915377
2012-02-29,44,93,1.9999999999999996,3.1196654,2.184582
2012-03-10,10,5,77.0,60.60111,2.8049645
2012-01-12,2,93,0.0,0.01752407,1.7001953
2012-07-30,5,105,0.0,-0.010108515,1.6458484
2012-04-19,22,54,0.0,-0.0005083547,1.6479336
2012-03-28,25,50,0.0,0.026471503,1.7658406
2012-07-02,44,68,67.00000000000001,51.032364,2.6185107
2012-07-17,41,68,36.99999999999999,39.95169,2.6423316
2012-01-11,11,110,0.0,0.002843225,1.6613669
2012-05-30,5,20,0.0,-0.013087421,1.6315936
2012-02-13,22,9,80.00000000000003,64.44871,2.6869795
2012-07-30,30,49,0.0,0.012597466,1.6621726
2012-05-14,1,40,0.0,-0.006932645,1.6690943
2012-03-20,20,74,3.0,2.5312402,2.2619247
2012-04-19,32,45,40.999999999999986,47.556362,2.9167392
2012-05-10,12,86,0.0,0.011438278,1.6687444
2012-06-09,34,52,3.0,2.4371476,2.431872
2012-06-14,5,16,18.999999999999996,18.74485,2.2313085
2012-08-17,28,45,40.999999999999986,54.531563,2.7884536
2012-07-09,29,56,0.0,0.010732275,1.7401583
2012-01-24,9,93,0.0,-0.017971741,1.6739665
2012-08-12,43,3,0.0,0.10043607,1.7931548
2012-06-12,1,51,0.0,0.023535667,1.6211728
2012-07-05,33,44,158.00000000000014,228.76039,3.9956372
2012-02-21,36,9,42.99999999999999,41.15696,2.3805933
2012-08-04,44,105,0.0,0.010734673,1.7681404
2012-01-25,16,64,0.0,0.010003361,1.7149621
2012-02-06,14,9,14.999999999999998,21.361902,2.4718437
2012-06-28,10,93,0.0,-0.01728436,1.6215631
2012-01-05,11,61,1.0,1.731905,2.6492636
2012-05-20,8,84,0.0,-0.022632,1.6754233
2012-02-09,41,16,53.00000000000001,32.81685,2.4781463
2012-06-14,11,9,33.00000000000001,47.441208,2.641439
2012-04-29,3,93,5.9999999999999964,3.6184702,2.0724788
2012-01-21,6,45,73.99999999999997,80.526184,2.9843533
2012-01-16,18,57,0.0,-0.041348275,1.657551
2012-04-05,2,5,86.0,45.620575,2.6304305
2012-06-19,41,93,0.0,-0.0026570116,1.643512
2012-07-04,39,111,0.0,-0.019798363,1.6454502
2012-06-27,27,21,0.0,-0.049007047,1.7004943
2012-01-03,14,15,0.0,-0.016194262,1.7004119
2012-01-30,36,30,1.9999999999999996,2.589085,2.318645
2012-02-05,5,20,1.0,2.8594284,2.3819358
2012-02-04,40,5,121.00000000000003,71.74107,2.8786678
2012-05-03,20,106,0.0,0.02535265,1.7271582
2012-05-31,22,9,45.0,40.991413,2.5895345
2012-01-02,37,38,0.0,0.039938178,1.663059
2012-06-06,13,104,0.0,-0.004741404,1.7131848
2012-02-23,10,5,63.99999999999998,41.72574,2.6435542
2012-02-09,18,72,0.0,-0.017586805,1.6359552
2012-06-06,41,86,1.0,1.7606446,2.3999329
2012-05-04,19,69,1.0,2.4140966,2.2985106
2012-05-21,36,44,69.00000000000003,61.034683,3.158616
2012-06-22,16,85,0.0,0.01686669,1.759759
2012-04-22,23,45,50.0,51.484688,3.045517
2012-05-26,41,108,0.0,-0.0046559223,1.6408637
2012-02-27,44,93,7.000000000000002,3.3553238,2.1001587
2012-08-13,14,9,38.99999999999998,19.399994,2.3644812
2012-06-28,39,111,0.0,-0.023205042,1.7477114
2012-08-01,11,86,0.0,0.017180435,1.7304224
2012-02-29,43,16,21.000000000000004,21.728504,2.4978356
2012-02-27,12,86,0.0,0.00663076,1.6710229
2012-03-24,12,16,45.0,27.851559,2.1163957
2012-05-21,15,61,0.0,-0.00406589,1.8939575
2012-01-08,31,98,0.0,-0.008934875,1.7721393
2012-01-10,17,37,75.0,51.992165,2.5117602
2012-04-30,41,61,0.0,-0.029380314,1.6483303
2012-07-27,32,9,33.99999999999998,31.034557,2.2732282
2012-02-05,22,68,44.000000000000014,62.708763,2.664653
2012-01-24,30,16,21.000000000000004,22.549988,2.2500648
2012-07-22,8,23,13.000000000000004,15.960944,1.8751245
2012-07-31,15,5,33.00000000000001,79.2697,3.0790987
2012-05-09,1,89,0.0,0.0049778647,1.6345525
2012-03-28,1,51,0.0,-0.001119296,1.6029251
2012-02-13,43,93,0.0,0.001304051,1.6000683
2012-01-05,3,2,0.0,0.026554188,1.7689304
2012-04-22,3,109,0.0,-0.009615591,1.7813119
2012-07-16,40,15,0.0,-0.048317574,1.6633666
2012-06-04,22,9,56.00000000000001,101.42119,3.1525676
2012-06-21,40,51,0.0,-0.012296158,1.6450893
2012-02-01,28,35,5.0,3.2668755,2.5621266
2012-05-04,5,32,0.0,-0.05676581,1.6766567
2012-08-08,38,93,3.0,2.9291167,2.2511408
2012-03-20,23,45,35.0,45.47474,2.9995618
2012-04-25,4,27,12.0,4.944618,1.9648093
2012-07-09,15,15,0.0,0.14258504,1.726838
2012-04-04,12,37,14.999999999999998,14.448937,1.5599997
2012-02-24,8,93,1.0,3.2515793,2.0641978
2012-02-25,19,83,13.000000000000004,10.020447,2.1289604
2012-06-27,4,93,1.9999999999999996,3.2927365,2.1008775
2012-04-07,8,59,1.0,1.4772176,2.4368842
2012-06-25,27,93,9.000000000000002,6.8568172,2.2712145
2012-08-01,11,9,45.99999999999995,30.259033,2.3250997
2012-06-08,20,74,0.0,0.002772802,1.76327
2012-05-29,38,86,0.0,-0.014546259,1.6552731
2012-04-25,1,9,7.000000000000002,10.2169485,2.4576957
2012-04-29,38,98,0.0,-0.0067603774,1.7011245
2012-05-17,5,93,21.000000000000004,4.753989,2.095834
2012-05-27,30,16,11.0,26.884975,2.216201
2012-01-18,12,37,16.0,12.464298,1.6555815
2012-01-14,45,22,0.0,0.12952445,1.6682186
2012-06-21,18,57,0.0,-0.025789857,1.6601969
2012-01-31,30,13,0.0,0.004183619,1.6569384
2012-06-14,19,15,0.0,-0.047751196,1.6468517
2012-06-09,20,18,0.0,-0.10955565,1.8230237
2012-02-12,2,11,1.0,2.0909543,2.4944742
2012-07-13,29,41,18.999999999999996,26.778421,1.9997642
2012-08-08,14,33,0.0,-0.043053668,1.6453452
2012-01-04,6,9,54.000000000000014,44.51306,2.6619785
2012-03-16,25,9,68.00000000000001,81.93613,2.941135
2012-07-19,11,87,3.0,1.6710374,2.267592
2012-05-22,5,37,10.000000000000002,11.842661,1.6036056
2012-03-26,31,104,0.0,-0.0072756014,1.6900523
2012-04-15,45,4,0.0,0.0075227814,1.6798006
2012-02-20,36,1,0.0,0.021716317,1.6292868
2012-03-29,3,109,0.0,0.01697124,1.5826923
2012-01-16,40,106,0.0,-0.008238325,1.6842085
2012-07-06,14,93,1.0,3.9435909,2.0589955
2012-05-23,44,105,0.0,-0.01145724,1.5975326
2012-05-21,33,44,201.99999999999997,214.73198,3.953741
2012-04-28,34,93,4.000000000000001,4.539469,2.2440968
2012-03-20,1,99,0.0,4.2139445e-07,1.60355
2012-04-05,36,44,87.00000000000003,103.83519,3.5072546
2012-05-14,19,88,0.0,-0.009178473,1.672631
2012-06-18,1,47,0.0,0.017959885,2.0906389
2012-07-13,10,86,0.0,-0.01757864,1.6243666
2012-04-06,13,36,125.99999999999999,79.076904,2.9115987
2012-08-10,8,93,10.000000000000002,3.4211893,2.135904
2012-06-26,11,68,30.0,35.50695,2.4863036
2012-03-11,20,74,8.000000000000005,2.6698306,2.487438
2012-01-16,28,45,61.00000000000001,73.23004,2.8996441
2012-06-03,45,34,0.0,-0.07565798,1.7299538
2012-06-11,41,108,0.0,-0.0019879001,1.7122427
2012-05-02,41,61,1.0,2.2701397,2.3098545
2012-05-28,45,50,0.0,-0.02105094,1.6666447
2012-01-09,25,45,132.0,82.53923,2.91663
2012-05-27,31,98,0.0,-0.012403651,1.7063092
2012-05-23,1,9,26.999999999999996,19.679096,2.2678776
2012-05-11,21,109,0.0,-0.007426494,1.7277905
2012-02-06,14,25,8.000000000000005,14.468025,2.259804
2012-05-06,30,13,1.9999999999999996,3.794619,2.6296573
2012-01-07,14,50,0.0,-0.017047653,1.7030627
2012-05-25,8,100,0.0,-0.0051987576,1.6430441
2012-04-08,41,16,31.0,46.889557,2.3971682
2012-07-31,11,9,18.999999999999996,24.5255,2.3505068
2012-08-06,15,5,158.99999999999994,92.71457,3.0614295
2012-05-09,37,15,0.0,0.018548723,1.6082424
2012-05-29,44,68,58.999999999999986,54.223248,2.6518967
2012-05-02,25,9,67.00000000000001,90.21892,3.0280652
2012-07-29,41,86,0.0,-0.01361621,1.6598707
2012-04-10,12,93,0.0,0.0009644993,1.7447783
2012-01-02,2,85,0.0,0.032352783,1.769722
2012-05-11,41,61,1.0,1.822699,2.2593656
2012-06-29,28,45,45.99999999999995,57.95965,2.820392
2012-07-21,15,45,117.00000000000004,101.90912,3.1206145
2012-01-13,13,5,253.99999999999991,113.717125,3.3480835
2012-04-05,5,93,0.0,-0.004582644,1.6351453
2012-05-19,34,52,0.0,0.011337705,1.7269282
2012-05-30,4,90,0.0,-0.024828508,1.7397213
2012-03-31,41,108,0.0,0.0064754584,1.7250429
2012-08-16,6,9,109.00000000000004,46.40425,2.4480145
2012-06-20,35,105,0.0,-0.001109394,1.6866103
2012-07-04,6,14,1.0,2.1182368,2.28071
2012-02-10,15,5,116.00000000000003,109.78253,3.2656317
2012-07-27,4,101,0.0,0.013003521,1.6981981
2012-02-21,14,88,0.0,-0.023772154,1.640364
2012-05-08,28,45,45.0,63.886517,2.8158994
2012-06-05,33,44,344.0000000000001,262.18378,4.1526246
2012-05-19,6,45,61.99999999999999,70.863625,2.9835076
2012-04-08,21,5,35.99999999999998,51.096252,2.8195298
2012-08-21,45,4,0.0,-0.026911775,1.6785821
2012-05-15,26,45,40.00000000000001,50.808964,2.8134198
2012-08-08,17,48,169.00000000000006,170.3576,3.6604927
2012-02-09,11,61,0.0,0.008870864,1.6545471
2012-04-23,38,9,169.00000000000006,87.261566,3.1483762
2012-08-24,8,59,1.0,1.8806952,2.4751604
2012-06-15,34,84,0.0,0.012769983,1.6427481
2012-03-09,44,68,100.99999999999996,56.765198,2.5947897
2012-03-24,4,97,0.0,-0.0012192775,1.7463453
2012-05-12,24,6,73.99999999999997,42.029106,2.3712025
2012-01-14,40,93,0.0,0.0022709481,1.6910487
2012-07-15,21,109,0.0,-0.012423397,1.7765985
2012-05-05,37,53,1.0,2.094675,2.3547854
2012-03-16,15,86,0.0,0.0150144845,1.7552229
2012-05-11,34,93,5.0,3.9293585,2.0490305
2012-06-20,44,5,61.00000000000001,39.67468,2.726281
2012-01-09,27,93,12.0,3.551514,2.1135015
2012-06-25,3,109,0.0,0.005172158,1.7015331
2012-06-13,40,93,4.000000000000001,3.4663165,2.1036687
2012-01-22,11,61,0.0,0.0071263057,1.7102883
2012-07-09,34,93,0.0,0.01433682,1.6622272
2012-04-23,12,79,1.9999999999999996,2.6367402,2.245387
2012-03-20,45,34,0.0,0.067876756,1.6218804
2012-07-22,22,104,0.0,-0.016481763,1.7562037
2012-04-06,38,93,8.000000000000005,3.4332201,2.4417255
2012-02-09,1,40,0.0,-0.048263438,1.7382271
2012-04-04,30,16,41.99999999999996,51.95858,2.4866273
2012-06-21,28,2,1.0,2.4172955,2.2998815
2012-05-06,13,93,3.0,5.3820252,2.6999717
2012-03-24,2,93,0.0,-0.0031989694,1.7257376
2012-03-27,5,105,0.0,-0.0044610216,1.6102395
2012-03-18,22,68,65.99999999999997,60.45934,2.8720872
2012-04-19,4,9,87.00000000000003,52.430035,2.8410044
2012-03-04,19,88,0.0,-0.0020234885,1.732021
2012-07-10,8,5,56.999999999999986,45.565033,2.9417496
2012-03-24,13,104,0.0,-0.010780359,1.7144834
2012-08-04,31,104,0.0,-0.02476005,1.7805978
2012-07-20,31,45,75.0,78.068954,2.9926956
2012-02-18,4,27,7.000000000000002,9.347198,2.1473129
2012-08-09,36,44,89.99999999999997,90.756454,3.277061
2012-06-17,27,9,51.00000000000003,36.36426,2.392551
2012-08-06,18,37,13.000000000000004,9.359977,1.8225447
2012-02-25,19,93,0.0,-0.016605362,1.7454283
2012-08-11,21,109,0.0,0.00086675014,1.6900351
2012-02-08,13,104,0.0,-0.00024286042,1.7584544
2012-02-16,16,25,143.99999999999997,110.901596,3.2180295
2012-06-19,15,86,0.0,0.012624566,1.7751143
2012-06-05,12,16,26.0,24.302464,2.2218916
2012-04-26,11,86,0.0,-0.0094006155,1.5940822
2012-05-17,7,23,18.999999999999996,21.55435,1.7292459
2012-03-03,38,86,0.0,-0.00020811505,1.6912917
2012-06-07,32,86,0.0,-0.02254103,1.6574006
2012-07-08,16,93,1.0,4.113043,2.236874
2012-02-20,29,41,29.000000000000004,18.022549,1.672207
2012-06-27,39,9,3.0,7.339873,2.440272
2012-06-16,39,36,13.000000000000004,11.514755,2.2628899
2012-04-28,33,9,105.99999999999996,54.409443,2.822157
2012-05-03,39,9,1.0,8.504846,2.5013764
2012-06-08,43,37,30.0,11.928959,1.610545
2012-01-29,33,92,0.0,-0.0029756976,1.8475665
2012-08-19,24,76,0.0,0.007858393,1.6588774
2012-07-29,10,5,61.00000000000001,56.35241,2.942817
2012-07-20,29,56,0.0,0.006725391,1.642173
2012-06-09,2,11,1.9999999999999996,1.9110497,2.455992
2012-06-17,22,78,3.0,3.0210378,2.4391627
2012-06-16,6,45,58.000000000000014,77.93157,2.986565
2012-05-22,12,93,4.000000000000001,3.3150287,2.1331043
2012-02-10,29,8,82.00000000000003,40.171177,2.3429186
2012-01-11,15,49,0.0,0.020845283,1.7376643
2012-01-18,19,69,0.0,-0.015881067,1.6461098
2012-03-24,36,44,89.99999999999997,102.49315,3.321404
2012-04-16,8,5,45.0,44.8634,2.8650198
2012-04-20,15,93,1.0,3.9249158,2.3417616
2012-02-10,23,45,45.99999999999995,36.11681,2.9355526
2012-03-22,25,9,53.00000000000001,52.948208,2.693951
2012-07-17,31,67,0.0,-0.0034667582,1.6350214
2012-02-26,9,105,0.0,-0.0060241628,1.7218415
2012-08-18,39,103,0.0,-0.008711923,1.7311273
2012-05-22,37,15,0.0,-0.04405896,1.6727374
2012-08-04,34,52,4.000000000000001,2.1443727,2.5349872
2012-03-12,40,55,0.0,-0.010445229,1.6769178
2012-06-25,45,34,0.0,-0.00061298226,1.7486823
2012-06-14,18,5,17.999999999999996,17.733692,2.7530646
2012-07-25,43,73,0.0,-0.047629587,1.6973947
2012-02-17,28,45,45.99999999999995,48.65602,2.8160462
2012-04-17,3,102,0.0,0.0013881803,1.6228878
2012-05-04,28,5,47.99999999999999,36.72418,2.6009328
2012-02-13,43,3,0.0,0.077870294,1.6210665
2012-02-14,45,50,0.0,-0.026875999,1.671601
2012-02-28,1,28,4.000000000000001,4.1067724,2.1233695
2012-05-21,38,52,0.0,-0.008334451,1.6352549
2012-06-17,13,104,0.0,-0.006029094,1.8090572
2012-04-25,22,9,22.0,34.88715,2.5231
2012-06-23,20,18,1.0,2.3139002,2.6005101
2012-07-20,15,61,0.0,-9.930668e-05,1.7285656
2012-06-16,34,9,44.000000000000014,71.4456,2.773719
2012-08-18,22,68,42.99999999999999,45.884315,2.6226025
2012-04-11,2,11,0.0,-0.045950953,1.7296873
2012-01-15,15,93,0.0,-0.003096329,1.8546792
2012-06-27,17,37,33.99999999999998,36.64814,2.4711137
2012-04-07,16,50,0.0,0.03071529,1.774472
2012-06-29,16,85,0.0,-0.010547736,1.7051784
2012-04-07,26,45,44.000000000000014,74.56766,3.0520492
2012-01-10,4,27,5.0,7.519205,2.2218103
2012-08-21,43,3,0.0,0.075285085,1.6572467
2012-06-23,34,31,1.0,2.518392,2.3579075
2012-04-28,9,5,61.99999999999999,45.62648,2.6708522
2012-01-02,6,14,1.0,1.7609138,2.4421742
2012-01-29,16,64,0.0,0.06230965,1.8353107
2012-08-07,15,61,0.0,0.012387574,1.7171155
2012-01-19,5,105,0.0,0.00088867,1.6004537
2012-04-01,14,50,0.0,-0.019609928,1.8275251
2012-04-28,2,85,0.0,0.0003915923,1.7193187
2012-04-15,44,105,0.0,-0.01651213,1.6865017
2012-03-11,1,47,0.0,0.041350562,1.9550918
2012-06-08,2,5,58.999999999999986,55.347103,2.6493044
2012-01-09,24,43,91.00000000000001,63.614967,2.7238276
2012-06-26,39,103,0.0,-0.025814248,1.6794418
2012-04-11,24,43,67.00000000000001,62.162663,2.8229954
2012-07-12,39,36,16.999999999999996,8.866915,2.2684405
2012-03-27,43,37,3.0,9.931299,1.6573374
2012-08-10,15,49,0.0,0.013038238,1.7683676
2012-01-28,21,109,0.0,-0.015995644,1.6976309
2012-07-26,15,5,52.00000000000001,44.28242,2.8698468
2012-06-08,1,51,0.0,0.02569022,1.6370785
2012-07-18,5,37,11.0,11.101366,1.5680312
2012-03-06,28,5,56.999999999999986,59.48968,2.982071
2012-05-22,43,93,0.0,-0.0043219095,1.6040403
2012-07-23,43,73,0.0,-0.036369838,1.6288078
2012-05-14,30,13,0.0,-0.072866924,1.7394888
2012-06-30,16,16,35.0,36.66162,2.2407799
2012-04-30,41,16,13.000000000000004,30.573471,2.1283722
2012-07-01,3,5,166.00000000000006,97.17938,3.1086636
2012-03-29,19,39,0.0,-0.013817184,1.6327556
2012-06-27,30,44,155.99999999999994,130.97389,3.5214446
2012-03-27,28,2,0.0,-0.055174947,1.6600577
2012-07-14,6,9,61.00000000000001,48.044853,2.573203
2012-07-03,4,96,0.0,0.0006249669,1.7122549
2012-07-17,44,93,5.9999999999999964,3.0806482,2.1329134
2012-06-14,15,5,48.99999999999999,56.72172,2.8198712
2012-05-19,17,48,190.0,170.67508,3.6848533
2012-07-19,38,86,0.0,-0.03144983,1.6272038
2012-07-07,30,65,0.0,0.009612111,1.7703135
2012-02-04,11,86,0.0,-0.06755931,1.7294264
2012-03-16,38,86,0.0,0.01163307,1.7274231
2012-04-23,14,88,0.0,-0.029582351,1.6566944
2012-01-26,19,75,0.0,-0.029433878,1.632379
2012-03-25,38,45,99.00000000000004,106.30292,3.2184536
2012-08-03,35,63,1.9999999999999996,2.0262303,2.4905312
2012-06-24,22,68,50.0,55.12074,2.684823
2012-01-19,27,68,42.99999999999999,46.810623,2.5417905
2012-06-08,38,93,0.0,0.015249399,1.6426377
2012-01-11,40,93,0.0,-0.0075660376,1.6329658
2012-05-16,4,90,1.0,1.7048943,2.2318344
2012-02-27,34,9,42.99999999999999,46.438927,2.5889432
2012-04-15,3,5,141.00000000000003,99.04708,3.1298804
2012-03-27,10,93,1.9999999999999996,3.0039344,2.0447824
2012-05-25,32,45,44.000000000000014,68.61291,2.7802072
2012-03-27,39,36,16.0,10.147062,2.3464944
2012-02-25,44,105,0.0,-0.0053688143,1.6873012
2012-08-08,31,9,33.00000000000001,39.57003,2.3048959
2012-07-22,25,12,0.0,-0.07061597,1.7615346
2012-04-22,4,9,94.99999999999999,75.783264,2.8913987
2012-04-06,15,49,0.0,0.018326784,1.8089402
2012-07-27,41,68,46.99999999999997,45.247757,2.4938204
2012-08-05,17,71,1.9999999999999996,1.7648467,2.7767785
2012-05-29,44,5,31.0,39.370907,2.6982765
2012-07-16,43,73,0.0,-0.012526336,1.7096325
2012-01-12,30,44,205.00000000000003,178.80023,3.7822385
2012-01-30,31,93,0.0,-0.009809556,1.6310208
2012-07-04,40,51,0.0,-0.014872426,1.6557919
2012-07-30,17,71,0.0,-0.034082018,1.9253367
2012-02-19,19,69,1.0,1.6471704,2.4169116
2012-02-21,38,98,0.0,-0.013039733,1.7171063
2012-04-02,14,88,1.9999999999999996,1.8988048,2.2916937
2012-02-11,41,16,69.00000000000003,53.622368,2.5630815
2012-06-27,29,56,0.0,0.028323866,1.6181536
2012-06-08,25,45,118.00000000000003,82.34685,2.904077
2012-05-12,2,5,105.99999999999996,79.703804,3.0176167
2012-07-25,43,93,0.0,-0.020209558,1.6639957
2012-03-13,8,59,1.9999999999999996,1.3672216,2.5091426
2012-08-10,16,25,141.99999999999994,167.18874,3.6805675
2012-02-01,21,109,0.0,-0.019557059,1.9243251
2012-01-08,7,5,212.99999999999994,113.84114,3.2125456
2012-02-23,3,109,0.0,0.017792922,1.6023133
2012-04-17,3,45,58.999999999999986,70.03079,2.900702
2012-05-13,25,12,0.0,-0.02352391,1.823517
2012-02-06,24,43,80.00000000000003,59.96902,2.7107975
2012-05-10,10,5,71.99999999999999,56.940784,2.7795298
2012-02-08,37,38,0.0,0.0025537557,1.6370515
2012-02-28,31,98,0.0,-0.008571781,1.7163959
2012-05-13,14,70,5.0,2.1899846,2.5291564
2012-03-06,42,5,26.0,23.249737,2.8629258
2012-03-12,10,93,0.0,0.001091372,1.6408112
2012-05-22,32,86,0.0,-0.009890136,1.5985531
2012-01-25,21,91,1.0,1.9056277,2.2511995
2012-03-26,27,9,14.999999999999998,32.889862,2.256774
2012-07-30,13,93,0.0,-0.015593032,1.7251717
2012-01-30,2,93,0.0,-0.00011443801,1.6742457
2012-02-07,40,15,0.0,0.06126193,1.7446948
2012-01-16,45,4,0.0,0.088531405,1.6677864
2012-03-14,36,30,1.0,1.3940997,2.403864
2012-05-26,3,45,84.00000000000001,90.60354,3.024372
2012-07-21,10,37,16.999999999999996,14.242891,1.5498
2012-01-16,36,44,99.00000000000004,80.890434,3.1874244
2012-06-16,8,5,71.0,47.22603,2.7415888
2012-06-21,22,54,0.0,0.0031412167,1.6718357
2012-01-27,25,50,0.0,0.04109972,1.7098583
2012-02-03,2,5,73.99999999999997,71.738304,2.8966722
2012-06-29,29,8,41.99999999999996,25.704308,2.0384164
2012-08-21,7,23,11.0,13.057641,1.6485022
2012-02-13,2,44,114.99999999999999,116.07888,3.308732
2012-05-18,3,102,0.0,0.013886675,1.5935291
2012-08-10,17,71,0.0,-0.0068528345,1.9688007
2012-01-06,20,18,1.0,2.0736527,2.528596
2012-05-16,44,5,51.00000000000003,39.534584,2.629253
2012-01-21,39,103,0.0,-0.004778408,1.6593503
2012-05-31,13,104,0.0,-0.012899325,1.7822508
2012-03-12,32,86,0.0,-0.0152725745,1.6789299
2012-06-27,3,2,3.0,2.8936977,2.2439837
2012-04-09,16,85,0.0,0.010337232,1.6996512
2012-07-08,9,45,78.0,77.05158,3.1353955
2012-08-24,16,50,0.0,-0.011873958,1.8371791
2012-01-19,10,93,7.000000000000002,3.1412141,2.0747912
2012-05-27,41,16,37.99999999999999,29.685793,2.2623932
2012-03-13,16,93,0.0,0.014589546,1.7885048
2012-08-23,10,5,22.0,32.762886,2.745554
2012-08-05,21,91,0.0,-0.010324283,1.9604
2012-06-28,24,76,0.0,-0.0040552067,1.7114025
2012-07-02,39,9,4.000000000000001,8.038938,2.4904873
2012-07-05,8,59,0.0,0.0027013994,1.6341707
2012-07-03,6,9,36.99999999999999,48.04532,2.722995
2012-06-29,26,2,0.0,-0.047820013,1.7884196
2012-05-05,32,93,5.9999999999999964,3.7559576,2.0757554
2012-07-03,18,5,68.00000000000001,15.379234,2.9345868
2012-06-15,27,9,46.99999999999997,46.87619,2.537833
2012-08-19,6,9,61.00000000000001,50.18301,2.5834148
2012-07-30,32,51,0.0,-0.008928745,1.6139121
2012-01-31,6,45,41.99999999999996,59.393738,2.869933
2012-05-30,16,50,0.0,0.023793524,1.7203811
2012-01-28,2,44,153.00000000000006,147.71458,3.532962
2012-02-17,36,30,0.0,-0.023300307,1.677089
2012-03-03,41,93,0.0,0.007570631,1.6828283
2012-08-13,31,9,40.00000000000001,45.291794,2.3700647
2012-07-19,18,37,13.000000000000004,8.695365,1.7685921
2012-04-17,4,27,4.000000000000001,6.128853,2.0408404
2012-03-19,9,10,0.0,-0.019275349,1.6843084
2012-04-10,32,51,0.0,-0.004921697,1.625899
2012-07-23,2,44,136.00000000000003,122.12992,3.3609996
2012-08-13,27,93,0.0,-0.008291715,1.6869776
2012-01-24,16,85,0.0,0.0018173155,1.7230173
2012-05-03,11,61,1.0,2.03575,2.3412628
2012-02-28,23,5,29.000000000000004,40.54336,2.8319144
2012-04-17,1,9,8.000000000000005,13.279817,2.505065
2012-02-23,15,86,0.0,0.011207855,1.7305573
2012-04-05,22,93,4.000000000000001,5.1652536,2.2330265
2012-04-15,14,9,17.999999999999996,39.03985,3.0089839
2012-03-21,28,35,0.0,0.020388909,1.6392728
2012-06-25,43,105,0.0,-0.025905978,1.7074183
2012-03-02,15,5,196.0,152.79971,3.5862148
2012-02-17,43,105,0.0,-0.0025584742,1.6480553
2012-07-31,6,9,31.999999999999986,28.85193,2.2820442
2012-06-20,18,37,5.9999999999999964,9.333571,1.7626743
2012-05-03,29,45,65.99999999999997,79.68641,3.0510507
2012-06-30,10,37,13.000000000000004,13.30049,1.6216217
2012-01-14,16,77,0.0,0.0013904908,1.8245227
2012-02-22,14,25,1.0,7.7073555,2.5624063
2012-06-06,25,93,5.9999999999999964,7.540115,2.3772774
2012-08-17,19,16,12.0,23.462957,1.9438932
2012-02-07,40,55,0.0,0.004584053,1.6534125
2012-07-12,27,9,26.0,29.307215,2.488308
2012-05-02,6,14,1.0,2.7084844,2.2431407
2012-04-03,4,97,0.0,-0.018466216,1.7846903
2012-03-12,24,6,56.999999999999986,39.004845,2.3938553
2012-08-16,2,85,0.0,0.03266242,1.7068307
2012-01-28,31,98,0.0,0.0043798033,1.6983479
2012-01-22,5,16,54.000000000000014,23.094233,2.0357797
2012-04-24,23,5,22.0,29.085833,2.5553174
2012-02-24,3,5,52.00000000000001,47.27996,2.5848823
2012-02-19,4,9,173.0,106.22681,3.1382985
2012-07-02,27,21,1.9999999999999996,2.4902322,2.388728
2012-01-10,15,61,3.0,1.8813465,2.8165243
2012-06-24,6,14,1.9999999999999996,3.9480865,2.2426715
2012-02-12,32,51,8.000000000000005,2.7322917,2.4464824
2012-06-17,24,6,36.99999999999999,30.462542,2.5845487
2012-08-05,12,93,23.000000000000004,6.704342,2.3942106
2012-07-05,27,68,41.99999999999996,32.26351,2.6321743
2012-07-31,19,69,3.0,1.9389822,2.248957
2012-06-20,33,9,63.000000000000036,52.85908,2.6817696
2012-05-09,19,93,0.0,0.0010132706,1.6445813
2012-03-01,5,93,9.000000000000002,4.692295,2.1637444
2012-06-05,42,45,80.00000000000003,97.30217,3.1519113
2012-06-20,8,23,12.0,12.451602,1.8087457
2012-08-10,7,7,0.0,-0.10613783,1.8120544
2012-05-06,31,93,0.0,-0.0075718174,1.7426145
2012-04-27,7,7,1.9999999999999996,1.5943196,2.737277
2012-08-01,34,84,0.0,0.0015606333,1.7937521
2012-01-30,9,42,5.9999999999999964,9.402134,1.6629257
2012-01-24,11,86,1.0,1.7231929,2.2570364
2012-04-24,40,55,1.0,2.0010448,2.276091
2012-04-03,38,98,0.0,-0.0015337919,1.6661977
2012-05-24,6,9,22.0,15.841248,2.3247252
2012-06-15,43,73,0.0,-0.031717937,1.6561977
2012-08-15,15,15,0.0,0.0416948,1.658572
2012-02-17,20,18,1.0,2.6677432,2.4886281
2012-06-13,22,54,0.0,0.029324662,1.756267
2012-02-18,10,5,102.99999999999999,60.33348,2.6986833
2012-08-15,31,9,61.00000000000001,38.161247,2.3094153
2012-02-14,40,5,50.0,40.088676,2.8133585
2012-01-13,9,42,0.0,-0.12488426,1.8462409
2012-02-17,20,41,14.0,19.707548,1.7333487
2012-04-02,31,9,93.0,57.011086,2.6546206
2012-06-09,37,38,0.0,-0.011896213,1.7171756
2012-07-08,6,9,84.00000000000001,52.998344,2.6078663
2012-06-23,32,86,0.0,-0.01745283,1.6769959
2012-03-21,32,58,0.0,-0.015035654,1.6388309
2012-05-29,11,68,55.00000000000002,35.847366,2.4648583
2012-03-24,5,32,3.0,2.254163,2.461871
2012-01-29,45,26,0.0,0.069178775,1.675961
2012-05-02,30,49,0.0,0.015353117,1.7393734
2012-02-03,9,105,0.0,0.010689735,1.6671897
2012-06-09,3,109,0.0,0.017532608,1.6776763
2012-06-09,38,86,0.0,-0.011972051,1.6566278
2012-02-19,24,43,82.00000000000003,76.73446,3.0111465
2012-07-13,2,93,0.0,0.025322506,1.6732461
2012-04-30,2,5,93.0,54.968544,2.7678263
2012-03-29,43,73,0.0,-0.024511661,1.6474508
2012-08-14,38,98,0.0,0.0033903264,1.6218758
2012-06-24,14,70,3.0,1.7395862,2.3066669
2012-08-03,23,5,26.999999999999996,44.29187,2.762846
2012-02-25,15,5,77.0,61.33637,2.8895812
2012-07-27,36,44,87.00000000000003,99.83446,3.2008715
2012-04-12,27,80,1.0,2.2705116,2.1948237
2012-03-13,11,110,0.0,-0.002434835,1.6146034
2012-04-10,13,104,0.0,0.0017382343,1.8934585
2012-06-10,41,86,0.0,0.020206327,1.6897291
2012-04-18,40,15,0.0,0.030823534,1.766674
2012-03-06,27,80,0.0,-0.02945776,1.7149636
2012-03-23,13,5,35.99999999999998,55.685963,3.0636265
2012-02-12,12,16,40.999999999999986,37.727684,2.5424564
2012-06-04,37,38,0.0,0.0392442,1.6830858
2012-06-12,19,16,10.000000000000002,29.439068,2.178779
2012-01-27,41,93,0.0,0.0124949105,1.629821
2012-06-02,16,39,0.0,0.33274513,2.1744199
2012-02-26,29,56,0.0,0.00029183456,1.6854081
2012-05-31,41,61,1.0,1.6268928,2.3006144
2012-05-04,17,37,40.00000000000001,37.099968,2.2437572
2012-03-16,17,71,0.0,0.0017152394,1.9335035
2012-06-14,24,60,0.0,-0.0034833911,1.6321483
2012-06-04,19,88,1.0,2.3971486,2.360801
2012-05-26,39,111,0.0,-0.007299418,1.6695923
2012-06-16,11,86,0.0,0.0001640358,1.7115567
2012-04-16,44,62,1.0,1.8906995,2.299721
2012-03-16,20,106,0.0,0.0061993403,1.6884952
2012-01-24,1,28,3.0,3.7275295,2.1190562
2012-05-27,40,106,0.0,0.011868404,1.7018209
2012-01-16,40,5,100.99999999999996,65.43248,2.7061458
2012-03-27,21,91,8.000000000000005,1.9546064,2.4650366
2012-05-09,45,22,0.0,0.08416288,1.591524
2012-01-17,21,44,60.00000000000001,79.710075,3.249059
2012-01-28,4,97,0.0,-0.008946582,1.7862118
2012-08-05,31,45,113.00000000000003,103.5311,3.1815202
2012-01-30,32,51,0.0,-0.0071692714,1.6801322
2012-05-15,15,45,109.00000000000004,74.47918,2.9541852
2012-02-14,19,39,0.0,-0.038679723,1.7583948
2012-02-11,14,88,0.0,-0.014683318,1.6760623
2012-07-15,28,35,0.0,-0.11721535,1.7776397
2012-01-11,7,7,5.9999999999999964,2.2320018,2.6048348
2012-02-14,7,93,0.0,-0.0035646234,1.6343563
2012-06-17,6,9,25.000000000000004,35.392162,2.271117
2012-07-19,37,53,0.0,-0.015788529,1.6756594
2012-04-03,32,19,0.0,-0.046832263,1.7289449
2012-07-14,15,86,1.0,1.9596523,2.5904741
2012-03-24,40,5,36.99999999999999,45.21038,2.6884212
2012-01-18,24,6,8.000000000000005,42.981953,2.4723935
2012-02-05,27,93,5.0,3.8285575,2.1359098
2012-02-23,30,13,0.0,0.054684095,1.7327965
2012-06-29,16,16,42.99999999999999,25.784657,2.1054935
2012-01-28,18,37,12.0,10.950512,1.7684156
2012-03-04,24,76,0.0,0.02777474,1.690693
2012-07-08,1,51,0.0,0.020136122,1.6680331
2012-03-18,22,78,7.000000000000002,2.8026874,2.3696845
2012-04-03,31,9,24.000000000000007,43.907326,2.340808
2012-07-16,14,93,5.9999999999999964,3.1265388,2.1349306
2012-05-04,13,104,0.0,-0.0016741045,1.7080503
2012-03-13,14,50,0.0,-0.015471875,1.643211
2012-03-18,1,99,0.0,-0.02218318,1.7662665
2012-07-21,13,46,5.9999999999999964,4.93361,2.7987819
2012-07-13,14,15,0.0,-0.039572526,1.6525632
2012-07-07,8,100,0.0,-0.013606737,1.6990147
2012-01-23,15,86,0.0,0.0058796788,1.716576
2012-05-21,2,11,0.0,-0.055902164,1.6916527
2012-03-05,32,45,48.99999999999999,54.742874,2.9137528
2012-05-12,12,93,0.0,0.012441464,1.7330749
2012-05-23,14,33,1.9999999999999996,1.0977817,2.4699178
2012-04-28,20,106,0.0,0.031076295,1.7934718
2012-01-15,27,80,1.0,2.2440104,2.216357
2012-08-14,16,39,0.0,0.017808631,1.884973
2012-03-03,43,73,0.0,0.010522855,1.7399834
2012-04-07,7,93,0.0,-0.0022727614,1.7117441
2012-04-20,4,27,9.000000000000002,6.3666973,1.865051
2012-08-16,22,68,54.000000000000014,40.84069,2.4774942
2012-07-10,33,9,247.00000000000028,145.69522,3.6279814
2012-04-07,37,45,89.99999999999997,78.88298,2.973585
2012-06-30,35,50,0.0,-0.0059716883,1.6513839
2012-04-14,44,68,103.99999999999997,67.76044,2.8339262
2012-03-06,30,49,0.0,-0.0029531168,1.7631425
2012-03-14,3,109,0.0,0.0035189348,1.6694837
2012-05-23,37,105,0.0,0.006161564,1.7305875
2012-08-01,25,9,81.00000000000001,42.88609,2.7705681
2012-03-23,45,22,0.0,0.039440114,1.5870916
2012-07-05,35,105,0.0,-0.0010600257,1.6293089
2012-08-19,3,5,109.99999999999997,62.612114,2.971262
2012-03-16,36,30,1.0,2.848643,2.503368
2012-06-28,29,45,53.00000000000001,67.12745,2.8845472
2012-02-09,43,16,54.000000000000014,44.792213,2.8427274
2012-01-24,14,93,3.0,2.3898628,2.2310727
2012-05-09,41,86,0.0,-0.0032961534,1.6101658
2012-07-18,34,9,45.0,35.135826,2.3567884
2012-07-26,2,93,1.0,3.7462916,2.1161904
2012-01-29,26,2,0.0,0.072587535,1.748495
2012-08-06,20,106,0.0,0.0007415185,1.7550273
2012-08-03,18,5,14.999999999999998,9.817975,2.966896
2012-03-06,39,103,0.0,-0.0034820938,1.6224722
2012-02-03,27,80,0.0,-0.040214323,1.7030002
2012-04-22,39,9,0.0,-0.1896104,2.0404212
2012-08-07,14,33,0.0,-0.022285879,1.7232509
2012-08-01,14,88,1.0,1.9125541,2.2874572
2012-03-15,43,3,1.0,2.694692,2.17844
2012-08-11,4,97,0.0,0.014072235,1.7848538
2012-02-04,19,39,0.0,-0.071528494,1.7595549
2012-06-01,40,93,5.0,6.057566,2.6155038
2012-08-18,16,64,0.0,0.017038021,1.769222
2012-07-01,16,64,0.0,0.01297308,1.8792598
2012-04-18,32,58,10.000000000000002,2.0414639,2.2432418
2012-05-14,41,16,28.000000000000004,33.152916,2.3226178
2012-05-06,13,5,153.00000000000006,129.931,3.4726334
2012-05-25,34,84,0.0,-0.00033851873,1.6278127
2012-05-04,22,54,0.0,-0.007923101,1.7431983
2012-04-11,30,51,0.0,0.022719722,1.6903931
2012-04-08,24,6,108.00000000000007,59.129517,2.6295989
2012-08-17,14,25,10.000000000000002,13.971421,2.237476
2012-01-15,33,92,0.0,-0.0115186,1.9099698
2012-05-09,2,85,1.0,1.7991905,2.2630758
2012-07-28,44,94,0.0,-0.0065610013,1.7324563
2012-02-29,9,45,60.00000000000001,56.70917,2.84463
2012-02-12,1,47,0.0,0.041959725,1.9559247
2012-08-07,25,84,1.0,2.101284,2.3172529
2012-08-03,9,45,112.00000000000003,70.93665,2.8542
2012-01-27,41,86,1.9999999999999996,1.7913591,2.3059623
2012-03-10,40,5,100.99999999999996,59.90605,2.7416325
2012-05-29,39,36,7.000000000000002,13.026539,2.2796743
2012-07-19,35,24,0.0,0.11985529,1.7519704
2012-02-01,22,93,0.0,-0.005504687,1.6949319
2012-06-09,40,45,82.99999999999997,78.216965,3.0478327
2012-07-29,32,51,0.0,-0.0087725185,1.6519663
2012-08-02,24,6,104.99999999999997,53.604893,2.5083666
2012-01-16,40,45,86.0,82.854034,2.8944674
2012-03-06,45,34,0.0,-0.08429282,1.7735832
2012-06-10,32,86,0.0,-0.021995867,1.7605538
2012-03-12,43,105,0.0,-0.0146018015,1.7215475
2012-08-21,1,51,0.0,-0.0064382995,1.6607275
2012-02-06,39,36,10.000000000000002,10.281378,2.2237473
2012-05-28,12,79,0.0,0.013784583,1.689788
2012-04-07,32,45,80.00000000000003,87.93824,2.9803894
2012-07-13,41,68,41.99999999999996,46.59301,2.5412202
2012-08-03,9,5,63.99999999999998,76.15763,2.93509
2012-05-21,9,10,1.9999999999999996,2.4667819,2.137802
2012-01-12,24,76,1.0,2.252921,2.2600894
2012-04-11,42,82,1.0,1.7434841,2.4191697
2012-04-21,10,21,1.0,2.403059,2.4403358
2012-05-28,44,105,0.0,0.019123748,1.6557086
2012-07-22,40,15,0.0,0.042965967,1.70962
2012-06-10,32,9,30.0,80.82357,2.9106708
2012-08-23,25,84,0.0,0.034045536,1.7242
2012-08-16,37,45,38.99999999999998,42.77889,2.8854496
2012-01-24,31,9,56.00000000000001,40.39103,2.4132795
2012-07-19,20,74,0.0,-0.005347162,1.7181982
2012-08-09,32,9,17.999999999999996,31.91805,2.3805397
2012-05-21,12,86,0.0,-0.0065769316,1.6704673
2012-08-17,39,103,0.0,-0.002955087,1.6700302
2012-02-14,38,98,0.0,-0.0046783616,1.6175689
2012-08-24,31,93,5.0,4.4269743,2.1277294
2012-08-03,26,2,0.0,-0.066588596,1.7718391
2012-07-11,11,86,0.0,-0.012950939,1.6447061
2012-03-16,28,45,30.0,50.579033,2.8288462
2012-02-27,17,37,40.999999999999986,32.25395,2.1635747
2012-01-03,43,16,89.0,66.1594,2.7112162
2012-03-30,6,107,0.0,0.0034728395,1.6153103
2012-01-22,20,106,0.0,-0.0067178397,1.7388936
2012-02-01,37,15,0.0,0.027447982,1.7497573
2012-07-18,28,45,52.00000000000001,44.725327,2.987882
2012-05-23,37,45,45.99999999999995,58.16823,2.7772756
2012-02-01,17,71,1.9999999999999996,1.6465176,2.6435041
2012-04-24,4,27,4.000000000000001,4.258707,2.1282473
2012-05-21,12,37,16.0,15.040093,1.5134814
2012-06-18,34,31,0.0,-0.0049825734,1.6429391
2012-08-14,10,21,4.000000000000001,1.8106762,2.466336
2012-01-04,1,47,0.0,0.02185341,1.9385337
2012-07-29,24,60,0.0,-0.0110682305,1.6586645
2012-05-18,43,3,1.9999999999999996,2.6309395,2.534117
2012-02-26,25,9,151.99999999999997,110.33174,3.3088923
2012-08-06,16,39,0.0,0.1148154,1.6961675
2012-08-01,2,93,0.0,0.010874779,1.7240493
2012-01-08,42,45,100.99999999999996,99.83753,3.148575
2012-06-06,24,60,1.0,2.1253595,2.4423528
2012-05-02,7,5,44.000000000000014,54.301907,2.8307962
2012-05-01,2,85,1.0,2.049564,2.5558155
2012-07-11,35,63,4.000000000000001,2.1951506,2.3253098
2012-01-06,42,82,1.0,2.5437748,2.3836596
2012-06-14,2,93,1.9999999999999996,4.5300627,2.1012104
2012-06-16,43,37,16.999999999999996,11.059309,1.748124
2012-07-12,26,2,0.0,0.006586918,1.7029513
2012-03-26,8,5,31.999999999999986,34.01769,2.513541
2012-02-07,1,51,0.0,0.0129026035,1.6273239
2012-05-05,34,45,128.99999999999997,92.85042,3.0111418
2012-01-04,40,15,0.0,0.04534735,1.6637226
2012-02-07,37,38,0.0,0.041960057,1.6022949
2012-05-04,15,86,0.0,0.0059933104,1.7129964
2012-02-02,7,93,1.0,3.4117668,2.1664119
2012-01-10,16,85,0.0,-0.0020800154,1.83015
2012-01-02,20,93,0.0,0.01809803,1.8057524
2012-02-03,20,74,0.0,0.00708068,1.7247361
2012-03-14,7,5,55.00000000000002,72.777374,3.005178
2012-05-20,45,9,20.0,11.764937,2.462121
2012-01-09,8,93,0.0,0.005414369,1.6396462
2012-03-10,26,45,63.99999999999998,70.08016,3.097138
2012-04-24,23,45,35.0,45.248795,2.954388
2012-05-21,6,9,41.99999999999996,33.245243,2.201075
2012-07-08,25,45,145.99999999999994,92.66194,3.062405
2012-08-04,8,100,0.0,-0.006151232,1.7314745
2012-06-12,31,67,0.0,-0.0066403006,1.6725446
2012-06-25,4,97,0.0,0.0037571583,1.7287557
2012-07-05,5,20,1.0,1.6588421,2.4512823
2012-06-25,26,2,3.0,2.8502603,2.4132993
2012-04-11,11,86,0.0,0.0028387688,1.6701113
2012-03-09,19,88,0.0,-0.021026893,1.680877
2012-02-09,22,78,0.0,-0.0009524585,1.6930925
2012-04-17,15,5,134.00000000000003,82.91635,3.087113
2012-04-13,1,40,0.0,-0.02873764,1.6230267
2012-08-07,39,36,7.000000000000002,10.180231,2.2106872
2012-07-23,30,65,1.0,1.6850734,2.6065567
2012-03-12,30,13,5.0,2.5288436,2.1383338
2012-02-20,15,49,0.0,0.0050665787,1.7274402
2012-06-25,35,50,0.0,-0.003703757,1.6304427
2012-01-25,24,97,0.0,-0.009708995,1.7284324
2012-03-04,17,71,0.0,0.0027611512,2.007599
2012-02-25,14,88,0.0,-0.019843724,1.7561086
2012-04-17,13,46,0.0,-0.14551347,1.8110476
2012-06-07,19,75,0.0,-0.015637737,1.673891
2012-08-17,4,101,0.0,0.017833596,1.7031182
2012-07-24,15,61,0.0,-0.004597497,1.7146707
2012-05-25,25,50,0.0,0.034933984,1.732136
2012-06-23,38,86,0.0,-0.008453564,1.6443943
2012-03-18,3,5,68.00000000000001,54.67301,2.7473426
2012-03-29,1,9,18.999999999999996,28.812756,2.3341541
2012-08-15,5,93,3.0,3.3543026,2.0855443
2012-03-14,2,11,0.0,-0.084142126,1.7240449
2012-08-16,28,2,0.0,-0.03915832,1.7657396
2012-02-19,28,2,0.0,0.011707413,1.6844083
2012-01-23,27,80,0.0,-0.042200767,1.634805
2012-03-27,2,44,100.99999999999996,93.38367,3.2298782
2012-05-05,20,41,35.99999999999998,34.70286,2.032506
2012-08-06,26,45,56.00000000000001,73.64448,3.0369508
2012-02-09,30,13,0.0,0.11074661,1.8204082
2012-08-02,25,12,1.0,2.254261,2.4700115
2012-01-11,15,15,0.0,0.09871199,1.6830101
2012-08-21,22,68,33.00000000000001,36.671707,2.577031
2012-02-25,11,9,47.99999999999999,31.539198,2.369154
2012-05-04,4,27,7.000000000000002,6.6658735,1.9444048
2012-01-17,16,16,26.999999999999996,26.236404,2.0716581
2012-05-29,14,33,0.0,0.06276658,1.5689448
2012-08-05,25,84,0.0,0.029332759,1.8021982
2012-02-25,14,9,25.000000000000004,15.2481165,2.4596224
2012-03-03,3,109,0.0,0.010147848,1.703716
2012-07-22,27,21,0.0,-0.087422185,1.761184
2012-01-20,4,90,0.0,-0.006648395,1.7079654
2012-08-09,7,5,58.000000000000014,65.39305,2.8238878
2012-03-17,5,105,0.0,-0.009180096,1.6933813
2012-05-06,41,61,1.9999999999999996,1.60182,2.3821714
2012-03-28,4,9,163.99999999999994,65.694046,2.9338794
2012-02-10,45,9,7.000000000000002,15.710343,2.38769
2012-02-09,36,30,1.0,1.6343089,2.3798532
2012-05-05,15,49,0.0,0.017063204,1.7296183
2012-02-05,11,9,61.00000000000001,44.71372,2.388604
2012-03-19,22,93,0.0,0.0068579996,1.6752092
2012-07-22,32,86,0.0,-0.021793526,1.6392274
2012-08-08,13,36,86.0,75.57076,2.8826435
2012-05-10,37,15,0.0,0.041275524,1.6779833
2012-04-01,41,68,104.99999999999997,70.79879,2.8312485
2012-08-18,18,5,25.000000000000004,27.995207,2.9942982
2012-06-26,34,31,0.0,0.059529968,1.6162357
2012-05-18,7,23,11.0,16.713402,1.6179308
2012-01-08,28,45,76.00000000000003,71.15938,2.9014964
2012-08-06,13,5,160.99999999999994,135.86858,3.419917
2012-01-09,16,77,0.0,-0.009146421,1.8420515
2012-04-18,3,5,20.0,23.29253,2.7337327
2012-07-16,20,18,0.0,-0.020321693,1.7784041
2012-06-24,23,56,0.0,-0.07507851,1.8042648
2012-04-04,11,9,38.99999999999998,28.149311,2.3000436
2012-04-20,45,22,0.0,0.040618274,1.5821152
2012-08-01,18,37,13.000000000000004,9.947728,1.8910798
2012-04-06,23,29,1.0,0.90917903,2.692324
2012-04-16,5,105,0.0,-0.00030432132,1.6000649
2012-05-10,25,45,89.99999999999997,63.016544,2.799512
2012-03-26,42,45,75.0,65.86983,2.7675273
2012-04-17,12,16,21.000000000000004,25.257107,2.1212444
2012-03-11,27,93,23.000000000000004,3.919812,2.3647656
2012-03-27,20,93,1.9999999999999996,4.163837,2.1425722
2012-07-27,14,15,0.0,-0.038684823,1.6678109
2012-04-23,26,2,0.0,0.037169345,1.6598366
2012-05-23,17,37,40.999999999999986,32.849438,2.245875
2012-06-08,21,5,36.99999999999999,36.886658,2.571238
2012-08-05,35,63,0.0,-0.005525626,1.6921895
2012-05-22,32,19,0.0,-0.09169095,1.7203265
2012-06-07,1,47,0.0,0.056550276,2.421866
2012-05-22,1,47,0.0,0.013739639,1.9335302
2012-08-17,5,20,1.9999999999999996,1.5304998,2.4085226
2012-03-23,32,93,0.0,-0.005855239,1.6147311
2012-08-02,3,5,61.00000000000001,79.53957,3.0040212
2012-07-20,12,86,0.0,-0.027900811,1.6752332
2012-04-01,5,105,0.0,0.008414074,1.6940883
2012-03-20,27,21,1.0,1.0516456,2.5598586
2012-05-07,30,16,63.99999999999998,49.999527,2.4338925
2012-03-30,5,32,0.0,0.11526181,1.4891496
2012-05-08,13,104,0.0,0.02091537,1.7191176
2012-05-22,6,45,56.999999999999986,53.874474,2.76713
2012-03-21,16,64,0.0,0.016635848,1.7120935
2012-02-03,40,106,0.0,-0.005726772,1.7243423
2012-06-01,41,16,31.999999999999986,29.625984,2.426511
2012-04-02,32,86,0.0,-0.0140010705,1.6451925
2012-03-28,43,3,0.0,-0.004171263,1.6007793
2012-05-19,32,19,1.0,1.9029161,2.5250075
2012-07-02,7,5,89.99999999999997,98.556625,3.1529365
2012-01-26,33,9,45.99999999999995,52.28186,2.7830212
2012-01-09,24,97,0.0,-0.00094990537,1.7210293
2012-04-09,31,93,5.0,4.0420475,2.1381335
2012-02-26,32,9,109.99999999999997,73.82076,2.9454112
2012-05-29,45,34,0.0,0.049645703,1.5697553
2012-05-19,20,18,1.9999999999999996,1.6038041,2.6553266
2012-01-16,4,27,3.0,6.421061,2.0212538
2012-07-16,40,106,0.0,0.010827225,1.6888599
2012-07-28,32,9,40.00000000000001,30.256403,2.3991969
2012-07-08,36,30,3.0,2.624652,2.6768498
2012-08-20,13,5,89.0,92.383934,3.117458
2012-05-06,33,44,272.0,220.88976,3.8805957
2012-06-12,38,86,0.0,-0.010805844,1.6498247
2012-06-21,40,106,0.0,0.0005233325,1.6289533
2012-07-28,39,36,26.0,13.250832,2.149271
2012-05-18,25,45,75.0,69.112465,2.8110745
2012-01-05,28,45,68.00000000000001,72.60611,3.048231
2012-07-18,5,16,17.999999999999996,22.859558,2.023832
2012-02-10,32,45,40.999999999999986,65.13418,2.8769205
2012-03-16,18,72,0.0,-0.00936433,1.6524789
2012-08-21,45,26,5.0,3.3162,2.1834419
2012-06-14,14,9,31.999999999999986,14.881639,2.4099634
2012-08-05,35,50,0.0,-0.0032561556,1.6922477
2012-02-21,25,93,1.9999999999999996,3.698295,2.2235873
2012-05-14,12,37,14.0,15.751733,1.539481
2012-05-27,12,79,0.0,0.013590879,1.7119815
2012-04-07,34,31,1.9999999999999996,3.3416893,2.7170033
2012-03-13,37,15,0.0,0.018066837,1.686592
2012-01-22,24,60,1.0,2.4846087,2.4272735
2012-06-12,22,68,47.99999999999999,41.7924,2.5192559
2012-03-10,14,70,1.0,2.0861332,2.3401742
2012-06-01,33,85,0.0,0.050277147,1.798207
2012-07-28,17,37,56.999999999999986,42.26081,2.421051
2012-01-25,26,45,40.999999999999986,48.600895,2.8550856
2012-03-19,19,75,0.0,-0.019730087,1.6499922
2012-05-21,30,51,0.0,-0.0069211093,1.7597429
2012-01-22,43,3,0.0,0.023972448,1.7244706
2012-05-18,42,45,55.00000000000002,54.828316,2.8500328
2012-01-20,8,5,30.0,26.806656,2.574732
2012-06-03,34,84,0.0,0.0006688189,1.7580602
2012-01-14,14,93,0.0,-0.010961303,1.7332543
2012-03-11,43,105,0.0,-0.017254986,1.8451989
2012-07-01,36,1,1.0,2.734799,2.383821
2012-03-04,42,82,1.9999999999999996,2.0090084,2.5538936
2012-06-01,8,93,5.0,5.2913427,2.291799
2012-05-08,2,93,0.0,0.010073216,1.6346041
2012-02-22,24,43,61.00000000000001,46.39781,2.6851945
2012-04-26,19,93,1.9999999999999996,3.6054902,2.142851
2012-08-16,20,18,1.0,1.4758012,2.4886448
2012-02-26,26,2,0.0,0.037323732,1.7583438
2012-03-14,22,54,0.0,-0.008947724,1.6593391
2012-01-12,20,106,0.0,0.0119794635,1.7236308
2012-07-21,45,9,7.000000000000002,6.999344,2.524813
2012-01-07,17,9,154.00000000000003,152.59232,3.6013274
2012-08-23,2,85,3.0,2.3717918,2.3727698
2012-05-13,30,49,0.0,-0.0075754113,1.794722
2012-08-09,34,52,1.9999999999999996,1.8610173,2.4690669
2012-07-07,5,32,1.0,3.1025832,2.4273267
2012-05-27,45,22,0.0,-0.026541786,1.6796643
2012-08-22,44,93,0.0,-0.0026096932,1.61551
2012-01-24,16,39,0.0,-0.05387827,1.876556
2012-05-22,13,46,1.9999999999999996,1.8447115,2.4678776
2012-02-20,43,3,0.0,0.040308606,1.6565213
2012-01-26,16,25,166.99999999999997,166.84128,3.7841196
2012-04-11,27,68,46.99999999999997,39.064617,2.5271132
2012-04-29,13,36,132.99999999999997,93.90292,3.04864
2012-02-09,37,5,54.000000000000014,45.98105,2.6821587
2012-06-17,38,45,114.00000000000001,99.377754,3.1399143
2012-01-20,36,1,0.0,0.062420487,1.6678219
2012-08-14,34,31,0.0,0.028278986,1.6370653
2012-02-06,9,10,0.0,-0.039450157,1.6905208
2012-05-06,42,45,89.0,71.50701,3.0189874
2012-08-01,44,5,30.0,32.379795,2.7091975
2012-04-23,27,9,14.0,22.087378,2.309127
2012-01-17,12,37,24.000000000000007,13.775153,1.7132565
2012-02-07,33,92,0.0,0.023484044,1.6881214
2012-06-19,39,36,14.0,12.863459,2.197755
2012-05-28,6,107,0.0,-0.0019688923,1.6144781
2012-05-24,8,59,0.0,-0.022213992,1.6285168
2012-06-23,30,16,55.00000000000002,36.650112,2.3211417
2012-05-13,8,5,20.0,23.320623,2.8433633
2012-06-26,1,99,0.0,0.009741387,1.6132541
2012-04-02,36,1,0.0,-0.008834774,1.73157
2012-08-15,22,104,0.0,0.007089714,1.6952395
2012-04-24,32,45,54.000000000000014,49.191402,2.8416336
2012-05-11,44,94,1.0,2.0499027,2.3453147
2012-03-24,43,93,5.9999999999999964,4.427769,2.178961
2012-02-27,41,108,0.0,-0.011353075,1.6675949
2012-07-25,24,6,24.000000000000007,22.027073,2.560196
2012-03-05,44,93,0.0,0.014511735,1.6936601
2012-06-17,18,37,12.0,13.187383,1.7933301
2012-03-17,44,68,81.00000000000001,72.49083,2.7862866
2012-04-18,14,25,10.000000000000002,10.03138,2.4267254
2012-03-29,28,35,0.0,-0.013378038,1.6180269
2012-05-25,23,56,4.000000000000001,1.9432819,2.2836819
2012-01-16,5,20,1.9999999999999996,1.5063901,2.4738574
2012-07-28,4,96,0.0,-0.007667627,1.7774304
2012-07-24,45,34,0.0,0.07354687,1.5819451
2012-04-20,10,86,0.0,-0.002724276,1.60363
2012-08-07,38,86,0.0,-0.018972475,1.7489966
2012-04-26,38,86,0.0,0.00016991157,1.5958507
2012-08-09,19,83,12.0,5.9416637,2.017751
2012-01-13,38,9,58.999999999999986,57.97891,2.6744392
2012-06-19,37,53,0.0,-0.012128686,1.6316458
2012-06-07,19,93,4.000000000000001,4.761015,2.1458132
2012-07-13,28,45,65.99999999999997,69.03494,2.8518605
2012-06-17,34,31,1.9999999999999996,2.3546112,2.3873353
2012-02-27,14,50,0.0,-0.026755475,1.6287953
2012-07-06,31,98,0.0,-0.0078441035,1.6426955
2012-07-01,15,5,94.99999999999999,125.61817,3.413287
2012-06-10,11,86,0.0,0.022543812,1.8032274
2012-07-30,32,86,0.0,-0.022421643,1.6378666
2012-08-04,29,56,0.0,-0.013525651,1.737094
2012-05-26,6,45,42.99999999999999,73.3081,2.9888887
2012-06-10,3,5,87.00000000000003,74.30435,2.8365679
2012-05-06,30,49,0.0,0.039752536,1.7456492
2012-05-17,38,93,0.0,-0.0054063005,1.5982834
2012-04-30,40,55,1.9999999999999996,2.065858,2.4144897
2012-01-29,32,86,0.0,-0.022156902,1.6554683
2012-01-17,19,83,5.9999999999999964,5.0801983,1.978666
2012-03-08,23,56,4.000000000000001,2.495366,2.200771
2012-06-14,2,5,45.0,41.303574,2.687626
2012-06-05,9,93,4.000000000000001,3.3170552,2.4409502
2012-01-07,16,77,0.0,0.009648594,1.8202326
2012-02-02,26,5,48.99999999999999,34.181007,2.7188687
2012-08-21,45,22,0.0,-0.01825268,1.640695
2012-07-22,12,37,18.999999999999996,19.124743,1.863877
2012-07-08,2,44,170.00000000000006,155.56058,3.5852597
2012-07-21,44,94,1.9999999999999996,1.8936477,2.463614
2012-01-18,13,93,1.9999999999999996,3.098864,2.3729446
2012-01-18,33,93,0.0,0.0046097375,1.8177965
2012-08-09,33,92,1.9999999999999996,2.3781552,2.3387856
2012-01-14,18,37,8.000000000000005,13.497461,1.8012874
2012-05-27,37,15,0.0,-0.01648243,1.7390463
2012-04-10,16,16,41.99999999999996,26.572317,2.3396375
2012-03-02,37,38,0.0,0.0068190973,1.6722162
2012-03-20,30,16,41.99999999999996,25.068127,2.038397
2012-07-13,5,93,0.0,0.013895679,1.6408964
2012-07-18,25,84,1.9999999999999996,2.1817594,2.425914
2012-08-22,40,45,45.0,51.551678,2.9508817
2012-05-17,43,105,0.0,0.0007740547,1.5996736
2012-07-20,11,87,1.0,1.6615663,2.2713218
2012-08-14,32,93,10.000000000000002,3.2014945,2.0537755
2012-06-12,10,37,8.000000000000005,12.941049,1.7065005
2012-08-23,17,48,174.99999999999994,126.47374,3.4721317
2012-04-02,20,74,7.000000000000002,3.1253455,2.394102
2012-03-05,31,98,0.0,-0.010002779,1.6410319
2012-04-26,24,60,0.0,-0.031076873,1.6184042
2012-01-15,40,51,0.0,-0.013731705,1.6995213
2012-07-06,11,61,1.0,1.9098836,2.4419496
2012-04-06,40,5,91.00000000000001,48.9189,2.5593414
2012-02-19,41,16,45.0,33.344128,2.2466092
2012-05-28,37,45,58.999999999999986,62.337196,2.8512967
2012-03-17,4,93,0.0,-0.010701188,1.789634
2012-05-12,13,36,108.00000000000007,77.68667,2.872395
2012-07-31,27,80,0.0,-0.033869825,1.6306859
2012-02-01,23,45,26.999999999999996,40.792725,3.0327652
2012-06-26,13,36,80.00000000000003,97.48421,3.1369023
2012-07-03,41,16,46.99999999999997,36.411854,2.3008225
2012-07-09,32,86,0.0,-0.008450031,1.6357849
2012-01-30,33,44,138.99999999999994,119.95179,3.3843412
2012-06-15,1,47,0.0,0.01560227,2.3413641
2012-07-19,31,67,0.0,-0.009393967,1.6096834
2012-02-09,19,88,0.0,-0.015947822,1.6623455
2012-08-16,34,93,0.0,0.0206179,1.7109492
2012-03-12,44,5,18.999999999999996,27.023443,2.6165524
2012-01-02,11,9,48.99999999999999,41.270515,2.3216193
2012-02-13,40,51,0.0,-0.026962584,1.698206
2012-04-18,40,55,3.0,1.9370438,2.3863363
2012-05-31,28,35,0.0,0.006511675,1.6110282
2012-07-14,37,5,80.00000000000003,42.314903,2.5985496
2012-03-27,39,111,0.0,-0.0074942876,1.6596038
2012-03-08,8,59,0.0,0.00032867896,1.6649518
2012-07-06,27,9,45.0,35.2092,2.3057766
2012-07-02,31,98,0.0,-0.006869455,1.7617539
2012-08-17,35,63,0.0,-0.01402748,1.626592
2012-05-10,43,16,35.0,56.407513,2.6366808
2012-01-02,4,27,9.000000000000002,9.0629015,1.9457043
2012-04-10,3,5,61.00000000000001,55.77385,2.7581465
2012-02-08,29,45,63.99999999999998,52.137035,2.927133
2012-01-24,27,9,18.999999999999996,24.23027,2.278399
2012-01-31,6,107,0.0,0.0022053306,1.6507447
2012-06-06,33,85,0.0,0.0062049315,1.8327098
2012-08-09,15,45,108.00000000000007,73.72261,2.948525
2012-01-08,15,49,1.0,2.7437875,2.6172001
2012-03-13,30,13,3.0,2.4503784,2.075724
2012-06-27,40,5,28.000000000000004,35.851723,2.5328515
2012-01-17,13,104,0.0,-0.011827461,1.714666
2012-08-18,24,76,0.0,0.014627434,1.6766031
2012-02-27,16,85,0.0,-0.0044175726,1.7212392
2012-05-28,33,44,92.00000000000003,200.88914,3.8401732
2012-05-10,16,64,0.0,0.012379006,1.7892573
2012-06-01,5,105,0.0,0.041493017,1.7960833
2012-04-30,5,37,4.000000000000001,9.847322,1.5519925
2012-08-02,38,45,129.99999999999994,78.44166,3.0648596
2012-08-02,34,93,1.9999999999999996,2.9937131,2.2325585
2012-06-01,13,93,0.0,0.05010925,1.8823833
2012-05-16,37,105,0.0,-0.020261101,1.614283
2012-02-27,44,105,0.0,0.00027073134,1.5977733
2012-06-24,45,4,0.0,-0.08562693,1.7296985
2012-03-24,32,93,0.0,-0.010610678,1.6390474
2012-07-24,30,44,196.0,165.67717,3.7309752
2012-05-15,33,92,0.0,0.0043749083,1.7184504
2012-02-15,45,26,5.9999999999999964,3.0926242,2.1595318
2012-05-29,1,89,0.0,0.0027158007,1.5885438
2012-03-14,32,93,0.0,-0.015561186,1.616038
2012-03-01,15,93,0.0,0.013617422,1.7574676
2012-01-15,29,56,5.9999999999999964,2.5108898,2.506433
2012-02-23,10,86,0.0,-0.010361612,1.5972463
2012-04-28,5,93,1.0,3.5454226,2.0767343
2012-06-22,20,18,3.0,1.6425691,2.5977423
2012-01-01,41,61,0.0,-0.002880301,1.7088321
2012-01-10,33,44,387.99999999999983,213.87177,3.8901756
2012-07-20,8,84,1.0,1.4740062,2.3318202
2012-01-14,6,9,26.0,33.619392,2.422747
2012-07-09,43,73,1.0,1.4600375,2.3822634
2012-01-04,9,93,1.0,3.45209,2.2002218
2012-08-18,38,9,71.0,61.38686,2.7939193
2012-01-04,14,93,0.0,-0.01638135,1.7026781
2012-01-02,21,44,60.00000000000001,74.03263,3.1610541
2012-06-18,3,93,1.0,4.2728405,2.1639683
2012-05-22,14,88,0.0,-0.0050238897,1.7003726
2012-01-22,9,105,0.0,-0.012440785,1.7481031
2012-08-03,7,7,0.0,-0.019578913,1.711611
2012-05-26,38,98,0.0,-0.0066631013,1.6952078
2012-07-29,9,42,7.000000000000002,12.6244955,1.9507964
2012-08-01,1,99,0.0,0.008025703,1.754292
2012-04-20,4,96,0.0,0.0066471994,1.6763442
2012-02-04,14,50,0.0,-0.011824395,1.7605326
2012-05-07,9,10,1.9999999999999996,2.3616707,2.2491465
2012-07-26,45,9,12.0,12.509074,2.334566
2012-07-19,17,48,155.0,141.54166,3.607328
2012-07-10,37,105,0.0,-0.0018788486,1.6854385
2012-01-03,20,41,30.0,20.826828,1.7825963
2012-04-10,7,5,145.0,77.91964,3.0181503
2012-03-08,40,5,87.99999999999999,53.007782,2.7186456
2012-04-12,37,5,38.99999999999998,29.718555,2.6849265
2012-08-16,16,25,166.00000000000006,134.6837,3.4416451
2012-06-16,44,5,100.00000000000003,46.421944,2.7016191
2012-03-30,31,93,0.0,-0.003831002,1.609652
2012-06-10,11,61,0.0,0.057194516,1.7498577
2012-01-03,2,11,0.0,-0.09344585,1.7858398
2012-08-10,38,9,89.0,82.25636,2.9190075
2012-01-28,25,9,137.00000000000006,100.04648,3.180413
2012-04-15,11,87,0.0,-0.012541808,1.6707175
2012-08-19,14,93,1.9999999999999996,3.5712507,2.19123
2012-05-24,22,78,1.9999999999999996,3.4965715,2.321273
2012-06-06,33,93,0.0,0.032532502,1.7575749
2012-02-29,6,45,36.99999999999999,59.30421,2.8660016
2012-07-28,15,15,0.0,0.0027458277,1.7089393
2012-05-08,15,5,50.0,74.851776,2.850504
2012-07-09,6,107,0.0,-0.0020433343,1.7013668
2012-03-02,1,47,0.0,0.03602829,1.9424385
2012-03-07,36,44,97.99999999999999,97.097916,3.3853285
2012-02-16,19,16,16.0,16.020111,2.2261028
2012-04-21,30,65,0.0,-0.007096298,1.7967293
2012-08-02,9,105,0.0,-0.01701846,1.6548992
2012-06-17,14,70,7.000000000000002,1.8720715,2.3982074
2012-05-21,4,90,1.0,1.8478005,2.4359608
2012-07-30,44,105,0.0,0.009984392,1.7110984
2012-07-01,45,34,0.0,-0.06564239,1.7157699
2012-06-06,9,10,0.0,-0.038137265,1.6891534
2012-07-11,10,93,0.0,-0.005480624,1.6784045
2012-07-28,33,85,0.0,-0.0063524786,1.7038695
2012-06-09,11,61,3.0,3.0323005,2.8619099
2012-06-03,8,59,0.0,0.05624506,1.7903926
2012-05-20,3,93,4.000000000000001,4.368603,2.153568
2012-02-05,3,109,0.0,0.015599183,1.7524335
2012-07-02,35,93,0.0,0.004229007,1.620084
2012-03-18,7,5,64.99999999999997,81.08407,3.10134
2012-07-24,37,104,0.0,-0.017669842,1.6125817
2012-02-28,41,16,29.000000000000004,22.866495,2.2875109
2012-04-07,6,107,0.0,-0.00088666246,1.737114
2012-02-16,15,93,0.0,-0.007900581,1.8562269
2012-02-10,25,50,0.0,0.06662428,1.8332591
2012-07-27,21,91,1.0,1.865734,2.3004174
2012-08-09,38,86,0.0,-0.023801913,1.6432154
2012-05-08,37,104,0.0,-0.0030589788,1.623568
2012-03-27,13,36,80.00000000000003,74.571014,2.9409773
2012-01-05,24,97,0.0,0.009743919,1.662936
2012-06-07,36,30,1.0,1.997091,2.7202883
2012-06-10,8,93,1.9999999999999996,3.811904,2.4046798
2012-07-15,2,5,76.00000000000003,55.10736,2.8230202
2012-05-22,4,27,1.0,4.3131075,2.0187526
2012-06-09,4,27,10.000000000000002,11.59032,2.131283
2012-05-11,16,77,1.0,2.865016,2.5748143
2012-06-22,32,19,0.0,-0.112911,1.772886
2012-02-05,24,76,1.9999999999999996,2.529648,2.381777
2012-04-04,19,93,0.0,-0.014530823,1.6594764
2012-01-20,15,15,0.0,0.07604643,1.637565
2012-03-04,32,45,69.00000000000003,103.52098,3.123544
2012-07-27,8,59,0.0,-0.02015321,1.6210557
2012-02-27,19,75,0.0,-0.020605274,1.635624
2012-02-10,20,18,1.9999999999999996,2.9270709,2.5494044
2012-07-25,32,58,1.0,2.1782374,2.33449
2012-03-19,5,105,0.0,-0.0036883412,1.5946105
2012-08-05,31,67,0.0,0.051829327,1.790995
2012-02-01,11,86,0.0,0.0027492312,1.6721674
2012-07-02,16,85,0.0,0.0072673685,1.7172335
2012-02-14,24,43,37.99999999999999,49.636486,2.7709544
2012-06-12,19,69,0.0,-0.030437272,1.7216932
2012-06-30,20,41,31.999999999999986,28.40273,2.010027
2012-05-17,38,52,0.0,-0.023777017,1.6509695
2012-06-06,13,36,126.99999999999997,81.21918,2.936901
2012-01-31,40,5,51.00000000000003,40.66494,2.609512
2012-08-23,37,38,0.0,0.016984671,1.5791404
2012-02-03,2,11,0.0,-0.029568657,1.803941
2012-01-14,13,104,0.0,-0.003460991,1.8021371
2012-03-17,9,10,0.0,-0.09169786,1.7206736
2012-02-09,14,25,10.000000000000002,21.209755,2.2477086
2012-05-07,38,45,99.00000000000004,76.687515,2.9640496
2012-04-03,34,93,0.0,0.020512555,1.6164528
2012-07-29,30,16,35.0,40.212708,2.3971453
2012-07-14,30,16,71.0,51.04513,2.422367
2012-04-29,1,99,0.0,-0.0003494853,1.6540252
2012-06-12,23,56,0.0,-0.003264063,1.6441987
2012-02-28,27,93,0.0,0.0025950056,1.5858928
2012-06-04,15,86,0.0,0.019374093,1.7909592
2012-08-01,36,1,0.0,-0.02424436,1.6641057
2012-08-21,37,5,54.000000000000014,36.28283,2.5661564
2012-02-27,30,51,0.0,0.009050538,1.6546171
2012-07-10,29,56,4.000000000000001,1.8229533,2.3021877
2012-05-09,22,54,0.0,0.025653109,1.712111
2012-03-17,23,56,1.0,2.1984138,2.5042493
2012-03-28,32,45,40.999999999999986,54.963047,2.7655683
2012-07-16,27,80,1.0,1.3364353,2.351282
2012-02-02,16,39,0.0,-0.026424292,1.9088111
2012-04-13,38,45,81.00000000000001,86.86952,3.0715716
2012-07-23,25,12,1.9999999999999996,3.0114279,2.0593429
2012-02-02,32,86,0.0,-0.0029477866,1.644132
2012-05-12,1,99,0.0,0.012986169,1.6842097
2012-05-27,32,86,0.0,-0.02444394,1.687169
2012-08-09,10,21,1.9999999999999996,1.1143641,2.5564315
2012-04-18,22,104,0.0,0.019683598,1.6893456
2012-02-13,7,7,3.0,1.8454332,2.610805
2012-05-12,44,94,1.9999999999999996,2.3068125,2.514333
2012-02-09,2,11,0.0,-0.038776763,1.7488489
2012-05-31,5,93,7.000000000000002,4.0759926,2.1842535
2012-01-09,40,93,0.0,-0.0017797446,1.6647662
2012-07-31,31,98,0.0,-0.013009949,1.630843
2012-03-15,14,25,13.000000000000004,17.344065,2.4295561
2012-06-16,19,16,8.000000000000005,21.497797,2.0546522
2012-02-22,19,75,0.0,-0.020654667,1.6190577
2012-01-23,44,68,69.00000000000003,64.34303,2.6576345
2012-08-03,5,105,0.0,-0.003616166,1.6928786
2012-06-16,35,49,0.0,0.0015452675,1.6692802
2012-07-08,1,28,5.0,3.3697095,2.2124076
2012-06-26,41,16,26.0,23.426065,2.2204418
2012-08-22,45,4,0.0,-0.0019973088,1.6024321
2012-02-16,19,93,0.0,-0.008313609,1.6324174
2012-01-26,2,85,0.0,0.0037280296,1.5961652
2012-02-16,16,64,0.0,0.030892372,1.7490562
2012-07-29,4,27,7.000000000000002,6.03867,2.2065725
2012-07-08,33,85,0.0,0.0022821056,2.0007703
2012-07-09,6,45,60.00000000000001,66.91393,2.9238744
2012-01-30,18,57,0.0,-0.022297116,1.6197416
2012-01-05,8,23,10.000000000000002,10.964825,1.6759014
2012-05-03,22,104,0.0,0.01606792,1.7288305
2012-05-05,2,44,136.00000000000003,146.6047,3.5072112
2012-07-26,8,84,0.0,-0.025975782,1.6179149
2012-05-24,41,108,0.0,-0.0035996486,1.6309894
2012-02-18,44,5,45.0,42.15294,2.6128645
2012-06-24,5,16,13.000000000000004,28.865343,2.1529915
2012-01-10,4,96,0.0,-0.021310873,1.8060532
2012-04-23,30,51,0.0,-0.009245445,1.76203
2012-06-03,17,48,292.99999999999994,200.6841,3.898838
2012-08-09,6,107,0.0,-9.539871e-05,1.6298195
2012-07-03,22,78,1.9999999999999996,2.733584,2.486648
2012-05-29,21,44,70.00000000000007,97.06167,3.4067607
2012-07-02,12,93,0.0,-0.010110703,1.7032198
2012-07-15,25,84,0.0,0.0451666,1.779301
2012-08-16,25,81,5.9999999999999964,8.10526,1.9770675
2012-05-04,19,93,3.0,4.7660146,2.3307648
2012-01-02,14,9,50.0,22.463367,2.495851
2012-01-04,44,5,53.00000000000001,43.873077,2.6190674
2012-01-06,44,62,0.0,0.012314354,1.6183256
2012-01-15,3,2,0.0,0.070363276,1.664674
2012-06-26,29,8,10.000000000000002,28.838703,2.1336734
2012-02-02,39,36,7.000000000000002,9.9790325,2.2065675
2012-06-18,41,108,0.0,0.0077372855,1.6525061
2012-07-19,43,37,7.000000000000002,11.934645,1.617058
2012-01-28,41,61,1.0,2.1053817,2.4972274
2012-05-25,12,37,18.999999999999996,16.229548,1.7088016
2012-04-25,40,5,33.99999999999998,50.14933,2.671601
2012-04-18,30,65,1.0,1.6095686,2.5856743
2012-02-14,2,11,1.9999999999999996,1.6981878,2.271572
2012-07-11,44,62,0.0,0.0075032506,1.6355574
2012-01-09,30,13,0.0,0.010141183,1.8199745
2012-01-23,3,2,0.0,0.0026137992,1.6735612
2012-07-05,15,93,0.0,0.013075141,1.7132777
2012-04-27,14,15,0.0,-0.07232033,1.7218766
2012-05-03,4,93,1.9999999999999996,4.057028,2.1527398
2012-05-11,15,15,0.0,0.08230308,1.6635331
2012-03-04,11,86,0.0,-0.0025033245,1.68492
2012-07-30,40,93,9.000000000000002,3.669487,2.2331383
2012-07-11,32,45,46.99999999999997,64.96121,2.8558202
2012-05-23,18,5,7.000000000000002,13.469705,2.689505
2012-05-25,4,90,1.0,1.8185956,2.255958
2012-01-03,25,93,0.0,0.037697464,1.7592255
2012-06-23,32,58,5.0,2.358052,2.4018276
2012-06-10,17,37,67.00000000000001,65.81029,2.6601415
2012-05-10,20,18,1.0,1.6458375,2.5884724
2012-04-21,22,9,37.99999999999999,36.81054,2.6674237
2012-08-19,27,68,78.99999999999997,52.178303,2.702866
2012-05-09,1,51,0.0,0.017849928,1.6141094
2012-07-15,3,2,0.0,0.096082605,1.8246623
2012-07-30,38,9,87.00000000000003,72.129234,2.9215784
2012-04-16,44,93,5.0,3.461723,2.3123505
2012-07-24,21,91,1.0,1.9576317,2.3984852
2012-06-07,38,45,114.00000000000001,92.630104,3.1276364
2012-07-29,28,2,0.0,-0.0357012,1.8529088
2012-06-27,5,16,24.000000000000007,20.353708,1.9801372
2012-06-14,37,105,0.0,-0.027503632,1.7351218
2012-06-09,20,74,0.0,0.012995419,1.7124583
2012-04-06,28,5,18.999999999999996,31.293737,2.7702134
2012-05-09,20,18,0.0,-0.0127357785,1.7707508
2012-02-09,29,45,42.99999999999999,70.73387,2.9058542
2012-04-27,4,27,4.000000000000001,4.918998,1.9962113
2012-03-26,7,23,16.999999999999996,12.291761,1.5389054
2012-01-07,8,100,0.0,0.0021060733,1.6708957
2012-08-01,10,37,16.0,12.270849,1.5757105
2012-08-18,25,12,1.0,2.0804496,2.498366
2012-01-14,40,51,0.0,-0.0015876923,1.6620901
2012-07-22,40,93,4.000000000000001,3.325324,2.2570267
2012-08-07,9,42,8.000000000000005,10.423458,1.8430117
2012-01-15,44,94,0.0,-0.0020343473,1.6633818
2012-05-17,33,9,63.000000000000036,68.47161,2.8888614
2012-02-28,18,72,0.0,-0.035658773,1.6337711
2012-04-28,19,75,0.0,-0.023818675,1.7172483
2012-03-23,2,44,114.00000000000001,81.62253,3.1650894
2012-07-23,12,16,26.0,26.359411,2.0665467
2012-02-15,11,87,0.0,-0.0012423316,1.6337581
2012-07-07,21,5,69.00000000000003,61.036934,2.9718838
2012-05-19,45,4,0.0,0.0034936422,1.6933019
2012-03-16,34,9,52.00000000000001,38.541492,2.3577595
2012-01-04,11,87,0.0,-0.0023862766,1.6402776
2012-03-10,15,45,141.99999999999994,137.51027,3.5268135
2012-08-17,25,9,114.99999999999999,47.73195,2.6498413
2012-01-31,21,91,0.0,0.0019308262,1.6458161
2012-02-09,25,93,0.0,0.057646118,1.7306632
2012-06-04,7,93,0.0,0.023342788,1.7444822
2012-03-02,31,93,0.0,-0.0031474521,1.6474524
2012-03-01,10,93,0.0,0.0072999336,1.6720992
2012-01-18,5,37,16.999999999999996,11.360479,1.6899536
2012-01-17,38,86,0.0,-0.007900799,1.6749667
2012-07-21,27,68,54.000000000000014,48.19777,2.7040503
2012-03-30,34,84,0.0,0.008324352,1.6117826
2012-04-25,33,92,1.9999999999999996,2.3238277,2.228674
2012-06-15,12,86,1.0,2.0203333,2.507521
2012-04-26,15,5,47.99999999999999,41.048206,2.8070502
2012-08-19,10,86,0.0,0.008460072,1.6787984
2012-01-09,2,11,0.0,-0.07744063,1.7643421
2012-01-02,16,39,1.0,6.1289945,2.0609312
2012-07-27,25,45,82.00000000000003,59.939926,2.8078895
2012-07-08,20,93,1.0,3.9811115,2.2062519
2012-05-07,14,70,1.0,1.4574866,2.386093
2012-02-01,32,58,5.0,2.511242,2.2571778
2012-04-01,37,53,3.0,2.1654973,2.368531
2012-02-05,16,25,216.00000000000003,189.01938,3.7470021
2012-01-07,16,25,250.0000000000001,164.81895,3.6365955
2012-03-28,14,9,4.000000000000001,7.435918,2.5231025
2012-04-22,29,56,1.0,2.0410337,2.554723
2012-06-08,38,9,51.00000000000003,36.256653,2.6451871
2012-05-27,22,68,89.99999999999997,64.60091,2.6558144
2012-04-22,34,84,0.0,0.009536526,1.6535554
2012-06-03,14,9,18.999999999999996,24.295954,2.5853395
2012-04-09,16,16,48.99999999999999,41.74352,2.2297125
2012-02-24,36,1,0.0,-0.004548516,1.6956835
2012-05-25,3,109,0.0,0.013560944,1.6193495
2012-07-11,19,39,0.0,0.030582506,1.6769532
2012-02-13,15,45,128.99999999999997,116.571754,3.2730196
2012-03-18,33,85,1.0,1.8342102,2.7155254
2012-07-12,33,93,0.0,0.02183065,1.7687641
2012-05-31,40,5,61.00000000000001,38.988567,2.5898356
2012-05-14,44,93,1.9999999999999996,4.555871,2.1020112
2012-04-18,43,16,26.0,26.892988,2.5587227
2012-04-03,24,60,0.0,-0.012752646,1.7209116
2012-03-26,45,4,0.0,-0.017116036,1.6599073
2012-03-25,36,9,25.000000000000004,38.017437,2.4103858
2012-06-17,32,19,1.0,2.0846336,2.5020418
2012-03-19,14,88,0.0,-0.024563076,1.6369153
2012-04-03,10,93,0.0,-0.00034457838,1.6652228
2012-07-09,34,9,44.000000000000014,38.16952,2.509481
2012-07-27,30,65,1.0,1.7287111,2.4714143
2012-03-04,20,41,33.00000000000001,27.871893,2.0598621
2012-08-22,9,10,0.0,-0.060610805,1.6569386
2012-08-06,32,51,0.0,-0.00074084935,1.6551089
2012-01-24,25,9,71.99999999999999,57.32106,2.8845034
2012-01-01,28,45,68.00000000000001,70.17184,2.961936
2012-04-16,25,12,0.0,-0.04114588,1.7555561
2012-06-11,20,41,40.999999999999986,25.511007,1.8274087
2012-03-10,12,86,0.0,-0.007399636,1.6986649
2012-07-23,24,76,4.000000000000001,2.1284046,2.2416425
2012-02-15,22,78,0.0,-0.0034877532,1.6585486
2012-06-28,15,61,0.0,0.0051663057,1.704821
2012-06-03,25,12,1.9999999999999996,2.2881882,2.3012593
2012-03-26,8,59,1.0,1.5785837,2.2836046
2012-04-13,45,50,0.0,-0.017630517,1.6319606
2012-05-14,33,44,174.00000000000006,199.39896,3.866761
2012-03-19,31,98,0.0,-0.0033839887,1.7322068
2012-01-06,43,3,0.0,-0.01062304,1.6807569
2012-01-13,31,9,67.00000000000001,46.764786,2.3599677
2012-06-25,20,74,7.000000000000002,2.163694,2.340409
2012-05-21,9,5,84.99999999999997,57.339836,2.7338443
2012-01-03,40,5,58.000000000000014,65.14632,2.813245
2012-08-19,40,5,102.0,64.8466,2.8097715
2012-07-18,19,75,0.0,-0.023746504,1.6238029
2012-08-13,6,45,60.00000000000001,62.960888,2.8192928
2012-06-18,25,84,0.0,0.024590489,1.7220442
2012-03-28,42,82,0.0,-0.052328072,1.6673015
2012-07-15,16,50,0.0,0.013844096,1.7462417
2012-02-14,40,93,0.0,-0.0040976587,1.6140509
2012-01-29,25,9,109.99999999999997,90.265205,3.0945072
2012-06-27,13,46,0.0,-0.072355084,1.7857915
2012-02-03,3,2,0.0,0.032230888,1.8141664
2012-04-10,16,93,0.0,0.014732444,1.6860077
2012-01-20,9,5,41.99999999999996,61.900276,2.850623
2012-05-22,28,35,0.0,-0.012494334,1.6224651
2012-05-07,30,13,1.9999999999999996,2.442123,2.3705103
2012-06-18,19,39,0.0,-0.02063877,1.6451831
2012-07-15,33,44,229.99999999999994,385.68896,4.439693
2012-08-23,43,105,0.0,-0.004340337,1.6039929
2012-03-04,29,56,0.0,0.0020358397,1.7560475
2012-08-05,22,104,0.0,0.031385824,1.8338507
2012-01-21,9,93,0.0,-0.0057616374,1.6974208
2012-01-10,16,77,0.0,0.019022182,1.6983776
2012-03-13,4,96,0.0,-0.02317454,1.7193153
2012-07-24,19,69,1.9999999999999996,2.0110478,2.2934487
2012-06-14,45,34,0.0,-0.02565286,1.6548442
2012-06-27,40,51,0.0,-0.0137566235,1.6128143
2012-07-23,22,54,1.9999999999999996,1.7496923,2.432284
2012-02-01,32,9,29.000000000000004,44.818336,2.3710587
2012-05-26,25,9,29.000000000000004,82.649086,2.9901865
2012-05-05,39,36,4.000000000000001,11.092672,2.2222807
2012-08-09,23,56,0.0,0.040957093,1.6336781
2012-05-29,30,65,1.0,1.5210103,2.6704268
2012-05-09,17,9,170.99999999999994,144.50887,3.574415
2012-01-23,38,98,0.0,-0.004517281,1.6979994
2012-06-10,22,93,44.000000000000014,15.234366,2.8145092
2012-06-19,34,31,0.0,-0.02273423,1.7109596
2012-08-17,36,9,24.000000000000007,25.94647,2.4587266
2012-02-15,44,105,0.0,-0.014032074,1.6910113
2012-04-07,15,15,0.0,0.042485833,1.6750323
2012-05-16,15,49,0.0,0.0067662657,1.6810102
2012-07-03,40,93,5.0,3.4044614,2.132873
2012-06-14,35,63,0.0,0.0015426785,1.6698326
2012-01-24,19,16,3.0,12.061099,2.334548
2012-08-17,16,50,0.0,0.008366472,1.7029926
2012-07-24,44,5,17.999999999999996,30.36253,2.6665146
2012-04-13,14,70,1.0,2.1410418,2.2325735
2012-06-10,34,84,0.0,0.025665084,1.8698186
2012-04-12,9,42,10.000000000000002,9.080668,2.1409955
2012-05-03,30,51,0.0,0.02451587,1.6869174
2012-02-24,7,5,55.00000000000002,53.6157,2.722323
2012-07-25,7,7,0.0,-0.043858647,1.6756387
2012-06-04,16,64,0.0,0.010735695,1.7466658
2012-06-11,45,22,0.0,0.061533693,1.6489803
2012-02-28,25,9,127.99999999999997,49.97063,2.8529654
2012-03-06,4,93,0.0,0.006917797,1.709203
2012-04-14,22,78,1.9999999999999996,3.433513,2.401573
2012-06-28,6,107,0.0,0.0035685366,1.6551704
2012-02-05,38,45,151.99999999999997,124.20217,3.2948651
2012-02-11,1,51,0.0,0.012506466,1.6934997
2012-08-04,45,26,5.9999999999999964,5.6336,2.1037695
2012-03-21,27,21,0.0,-0.05101863,1.6502954
2012-04-23,21,109,0.0,-0.012125151,1.6107954
2012-01-16,7,95,0.0,-0.0028310453,1.6137683
2012-06-13,41,16,33.00000000000001,35.45327,2.4708445
2012-06-20,14,9,7.000000000000002,13.4870405,2.374186
2012-03-26,22,9,33.99999999999998,31.29593,2.7027013
2012-07-22,4,96,0.0,0.0045475285,1.7477247
2012-02-18,2,93,0.0,-0.0031389736,1.7405809
2012-07-24,18,72,0.0,-0.026001878,1.6326866
2012-03-06,21,5,31.999999999999986,55.22582,2.8767314
2012-05-18,15,5,30.0,63.308605,2.7162375
2012-03-16,8,100,0.0,-0.0036736913,1.6088067
2012-01-03,38,86,0.0,-0.011558145,1.7179879
2012-05-13,19,83,5.9999999999999964,8.381058,1.9240224
2012-06-28,23,45,26.0,39.13882,2.9804015
2012-06-17,4,9,80.00000000000003,51.98146,2.8506117
2012-02-07,1,93,1.9999999999999996,3.2285233,2.1261172
2012-06-19,42,82,1.0,2.5168624,2.5585392
2012-07-28,14,88,0.0,-0.03256319,1.7698323
2012-07-28,45,50,0.0,-0.007919911,1.646023
2012-03-18,26,2,3.0,4.714899,2.3748631
2012-06-18,14,88,0.0,-0.033163074,1.6428794
2012-06-24,25,93,0.0,0.042423382,1.7328931
2012-05-26,24,76,0.0,0.0024606285,1.6273274
2012-01-27,9,5,103.99999999999997,71.998375,2.9000785
2012-06-07,45,22,0.0,0.101661175,1.6148083
2012-03-30,43,37,13.000000000000004,8.601145,1.7369734
2012-05-14,15,15,0.0,0.06262203,1.6831474
2012-03-22,40,15,0.0,0.030832628,1.7193198
2012-01-28,2,5,36.99999999999999,71.12669,2.9148796
2012-06-23,42,5,14.999999999999998,35.547928,2.7263253
2012-02-14,12,79,0.0,0.005714259,1.6784606
2012-03-12,28,2,1.0,3.2613847,2.1609502
2012-08-06,16,85,0.0,0.0076522254,1.7559327
2012-05-08,7,5,63.000000000000036,66.202614,2.952594
2012-01-07,41,16,84.00000000000001,49.417492,2.4652483
2012-03-10,24,60,0.0,-0.023996318,1.7491746
2012-07-01,3,2,1.9999999999999996,3.3294737,2.3477085
2012-05-16,11,61,1.9999999999999996,2.0202918,2.3244038
2012-02-16,7,23,11.0,20.077936,1.5898659
2012-01-09,25,12,0.0,-0.0011083154,1.8895161
2012-02-12,41,93,0.0,-0.003366575,1.72476
2012-06-30,32,9,28.000000000000004,41.9814,2.4332223
2012-03-02,31,98,0.0,-0.0008907206,1.681067
2012-06-02,5,32,0.0,0.09211429,1.6143315
2012-07-18,27,80,0.0,-0.037789226,1.6516719
2012-06-15,45,4,0.0,0.00886287,1.6631641
2012-03-15,21,91,0.0,-0.008083835,1.6327912
2012-03-03,17,71,0.0,-0.01566008,2.0010707
2012-02-28,39,103,0.0,-0.010429794,1.6096568
2012-04-27,8,23,5.0,9.291523,1.655608
2012-04-28,10,5,117.00000000000004,51.71647,2.7689838
2012-05-15,15,93,0.0,0.004326884,1.7549524
2012-03-25,34,52,1.0,2.141658,2.4037428
2012-05-30,15,61,1.9999999999999996,2.0180018,2.409174
2012-01-21,45,26,0.0,-0.06922593,1.7937555
2012-02-17,40,51,3.0,2.0407047,2.241393
2012-02-04,43,3,0.0,-0.00810065,1.6762713
2012-01-18,13,36,86.0,77.787476,2.9189417
2012-03-22,41,16,23.000000000000004,25.014265,2.1680005
2012-06-21,16,50,0.0,0.016081914,1.7357241
2012-05-29,20,106,0.0,0.006071977,1.6795152
2012-05-15,10,86,0.0,-0.0072707892,1.6522028
2012-06-14,1,28,1.9999999999999996,3.090027,2.3729775
2012-05-04,37,105,0.0,0.004902486,1.6348796
2012-08-10,20,93,0.0,0.018945646,1.7966121
2012-03-19,17,37,58.000000000000014,50.70649,2.4397798
2012-06-30,20,5,102.99999999999999,78.76152,3.103501
2012-01-21,32,45,47.99999999999999,97.782906,3.0938036
2012-01-23,8,23,14.0,13.197304,1.8717092
2012-08-08,5,20,1.0,1.375825,2.5892115
2012-01-05,16,39,0.0,-0.059202176,1.9658532
2012-05-22,38,9,63.99999999999998,42.632805,2.541012
2012-01-27,1,93,0.0,0.036974568,1.65976
2012-05-18,1,51,0.0,-0.0005295947,1.5991876
2012-02-22,40,15,0.0,0.024193741,1.7338585
2012-06-21,18,37,1.9999999999999996,8.377985,1.8122042
2012-02-20,37,104,0.0,-0.007889927,1.6437024
2012-04-26,40,106,0.0,0.012793657,1.6726938
2012-03-27,44,94,3.0,1.0493313,2.4495275
2012-01-31,10,37,16.0,10.752184,1.5946505
2012-03-24,42,5,55.00000000000002,49.597157,2.7556984
2012-04-23,24,60,0.0,-0.012012263,1.6362495
2012-06-27,21,5,37.99999999999999,39.260273,2.6535661
2012-01-24,26,5,28.000000000000004,49.098568,2.832385
2012-04-13,29,41,29.000000000000004,22.76619,1.6690313
2012-01-26,34,9,38.99999999999998,35.82437,2.4694061
2012-02-08,3,5,76.00000000000003,52.83977,2.8086195
2012-07-18,32,51,0.0,-0.0074621923,1.5972595
2012-01-11,28,35,0.0,-0.08039585,1.817237
2012-02-06,4,27,11.0,10.380705,2.0618553
2012-03-21,9,93,10.000000000000002,3.4494333,2.1381981
2012-04-23,42,5,20.0,46.082718,2.7286234
2012-06-26,22,93,56.00000000000001,11.342241,2.6125844
2012-04-21,31,98,0.0,-0.00274986,1.6502386
2012-07-06,21,91,1.9999999999999996,1.8361583,2.3148475
2012-08-06,11,110,0.0,-0.010805739,1.6817504
2012-07-10,9,93,8.000000000000005,3.1722472,2.1866822
2012-03-16,14,15,0.0,-0.14182591,1.7630395
2012-07-09,12,16,28.000000000000004,33.273464,2.0920224
2012-08-23,44,105,0.0,-0.0062912707,1.6285516
2012-06-24,36,9,44.000000000000014,49.602814,2.6811593
2012-01-27,16,64,0.0,0.00032498644,1.718111
2012-04-29,10,93,0.0,-0.0041679437,1.6358101
2012-06-16,28,45,47.99999999999999,58.594627,3.0038688
2012-06-16,29,45,72.99999999999997,73.84392,2.8772223
2012-04-28,12,93,0.0,0.0008510181,1.6914709
2012-07-17,8,100,0.0,-0.013296427,1.6173133
2012-07-27,5,37,14.0,11.714659,1.6198895
2012-01-08,14,93,0.0,-0.011299368,1.7069706
2012-03-26,15,93,0.0,0.014901275,1.7725617
2012-01-17,42,82,4.000000000000001,2.1518385,2.3981214
2012-05-04,13,46,0.0,-0.13525806,1.8163464
2012-01-07,11,110,0.0,0.02707603,1.7532275
2012-05-08,44,94,1.9999999999999996,1.5697248,2.3706396
2012-06-26,12,93,35.99999999999998,4.948188,2.3199224
2012-04-18,38,93,0.0,-0.0052989693,1.6237696
2012-02-18,20,106,0.0,0.0038237209,1.7345449
2012-07-19,9,10,0.0,-0.03380163,1.6655425
2012-06-11,19,39,0.0,0.023987383,1.7004601
2012-03-27,30,44,175.99999999999994,146.45683,3.6339488
2012-03-14,24,76,0.0,0.004428962,1.6182448
2012-06-07,19,88,0.0,-0.008680256,1.6607711
2012-02-11,2,11,4.000000000000001,3.7281923,2.3772757
2012-04-02,15,45,100.99999999999996,74.5473,2.8415658
2012-07-09,11,86,1.0,1.9265518,2.3178582
2012-03-23,43,105,0.0,-0.0023550743,1.5978312
2012-06-05,41,86,0.0,-0.016099198,1.689412
2012-04-05,38,93,1.9999999999999996,3.2601717,2.1503496
2012-05-14,15,49,0.0,0.028569192,1.7678858
2012-04-29,3,5,92.00000000000003,72.32152,3.0114062
2012-05-23,41,86,0.0,-0.01720487,1.6265043
2012-08-09,24,6,14.999999999999998,18.685066,2.5734932
2012-07-27,32,51,0.0,-0.014502392,1.6183695
2012-07-15,40,55,1.0,2.3610833,2.408859
2012-07-21,12,93,0.0,-0.01260077,1.7208687
2012-04-15,11,110,0.0,-0.0022620682,1.6895239
2012-03-30,10,93,0.0,0.0030573532,1.6009074
2012-06-23,4,97,0.0,0.005354533,1.7587588
2012-05-15,7,7,4.000000000000001,2.508361,2.471106
2012-03-30,21,91,0.0,-0.015043577,1.69426
2012-07-07,1,93,0.0,0.0067985766,1.6840687
2012-08-23,15,61,4.000000000000001,1.9194953,2.4117904
2012-04-23,38,86,0.0,-0.013772044,1.6444867
2012-04-26,24,6,12.0,21.146202,2.375925
2012-08-08,35,50,0.0,-0.00021239446,1.6211705
2012-08-05,6,107,0.0,-0.012020646,1.822792
2012-06-29,28,2,0.0,-0.062204033,1.7239039
2012-07-19,18,57,1.0,1.317497,2.4567146
2012-05-31,41,86,0.0,0.008576662,1.6330022
2012-02-11,41,93,0.0,0.005369777,1.6693486
2012-07-11,2,93,0.0,0.0056942003,1.7156876
2012-08-10,9,5,143.0,76.31028,2.8502002
2012-04-15,44,62,1.0,1.9074457,2.565622
2012-03-05,45,26,4.000000000000001,4.621922,2.0756338
2012-07-12,21,5,33.00000000000001,35.648273,2.6565752
2012-02-24,4,93,0.0,-0.01220919,1.7239124
2012-07-07,30,13,1.9999999999999996,3.2942035,2.1605632
2012-08-02,38,52,1.9999999999999996,1.849372,2.3544796
2012-08-02,41,86,0.0,-0.0132626975,1.6480459
2012-01-31,1,99,0.0,0.00049284333,1.6230714
2012-03-30,28,5,18.999999999999996,40.464428,2.5175865
2012-02-22,32,51,1.0,1.807096,2.4947898
2012-08-18,3,45,105.99999999999996,95.091415,3.0470347
2012-06-15,37,5,42.99999999999999,37.795284,2.5543094
2012-06-13,35,49,0.0,-0.010260011,1.6259226
2012-06-23,9,42,12.0,11.967424,1.8856554
2012-07-01,20,5,155.99999999999994,140.91656,3.428936
2012-08-22,9,42,9.000000000000002,8.562117,1.7609781
2012-01-05,20,18,1.0,1.3074844,2.613025
2012-05-02,1,9,61.00000000000001,27.119284,2.3632598
2012-02-06,16,93,0.0,0.009942273,1.7228158
2012-05-22,16,64,0.0,0.03378303,1.7503315
2012-04-24,4,101,0.0,-0.02774062,1.6986738
2012-07-11,1,51,0.0,-0.010142684,1.6615587
2012-03-17,32,86,0.0,-0.0128938835,1.6461623
2012-06-01,37,38,0.0,0.059009276,1.5988697
2012-06-28,25,81,9.000000000000002,7.4916325,1.8924441
2012-08-02,33,44,227.00000000000006,229.59015,4.00236
2012-08-18,36,44,127.99999999999997,107.000984,3.3096833
2012-01-13,4,90,0.0,-0.00831165,1.7251606
2012-01-25,15,17,0.0,-0.074749656,1.8084172
2012-07-29,7,93,3.0,3.257855,2.312398
2012-05-16,19,83,11.0,6.127156,1.9509249
2012-03-07,10,5,60.00000000000001,73.25631,2.978245
2012-05-12,6,45,78.0,72.67992,3.06163
2012-04-11,39,111,0.0,-0.0014262324,1.616612
2012-02-06,1,47,0.0,0.030793004,2.0012677
2012-07-27,35,66,9.000000000000002,10.018288,1.553961
2012-01-14,4,96,0.0,-0.0057020574,1.8216206
2012-05-14,10,37,13.000000000000004,11.53857,1.5819626
2012-07-02,33,92,1.0,2.4855683,2.7468839
2012-06-21,38,86,0.0,-0.025326187,1.6503745
2012-08-02,32,9,26.0,29.699762,2.4177742
2012-05-03,10,93,0.0,0.0073076147,1.6173254
2012-06-17,43,105,0.0,0.0032942286,1.721987
2012-02-01,40,45,82.99999999999997,54.901596,3.0459032
2012-07-24,2,11,4.000000000000001,2.399466,2.3109832
2012-03-17,37,53,0.0,-0.02340958,1.6727893
2012-01-24,38,9,124.00000000000004,58.29007,2.8646834
2012-07-25,21,91,0.0,-0.02239411,1.617926
2012-02-12,14,33,1.0,2.7964716,2.5341408
2012-06-06,27,21,0.0,-0.065981135,1.7455643
2012-07-27,43,37,22.0,15.4556,1.4354584
2012-02-27,25,93,0.0,0.04849798,1.7781453
2012-04-09,15,49,0.0,0.013710914,1.717398
2012-07-17,14,33,1.0,1.0384539,2.436294
2012-03-08,1,99,0.0,0.026321115,1.6694027
2012-02-22,13,46,0.0,-0.16626108,1.8480871
2012-04-10,2,5,315.00000000000006,75.08369,3.052492
2012-05-02,3,109,0.0,0.006916729,1.6383512
2012-07-25,7,95,0.0,-0.0051449724,1.6452519
2012-03-06,41,68,91.00000000000001,48.694725,2.6970499
2012-05-12,9,105,0.0,-0.007217377,1.7459358
2012-07-31,20,93,0.0,-0.01344484,1.6990778
2012-02-20,14,50,0.0,-0.02726875,1.6467643
2012-05-08,33,85,0.0,0.005894369,1.7967602
2012-08-10,34,52,4.000000000000001,2.2204819,2.4160693
2012-04-22,40,45,102.99999999999999,84.45162,2.9767544
2012-01-21,42,5,60.00000000000001,64.67142,2.915808
2012-05-26,22,93,37.99999999999999,6.070441,2.3153548
2012-01-21,43,3,0.0,0.050653808,1.6775743
2012-02-03,32,51,0.0,-0.029786497,1.7446036
2012-04-11,11,87,0.0,-0.0028101406,1.6718702
2012-02-20,34,93,0.0,0.019708494,1.6203932
2012-01-25,13,36,77.0,53.112904,2.8838847
2012-05-02,40,15,0.0,0.07195974,1.6680772
2012-03-13,9,10,1.9999999999999996,2.0205514,2.0761032
2012-08-02,10,5,63.99999999999998,58.33883,2.7431402
2012-05-31,7,93,8.000000000000005,3.3648748,2.2153225
2012-06-27,16,93,1.9999999999999996,2.720672,2.332208
2012-07-02,25,84,0.0,0.033875555,1.7617891
2012-07-20,16,93,0.0,0.008033406,1.6796402
2012-05-27,45,9,4.000000000000001,8.318081,2.5140994
2012-05-08,9,42,11.0,6.4388394,1.8993268
2012-01-10,40,93,0.0,-0.0023520768,1.6330963
2012-06-17,30,44,198.99999999999994,175.44554,3.6626146
2012-08-20,19,83,12.0,6.489211,1.8405024
2012-08-21,1,89,0.0,-0.0006599824,1.6514938
2012-06-11,34,31,0.0,-0.09635599,1.792749
2012-03-24,31,93,1.9999999999999996,3.6166217,2.1432862
2012-07-11,44,5,40.00000000000001,39.45148,2.6309602
2012-08-06,22,78,0.0,0.0063635157,1.7482318
2012-02-17,23,56,0.0,-0.039781,1.6567291
2012-01-19,38,9,77.0,48.724274,2.612695
2012-06-28,32,19,1.0,1.1128451,2.563892
2012-05-12,31,45,93.0,95.40588,3.108519
2012-08-13,43,93,3.0,1.9465986,2.244499
2012-04-30,30,65,1.0,1.6623465,2.5322416
2012-02-28,5,37,4.000000000000001,11.09881,1.8627039
2012-07-30,28,2,1.0,1.7798095,2.3278482
2012-05-06,23,5,41.99999999999996,46.462006,3.0033157
2012-04-05,5,20,0.0,0.017672002,1.6218756
2012-01-05,16,93,0.0,0.018111182,1.6935438
2012-08-13,37,5,28.000000000000004,52.18227,2.5230072
2012-06-18,20,74,1.9999999999999996,2.710485,2.3315606
2012-07-23,35,63,1.0,1.8346417,2.3899076
2012-05-14,25,12,0.0,-0.050080307,1.7599947
2012-03-31,12,93,31.0,5.1463313,2.30943
2012-08-07,22,54,3.0,1.8479824,2.393426
2012-01-05,21,91,0.0,-0.017865447,1.7533286
2012-02-20,27,93,0.0,-0.006381609,1.6123414
2012-08-15,28,45,72.99999999999997,59.422253,2.9031212
2012-07-25,45,4,0.0,-0.025353264,1.6665418
2012-06-28,42,45,76.00000000000003,53.146767,3.017196
2012-01-24,17,71,0.0,0.0002601513,1.9660109
2012-04-19,9,5,30.0,27.81094,2.653793
2012-07-30,37,38,0.0,0.033779353,1.5974071
2012-02-18,13,5,69.00000000000003,72.092384,3.0597088
2012-01-04,12,79,1.9999999999999996,2.9229703,2.3263783
2012-04-06,6,45,61.99999999999999,55.545124,2.903622
2012-04-28,1,51,0.0,-0.0015438084,1.6616582
2012-08-02,13,36,118.00000000000003,65.87438,2.746708
2012-07-28,12,86,0.0,-0.016110243,1.7088956
2012-03-10,11,68,68.00000000000001,54.273197,2.6531427
2012-05-11,12,93,3.0,3.462844,2.116361
2012-02-22,44,105,0.0,-0.017647343,1.6657473
2012-01-31,28,2,0.0,0.018877933,1.7249507
2012-01-07,11,87,0.0,0.016980678,1.7295047
2012-08-12,37,15,0.0,0.057026077,1.6683606
2012-04-06,12,37,16.0,12.221967,1.6839193
2012-06-14,6,107,0.0,0.002582472,1.6473342
2012-04-16,1,9,5.0,22.106733,2.2396967
2012-08-24,38,98,1.0,1.8957616,2.3828115
2012-05-04,5,37,11.0,10.859865,1.5969803
2012-03-03,11,68,93.0,64.95514,2.7159297
2012-07-11,11,110,0.0,-0.011412671,1.6630018
2012-04-19,20,93,1.9999999999999996,4.760599,2.0943513
2012-02-24,37,15,0.0,-0.0039943974,1.6807746
2012-08-03,23,45,35.0,48.78739,3.0520923
2012-01-18,1,93,0.0,0.0026497992,1.599497
2012-04-21,15,61,0.0,-0.005683719,1.8125862
2012-05-12,30,13,4.000000000000001,3.5017633,2.3754387
2012-05-22,8,93,0.0,-0.010095011,1.615654
2012-02-06,14,33,0.0,-0.0345766,1.7870013
2012-01-01,4,97,0.0,0.010854622,1.8132414
2012-01-08,45,50,1.0,1.5512228,2.582946
2012-07-03,25,84,0.0,0.03644334,1.7244076
2012-06-05,35,63,1.0,2.244566,2.3579242
2012-03-24,33,9,100.00000000000003,102.16554,3.1931207
2012-07-12,22,104,0.0,0.01616501,1.7324922
2012-08-20,21,91,1.0,2.409858,2.2072442
2012-05-14,43,16,54.000000000000014,45.879272,2.5718071
2012-02-07,27,93,1.9999999999999996,3.447342,2.2279449
2012-03-28,19,69,1.9999999999999996,2.2607956,2.4055333
2012-04-11,2,5,40.999999999999986,62.412445,2.9674604
2012-02-20,1,93,0.0,0.00018532402,1.6244617
2012-07-11,45,9,11.0,8.965147,2.3930042
2012-07-03,42,45,82.99999999999997,69.695564,2.9048073
2012-03-03,20,5,123.00000000000003,119.70399,3.2778301
2012-05-22,38,52,1.0,1.6601673,2.607776
2012-01-08,14,70,1.9999999999999996,2.2083735,2.4480653
2012-04-07,8,93,0.0,0.00039689426,1.6529369
2012-05-21,27,21,1.9999999999999996,0.7465965,2.780707
2012-04-08,5,20,3.0,1.5569731,2.4996157
2012-06-14,5,20,1.9999999999999996,1.2185464,2.5597498
2012-08-19,16,39,0.0,0.18892094,1.850725
2012-02-04,5,20,1.9999999999999996,2.0237904,2.4742644
2012-07-19,16,16,42.99999999999999,25.3392,2.1239817
2012-03-09,45,34,0.0,-0.07704362,1.7037894
2012-05-18,20,93,0.0,0.020240609,1.6930321
2012-07-20,14,25,31.999999999999986,10.587427,2.163694
2012-02-21,22,68,33.00000000000001,48.20598,2.7098262
2012-03-31,11,68,58.999999999999986,50.11327,2.7039754
2012-01-29,45,9,42.99999999999999,19.589102,2.5885897
2012-05-19,37,105,0.0,-0.0076612285,1.6789685
2012-03-06,17,48,126.99999999999997,173.86685,3.8157406
2012-07-14,13,46,3.0,1.5206258,2.6594987
2012-05-24,16,64,0.0,-0.0008832946,1.6776725
2012-01-14,44,105,0.0,0.008885601,1.6669524
2012-03-31,38,86,0.0,-0.015890874,1.6322907
2012-03-30,22,68,69.00000000000003,47.706062,2.543811
2012-02-23,7,5,80.00000000000003,49.881317,2.8389137
2012-02-14,15,17,0.0,-0.017755019,1.7775636
2012-02-21,15,61,1.0,1.8926626,2.7380798
2012-05-29,9,93,0.0,-0.014895539,1.6126819
2012-05-04,25,84,0.0,0.039053775,1.7540181
2012-06-26,14,50,0.0,-0.025313918,1.6348648
2012-05-02,31,9,9.000000000000002,26.201231,2.5002303
2012-01-07,31,93,3.0,2.9089503,2.1830246
2012-07-05,32,86,0.0,-0.007979207,1.6763726
2012-06-15,42,5,52.00000000000001,52.06052,2.6026466
2012-03-23,1,51,0.0,-0.0017964981,1.5881777
2012-01-27,33,44,174.00000000000006,149.59471,3.5634892
2012-08-01,41,86,0.0,-0.013483152,1.6648233
2012-01-19,36,30,0.0,-0.08401635,1.7191741
2012-08-11,15,17,0.0,-0.030562162,1.863654
2012-02-28,8,23,5.0,8.606772,1.6433825
2012-07-06,36,9,78.99999999999997,59.13399,2.655458
2012-08-08,21,109,0.0,-0.01880876,1.7189022
2012-06-02,14,9,40.999999999999986,13.541508,2.4908214
2012-03-22,23,45,24.000000000000007,40.544727,2.8793247
2012-03-18,28,35,0.0,-0.12290276,1.7356046
2012-06-15,37,15,0.0,-0.0420247,1.6665659
2012-08-16,16,64,0.0,0.016252574,1.7504579
2012-07-01,15,17,1.9999999999999996,2.0639062,2.58557
2012-03-05,31,67,10.000000000000002,9.866175,1.6514304
2012-02-05,25,84,0.0,0.03298581,1.85105
2012-08-04,41,108,0.0,0.0067318655,1.7316417
2012-05-15,15,17,1.0,1.7513921,2.5242543
2012-08-22,20,41,18.999999999999996,17.990076,1.7100395
2012-06-08,37,105,0.0,0.0032995688,1.7054174
2012-05-08,20,41,25.000000000000004,20.050777,1.7120548
2012-05-23,30,65,0.0,-0.0008033482,1.6553451
2012-08-14,30,16,53.00000000000001,34.162014,2.1906154
2012-07-07,44,105,0.0,-0.0047313645,1.7198782
2012-07-25,21,44,80.00000000000003,85.05803,3.2438781
2012-03-12,28,45,31.0,43.49868,2.8754232
2012-08-17,2,5,63.99999999999998,64.40946,2.7734883
2012-03-09,3,109,0.0,0.015685713,1.6317875
2012-04-11,8,93,11.0,3.511683,2.1195765
2012-05-26,39,36,7.000000000000002,12.871546,2.2384014
2012-01-10,43,3,0.0,0.16397318,1.8402332
2012-08-08,16,50,0.0,0.019454245,1.7437327
2012-02-02,22,78,0.0,-0.0098728575,1.7448018
2012-04-01,8,59,1.0,1.9882083,2.5144067
2012-08-21,9,5,25.000000000000004,31.138927,2.7597024
2012-08-05,12,86,1.0,2.053567,2.721595
2012-05-03,9,105,0.0,0.004022786,1.6667593
2012-01-20,5,105,0.0,0.00041225954,1.6767523
2012-03-28,31,67,10.000000000000002,8.7876625,1.6610603
2012-01-24,30,65,1.9999999999999996,1.6988102,2.5942488
2012-08-13,32,51,0.0,-0.0065294835,1.6156555
2012-07-29,15,86,0.0,0.004269812,1.7718984
2012-04-26,12,79,0.0,-0.0025868502,1.6380507
2012-07-03,11,87,0.0,-0.014000972,1.6355977
2012-07-20,7,7,0.0,0.05991585,1.6964446
2012-06-26,36,1,3.0,1.9126794,2.3374684
2012-05-31,19,75,0.0,-0.017756633,1.6343535
2012-02-11,45,4,0.0,0.0099959215,1.8056971
2012-04-13,22,104,0.0,0.018210804,1.766504
2012-05-13,38,98,0.0,0.0050832694,1.7968595
2012-01-14,2,85,0.0,-0.006209244,1.704462
2012-06-20,24,76,1.0,2.264347,2.2517767
2012-03-20,1,51,0.0,0.0020282913,1.5916438
2012-08-17,1,28,4.000000000000001,3.4184678,2.2869928
2012-05-24,12,86,1.0,1.8393524,2.3108451
2012-02-26,41,16,53.00000000000001,38.7576,2.3434358
2012-05-17,24,97,0.0,-0.0033819228,1.7057949
2012-08-06,40,106,0.0,-0.002717422,1.6719693
2012-02-07,41,16,63.99999999999998,52.967415,2.5213382
2012-03-17,34,31,0.0,-0.06711282,1.7152888
2012-06-12,17,48,189.0,181.0901,3.7539277
2012-02-28,15,15,0.0,0.10288268,1.6656287
2012-01-03,8,59,0.0,-0.009951515,1.7088602
2012-04-23,41,86,0.0,-0.013249689,1.6288326
2012-03-28,31,93,4.000000000000001,3.8502629,2.076314
2012-08-02,16,39,0.0,0.011278134,1.7556667
2012-05-16,30,13,4.000000000000001,2.0527668,2.1855915
2012-04-17,22,93,7.000000000000002,4.242081,2.241093
2012-02-04,27,21,1.0,1.7179568,2.5579739
2012-05-05,2,11,0.0,-0.07854063,1.8279616
2012-08-11,6,9,35.0,57.14618,2.7721798
2012-05-19,38,9,37.99999999999999,46.301968,2.4498732
2012-01-21,11,87,0.0,-0.010907808,1.6521924
2012-03-08,26,45,37.99999999999999,52.461533,2.781177
2012-02-17,19,69,1.0,2.095924,2.3612404
2012-03-06,43,16,75.0,52.46703,2.6260316
2012-01-08,39,111,0.0,-0.0028707553,1.7488495
2012-04-03,9,93,0.0,-0.0036935832,1.6185311
2012-07-02,19,75,0.0,-0.0013632975,1.7547556
2012-04-19,9,42,9.000000000000002,7.535087,1.8334874
2012-04-21,20,106,0.0,-0.005145336,1.8031176
2012-03-27,1,89,0.0,0.00058576686,1.6032434
2012-06-12,23,45,26.999999999999996,48.87436,2.9664862
2012-01-02,13,104,0.0,0.0028221798,1.7202367
2012-06-10,45,34,0.0,-0.10171775,1.7469406
2012-06-11,19,88,0.0,-0.020521035,1.6711969
2012-03-25,31,45,103.99999999999997,94.16109,3.1404104
2012-04-02,8,59,1.0,1.5050262,2.3657305
2012-01-08,4,101,0.0,-0.012911751,1.8719391
2012-06-22,4,96,0.0,0.007114031,1.7250106
2012-05-30,13,46,0.0,-0.102428906,1.7852876
2012-07-07,7,5,108.00000000000007,97.65468,3.2088375
2012-05-24,11,87,0.0,-0.016677657,1.6144793
2012-02-02,24,60,1.0,2.065238,2.4739995
2012-01-27,39,103,0.0,0.00047794706,1.624134
2012-08-17,27,68,37.99999999999999,40.039703,2.5572138
2012-08-18,1,47,0.0,0.027302466,2.376519
2012-08-20,34,52,4.000000000000001,2.1423573,2.314588
2012-02-04,19,93,0.0,-0.012850106,1.7018883
2012-04-16,11,110,0.0,-0.0007732216,1.634692
2012-07-22,33,44,160.99999999999994,198.79022,3.813502
2012-08-09,15,15,0.0,0.12345797,1.644983
2012-06-15,43,105,0.0,-0.002568434,1.6633271
2012-06-30,37,45,46.99999999999997,70.81844,2.8955507
2012-06-29,3,2,1.0,2.5549061,2.5574203
2012-05-21,18,57,1.0,1.4090996,2.3511384
2012-07-18,6,14,0.0,-0.023069805,1.6459045
2012-02-13,20,41,17.999999999999996,18.542221,1.8211087
2012-02-01,26,5,71.99999999999999,35.852943,2.6893656
2012-04-03,29,41,26.999999999999996,20.133404,1.6770006
2012-02-14,6,107,0.0,-0.004825592,1.6215959
2012-08-18,41,16,45.0,29.549417,2.3126469
2012-03-27,17,71,0.0,0.013081461,1.8548307
2012-07-13,13,104,0.0,0.0030079298,1.6871132
2012-03-11,33,93,0.0,0.026192533,1.7988136
2012-01-28,22,68,65.99999999999997,63.371128,2.7077062
2012-03-22,37,53,1.0,1.7348027,2.3857384
2012-03-28,38,52,1.0,1.6595687,2.5143013
2012-08-04,10,21,1.0,2.4975848,2.515317
2012-04-10,1,47,0.0,0.020009898,2.093611
2012-06-29,2,93,9.000000000000002,3.789402,2.1190674
2012-02-25,5,32,0.0,0.08685514,1.6134557
2012-04-02,20,93,0.0,0.028681228,1.7341464
2012-08-20,14,25,0.0,0.327104,2.2692258
2012-02-14,12,93,0.0,-0.007160365,1.7382153
2012-07-19,3,45,72.99999999999997,74.03456,2.9322808
2012-04-09,19,93,1.9999999999999996,3.3407397,2.4161203
2012-04-13,1,89,0.0,0.00846616,1.6015404
2012-01-27,45,4,0.0,0.02126828,1.6260765
2012-03-29,20,18,0.0,-0.040146906,1.715106
2012-05-07,32,93,1.9999999999999996,3.5239692,2.121469
2012-03-03,21,5,50.0,57.994293,2.8394377
2012-07-17,22,54,1.9999999999999996,1.8647889,2.4448855
2012-06-06,40,51,0.0,-0.030859169,1.722691
2012-08-11,22,104,0.0,0.010305785,1.7305405
2012-01-05,16,25,196.0,136.81706,3.633354
2012-01-09,40,106,0.0,-0.0024058362,1.6792376
2012-01-24,34,84,0.0,0.010841778,1.6528777
2012-03-29,38,98,0.0,-0.003216647,1.6306037
2012-04-23,22,104,0.0,-0.008246776,1.6589843
2012-04-28,40,45,93.0,75.358635,3.0072858
2012-05-15,18,37,9.000000000000002,7.899914,1.8432397
2012-08-13,4,27,12.0,5.615776,1.925962
2012-07-19,4,93,0.0,-0.0103328675,1.6899537
2012-08-13,14,25,8.000000000000005,10.306913,2.322983
2012-07-06,44,93,1.0,3.393004,2.1366777
2012-02-08,14,70,0.0,-0.014949632,1.7012881
2012-04-10,33,85,0.0,0.025096439,1.7301166
2012-07-12,15,61,1.0,1.813627,2.749785
2012-04-17,20,106,0.0,0.0015561462,1.662807
2012-08-09,27,9,41.99999999999996,29.118395,2.5103922
2012-06-14,7,5,67.00000000000001,74.80423,2.9357233
2012-01-19,44,5,41.99999999999996,32.206406,2.5881133
2012-05-13,15,17,0.0,-0.053905264,1.8803631
2012-03-16,10,93,13.000000000000004,4.285322,2.085187
2012-06-24,10,21,1.0,2.1802263,2.527733
2012-07-02,20,93,0.0,0.004689712,1.7154372
2012-01-02,15,93,0.0,0.019968038,1.7431906
2012-02-14,15,61,0.0,0.013644279,1.7755529
2012-04-29,38,45,128.99999999999997,94.20606,3.1693535
2012-08-17,17,37,58.000000000000014,52.717426,2.51372
2012-01-01,16,39,0.0,0.20023772,1.8296672
2012-05-14,32,9,42.99999999999999,31.240232,2.3529174
2012-04-11,32,58,0.0,0.0014296457,1.6529225
2012-04-19,23,56,1.0,1.8439889,2.3522272
2012-07-27,45,26,3.0,3.179844,2.1340885
2012-07-23,29,8,78.0,23.077274,2.0197284
2012-03-24,34,93,0.0,0.012197137,1.678605
2012-02-22,11,9,40.999999999999986,20.41683,2.2958858
2012-03-20,12,37,18.999999999999996,19.110727,1.7183886
2012-08-06,2,5,68.00000000000001,76.712814,2.8244557
2012-05-20,1,51,0.0,-0.0011815442,1.6400572
2012-05-26,3,102,0.0,0.03908698,1.71583
2012-03-17,40,45,94.0,74.254715,2.9938014
2012-01-14,11,110,0.0,0.0011517697,1.6970727
2012-07-02,17,37,45.0,47.700928,2.3312054
2012-04-28,43,105,0.0,-0.008176484,1.6441568
2012-03-29,3,93,1.9999999999999996,3.646065,2.0300384
2012-05-15,31,45,81.00000000000001,70.61494,2.8889372
2012-08-11,43,73,0.0,-0.00733707,1.6816534
2012-05-09,2,93,5.0,3.474485,2.0710046
2012-06-22,16,77,0.0,0.007942264,1.762242
2012-07-15,38,98,0.0,-0.0025445698,1.6752312
2012-07-09,43,37,21.000000000000004,21.93359,1.6903632
2012-02-26,20,5,86.0,88.73698,3.1078417
2012-01-11,45,9,10.000000000000002,6.4306855,2.6248267
2012-08-04,23,56,0.0,-0.020432245,1.765757
2012-05-14,3,2,1.9999999999999996,2.5609727,2.204401
2012-04-17,41,68,33.00000000000001,45.518463,2.5576394
2012-04-14,43,105,0.0,0.0016113223,1.6497164
2012-03-19,9,93,1.9999999999999996,4.881745,2.1777554
2012-01-14,34,84,0.0,0.011702153,1.6940131
2012-06-13,31,104,0.0,0.0009600963,1.6626412
2012-04-01,16,16,37.99999999999999,38.86151,2.2631514
2012-07-17,19,69,0.0,-0.014740903,1.6304458
2012-02-18,17,37,40.999999999999986,55.330635,2.523794
2012-07-30,35,66,14.0,10.029755,1.7542692
2012-08-16,15,15,0.0,-0.021615092,1.728482
2012-04-22,32,58,1.9999999999999996,2.3339324,2.3339572
2012-01-11,25,50,0.0,0.06489118,1.7462676
2012-04-14,11,86,0.0,-0.002943366,1.6400051
2012-05-06,4,27,12.0,6.989269,2.1373346
2012-03-25,34,45,100.00000000000003,75.87991,2.9757535
2012-06-12,7,23,21.000000000000004,17.63189,1.5703197
2012-06-06,4,97,0.0,-0.0016235801,1.732747
2012-04-14,38,45,91.00000000000001,102.12093,3.2110548
2012-05-08,29,56,1.9999999999999996,2.3171701,2.2683375
2012-08-08,31,67,0.0,-0.007292736,1.6337032
2012-07-22,36,30,3.0,2.9314635,2.5907593
2012-08-20,8,5,140.00000000000003,54.69991,2.9316792
2012-01-23,38,9,82.99999999999997,70.40673,2.842223
2012-03-12,9,42,9.000000000000002,8.87879,1.6910241
2012-05-01,30,44,179.0,179.13739,3.7924626
2012-07-12,14,88,0.0,-0.024784576,1.6403681
2012-06-10,13,5,113.00000000000003,134.69334,3.4431567
2012-06-21,8,100,0.0,0.028529203,1.7245669
2012-08-02,4,93,1.0,3.6585236,2.1300492
2012-01-17,30,44,143.0,184.29561,3.8101346
2012-05-20,30,65,0.0,0.014682358,1.6792258
2012-05-07,4,93,0.0,0.0054484783,1.7547816
2012-01-26,6,14,0.0,-0.017985959,1.6293775
2012-03-13,18,72,0.0,-0.04229391,1.6368589
2012-07-04,21,5,38.99999999999998,33.000988,2.6773808
2012-07-23,29,56,0.0,0.010058808,1.7015891
2012-03-17,39,36,7.000000000000002,13.03434,2.274431
2012-03-21,44,5,24.000000000000007,24.76244,2.5179427
2012-05-03,5,16,16.999999999999996,22.669373,2.1158304
2012-03-02,5,93,29.000000000000004,4.029985,2.286457
2012-05-28,16,16,24.000000000000007,27.164827,2.0917034
2012-02-14,43,37,13.000000000000004,10.213622,1.6557436
2012-04-26,13,46,0.0,-0.00813654,1.795494
2012-05-08,33,44,135.00000000000006,167.28789,3.70742
2012-07-30,18,72,0.0,-0.0125240255,1.6365647
2012-05-18,23,5,28.000000000000004,25.357512,2.5998683
2012-03-09,34,31,0.0,-0.06118137,1.7327629
2012-05-30,16,64,0.0,0.021162305,1.7205406
2012-03-05,9,105,0.0,-0.0011225147,1.6420683
2012-04-28,40,51,0.0,-0.016601568,1.6751025
2012-07-04,11,9,44.000000000000014,36.34961,2.383737
2012-06-08,36,9,12.0,25.79223,2.3704104
2012-05-23,32,51,0.0,-0.0012964715,1.6559297
2012-03-25,23,56,1.9999999999999996,2.4868708,2.306551
2012-01-29,12,37,40.999999999999986,20.910648,1.833396
2012-05-12,16,25,145.0,142.29169,3.6010683
2012-02-27,15,61,1.9999999999999996,2.1389496,2.587718
2012-01-01,2,44,215.00000000000006,164.2627,3.6196005
2012-01-16,40,15,0.0,0.05437938,1.660968
2012-03-20,31,9,50.0,27.547073,2.4004705
2012-01-24,16,64,0.0,-0.0008713032,1.7700913
2012-04-07,12,37,31.999999999999986,17.90495,1.6830683
2012-05-28,12,37,14.999999999999998,13.432652,1.632047
2012-01-22,15,45,175.99999999999994,133.51166,3.4614263
2012-01-13,15,86,0.0,0.009821765,1.816192
2012-04-28,13,104,0.0,-0.027270412,1.7724823
2012-04-04,14,88,0.0,-0.018222418,1.7130473
2012-07-27,32,93,22.0,3.9825392,2.1208332
2012-01-06,3,93,0.0,0.028549198,1.6480355
2012-04-06,30,65,0.0,0.02257282,1.6563371
2012-07-28,25,12,1.9999999999999996,2.9525938,2.2651625
2012-01-21,1,89,0.0,-0.027678631,1.7386235
2012-02-12,25,50,0.0,0.06959401,1.8995045
2012-05-07,2,44,124.00000000000004,124.73644,3.3663297
2012-05-30,45,4,0.0,-0.00028533474,1.6379976
2012-03-16,32,45,31.0,70.291565,2.868633
2012-06-06,37,53,0.0,0.01457098,1.6387573
2012-06-19,44,62,1.9999999999999996,1.8184707,2.337414
2012-07-25,32,9,37.99999999999999,33.370544,2.2335296
2012-08-19,41,16,51.00000000000003,36.335846,2.178901
2012-01-26,15,45,84.99999999999997,60.551224,3.0770125
2012-05-09,33,85,0.0,0.0011754526,1.815707
2012-07-07,7,7,1.9999999999999996,3.798644,2.776215
2012-01-29,8,5,21.000000000000004,41.69626,2.7229764
2012-08-14,24,6,31.0,36.547947,2.4459517
2012-02-25,34,84,0.0,0.0022364983,1.712202
2012-03-08,11,68,41.99999999999996,41.894928,2.7077334
2012-08-22,35,105,0.0,-0.006042817,1.6289595
2012-07-01,16,39,0.0,0.20761624,1.9903612
2012-06-18,35,49,0.0,-0.01214405,1.6658934
2012-03-19,1,93,0.0,-0.0030694378,1.6506435
2012-05-14,31,9,31.0,42.889206,2.4067557
2012-06-06,40,15,0.0,0.015165277,1.7280434
2012-07-12,26,5,71.99999999999999,67.32665,3.0467863
2012-04-06,44,5,58.000000000000014,31.632793,2.6046395
2012-05-18,24,60,0.0,-0.0006871711,1.6477793
2012-05-06,31,9,56.999999999999986,60.4492,2.7412205
2012-03-27,9,10,1.9999999999999996,2.0393906,2.164267
2012-03-20,8,84,0.0,0.0042532417,1.6593791
2012-02-29,39,36,7.000000000000002,9.904652,2.2616735
2012-01-27,27,68,54.000000000000014,55.008377,2.5990722
2012-05-02,3,2,7.000000000000002,2.6150687,2.3195846
2012-03-21,32,51,1.0,1.6960473,2.264096
2012-06-26,25,93,0.0,0.036027394,1.7084005
2012-05-05,19,69,3.0,1.8488517,2.3383825
2012-01-26,6,107,0.0,-0.0004915103,1.5973431
2012-05-23,2,44,84.00000000000001,101.049965,3.293454
2012-06-08,37,104,0.0,-0.027583472,1.7428193
2012-01-13,9,5,71.0,74.07668,2.8303719
2012-04-17,20,18,0.0,-0.027735634,1.7149407
2012-01-22,22,78,0.0,0.003719971,1.6949681
2012-06-22,22,9,65.99999999999997,72.88563,2.9336796
2012-06-30,9,10,1.9999999999999996,2.380461,2.2499337
2012-07-13,35,105,0.0,0.00030946254,1.6234794
2012-03-06,18,5,16.999999999999996,14.205041,2.8688884
2012-03-25,12,93,0.0,-0.00640438,1.7910954
2012-05-02,19,88,0.0,-0.01605308,1.7254783
2012-01-15,21,91,0.0,-0.026081275,1.7781266
2012-01-08,7,7,3.0,2.7536154,2.4521186
2012-04-04,16,16,37.99999999999999,45.865204,2.4633553
2012-05-03,24,60,0.0,0.016193181,1.634723
2012-03-22,8,5,28.000000000000004,24.44186,2.5889015
2012-06-29,7,93,0.0,0.018036526,1.670397
2012-07-19,27,68,30.0,39.34744,2.4772465
2012-06-25,32,51,0.0,-0.032610733,1.6828356
2012-06-06,19,88,1.0,2.4071174,2.4544876
2012-08-15,15,49,0.0,0.0047494425,1.7201629
2012-06-22,40,5,35.0,40.416805,2.5234385
2012-08-19,2,93,0.0,0.009038262,1.6783283
2012-03-29,13,5,55.00000000000002,55.272434,2.8444035
2012-01-30,11,110,0.0,0.0014605727,1.6029161
2012-08-09,9,105,0.0,-0.008641818,1.6365734
2012-05-19,40,51,0.0,-0.01872014,1.7271758
2012-03-21,2,93,1.9999999999999996,3.6321857,2.2897398
2012-07-05,19,16,31.0,17.314037,2.174966
2012-02-19,22,9,108.00000000000007,53.744164,2.659043
2012-04-23,42,45,68.00000000000001,70.87511,2.896755
2012-05-05,31,67,5.9999999999999964,11.35618,1.8983203
2012-04-06,38,9,67.00000000000001,106.35051,3.2432313
2012-05-28,28,2,1.0,2.0012412,2.3911057
2012-08-16,30,16,40.00000000000001,29.971342,2.1788337
2012-01-27,1,47,0.0,0.034411747,1.9457613
2012-03-07,13,36,100.00000000000003,85.00122,3.0432768
2012-02-03,44,93,0.0,0.026890103,1.6226913
2012-07-13,44,105,0.0,0.012963839,1.6788884
2012-03-09,11,110,0.0,0.0089028105,1.6278503
2012-03-01,4,9,198.99999999999994,85.70686,3.0535455
2012-08-10,18,72,0.0,-0.032625817,1.6823255
2012-08-06,41,93,4.000000000000001,4.2320423,2.1644363
2012-04-28,26,45,53.00000000000001,72.76246,3.1122816
2012-02-13,16,50,0.0,0.011453877,1.7108722
2012-01-28,8,93,0.0,0.008910445,1.7066911
2012-06-20,34,31,0.0,0.066542864,1.5910784
2012-07-29,21,109,0.0,-0.0044079535,1.7277849
2012-02-24,38,45,73.99999999999997,84.83063,3.0483005
2012-07-16,20,5,87.99999999999999,90.724396,3.1118062
2012-08-23,1,40,0.0,-0.07525145,1.6674705
2012-01-11,28,5,92.00000000000003,66.57894,2.9609354
2012-07-08,23,5,16.0,35.89376,2.8346908
2012-07-13,21,5,56.00000000000001,56.77305,2.910707
2012-03-08,2,44,82.00000000000003,111.327835,3.3598552
2012-06-27,44,5,28.000000000000004,22.705479,2.6082337
2012-04-01,22,68,72.99999999999997,57.69812,2.6502757
2012-08-09,45,34,0.0,-0.08432001,1.6860731
2012-01-29,4,101,0.0,-0.008394486,1.8297408
2012-01-23,12,16,24.000000000000007,32.209057,2.182472
2012-06-17,10,21,1.0,1.5638862,2.52314
2012-01-14,14,15,0.0,-0.11690657,1.9169236
2012-04-01,3,45,107.00000000000003,109.10969,3.2545779
2012-07-20,2,85,0.0,-0.004610355,1.6180059
2012-04-06,18,5,21.000000000000004,13.278931,2.8400362
2012-04-07,30,44,235.0000000000001,221.25,3.9174166
2012-02-25,24,60,0.0,-0.019849965,1.7093669
2012-01-24,7,5,60.00000000000001,62.38998,2.9899068
2012-06-09,16,16,37.99999999999999,45.485046,2.3102834
2012-03-12,24,60,0.0,-0.024353031,1.7069285
2012-08-07,45,34,0.0,-0.058969755,1.6665429
2012-03-06,26,45,42.99999999999999,62.724808,2.943441
2012-05-15,24,76,1.0,2.6239178,2.4314396
2012-06-02,1,51,0.0,0.04133941,1.7477236
2012-05-26,38,52,0.0,-0.016513567,1.6828865
2012-06-29,31,45,102.0,82.89011,3.0842936
2012-08-20,17,9,102.99999999999999,127.99678,3.433479
2012-02-20,5,37,9.000000000000002,11.587096,1.649885
2012-08-11,12,79,3.0,2.4934049,2.5625312
2012-01-18,6,107,0.0,0.0067186146,1.6376383
2012-08-03,20,74,1.0,2.453999,2.5159745
2012-03-23,4,27,5.0,5.1506763,2.0740266
2012-06-26,8,59,1.0,1.4037759,2.441742
2012-02-26,38,45,118.00000000000003,97.13315,3.1746538
2012-04-14,30,13,1.0,3.6832342,2.1434717
2012-02-26,42,5,45.0,34.404907,2.7281904
2012-08-21,31,104,0.0,-0.0007104263,1.6143435
2012-05-31,11,87,0.0,-0.016804505,1.6513975
2012-06-08,14,88,0.0,-0.04778544,1.66694
2012-01-04,16,39,0.0,0.09772499,2.0242145
2012-08-07,25,93,0.0,0.048284113,1.7198226
2012-05-12,20,74,1.9999999999999996,2.3220606,2.3679988
2012-03-06,22,54,0.0,-0.0131068835,1.7606966
2012-07-13,33,44,239.99999999999994,207.55212,3.894394
2012-05-10,26,5,107.00000000000003,53.410946,2.8226452
2012-01-02,11,68,71.0,46.699806,2.4719741
2012-02-13,4,9,176.99999999999997,108.88798,3.2334275
2012-06-28,38,9,58.999999999999986,38.044106,2.48352
2012-02-26,38,52,1.9999999999999996,2.0833845,2.3692062
2012-02-20,26,2,0.0,0.025364382,1.7225591
2012-07-11,2,11,1.9999999999999996,1.8556898,2.4099455
2012-05-05,45,4,5.9999999999999964,2.2915275,2.50125
2012-02-10,40,15,0.0,0.09900329,1.7829465
2012-04-18,40,93,0.0,-0.00868214,1.6300384
2012-02-04,19,88,0.0,-0.019828923,1.7011302
2012-03-16,8,84,0.0,-0.017319744,1.6099901
2012-04-14,5,20,0.0,0.05826773,1.6278164
2012-08-06,38,86,0.0,-0.016028887,1.6895684
2012-06-12,11,87,0.0,-0.0019536582,1.6840417
2012-06-13,37,38,0.0,0.052089937,1.5650617
2012-01-29,16,25,273.00000000000034,202.6911,3.7990713
2012-07-17,13,93,0.0,-0.008531681,1.6771597
2012-05-12,39,103,0.0,-0.006997728,1.6807034
2012-06-06,41,93,5.0,4.8925486,2.2348638
2012-08-03,30,13,1.9999999999999996,2.8242366,2.110916
2012-02-04,19,75,0.0,-0.0019575302,1.6863742
2012-02-03,33,93,0.0,0.013760417,1.919302
2012-02-10,23,5,21.000000000000004,50.260338,3.0037224
2012-04-20,42,45,58.999999999999986,51.66745,2.8368855
2012-06-04,44,94,1.0,2.613313,2.4646947
2012-03-10,19,39,0.0,-0.08923032,1.864399
2012-04-29,7,93,0.0,0.0056889215,1.6510198
2012-06-02,2,5,132.0,80.96919,2.8793178
2012-08-07,23,5,12.0,34.61651,2.7816002
2012-08-23,28,45,31.0,52.16381,2.8138888
2012-05-11,13,104,0.0,0.0066051707,1.6802826
2012-07-28,34,9,58.000000000000014,49.66479,2.5343246
2012-07-05,26,45,78.0,77.63067,3.28909
2012-02-15,43,3,0.0,-0.04707359,1.6997325
2012-04-13,23,45,30.0,41.363792,2.876995
2012-02-06,26,5,93.0,58.927807,2.7451074
2012-08-19,7,23,31.999999999999986,21.380138,1.7619479
2012-04-25,7,23,16.999999999999996,14.633724,1.7037728
2012-07-02,35,63,0.0,0.002945059,1.6246221
2012-03-07,42,82,1.9999999999999996,2.3454702,2.3294466
2012-07-25,19,15,0.0,-0.029499447,1.6228893
2012-07-13,37,5,44.000000000000014,51.075752,2.4900823
2012-05-17,44,93,20.0,3.7769487,2.1091356
2012-01-08,40,15,0.0,0.122964375,1.8305063
2012-05-14,4,9,155.0,70.11661,2.7855818
2012-04-14,37,53,0.0,-0.052055,1.738109
2012-05-21,43,37,14.999999999999998,15.0292015,1.4660275
2012-06-01,12,37,4.000000000000001,21.596779,1.7677872
2012-03-02,22,93,16.0,5.4289074,2.3696563
2012-06-13,27,93,9.000000000000002,4.4105077,2.108967
2012-05-24,19,88,1.0,2.029589,2.2707868
2012-05-16,41,61,1.0,2.1051178,2.3194258
2012-01-26,11,86,0.0,-0.009148847,1.6615793
2012-08-12,36,44,102.99999999999999,119.622055,3.3666015
2012-04-24,41,61,0.0,-0.01152323,1.6615056
2012-07-10,36,1,1.0,4.345428,2.453408
2012-01-07,33,9,180.00000000000006,76.46427,2.841306
2012-07-28,1,40,0.0,0.0067372713,1.6883221
2012-02-04,21,91,0.0,-0.011654154,1.7594562
2012-06-15,15,5,132.0,123.77991,3.305601
2012-07-27,14,93,3.0,3.4967399,2.0657032
2012-06-12,15,45,91.00000000000001,74.0092,2.9364803
2012-03-28,8,59,0.0,-0.011249875,1.6320463
2012-03-16,40,93,0.0,-0.00025887878,1.6172849
2012-02-13,37,53,1.9999999999999996,2.036058,2.3079062
2012-05-15,20,93,0.0,0.005399374,1.6774559
2012-06-01,28,45,97.99999999999999,77.57535,3.0479538
2012-06-25,18,72,0.0,-0.05179465,1.7110358
2012-08-02,4,9,69.00000000000003,57.14529,2.7702491
2012-07-02,19,16,13.000000000000004,26.752989,2.1269565
2012-03-09,20,18,0.0,-0.043540917,1.7331787
2012-05-21,1,9,12.0,17.680397,2.306414
2012-01-31,8,84,0.0,-0.015810203,1.6657426
2012-05-24,43,16,11.0,22.386444,2.4723415
2012-08-19,16,25,193.0,133.11534,3.3768494
2012-08-05,19,93,0.0,0.019941183,1.8440471
2012-01-13,14,50,0.0,-0.02174948,1.6809258
2012-04-30,34,31,0.0,0.042571757,1.578339
2012-06-20,9,105,0.0,0.01610075,1.7153522
2012-01-14,38,45,118.99999999999997,111.520294,3.194012
2012-08-09,30,44,262.99999999999994,184.07272,3.7606554
2012-01-20,44,5,26.999999999999996,32.98047,2.5874095
2012-02-26,43,37,21.000000000000004,13.062434,1.7117304
2012-02-24,20,74,0.0,0.025328174,1.7415358
2012-07-29,9,105,0.0,-0.008135873,1.6700445
2012-07-14,11,61,1.0,2.0079496,2.5225158
2012-07-09,10,37,9.000000000000002,13.388044,1.5800799
2012-06-06,19,15,0.0,0.01526436,1.710256
2012-01-02,38,86,0.0,-0.0032396524,1.7166928
2012-01-16,27,80,0.0,-0.01508145,1.805376
2012-05-29,40,5,41.99999999999996,35.650562,2.6076436
2012-03-21,21,44,68.00000000000001,89.780136,3.4304495
2012-01-12,44,5,16.0,37.76409,2.6382818
2012-04-04,28,35,0.0,-0.060732815,1.6650159
2012-04-16,6,9,84.99999999999997,44.012375,2.512686
2012-05-11,19,15,0.0,0.0012777833,1.6340387
2012-06-23,19,16,11.0,21.090878,2.058135
2012-08-04,9,42,8.000000000000005,13.161449,2.1231737
2012-07-01,41,16,35.99999999999998,43.82138,2.2658734
2012-04-16,19,15,0.0,-0.058185462,1.6686816
2012-07-24,29,56,1.0,1.8172668,2.537749
2012-05-30,2,5,33.99999999999998,29.585674,2.6285896
2012-03-19,34,84,0.0,0.015763376,1.7234185
2012-05-07,18,72,0.0,0.018659815,1.64909
2012-05-17,41,61,5.0,1.8148632,2.366516
2012-08-04,19,69,1.0,1.940451,2.3530993
2012-02-16,21,109,0.0,-0.011608675,1.6222036
2012-01-02,30,51,1.9999999999999996,2.4111137,2.7108529
2012-06-09,31,45,114.99999999999999,99.972305,3.1413164
2012-03-27,3,93,0.0,-0.0069687064,1.5962342
2012-02-19,21,44,84.00000000000001,89.81754,3.3259401
2012-08-05,13,36,158.00000000000014,85.38851,2.9353685
2012-07-05,38,93,3.0,2.8018634,2.215096
2012-06-19,38,9,69.00000000000003,60.684998,2.7106543
2012-08-11,23,29,1.0,1.3990484,2.657354
2012-06-16,12,86,0.0,-0.008409763,1.7923731
2012-04-24,1,40,0.0,-0.05477344,1.650729
2012-04-25,33,93,0.0,0.008014636,1.6978469
2012-01-02,44,5,94.99999999999999,53.389595,2.846807
2012-07-09,44,105,0.0,-0.00069121504,1.6534016
2012-04-15,27,93,5.0,4.2768946,2.1150253
2012-05-09,1,28,1.0,2.1984916,2.3062081
2012-05-17,40,5,44.000000000000014,33.740078,2.5076041
2012-06-13,30,16,55.00000000000002,35.85512,2.4342837
2012-03-03,23,5,13.000000000000004,39.309814,2.8465786
2012-02-25,28,45,40.999999999999986,82.32027,3.116439
2012-04-19,14,88,0.0,-0.016908858,1.614449
2012-02-29,7,7,0.0,-0.043633807,1.7306186
2012-08-08,37,104,0.0,-0.0059058014,1.6500106
2012-08-09,34,31,0.0,-0.007034053,1.6334382
2012-06-16,43,73,0.0,-0.02779604,1.7196226
2012-05-14,44,94,0.0,0.0012295903,1.6567966
2012-01-24,11,9,20.0,25.23269,2.2601743
2012-02-16,4,90,1.9999999999999996,1.9139144,2.3413951
2012-02-13,20,18,0.0,-0.007008992,1.7150153
2012-01-17,45,50,0.0,-0.030803703,1.7140083
2012-08-05,5,20,1.9999999999999996,2.2350261,2.5805569
2012-02-13,32,51,3.0,2.130679,2.3122652
2012-08-22,25,45,70.00000000000007,60.817295,2.8051531
2012-02-06,32,93,0.0,-0.007592846,1.7252291
2012-04-09,1,40,0.0,-0.006785872,1.6527104
2012-03-18,37,105,0.0,-0.009144313,1.6773146
2012-06-08,44,68,76.00000000000003,50.917305,2.5618355
2012-06-02,34,9,81.00000000000001,47.572132,2.4311025
2012-04-02,15,49,0.0,0.0155912135,1.7593882
2012-01-03,25,50,0.0,0.052901134,1.7367381
2012-04-27,19,93,1.0,4.336355,2.0576026
2012-03-21,3,2,1.9999999999999996,4.371763,2.5078921
2012-08-14,9,42,7.000000000000002,10.054225,1.7882279
2012-02-06,5,32,0.0,0.016769623,1.6864198
2012-05-31,43,16,20.0,24.39867,2.4428062
2012-05-14,3,93,0.0,0.0029676382,1.5977808
2012-06-07,42,5,63.000000000000036,62.257668,2.9458783
2012-04-08,2,11,1.0,3.1475632,2.447034
2012-03-20,3,109,0.0,-0.00720724,1.652158
2012-06-06,27,68,54.000000000000014,39.218742,2.4053762
2012-06-05,15,5,136.00000000000003,73.62013,3.0375843
2012-06-16,11,87,0.0,-0.008455273,1.6708686
2012-05-30,36,9,41.99999999999996,40.5726,2.5168192
2012-07-27,2,44,132.0,120.926994,3.3357148
2012-07-09,1,89,0.0,0.0049545127,1.6032268
2012-05-01,39,111,0.0,-0.01762925,1.7272857
2012-05-31,4,93,1.9999999999999996,2.5395057,2.2043228
2012-02-11,18,57,0.0,-0.0054565943,1.760049
2012-05-27,34,93,0.0,0.021234818,1.6504517
2012-03-26,43,16,25.000000000000004,26.805058,2.4214878
2012-04-06,36,1,4.000000000000001,2.444327,2.601711
2012-04-07,18,72,1.0,1.4088374,2.5350528
2012-02-18,44,62,1.0,2.2517042,2.3062134
2012-02-28,36,1,0.0,-0.04031291,1.7014492
2012-05-01,40,45,47.99999999999999,72.4407,2.8837721
2012-07-29,1,28,4.000000000000001,4.1536493,2.169241
2012-04-27,15,49,0.0,0.008379756,1.6931283
2012-02-09,30,65,0.0,0.008293027,1.7637757
2012-04-23,3,109,0.0,0.008152009,1.6282022
2012-07-02,35,105,0.0,0.0016867054,1.6801044
2012-07-21,6,14,0.0,0.019377938,1.7046746
2012-01-18,3,109,0.0,-0.0010337108,1.6229943
2012-02-16,38,52,1.0,1.7578789,2.3208082
2012-03-10,10,21,1.9999999999999996,1.7344118,2.4833891
2012-02-04,45,22,0.0,-0.008567154,1.7400604
2012-04-03,45,22,0.0,0.06408438,1.6110337
2012-04-10,19,16,14.999999999999998,26.568735,2.0819247
2012-08-01,19,93,5.0,4.4644437,2.1717193
2012-02-17,3,45,54.000000000000014,71.27257,2.8875277
2012-08-01,42,45,118.00000000000003,89.30539,3.1561968
2012-04-06,43,37,16.0,12.604955,1.5890684
2012-01-26,12,37,22.0,14.960532,1.7684948
2012-05-12,43,3,3.0,2.8420095,2.4223888
2012-07-19,4,96,0.0,0.008977486,1.7063298
2012-03-07,30,13,3.0,1.3020109,2.4150746
2012-06-21,31,9,30.0,62.037434,2.9162748
2012-08-04,24,6,45.0,33.611362,2.3998442
2012-03-22,37,104,0.0,-0.009371421,1.6577721
2012-01-09,40,51,0.0,-0.009194343,1.6608201
2012-05-20,24,60,5.0,1.9598259,2.437003
2012-04-12,21,109,0.0,7.100291e-05,1.630227
2012-01-22,32,86,0.0,-0.022510447,1.6596242
2012-07-05,43,73,1.0,1.4112191,2.4866362
2012-07-21,31,67,0.0,0.029814204,1.6881748
2012-01-10,14,15,0.0,-0.03027068,1.6928097
2012-06-26,20,74,1.0,2.2097905,2.3717785
2012-03-01,7,5,201.00000000000006,82.72986,3.2028904
2012-03-17,17,48,172.00000000000006,168.91718,3.6905692
2012-02-06,27,68,50.0,47.906403,2.524619
2012-07-20,25,84,1.0,2.1368637,2.304948
2012-01-18,41,93,0.0,-0.00040461056,1.6072049
2012-04-17,15,61,1.0,1.9786044,2.465283
2012-05-14,28,45,52.00000000000001,68.9359,2.9142
2012-06-27,35,105,0.0,-0.011507993,1.641745
2012-07-12,28,2,1.0,2.816494,2.343097
2012-01-25,23,5,58.000000000000014,25.246655,2.6558714
2012-03-29,1,89,0.0,0.0015456054,1.6055961
2012-03-12,36,44,94.99999999999999,99.56081,3.1588767
2012-07-14,30,51,0.0,0.029170888,1.7129778
2012-05-25,33,9,41.99999999999996,82.74164,3.1744826
2012-07-12,15,5,38.99999999999998,64.99497,2.8584695
2012-07-01,27,9,22.0,26.316797,2.5347934
2012-01-19,44,105,0.0,-0.007676262,1.6434414
2012-03-10,18,72,0.0,-0.027716223,1.7313637
2012-07-28,15,45,108.00000000000007,93.813,3.1071882
2012-05-11,14,70,1.0,2.1588864,2.2856996
2012-03-28,9,5,48.99999999999999,53.376255,2.7940967
2012-06-28,1,47,0.0,0.0307788,1.9343704
2012-04-19,41,93,1.9999999999999996,4.121402,2.030978
2012-08-06,25,81,14.0,9.200855,2.1168036
2012-07-30,42,82,0.0,-0.081636876,1.7536445
2012-07-02,45,34,0.0,-0.07602403,1.7467388
2012-06-27,37,105,0.0,-0.014968256,1.6487252
2012-04-02,18,5,23.000000000000004,15.726395,2.8650675
2012-03-18,25,81,25.000000000000004,13.464348,1.8583989
2012-01-06,16,25,168.0,128.54799,3.426273
2012-05-23,39,103,0.0,-0.034567557,1.6239777
2012-04-24,8,59,1.9999999999999996,0.8645907,2.484834
2012-08-03,17,71,1.0,1.8239368,2.872805
2012-06-24,17,48,193.0,170.58865,3.6992376
2012-06-26,23,29,0.0,0.063452914,1.5874084
2012-04-08,34,45,84.99999999999997,101.761765,3.0923965
2012-01-28,29,45,77.0,68.491684,2.9295032
2012-06-26,11,87,1.0,1.8140073,2.4425967
2012-07-30,34,9,46.99999999999997,42.686382,2.4741104
2012-06-02,25,81,23.000000000000004,13.916481,2.041165
2012-06-17,20,18,0.0,-0.0022359395,1.7916213
2012-05-02,16,39,0.0,0.0047027147,1.7330439
2012-08-23,13,5,50.0,62.620667,2.862733
2012-07-12,35,16,16.999999999999996,27.190344,2.184121
2012-04-15,4,101,0.0,0.005326949,1.8067483
2012-01-31,19,93,0.0,-0.01797817,1.6687773
2012-03-20,43,37,4.000000000000001,11.819109,1.5449032
2012-04-29,23,56,1.9999999999999996,2.1418831,2.5157468
2012-03-24,44,5,47.99999999999999,24.70237,2.77639
2012-07-29,9,45,103.99999999999997,74.97387,3.0431614
2012-07-03,7,95,0.0,0.0044261115,1.7076844
2012-01-24,34,31,1.9999999999999996,2.0505002,2.3927314
2012-05-29,15,93,11.0,3.2888825,2.1582048
2012-06-11,39,9,8.000000000000005,3.2477086,2.6980112
2012-03-26,12,79,0.0,-0.015240492,1.7327727
2012-02-08,12,16,42.99999999999999,29.64886,2.190715
2012-07-11,9,45,65.99999999999997,54.999832,2.8739712
2012-02-07,30,49,0.0,0.01976515,1.6900561
2012-03-16,22,54,0.0,-0.008039169,1.6439743
2012-04-17,10,21,1.0,1.2878032,2.4291267
2012-06-11,15,61,0.0,0.02304123,1.7762288
2012-07-26,11,9,33.00000000000001,25.77282,2.3319755
2012-03-29,9,10,1.9999999999999996,2.4064887,2.090802
2012-01-06,45,26,0.0,-0.031223575,1.701303
2012-08-21,43,105,0.0,-0.0041754195,1.6198498
2012-05-12,21,5,26.0,32.390923,2.6295512
2012-06-23,4,93,8.000000000000005,3.593306,2.18825
2012-05-10,34,45,155.99999999999994,78.3396,2.9100628
2012-05-28,8,84,0.0,-0.020342974,1.6216292
2012-04-22,21,91,0.0,-0.02925181,1.7484622
2012-04-11,12,93,0.0,0.015686376,1.7435054
2012-07-23,28,35,0.0,-0.024577081,1.6531806
2012-02-28,27,9,22.0,19.821795,2.335632
2012-03-19,25,81,16.0,9.678305,1.9222577
2012-04-07,31,9,58.000000000000014,67.3147,2.7071693
2012-03-02,19,15,0.0,0.04287386,1.6531837
2012-03-15,8,23,5.0,6.290664,1.7894909
2012-03-04,30,65,1.0,2.2901232,2.80652
2012-04-17,30,16,54.000000000000014,24.42967,2.2251542
2012-03-21,40,45,35.0,47.344578,2.9402964
2012-01-09,41,93,0.0,0.0032660887,1.6534959
2012-03-29,5,16,17.999999999999996,18.459166,2.0030816
2012-05-01,24,60,1.9999999999999996,1.7788064,2.530603
2012-03-02,20,41,29.000000000000004,23.797047,1.8297364
2012-04-01,32,86,0.0,-0.011924346,1.7135162
2012-02-14,32,45,35.0,49.14431,2.9019322
2012-04-29,25,12,0.0,-0.05077449,1.7709908
2012-08-08,32,58,4.000000000000001,2.3872416,2.2525105
2012-04-29,16,50,0.0,0.018760914,1.7585002
2012-07-21,3,93,0.0,0.0047552167,1.6760697
2012-01-02,27,9,53.00000000000001,39.079903,2.3431394
2012-04-10,14,88,1.9999999999999996,1.47822,2.4148784
2012-04-15,37,53,1.0,2.0611138,2.4174814
2012-02-16,22,104,0.0,-0.0044177417,1.6837677
2012-03-30,22,9,37.99999999999999,42.573593,2.528273
2012-03-16,18,57,0.0,-0.02445315,1.6126493
2012-03-04,37,5,118.99999999999997,54.28722,2.71781
2012-02-12,11,61,1.9999999999999996,2.0763237,2.61908
2012-08-17,40,15,0.0,0.020416157,1.6155542
2012-07-15,45,50,0.0,-2.2512098e-05,1.6672028
2012-04-30,39,111,0.0,-0.01703609,1.6294068
2012-05-13,37,105,0.0,-0.0009385121,1.6848716
2012-02-25,7,93,0.0,-0.008287065,1.7103957
2012-05-28,13,93,0.0,0.0013037808,1.6926001
2012-04-16,4,9,103.99999999999997,49.614216,2.7864673
2012-02-23,15,93,0.0,0.02166502,1.7546248
2012-05-23,8,59,0.0,-0.013289549,1.6568443
2012-04-30,30,16,42.99999999999999,22.34625,2.1462698
2012-07-12,14,25,14.999999999999998,12.217703,2.245769
2012-07-22,14,50,0.0,-0.02682946,1.6822213
2012-05-04,8,59,1.0,1.3932829,2.3706293
2012-05-04,30,13,5.0,2.854702,2.0947535
2012-04-08,15,45,117.00000000000004,142.07103,3.4556212
2012-05-29,11,87,0.0,0.016351046,1.6991292
2012-08-23,35,93,0.0,-0.006987405,1.6265376
2012-01-10,44,62,1.9999999999999996,2.030303,2.2893593
2012-05-28,19,69,1.9999999999999996,2.3007736,2.3555105
2012-06-05,36,30,1.9999999999999996,1.5316794,2.4571373
2012-07-23,23,29,1.0,1.2496384,2.5100427
2012-01-10,1,9,25.000000000000004,47.322372,2.7588995
2012-02-25,1,28,9.000000000000002,4.7329416,2.3302813
2012-07-02,12,79,0.0,-0.007633098,1.712952
2012-07-05,22,68,42.99999999999999,35.32597,2.4551842
2012-07-28,21,44,94.0,88.84753,3.3753402
2012-07-20,31,104,0.0,-0.019863768,1.6358289
2012-06-14,33,44,188.00000000000006,186.4537,3.8571692
2012-05-17,13,36,81.00000000000001,69.64748,2.8381324
2012-07-13,1,93,3.0,4.2704234,2.1729147
2012-03-01,41,61,1.9999999999999996,1.9861476,2.6069076
2012-07-04,16,77,0.0,0.008996033,1.7082163
2012-04-10,34,45,151.0,73.248985,2.8891902
2012-08-17,40,51,0.0,-0.008699224,1.627983
2012-02-16,15,61,1.9999999999999996,2.0647426,2.4338346
2012-01-18,3,102,0.0,-0.0010337108,1.6229943
2012-02-01,13,36,94.99999999999999,71.60676,2.8790414
2012-06-10,34,31,1.0,2.956074,2.4347987
2012-05-09,44,94,0.0,0.012707239,1.7098577
2012-08-05,38,93,0.0,0.001289908,1.7263032
2012-08-13,41,93,1.9999999999999996,3.0351818,2.1320255
2012-06-18,37,105,0.0,-0.005371637,1.6383249
2012-02-04,17,37,55.00000000000002,62.685135,2.7150095
2012-05-10,30,16,40.00000000000001,42.370796,2.2901192
2012-06-02,6,45,69.00000000000003,77.75548,3.052808
2012-01-10,19,88,0.0,-0.010101799,1.6556612
2012-03-30,14,15,0.0,-0.018773505,1.6813726
2012-06-19,1,99,0.0,0.013585878,1.6188695
2012-03-20,5,93,0.0,-0.0040037646,1.645317
2012-03-12,8,100,0.0,-0.0032592786,1.6454481
2012-03-15,20,18,1.0,1.7368081,2.474843
2012-01-05,16,64,0.0,0.020382836,1.718691
2012-04-04,8,100,0.0,-0.0024365229,1.6512696
2012-05-23,15,5,51.00000000000003,44.464214,2.8328576
2012-06-12,35,24,0.0,0.09513891,1.6718471
2012-06-20,24,6,51.00000000000003,53.569508,2.6347551
2012-06-18,22,104,0.0,0.021684127,1.780525
2012-05-17,14,33,0.0,0.03754137,1.5493933
2012-01-15,34,52,1.0,2.4421418,2.3076627
2012-02-26,21,109,0.0,-0.0022637497,1.6578671
2012-03-06,38,86,0.0,0.0027149315,1.6507573
2012-08-11,25,12,0.0,-0.056939535,1.8604169
2012-02-29,4,93,0.0,0.037756994,1.8023089
2012-01-06,12,93,1.0,3.6518083,2.1651244
2012-05-23,45,34,0.0,0.06574016,1.5529765
2012-06-13,27,68,0.0,0.12075474,2.2400465
2012-05-11,41,16,28.000000000000004,31.478573,2.3693347
2012-01-04,13,104,0.0,0.0039760284,1.7469172
2012-06-22,32,58,0.0,-0.011389295,1.6157715
2012-06-04,22,68,42.99999999999999,46.25805,2.6130486
2012-04-22,31,104,0.0,-0.009993885,1.6546595
2012-08-20,23,29,1.0,1.9091552,2.4488163
2012-04-14,25,93,11.0,4.6758657,2.2583103
2012-05-06,7,93,5.0,5.935771,2.3584793
2012-04-16,43,105,0.0,-0.003765129,1.6063426
2012-07-24,9,105,0.0,-0.008870608,1.6574192
2012-01-12,8,23,5.0,13.652383,1.9048271
2012-08-12,12,37,17.999999999999996,30.477774,1.9248967
2012-08-03,19,15,0.0,0.016721494,1.6346477
2012-03-14,8,59,1.0,1.6281645,2.374915
2012-01-22,34,93,0.0,0.019216271,1.6396577
2012-01-09,31,93,0.0,-0.008383879,1.676475
2012-07-07,15,93,14.999999999999998,6.8885403,2.443589
2012-07-01,8,84,0.0,-0.011855714,1.7893656
2012-01-07,43,37,37.99999999999999,20.144175,1.565902
2012-02-14,20,5,16.999999999999996,28.205421,3.2867336
2012-07-01,25,12,0.0,-0.017151494,1.8808582
2012-07-19,14,9,5.9999999999999964,12.193539,2.3147817
2012-04-05,39,111,0.0,-0.009330783,1.712387
2012-05-01,36,9,56.999999999999986,81.02444,2.9830685
2012-04-08,23,56,0.0,-0.0029534735,1.6724191
2012-08-17,6,45,54.000000000000014,56.015247,2.8515882
2012-08-18,14,88,1.0,1.8821912,2.3556428
2012-08-07,37,38,0.0,0.055716936,1.6108849
2012-05-31,43,105,0.0,-0.009776319,1.611033
2012-06-08,22,104,0.0,0.08205902,1.8905748
2012-06-02,21,5,87.99999999999999,54.792973,2.812091
2012-01-08,40,93,0.0,0.006787691,1.6992518
2012-04-28,15,93,5.0,3.5434484,2.4932394
2012-02-23,15,15,0.0,0.07031054,1.7017173
2012-08-05,35,49,0.0,-0.002256645,1.6942474
2012-03-05,30,16,93.0,54.05621,2.452227
2012-01-06,45,4,0.0,0.014759274,1.678331
2012-02-01,25,84,0.0,0.030991254,1.823324
2012-04-13,25,9,100.00000000000003,99.837814,3.196494
2012-01-13,8,23,12.0,12.442612,1.591753
2012-02-02,5,93,0.0,0.00891101,1.6119616
2012-01-26,20,93,0.0,0.08328426,1.7745421
2012-01-28,25,12,1.9999999999999996,3.7701066,2.518551
2012-06-19,5,105,0.0,0.0076677175,1.6177008
2012-01-16,33,92,0.0,0.02224515,1.7000166
2012-08-20,36,30,1.0,2.096459,2.29331
2012-07-11,45,26,4.000000000000001,4.3114977,1.9938622
2012-01-19,34,31,1.0,1.7527556,2.3694935
2012-01-18,5,93,0.0,-0.0029046028,1.6101887
2012-03-15,24,43,47.99999999999999,61.366096,2.761155
2012-05-17,3,93,0.0,0.018047148,1.5914803
2012-04-01,10,5,35.0,49.760937,2.9460742
2012-02-10,40,55,0.0,-0.0019745447,1.6745597
2012-03-24,10,93,5.9999999999999964,5.401703,2.1328092
2012-01-19,5,16,20.0,22.544964,1.9963074
2012-07-30,7,7,0.0,0.036521353,1.7201675
2012-01-29,16,93,0.0,0.008937484,1.78578
2012-07-20,43,37,13.000000000000004,12.838031,1.6132406
2012-05-11,6,45,46.99999999999997,57.497753,2.750064
2012-03-27,8,59,0.0,-0.0104684075,1.6076281
2012-04-15,13,46,1.0,3.176216,2.7289147
2012-02-13,19,83,14.999999999999998,6.2834735,1.9962863
2012-03-09,34,45,89.99999999999997,76.957664,2.8485901
2012-06-15,27,68,41.99999999999996,41.541363,2.4591582
2012-06-27,32,9,35.0,27.299631,2.2662516
2012-03-25,8,93,3.0,3.3460214,2.2032976
2012-04-08,37,53,1.0,2.0796108,2.3834698
2012-06-08,45,34,0.0,-0.05459197,1.6827401
2012-01-18,31,98,0.0,0.0016145727,1.6563064
2012-07-13,14,88,0.0,-0.036505394,1.6639576
2012-07-20,30,13,1.0,2.8758035,2.3231628
2012-04-08,39,111,0.0,-0.007293029,1.703099
2012-02-14,8,23,5.9999999999999964,5.8705673,1.7295349
2012-05-23,5,32,0.0,0.14571807,1.4839717
2012-04-01,34,84,1.0,1.7398639,2.5716093
2012-05-01,19,83,8.000000000000005,6.4899917,1.9508818
2012-06-12,44,94,1.9999999999999996,2.167815,2.570666
2012-07-31,1,89,0.0,0.00031267334,1.6006466
2012-04-04,4,90,1.0,1.6446612,2.309793
2012-04-28,7,93,0.0,-0.0033482094,1.630673
2012-01-03,12,93,0.0,0.0117668705,1.7250798
2012-06-27,15,61,1.9999999999999996,2.0572085,2.4195397
2012-03-03,38,93,0.0,0.0015201544,1.7070634
2012-05-16,28,2,1.9999999999999996,2.4388566,2.160983
2012-03-26,20,106,0.0,0.0021830995,1.6721542
2012-06-11,8,93,7.000000000000002,3.571775,2.3826733
2012-01-25,3,93,0.0,-0.0029412769,1.6204561
2012-05-19,10,37,7.000000000000002,12.545802,1.5966232
2012-07-10,25,93,0.0,0.07178894,1.7695767
2012-02-23,12,86,0.0,0.011272481,1.6824547
2012-04-27,24,6,33.00000000000001,25.149996,2.3077664
2012-02-15,27,9,13.000000000000004,28.58432,2.2660832
2012-04-17,36,9,23.000000000000004,26.641533,2.3553133
2012-03-23,5,32,1.9999999999999996,2.082668,2.2723022
2012-04-13,9,105,0.0,0.017702203,1.6704963
2012-07-25,9,42,8.000000000000005,9.326626,1.6900456
2012-05-12,28,5,35.99999999999998,45.612473,2.6578577
2012-03-20,9,105,0.0,0.016798425,1.6668541
2012-03-16,37,38,0.0,0.039248742,1.6215
2012-03-03,39,36,12.0,10.584469,2.2129192
2012-07-06,25,84,0.0,0.058587056,1.7453569
2012-01-11,45,22,0.0,0.07515757,1.6515735
2012-05-29,22,9,69.00000000000003,52.55801,2.6486456
2012-02-29,13,5,31.999999999999986,51.486702,2.932767
2012-07-22,39,111,0.0,0.0052325637,1.65787
2012-03-06,2,5,82.99999999999997,45.229668,2.667211
2012-02-14,16,64,0.0,0.0028099928,1.775198
2012-01-07,31,98,0.0,-0.00253088,1.7450248
2012-01-27,32,86,0.0,-0.022037879,1.6249822
2012-07-07,19,39,0.0,-0.06389794,1.7206768
2012-04-09,16,50,0.0,0.013729247,1.7022828
2012-07-09,15,49,0.0,0.028655842,1.8186177
2012-08-11,1,93,0.0,0.0075157173,1.6697509
2012-05-01,4,9,40.999999999999986,38.45588,2.822741
2012-08-18,24,97,0.0,0.007638052,1.6831912
2012-06-22,34,31,0.0,0.03827832,1.5902711
2012-03-26,22,68,53.00000000000001,52.289127,2.6467378
2012-08-21,24,97,0.0,-0.008345724,1.6863854
2012-01-06,37,15,0.0,0.04617589,1.6145126
2012-07-30,6,9,45.99999999999995,37.449646,2.4973083
2012-07-26,42,82,1.0,1.8192585,2.3533921
2012-04-08,27,9,26.0,46.701283,2.490162
2012-03-02,8,84,0.0,-0.015503277,1.683635
2012-02-04,36,9,40.00000000000001,49.482864,2.461118
2012-04-14,4,90,0.0,-6.4476655e-05,1.7611378
2012-06-21,40,5,17.999999999999996,30.177816,2.720975
2012-05-27,5,93,12.0,6.3544364,2.3049324
2012-08-04,22,9,89.99999999999997,87.99632,3.086093
2012-07-10,11,86,0.0,-0.019797409,1.6373656
2012-03-22,1,93,0.0,0.013475565,1.5891434
2012-04-26,41,61,1.0,1.6131887,2.2901938
2012-08-19,45,26,5.0,6.069255,1.9621998
2012-04-20,1,28,4.000000000000001,3.0143676,2.1023698
2012-07-08,9,10,0.0,5.539116e-05,1.8290879
2012-03-15,22,104,0.0,0.0060568587,1.6746745
2012-07-21,18,57,0.0,-0.012989868,1.7179111
2012-05-26,28,45,45.0,71.12477,3.0543487
2012-06-27,25,50,0.0,0.0585745,1.7038969
2012-04-11,33,92,1.0,2.3669944,2.2432487
2012-08-20,1,51,0.0,0.0048716813,1.6495271
2012-03-09,16,85,0.0,0.019359095,1.7429016
2012-07-07,4,9,75.0,91.578476,3.0212078
2012-02-21,10,37,17.999999999999996,11.827942,1.6096044
2012-07-20,27,9,9.000000000000002,24.180717,2.3150423
2012-08-09,3,93,0.0,0.008814846,1.6330347
2012-05-05,40,45,73.99999999999997,90.13622,3.0014482
2012-05-21,21,5,35.0,44.707504,2.800485
2012-07-09,33,85,0.0,0.00029365753,1.7117243
2012-06-15,31,93,5.9999999999999964,6.929549,2.1923661
2012-07-06,35,24,0.0,0.147706,1.6645108
2012-03-30,16,77,1.0,2.7022147,2.4059832
2012-06-22,6,9,11.0,35.335773,2.2911186
2012-03-17,4,97,0.0,0.003968451,1.7508155
2012-06-16,2,93,1.9999999999999996,4.374609,2.3038826
2012-03-12,2,85,0.0,-0.006866176,1.6427611
2012-06-19,13,93,0.0,0.0056173555,1.7316116
2012-01-29,3,109,0.0,-0.0036659006,1.682823
2012-07-29,12,16,33.99999999999998,25.814808,2.2624388
2012-05-02,16,16,51.00000000000003,46.353207,2.4250455
2012-01-24,15,5,58.999999999999986,42.081676,3.0144765
2012-08-03,2,93,0.0,0.013466884,1.6839592
2012-05-05,42,82,0.0,-0.071989894,1.7442819
2012-02-21,43,37,18.999999999999996,15.653404,1.5180273
2012-04-22,2,85,0.0,-0.016257564,1.7138228
2012-08-02,9,42,8.000000000000005,11.033619,1.9091359
2012-08-04,44,68,67.00000000000001,66.20034,2.7311566
2012-04-13,11,110,0.0,0.009085712,1.6389189
2012-08-08,38,9,35.99999999999998,48.375736,2.524423
2012-05-21,36,1,1.0,1.5319638,2.408614
2012-05-08,16,85,1.9999999999999996,2.106498,2.610147
2012-03-30,28,2,0.0,-0.06254237,1.6527901
2012-06-30,14,50,0.0,-0.024051005,1.6849334
2012-03-08,9,45,48.99999999999999,54.00158,2.754557
2012-03-16,3,102,0.0,0.009774397,1.5961562
2012-01-18,25,81,14.0,9.087672,1.9766597
2012-03-19,1,28,7.000000000000002,3.7179086,2.252754
2012-08-11,2,85,0.0,-0.0020172065,1.7080625
2012-02-03,24,6,50.0,38.137695,2.5864487
2012-04-23,6,14,1.0,2.5632975,2.08675
2012-03-28,2,44,87.00000000000003,101.1318,3.2991414
2012-04-06,40,51,0.0,-0.0036943387,1.6429385
2012-08-15,41,93,0.0,-0.017295523,1.6742383
2012-05-30,36,44,63.99999999999998,65.95377,3.2135973
2012-03-03,13,93,0.0,-0.010235586,1.7716416
2012-05-31,45,22,0.0,-0.033653855,1.657136
2012-03-31,14,15,0.0,-0.06626434,1.821211
2012-07-31,31,93,0.0,-0.013009949,1.6196356
2012-06-18,17,37,72.99999999999997,48.712006,2.413442
2012-06-20,21,91,0.0,0.0023251087,1.7041694
2012-03-21,5,16,23.000000000000004,17.354288,1.9757135
2012-05-24,24,60,1.0,1.5349082,2.3937986
2012-02-14,18,5,16.999999999999996,15.519131,2.9499395
2012-03-31,19,69,1.9999999999999996,1.7982196,2.3543065
2012-01-12,4,9,72.99999999999997,61.787243,2.9784124
2012-04-05,37,45,45.99999999999995,60.852974,2.7894464
2012-01-11,41,68,65.99999999999997,52.015087,2.7420044
2012-05-09,8,84,0.0,-0.009352794,1.6335508
2012-04-26,45,22,0.0,-0.040639777,1.6375505
2012-05-10,7,23,14.0,13.745525,1.5180732
2012-07-18,8,93,0.0,-0.016069269,1.6209204
2012-02-17,9,10,0.0,-0.052385088,1.6582993
2012-06-04,31,45,76.00000000000003,68.497055,2.7590654
2012-02-17,37,15,0.0,0.000558341,1.7199203
2012-07-18,11,86,0.0,-0.0043187737,1.6983057
2012-02-21,19,83,1.0,5.635268,1.9305632
2012-02-11,24,76,0.0,0.015003108,1.6872209
2012-04-08,9,10,0.0,0.012016951,1.7355319
2012-05-18,19,15,0.0,-0.041998427,1.6385951
2012-07-06,30,65,0.0,0.01916934,1.7375739
2012-05-28,37,104,0.0,-0.012565941,1.6391459
2012-07-07,33,85,0.0,-0.0043417388,1.8876042
2012-01-07,14,70,1.0,1.4328473,2.44516
2012-06-26,4,96,0.0,-0.0038779494,1.686042
2012-01-03,31,67,0.0,-0.008515032,1.6864773
2012-07-04,20,93,0.0,-0.002990695,1.7177193
2012-02-16,41,16,48.99999999999999,39.07785,2.2901046
2012-04-08,4,90,1.0,1.6526761,2.3576183
2012-02-03,6,9,45.0,56.10256,2.7576528
2012-07-24,33,93,0.0,0.002763441,1.6999085
2012-08-20,16,39,0.0,0.08093975,1.7060833
2012-06-24,20,74,1.9999999999999996,2.1624537,2.440502
2012-01-05,41,16,56.00000000000001,46.768738,2.41553
2012-02-03,5,93,0.0,0.005207641,1.643502
2012-07-30,14,33,0.0,0.06562765,1.5700285
2012-02-20,43,105,0.0,-0.011013174,1.6116438
2012-07-24,10,37,9.000000000000002,10.100493,1.5857521
2012-07-15,34,84,0.0,-0.012123618,1.7288498
2012-07-21,30,44,197.0,187.59927,3.7291472
2012-01-17,4,90,0.0,-0.0006076949,1.7212274
2012-01-27,42,45,75.0,64.97326,2.7622864
2012-03-15,15,45,82.00000000000003,97.19301,3.173759
2012-02-17,41,86,0.0,0.011311453,1.6710422
2012-01-18,42,45,82.99999999999997,62.85807,2.913187
2012-07-24,9,42,8.000000000000005,6.8907223,1.8903992
2012-06-16,16,85,0.0,0.0055488823,1.7825186
2012-08-03,24,76,1.0,2.5800667,2.3688457
2012-08-21,41,86,1.0,1.8227865,2.3556776
2012-01-08,37,15,0.0,0.066457435,1.7314913
2012-07-13,43,3,1.9999999999999996,2.4480956,2.4479494
2012-08-07,35,49,0.0,-0.0014436515,1.6260728
2012-06-06,38,9,67.00000000000001,45.924606,2.5347512
2012-05-23,13,93,1.9999999999999996,3.3353677,2.0878923
2012-01-01,38,98,0.0,-0.010097812,1.7176386
2012-01-02,45,34,0.0,-0.054353837,1.7365772
2012-05-22,41,108,0.0,-0.012617344,1.6788223
2012-07-11,40,93,0.0,-0.0019337108,1.6431804
2012-07-20,9,10,1.9999999999999996,2.6300254,2.0913768
2012-05-26,11,87,0.0,-0.017596954,1.6512232
2012-04-10,29,41,45.99999999999995,24.59516,1.8781534
2012-01-29,22,78,0.0,0.0026253848,1.7037693
2012-03-07,7,95,0.0,0.010638916,1.7045766
2012-03-25,4,101,0.0,-0.0034809683,1.7779992
2012-07-22,34,31,0.0,0.0020190428,1.6506355
2012-02-01,40,15,0.0,-0.010066318,1.7116501
2012-01-15,8,5,31.0,64.7101,2.9280543
2012-06-05,24,43,50.0,54.318546,2.8707285
2012-04-22,30,44,238.99999999999997,192.08945,3.7939231
2012-06-05,35,24,0.0,0.09220784,1.6621528
2012-03-01,19,69,0.0,0.057262544,1.7096227
2012-08-07,19,83,9.000000000000002,6.328699,1.9490349
2012-03-11,10,21,0.0,0.043191053,1.7015237
2012-01-01,39,111,0.0,-0.011108773,1.7030987
2012-07-13,8,93,0.0,-0.01600166,1.6424825
2012-01-06,43,93,0.0,0.004346635,1.6379063
2012-04-03,29,8,22.0,29.794466,2.1315782
2012-02-16,31,45,61.00000000000001,49.904434,2.8404691
2012-07-05,35,93,1.9999999999999996,3.9234085,2.268354
2012-02-24,8,59,1.9999999999999996,1.4595586,2.315068
2012-04-18,14,9,30.0,9.6937065,2.4061239
2012-03-24,9,42,7.000000000000002,11.572445,1.7884933
2012-02-24,4,90,0.0,-0.02039788,1.7273557
2012-06-19,11,9,26.0,27.21852,2.2474036
2012-07-16,45,9,13.000000000000004,13.1064205,2.3188972
2012-05-01,4,96,0.0,-0.001947061,1.7688152
2012-07-14,13,93,1.0,3.94431,2.2281015
2012-08-18,25,9,54.000000000000014,108.38704,3.2893205
2012-06-12,16,64,0.0,0.02449083,1.729182
2012-04-19,30,44,129.99999999999994,92.85011,3.217148
2012-03-04,17,48,166.00000000000006,179.95569,3.7187784
2012-04-24,27,93,0.0,-0.001801045,1.5987844
2012-07-21,9,45,108.00000000000007,67.63307,3.0066762
2012-07-07,13,104,0.0,-0.020655205,1.755539
2012-04-21,33,92,0.0,0.0060861995,1.8943015
2012-01-15,16,25,244.0000000000001,91.25589,3.707059
2012-06-06,44,93,1.0,4.8859377,2.2169693
2012-03-03,6,107,0.0,-0.009095428,1.7558202
2012-05-06,19,15,0.0,0.027638486,1.6883878
2012-08-01,8,84,0.0,-0.009946994,1.6958725
2012-06-22,42,5,30.0,38.54003,2.5260727
2012-07-11,10,5,93.0,54.86171,2.8091116
2012-07-20,24,97,0.0,-0.0066945883,1.6201669
2012-03-29,20,93,7.000000000000002,4.096848,2.187944
2012-06-18,13,104,0.0,0.0053396216,1.7282408
2012-04-09,22,68,87.99999999999999,48.731506,2.5320604
2012-04-16,5,32,1.0,1.8736768,2.4285913
2012-08-03,17,9,220.99999999999997,180.271,3.7310448
2012-03-22,6,9,41.99999999999996,41.70358,2.6955783
2012-04-29,6,14,0.0,-0.02998358,1.7262267
2012-06-10,30,49,0.0,0.031705137,1.798099
2012-02-17,37,45,61.99999999999999,72.669205,2.9359944
2012-03-25,1,89,0.0,0.0014164185,1.6473533
2012-02-03,16,85,0.0,0.0038669375,1.7228904
2012-04-13,39,111,0.0,0.013660707,1.5963849
2012-07-17,16,16,16.999999999999996,41.78115,2.3855097
2012-03-07,15,49,0.0,-0.0011303674,1.8072704
2012-01-01,1,47,0.0,-0.01110602,1.9952661
2012-01-23,7,93,0.0,0.0037927357,1.6280357
2012-06-15,27,93,4.000000000000001,6.4541483,2.2142146
2012-01-14,22,54,0.0,-0.014142949,1.6916815
2012-08-07,36,1,0.0,0.0290874,1.7113044
2012-03-15,13,104,0.0,0.003614729,1.7244807
2012-06-29,22,9,50.0,39.697407,2.503857
2012-02-11,37,104,0.0,-0.004592827,1.7000722
2012-01-15,14,9,38.99999999999998,47.74263,3.2159798
2012-01-05,22,93,1.9999999999999996,4.3687253,2.4226282
2012-02-27,6,107,0.0,-0.0037938943,1.6770688
2012-01-11,10,5,47.99999999999999,69.082886,2.9055161
2012-04-18,6,14,0.0,0.016168881,1.6095903
2012-05-16,28,45,44.000000000000014,43.677517,2.9992955
2012-04-21,23,45,31.999999999999986,50.747574,3.121908
2012-05-12,19,75,0.0,-0.0041076904,1.6543671
2012-05-01,27,68,60.00000000000001,43.041134,2.5119138
2012-01-14,8,84,0.0,-0.019362392,1.6947222
2012-01-14,17,37,73.99999999999997,58.963394,2.574179
2012-06-23,1,93,16.999999999999996,6.439648,2.2092779
2012-04-10,25,9,70.00000000000007,84.872665,3.1457882
2012-06-10,22,78,7.000000000000002,3.6811395,2.800209
2012-03-01,32,19,1.9999999999999996,2.0351837,2.5096998
2012-01-22,3,45,97.99999999999999,97.362656,3.13315
2012-08-08,45,26,1.9999999999999996,3.266457,2.1958754
2012-05-20,23,5,30.0,46.566227,2.9786777
2012-01-18,31,67,0.0,-0.036081605,1.6479656
2012-04-21,22,93,12.0,7.0651903,2.5266333
2012-02-25,20,106,0.0,-0.0009094981,1.8328373
2012-08-13,8,5,9.000000000000002,48.028694,2.6415575
2012-04-03,15,15,0.0,0.099209204,1.7950249
2012-07-26,30,49,0.0,-0.005771166,1.7029843
2012-01-29,37,5,53.00000000000001,56.866734,2.7232547
2012-05-05,3,2,0.0,-0.0012093082,1.7220815
2012-04-02,43,16,47.99999999999999,64.999596,2.6942222
2012-07-04,5,20,0.0,0.0011470467,1.6632948
2012-05-15,26,2,1.0,3.6734788,2.1702561
2012-07-19,15,17,0.0,0.020348635,1.7714672
2012-01-24,2,44,102.99999999999999,108.63696,3.3988297
2012-05-03,39,111,0.0,-0.022401465,1.6927918
2012-01-26,16,64,0.0,-0.0013899925,1.7382053
2012-07-11,6,14,1.0,1.9236991,2.3964357
2012-05-02,45,50,0.0,-0.00086545665,1.6818947
2012-02-27,15,17,0.0,0.009793006,1.8329283
2012-06-17,7,23,46.99999999999997,22.277855,1.787852
2012-02-16,2,93,0.0,0.009655473,1.6130711
2012-05-18,36,9,23.000000000000004,33.392292,2.2501154
2012-04-21,19,93,0.0,-0.014787805,1.7111951
2012-07-28,3,109,0.0,0.00086814817,1.7060674
2012-08-10,33,9,151.99999999999997,84.39264,2.9404101
2012-08-15,20,106,0.0,-0.0073412294,1.7343438
2012-05-31,21,109,0.0,-0.0078049805,1.7249773
2012-06-01,2,5,107.00000000000003,113.629196,3.2554767
2012-01-12,2,44,81.00000000000001,106.0478,3.258242
2012-04-29,32,86,0.0,-0.039073173,1.7662326
2012-07-10,21,91,4.000000000000001,2.1229634,2.3282468
2012-01-01,17,37,84.99999999999997,71.5436,2.7934208
2012-08-18,38,93,5.9999999999999964,5.911233,2.4858432
2012-04-10,15,15,0.0,0.08055376,1.6665491
2012-08-15,9,5,51.00000000000003,45.39232,2.6618793
2012-06-03,29,56,1.0,2.375967,2.4613051
2012-02-10,15,61,1.9999999999999996,2.1438622,2.7470367
2012-08-17,31,93,4.000000000000001,4.039481,2.2420328
2012-07-05,45,50,0.0,-0.0003334684,1.6304431
2012-01-26,25,12,0.0,-0.01596388,1.676786
2012-02-14,17,37,45.0,34.566467,2.3226576
2012-04-30,29,41,22.0,17.31802,1.6726558
2012-02-27,18,5,11.0,12.052831,2.7561922
2012-08-05,43,16,94.99999999999999,59.360195,2.6420562
2012-02-08,25,45,75.0,62.283974,2.7953622
2012-05-27,32,9,17.999999999999996,34.469532,2.4657695
2012-06-23,37,45,80.00000000000003,83.92752,3.025002
2012-06-18,37,38,0.0,0.058940638,1.5788034
2012-04-07,37,15,0.0,0.035416596,1.6860847
2012-03-26,23,5,21.000000000000004,27.571878,2.6242857
2012-06-06,3,45,68.00000000000001,66.51041,2.9047363
2012-05-22,24,97,0.0,-0.0004522964,1.6251919
2012-06-16,45,34,0.0,-0.027943464,1.663619
2012-05-12,10,5,35.0,41.047577,2.878973
2012-04-17,4,96,0.0,0.009135668,1.683907
2012-05-07,24,60,0.0,-0.032748327,1.7078489
2012-06-19,4,97,0.0,-0.003602718,1.7223154
2012-06-02,32,9,56.00000000000001,52.659786,2.4926043
2012-01-15,28,35,1.0,2.2823007,2.441426
2012-04-18,40,106,0.0,-0.01283838,1.62919
2012-02-23,4,90,0.0,-0.0017899907,1.7267925
2012-01-02,5,16,35.99999999999998,28.097124,2.2509694
2012-08-10,12,37,13.000000000000004,15.178783,1.5614094
2012-01-22,27,80,0.0,-0.039346177,1.7353915
2012-06-02,13,36,129.99999999999994,83.56121,2.911909
2012-04-02,7,5,54.000000000000014,87.71807,3.1177504
2012-07-29,10,93,1.9999999999999996,2.9482667,2.4296727
2012-06-29,20,74,4.000000000000001,2.0424693,2.3907466
2012-04-13,34,31,0.0,-0.025407117,1.6554364
2012-01-22,15,86,0.0,0.00072959985,1.7385383
2012-03-30,29,41,24.000000000000007,20.977783,1.6746643
2012-02-28,19,83,5.9999999999999964,5.831032,2.0648162
2012-05-12,3,93,0.0,0.001705032,1.7701299
2012-01-06,27,9,84.00000000000001,63.04219,2.7767067
2012-06-07,2,85,1.0,1.9578584,2.309377
2012-07-13,15,49,0.0,-0.0063804397,1.7860631
2012-08-15,10,5,78.0,55.6123,2.754791
2012-07-15,36,44,110.99999999999996,116.72401,3.466704
2012-02-25,38,9,89.99999999999997,54.94976,2.650911
2012-07-01,14,93,5.0,3.403781,2.5206447
2012-02-05,26,45,75.0,79.51584,3.1859431
2012-04-10,37,104,0.0,-0.0128032025,1.6751862
2012-06-07,26,2,1.0,2.622358,2.4460561
2012-05-29,16,25,125.99999999999999,93.348434,3.2685852
2012-02-18,4,93,0.0,-0.0020039997,1.783208
2012-02-25,42,82,1.0,2.0063143,2.6810062
2012-06-26,29,45,60.00000000000001,67.3214,2.9245229
2012-02-06,10,37,13.000000000000004,12.272852,1.505827
2012-02-01,5,20,0.0,-0.014512577,1.6519638
2012-06-19,28,2,1.0,2.4359694,2.4063694
2012-06-28,10,5,10.000000000000002,27.9403,2.8110507
2012-06-15,10,21,1.0,1.6000009,2.5198233
2012-03-28,23,5,16.0,15.966388,2.6390746
2012-05-28,30,16,17.999999999999996,23.23222,2.071883
2012-03-11,11,61,1.9999999999999996,2.1396728,2.4828782
2012-04-19,30,13,1.9999999999999996,2.8679829,2.2331414
2012-01-20,23,45,20.0,45.895092,2.9578123
2012-01-25,27,68,65.99999999999997,44.92889,2.615671
2012-01-19,32,9,0.0,0.19418524,2.110529
2012-07-12,27,93,0.0,0.0066636517,1.6788338
2012-01-29,11,86,0.0,-0.012153838,1.6617334
2012-02-03,1,9,103.99999999999997,37.510197,2.503383
2012-02-01,21,44,99.00000000000004,100.0127,3.4938526
2012-05-20,36,1,1.0,3.247872,2.7216015
2012-01-04,16,93,0.0,0.008489734,1.7307446
2012-08-13,43,37,14.999999999999998,11.386289,1.7180002
2012-05-13,44,94,1.9999999999999996,1.9555504,2.4149222
2012-07-03,44,93,4.000000000000001,3.2369952,2.425292
2012-01-08,15,93,3.0,3.7419047,2.4834967
2012-01-23,21,109,0.0,-0.007971157,1.6624136
2012-05-10,14,70,0.0,-0.0111418525,1.6324369
2012-05-15,32,45,64.99999999999997,60.61421,2.89562
2012-03-17,27,68,61.00000000000001,57.45325,2.6660523
2012-02-28,38,98,0.0,-0.004427768,1.6085497
2012-06-16,31,93,1.9999999999999996,3.8889735,2.1803732
2012-04-19,44,5,26.0,19.895924,2.5775874
2012-04-07,17,9,179.0,121.971436,3.3720007
2012-08-03,24,43,36.99999999999999,46.22854,2.8205488
2012-01-20,32,45,50.0,65.91831,2.8422623
2012-04-14,39,103,0.0,-0.0058740494,1.6755698
2012-06-15,36,30,0.0,-0.04636211,1.6982784
2012-01-26,1,51,3.0,2.1400473,2.247702
2012-05-11,30,16,61.00000000000001,47.037758,2.4455373
2012-07-17,13,36,82.00000000000003,89.339676,3.0426083
2012-01-14,16,39,0.0,0.20433857,1.9885503
2012-01-22,8,84,0.0,-0.016184775,1.679009
2012-08-02,27,93,5.9999999999999964,4.713301,2.2785313
2012-01-10,42,5,118.99999999999997,66.316536,3.0053637
2012-02-12,32,19,0.0,-0.0824046,1.8535044
2012-02-01,13,93,0.0,0.0053059855,1.6991779
2012-06-30,15,93,1.9999999999999996,4.2868667,2.5600126
2012-04-27,43,105,0.0,-0.003522549,1.6014662
2012-01-18,8,5,11.0,35.411396,2.6854696
2012-05-01,2,5,191.0,99.9945,3.2205312
2012-06-07,15,17,0.0,0.008736308,1.859127
2012-01-22,23,5,113.00000000000003,39.31637,2.7111247
2012-07-02,36,9,21.000000000000004,41.37726,2.404268
2012-03-26,37,104,0.0,-0.010892949,1.6099681
2012-04-25,12,37,5.9999999999999964,11.281406,1.6903347
2012-02-26,29,41,14.999999999999998,19.894993,1.7478569
2012-03-04,11,68,102.0,64.86827,2.707476
2012-03-12,26,5,44.000000000000014,40.313736,2.6727552
2012-01-20,20,18,1.0,1.511028,2.4824004
2012-02-18,40,15,0.0,0.05252541,1.7609199
2012-02-24,15,15,0.0,-0.02611193,1.8089831
2012-04-16,7,23,16.999999999999996,19.075062,1.6381142
2012-06-22,13,5,42.99999999999999,75.82564,3.0082393
2012-03-01,12,86,0.0,0.02353246,1.7412562
2012-07-13,16,25,205.99999999999994,118.98044,3.2337084
2012-05-01,38,9,50.0,40.344486,2.6557534
2012-07-17,33,85,0.0,-0.00026516957,1.6678358
2012-01-21,20,18,0.0,-0.0057920166,1.7936248
2012-02-12,14,25,1.0,24.6987,2.2935727
2012-07-05,6,107,0.0,0.00056728645,1.6719993
2012-03-30,8,100,0.0,-0.01516965,1.6429638
2012-04-14,14,25,18.999999999999996,17.68409,2.108391
2012-05-07,12,16,29.000000000000004,29.294767,2.1732426
2012-02-04,18,5,20.0,18.904785,3.0293188
2012-08-19,36,30,0.0,-0.07032354,1.7056962
2012-07-06,17,37,80.00000000000003,52.395485,2.5844033
2012-02-20,32,9,33.00000000000001,40.79783,2.4115713
2012-07-24,21,5,78.99999999999997,33.30861,2.6110024
2012-05-04,8,100,0.0,-0.0099510895,1.6608655
2012-07-17,8,23,13.000000000000004,10.507724,1.5228882
2012-02-25,27,68,71.0,64.3221,2.7629719
2012-03-20,36,1,1.9999999999999996,3.3871586,2.3244538
2012-01-12,19,75,0.0,0.002420024,1.6368109
2012-07-11,25,84,0.0,0.05442049,1.8055143
2012-05-28,5,20,3.0,1.2262427,2.5623271
2012-03-29,8,59,0.0,-0.006299866,1.6772931
2012-04-07,15,45,163.00000000000006,129.54138,3.339421
2012-08-09,19,88,1.0,2.3616605,2.3728788
2012-03-12,31,67,7.000000000000002,9.613468,1.7082391
2012-04-30,18,72,0.0,0.004517409,1.629006
2012-03-19,18,57,0.0,0.013620797,1.6883601
2012-08-11,36,30,3.0,1.6376803,2.5262437
2012-03-11,15,17,0.0,-0.07896217,2.0129788
2012-04-11,38,98,0.0,0.0067301258,1.6304599
2012-07-20,31,67,0.0,0.023770122,1.6620173
2012-08-09,40,45,40.00000000000001,55.504368,2.9242833
2012-05-04,8,5,26.0,27.204319,2.721792
2012-06-25,36,44,82.99999999999997,100.74541,3.4153006
2012-05-15,13,46,1.9999999999999996,2.545146,2.4628298
2012-02-24,22,93,14.0,4.881435,2.2237303
2012-08-13,29,41,37.99999999999999,26.239418,1.7941773
2012-04-29,18,72,0.0,-0.014385581,1.6892791
2012-05-29,1,28,4.000000000000001,2.4135191,2.3491144
2012-02-24,25,12,1.0,2.9259217,2.195237
2012-03-10,17,71,1.0,1.8231542,2.8950086
2012-06-20,8,100,0.0,0.024854515,1.7053657
2012-01-24,16,93,0.0,0.006592565,1.7276328
2012-06-01,25,93,5.9999999999999964,5.918829,2.3076458
2012-05-13,38,45,100.00000000000003,92.684494,3.0622463
2012-02-23,16,93,0.0,0.013495952,1.7275406
2012-08-16,12,16,31.0,23.824324,2.1620486
2012-06-12,1,89,0.0,0.008835818,1.647323
2012-08-02,13,93,0.0,-0.0065399776,1.708946
2012-06-02,31,93,1.0,4.664435,2.1751733
2012-05-08,33,92,1.9999999999999996,2.389351,2.4438884
2012-03-11,21,5,81.00000000000001,60.62073,3.0083778
2012-02-21,37,105,0.0,-0.015447761,1.687413
2012-02-07,34,93,0.0,0.011977253,1.6818181
2012-06-20,44,68,60.00000000000001,41.900787,2.5637004
2012-05-13,45,9,17.999999999999996,12.050814,2.4564297
2012-08-17,8,93,1.9999999999999996,3.3821905,2.08637
2012-02-05,1,51,0.0,0.01454696,1.7066436
2012-04-26,4,93,0.0,0.0090977065,1.6821609
2012-05-12,36,1,1.0,3.678015,2.4077725
2012-05-18,30,65,3.0,1.7261271,2.3460763
2012-02-27,28,35,1.9999999999999996,2.7449508,2.4739723
2012-08-09,43,3,0.0,0.022257997,1.7331797
2012-05-03,17,37,91.00000000000001,53.640133,2.548117
2012-08-16,6,107,0.0,-0.0010094739,1.6688901
2012-06-20,4,93,7.000000000000002,4.721933,2.1239934
2012-05-07,33,93,1.0,3.5166004,2.4138029
2012-04-02,11,61,0.0,-0.0050082435,1.6841742
2012-04-24,6,45,48.99999999999999,55.92351,2.8622391
2012-01-17,33,93,0.0,0.011430679,1.6960491
2012-06-26,40,15,0.0,-0.009146707,1.6506189
2012-04-19,1,93,0.0,0.017406618,1.5818622
2012-03-08,10,93,5.0,3.6799147,2.1131258
2012-03-20,32,58,0.0,-0.014716076,1.6132834
2012-01-29,4,90,0.0,0.013344121,1.8014013
2012-01-09,44,62,1.9999999999999996,1.2517735,2.3752837
2012-06-23,25,9,78.99999999999997,43.051445,2.70708
2012-04-18,41,68,30.0,44.171883,2.6388452
2012-07-03,45,50,0.0,-0.013461481,1.6709886
2012-01-27,33,85,0.0,0.007592867,1.7389408
2012-02-21,7,93,0.0,-0.003842583,1.6070242
2012-02-21,19,69,1.9999999999999996,1.9459268,2.3033724
2012-06-05,37,45,53.00000000000001,66.5542,2.8341331
2012-05-29,14,88,0.0,-0.017265487,1.6667396
2012-02-12,24,6,123.00000000000003,85.04872,2.9155633
2012-04-25,37,45,41.99999999999996,43.379368,2.997196
2012-07-25,28,5,21.000000000000004,25.73257,2.6739876
2012-08-10,34,93,0.0,0.040467896,1.654851
2012-03-20,17,37,47.99999999999999,34.642406,2.1758132
2012-07-09,32,19,1.0,1.8810277,2.411888
2012-05-09,30,49,0.0,-0.0056984928,1.774815
2012-06-06,21,109,0.0,0.015452919,1.6678252
2012-07-27,34,93,5.0,3.1156793,2.2100868
2012-01-26,9,93,0.0,0.0014577621,1.6121255
2012-04-11,16,39,0.0,0.011110106,1.9147453
2012-01-19,44,93,0.0,-0.0028322556,1.6123388
2012-08-12,28,35,4.000000000000001,3.5528054,2.624968
2012-06-04,37,5,71.99999999999999,72.86717,2.9115894
2012-01-05,5,16,37.99999999999999,25.688953,2.2100952
2012-05-11,25,81,13.000000000000004,11.571105,1.756005
2012-07-01,16,93,0.0,0.016746132,1.7713078
2012-07-27,1,9,24.000000000000007,19.968212,2.225151
2012-05-09,24,6,16.999999999999996,45.44211,2.358237
2012-01-08,36,9,65.99999999999997,82.189575,2.8698354
2012-08-22,36,30,1.9999999999999996,2.0870883,2.3089263
2012-05-19,25,45,118.99999999999997,81.93269,2.975964
2012-04-25,44,68,68.00000000000001,50.48567,2.6360807
2012-01-26,29,41,18.999999999999996,15.027532,1.6958903
2012-03-29,18,57,0.0,-0.016396644,1.6295583
2012-08-19,34,9,84.99999999999997,78.210884,2.9386258
2012-02-11,25,9,180.99999999999997,127.12861,3.3207216
2012-03-15,17,37,53.00000000000001,48.86089,2.4958296
2012-01-15,38,52,1.9999999999999996,2.2560124,2.5095375
2012-01-07,9,93,0.0,-0.010292824,1.75914
2012-06-02,22,54,0.0,0.0171782,1.7340676
2012-02-12,24,76,1.9999999999999996,2.4526546,2.5946984
2012-02-13,20,93,0.0,0.014948269,1.7153659
2012-06-29,24,97,0.0,0.00069814135,1.6560897
2012-07-17,17,37,45.99999999999995,46.07418,2.4347157
2012-06-01,41,68,42.99999999999999,46.2463,2.591629
2012-03-23,39,9,0.0,-0.3025546,1.9747825
2012-04-09,39,103,0.0,-0.006061243,1.656084
2012-04-03,20,106,0.0,0.010258597,1.7420657
2012-02-23,22,54,0.0,0.01587567,1.6778618
2012-07-27,1,28,5.0,3.3148897,2.063539
2012-04-19,10,21,0.0,-0.008611624,1.6169138
2012-01-17,37,104,0.0,-0.015777912,1.6670431
2012-03-13,25,12,3.0,2.7626584,2.2269359
2012-07-21,38,93,0.0,-0.0045715272,1.7299107
2012-01-30,22,54,0.0,-0.019025616,1.6678896
2012-02-11,19,39,0.0,-0.084966764,1.747662
2012-03-22,14,33,0.0,0.045493275,1.559902
2012-04-21,21,44,67.00000000000001,58.320553,3.2399108
2012-06-02,38,93,0.0,0.02103276,1.8015001
2012-01-24,18,72,0.0,-0.04137886,1.6716725
2012-07-28,7,95,0.0,0.006130295,1.6886085
2012-01-21,21,109,0.0,0.015015784,1.6887283
2012-05-08,19,16,12.0,20.901653,2.1219974
2012-05-01,31,93,0.0,0.020209756,1.6906824
2012-03-16,11,110,0.0,0.0060204365,1.6131723
2012-06-27,18,57,1.0,1.3657613,2.4836524
2012-05-22,41,68,40.00000000000001,41.785656,2.6271024
2012-02-01,42,5,42.99999999999999,72.236015,3.1207662
2012-06-11,22,78,4.000000000000001,3.8012328,2.5373275
2012-02-15,22,9,40.999999999999986,37.825924,2.5394428
2012-05-04,2,93,0.0,0.024771547,1.6240169
2012-07-01,20,41,73.99999999999997,35.511974,2.1046035
2012-05-03,15,61,0.0,0.007955686,1.8015947
2012-04-22,30,49,0.0,0.017005032,1.7267197
2012-02-22,8,59,1.0,1.1391151,2.3875103
2012-01-23,23,5,61.00000000000001,35.87096,2.6950512
2012-05-21,32,58,1.0,1.3953577,2.3238184
2012-02-07,42,5,38.99999999999998,55.443214,2.8034296
2012-08-06,38,45,94.0,86.10074,2.9642873
2012-04-04,23,5,7.000000000000002,22.366493,2.7037601
2012-03-12,12,16,45.0,39.925373,2.1686103
2012-06-18,23,45,37.99999999999999,45.30554,2.8676968
2012-02-01,31,45,92.00000000000003,81.81149,3.0000339
2012-05-07,6,9,121.99999999999994,58.254852,2.756693
2012-04-27,8,93,3.0,3.3927839,2.1403413
2012-05-17,16,25,123.00000000000003,143.32516,3.482471
2012-04-02,40,106,0.0,-0.016305085,1.7350225
2012-02-18,21,5,24.000000000000007,51.012207,2.882535
2012-01-28,27,93,0.0,0.009803145,1.6311182
2012-01-10,32,19,0.0,-0.040127017,1.7499918
2012-08-18,18,57,1.0,1.9049582,2.4837651
2012-04-17,24,43,37.99999999999999,38.601673,2.8514557
2012-05-27,19,16,9.000000000000002,15.764171,2.1717405
2012-07-11,30,16,58.999999999999986,30.758652,2.4281974
2012-02-11,7,5,145.99999999999994,96.80665,3.1820986
2012-01-31,5,105,0.0,0.006481659,1.5989028
2012-06-08,31,98,0.0,0.003090016,1.6757066
2012-04-08,27,68,68.00000000000001,63.19105,2.6911223
2012-01-15,7,23,26.999999999999996,21.601887,1.7631357
2012-03-07,27,21,1.0,1.8148723,2.495638
2012-01-05,19,15,0.0,0.012129472,1.6715395
2012-06-28,20,18,0.0,-0.04477073,1.7687099
2012-08-09,17,37,96.0,53.50474,2.5650811
2012-01-13,41,61,3.0,2.0449026,2.262254
2012-06-06,36,9,64.99999999999997,42.24324,2.3252375
2012-07-28,45,9,8.000000000000005,11.026671,2.476036
2012-04-02,22,68,64.99999999999997,49.91856,2.473407
2012-01-26,41,68,61.99999999999999,52.044064,2.686647
2012-01-30,34,31,0.0,-0.013683015,1.6811326
2012-06-26,6,45,58.000000000000014,62.076702,2.852768
2012-06-11,16,85,1.0,2.059903,2.6769326
2012-06-07,33,44,173.0,215.26251,3.917547
2012-04-29,3,2,5.0,2.9789717,2.514212
2012-06-25,10,21,1.0,2.2082634,2.5607111
2012-08-12,14,33,1.0,2.6382353,2.5803027
2012-07-24,22,93,0.0,-0.013356608,1.7154057
2012-08-14,31,93,0.0,0.0017977698,1.6129175
2012-06-05,37,104,0.0,-0.0019046859,1.7052889
2012-07-22,15,61,0.0,0.00096418435,1.8141441
2012-05-02,38,9,60.00000000000001,63.26523,2.8049204
2012-01-01,23,45,35.0,48.521217,3.0308847
2012-06-17,38,52,0.0,0.0015426273,1.7458351
2012-01-20,1,51,9.000000000000002,2.9139776,2.3855178
2012-07-05,23,5,28.000000000000004,34.183975,2.7853258
2012-07-26,34,52,1.9999999999999996,1.279781,2.3803067
2012-02-16,37,104,0.0,-0.009495735,1.6335658
2012-07-18,14,9,9.000000000000002,7.9937196,2.4689567
2012-03-04,34,84,0.0,-0.003895999,1.724125
2012-02-02,34,84,0.0,0.010924931,1.7025013
2012-01-19,7,23,14.0,20.981667,1.5984741
2012-07-09,41,16,23.000000000000004,39.515156,2.3489237
2012-02-26,3,5,100.99999999999996,81.19377,3.0046904
2012-01-31,20,5,67.00000000000001,87.81343,3.1975007
2012-05-11,10,93,0.0,0.0081834765,1.6071131
2012-04-20,31,98,0.0,-0.004815631,1.6137992
2012-07-14,29,41,35.0,23.817116,1.7312189
2012-04-19,3,45,48.99999999999999,64.60813,2.8727922
2012-03-02,8,93,0.0,-0.0001926753,1.6710944
2012-02-12,4,97,0.0,0.153563,2.158057
2012-08-16,45,26,3.0,5.024096,1.9570651
2012-06-11,21,109,0.0,0.016850749,1.6972266
2012-06-21,4,9,72.99999999999997,41.9551,2.7665012
2012-03-29,4,93,0.0,0.010412208,1.7361262
2012-04-25,25,81,16.0,7.9469337,1.8869984
2012-02-19,18,5,18.999999999999996,16.874838,2.9160736
2012-04-29,32,19,1.0,4.324011,2.6682136
2012-04-22,31,67,13.000000000000004,10.632984,1.9360119
2012-01-27,13,46,0.0,-0.08009698,1.7686194
2012-05-02,36,1,3.0,3.774602,2.2589564
2012-02-26,32,86,0.0,-0.021022096,1.6757396
2012-03-29,17,71,0.0,0.011478224,1.8839371
2012-06-06,6,9,45.0,42.945362,2.3707426
2012-01-09,24,76,1.0,2.5576084,2.3993497
2012-04-21,7,5,94.0,68.913956,3.0249844
2012-06-29,25,93,0.0,0.0612367,1.7467349
2012-07-30,21,5,73.99999999999997,47.91691,2.704263
2012-05-25,31,104,0.0,-0.0024410854,1.6318023
2012-07-07,10,93,0.0,-0.002526383,1.6787256
2012-05-19,2,85,0.0,0.0048680315,1.7260332
2012-01-10,23,29,0.0,-0.034200665,1.7030733
2012-01-30,17,71,1.0,1.581866,2.4729123
2012-07-17,1,93,0.0,-0.0022342158,1.5919548
2012-07-21,21,109,0.0,-0.013506442,1.765388
2012-06-17,44,105,0.0,0.0007636449,1.6578673
2012-03-16,1,47,0.0,0.038227413,1.9219723
2012-08-21,43,16,52.00000000000001,29.770042,2.404062
2012-01-30,16,64,0.0,-9.158462e-05,1.773535
2012-05-07,24,6,56.999999999999986,41.47496,2.4097664
2012-05-28,27,80,0.0,-0.035128903,1.683084
2012-08-22,33,85,0.0,0.0062614577,1.6634893
2012-03-18,40,45,86.0,64.95269,2.996798
2012-06-15,21,5,26.0,41.162346,2.4850514
2012-06-07,30,16,51.00000000000003,47.45904,2.5073116
2012-04-18,39,111,0.0,0.0070004035,1.5807266
2012-06-03,43,93,0.0,-0.008837024,1.763243
2012-08-12,1,99,0.0,0.012637944,1.6847055
2012-01-03,14,33,0.0,-0.019128682,1.6547953
2012-05-22,32,45,56.00000000000001,59.824005,2.8626583
2012-03-27,25,45,87.00000000000003,66.20768,2.853202
2012-04-10,25,93,0.0,0.06356992,1.769855
2012-06-06,44,5,20.0,30.94344,2.5896397
2012-03-31,20,5,63.99999999999998,71.469475,3.203648
2012-01-27,31,45,65.99999999999997,73.32107,2.9363112
2012-04-14,12,79,1.0,2.5921383,2.301291
2012-05-11,1,99,0.0,0.020349734,1.6281648
2012-08-15,31,67,0.0,-0.0187346,1.6872008
2012-02-15,3,5,46.99999999999997,67.730934,2.884439
2012-01-26,28,35,0.0,-0.007285466,1.6849949
2012-04-22,18,37,14.999999999999998,8.397417,1.875665
2012-05-18,10,93,4.000000000000001,4.08782,2.0256426
2012-03-16,25,93,0.0,0.04919304,1.7152333
2012-05-31,24,43,40.00000000000001,55.38226,2.7833228
2012-04-27,32,9,18.999999999999996,32.701138,2.3129222
2012-07-19,8,93,8.000000000000005,3.0536604,2.0898397
2012-01-19,17,48,141.00000000000003,125.7709,3.3934479
2012-03-09,33,93,1.0,3.6840615,2.161233
2012-06-10,20,106,0.0,0.017974978,1.8757087
2012-04-26,11,61,0.0,-0.002176369,1.5857637
2012-01-16,38,86,0.0,-0.011554067,1.6513847
2012-06-06,4,96,0.0,-0.0016235801,1.732747
2012-06-04,1,9,21.000000000000004,30.429142,2.339573
2012-02-04,23,45,36.99999999999999,55.274498,3.2029564
2012-06-06,27,93,5.9999999999999964,6.868884,2.1915069
2012-01-13,33,9,137.00000000000006,110.27484,3.182928
2012-04-12,11,110,0.0,0.0050598863,1.6131344
2012-03-27,29,41,22.0,19.342571,1.7998272
2012-05-02,15,5,184.00000000000009,99.09442,3.140018
2012-08-22,45,22,0.0,-0.0020015987,1.6288725
2012-02-04,1,9,206.99999999999997,52.266884,2.764182
2012-01-23,1,93,0.0,0.003573558,1.6135062
2012-03-22,37,38,0.0,0.036021028,1.6181728
2012-08-07,2,44,149.0000000000001,121.47572,3.4301257
2012-04-06,14,88,0.0,-0.05822014,1.7080901
2012-06-03,23,45,54.000000000000014,58.156662,3.2310438
2012-08-13,22,9,56.00000000000001,50.86699,2.4478943
2012-06-25,4,93,0.0,-0.008659057,1.712045
2012-07-29,24,43,35.99999999999998,62.9461,2.8384745
2012-03-03,4,9,224.0,105.95999,3.1194322
2012-08-02,14,50,0.0,-0.012473001,1.6571522
2012-07-01,35,49,0.0,0.003212773,1.7233986
2012-07-11,28,5,48.99999999999999,28.380138,2.735388
2012-07-07,3,102,0.0,-0.0040311366,1.6895858
2012-01-04,36,44,82.99999999999997,106.4305,3.4242768
2012-05-07,4,90,1.0,1.6800871,2.2736986
2012-02-01,40,5,73.99999999999997,53.19242,2.6952622
2012-07-05,27,9,7.000000000000002,19.601053,2.4902728
2012-01-21,19,93,0.0,-0.026261525,1.7001812
2012-04-11,41,68,81.00000000000001,53.30453,2.668691
2012-02-12,41,108,0.0,-0.0049740123,1.6930108
2012-07-12,19,16,13.000000000000004,21.417604,2.0231113
2012-07-02,42,82,1.9999999999999996,2.4023936,2.5780783
2012-07-23,44,62,1.9999999999999996,1.7457277,2.2779572
2012-08-02,10,37,11.0,13.653746,1.6980884
2012-04-23,1,51,0.0,0.0066059525,1.6200497
2012-02-27,5,16,20.0,20.598373,1.9758896
2012-07-30,10,5,64.99999999999997,57.756004,2.8120952
2012-03-29,19,16,13.000000000000004,14.252521,2.2843595
2012-02-19,3,93,0.0,-0.0075555276,1.7117481
2012-02-22,3,5,54.000000000000014,51.545612,2.6700068
2012-03-10,40,51,1.0,2.2924156,2.4481514
2012-08-17,28,2,0.0,0.041509043,1.639108
2012-02-28,16,85,0.0,0.0057477057,1.7052495
2012-04-15,20,5,91.00000000000001,86.26573,2.9754746
2012-02-07,18,72,0.0,-0.042059027,1.7255307
2012-06-25,8,5,26.0,37.687458,2.6530886
2012-01-24,15,93,0.0,0.0115653705,1.690786
2012-03-22,11,86,1.0,2.058375,2.2503436
2012-06-25,23,29,0.0,-0.040286902,1.6765188
2012-06-20,32,45,58.999999999999986,48.3731,2.985269
2012-07-17,7,95,0.0,0.0014177473,1.6469724
2012-06-29,22,54,1.0,1.9330205,2.4285476
2012-02-04,37,53,3.0,2.8780723,2.6425948
2012-03-15,24,60,1.9999999999999996,1.5295188,2.6235185
2012-03-22,25,12,0.0,-0.0053231344,1.6769593
2012-02-02,4,9,84.00000000000001,91.622055,3.0681899
2012-01-17,1,89,0.0,0.0036348153,1.5906157
2012-07-22,1,40,0.0,-0.01932804,1.6889368
2012-02-21,7,7,0.0,-0.043626383,1.7759609
2012-04-18,20,74,1.9999999999999996,2.477373,2.245553
2012-06-09,33,44,216.00000000000003,244.25345,4.001793
2012-04-25,41,61,0.0,-0.01657293,1.6062925
2012-05-17,23,29,0.0,-0.011990564,1.6135519
2012-05-10,40,55,0.0,-0.002769202,1.6284293
2012-04-18,15,61,0.0,0.019042505,1.7086679
2012-05-29,32,45,38.99999999999998,55.557392,2.859712
2012-07-31,30,13,3.0,2.7905693,2.301329
2012-02-06,43,93,0.0,0.010129044,1.6243963
2012-08-08,37,38,0.0,-0.05909493,1.747412
2012-06-26,12,79,0.0,0.026094628,1.7325957
2012-02-24,2,93,0.0,0.011040529,1.5949303
2012-03-17,27,93,0.0,0.004779946,1.6151532
2012-01-19,37,5,31.999999999999986,38.737083,2.5037148
2012-02-22,9,105,0.0,-0.0057227723,1.597764
2012-01-24,38,86,0.0,-0.02133963,1.7282332
2012-01-22,10,37,26.0,17.960155,1.6891159
2012-04-25,19,16,14.0,15.688445,2.0659332
2012-02-23,22,93,0.0,0.04262319,1.6829194
2012-01-18,22,93,0.0,-0.0033722133,1.6601828
2012-02-21,11,68,56.999999999999986,43.912273,2.5076933
2012-02-17,21,109,0.0,-0.0024608101,1.6612414
2012-07-09,1,99,0.0,0.006314983,1.6291728
2012-08-11,22,9,35.99999999999998,43.473087,2.6932807
2012-06-09,38,9,26.0,65.54516,2.8314965
2012-03-02,45,4,3.0,1.944951,2.4866457
2012-04-27,45,34,0.0,0.04982685,1.5815916
2012-06-03,39,9,1.9999999999999996,8.766141,2.8879812
2012-03-10,20,93,5.9999999999999964,4.5425034,2.2724593
2012-06-12,11,68,35.0,42.337307,2.45727
2012-04-22,25,81,29.000000000000004,11.085403,2.2081237
2012-02-28,41,108,0.0,-0.008792205,1.5936733
2012-07-21,35,49,0.0,-0.013527632,1.6586435
2012-08-17,30,16,23.000000000000004,23.614948,2.180882
2012-02-05,5,105,0.0,-0.0036126224,1.7299658
2012-05-03,12,86,0.0,0.004734301,1.6818575
2012-01-12,2,5,76.00000000000003,65.59839,2.863821
2012-03-14,15,61,1.0,2.021749,2.4400117
2012-05-26,1,9,33.00000000000001,23.368206,2.336871
2012-05-29,21,5,26.999999999999996,36.403942,2.6273394
2012-06-15,22,54,0.0,0.026837798,1.701008
2012-04-02,12,16,23.000000000000004,38.53952,2.2662768
2012-07-10,15,5,82.00000000000003,89.818756,3.2258239
2012-03-08,4,101,0.0,-0.020919263,1.7916998
2012-01-03,44,105,0.0,0.0025707292,1.6652958
2012-03-28,1,99,0.0,-0.002673733,1.5991465
2012-08-15,25,93,0.0,0.04468138,1.7570484
2012-07-19,41,61,1.0,1.7832546,2.2558541
2012-05-25,16,64,0.0,0.001173954,1.7263193
2012-03-22,16,16,24.000000000000007,27.070988,2.1648154
2012-03-19,12,37,21.000000000000004,14.53322,1.6191728
2012-02-22,23,5,18.999999999999996,19.927843,2.6501215
2012-02-17,2,44,96.0,110.0877,3.2989712
2012-01-18,5,16,22.0,22.925386,2.213692
2012-08-22,12,16,21.000000000000004,25.840046,2.009236
2012-07-08,22,104,0.0,-0.01254754,1.8671273
2012-05-13,14,88,0.0,-0.030787595,1.7708818
2012-03-02,36,30,3.0,2.5501554,2.4414136
2012-05-16,15,86,0.0,0.006340373,1.6975846
2012-07-20,34,45,127.99999999999997,68.10524,2.8714406
2012-02-13,29,41,33.99999999999998,17.448645,1.7298816
2012-01-06,11,68,53.00000000000001,50.721634,2.4674518
2012-03-28,27,9,16.0,25.639431,2.3159783
2012-06-04,11,110,0.0,-0.00065587397,1.7720609
2012-02-15,45,9,17.999999999999996,9.396975,2.4485683
2012-06-19,45,50,0.0,-0.034508277,1.6398586
2012-03-02,39,103,0.0,0.005300142,1.7034965
2012-01-09,9,93,0.0,0.011456463,1.6616039
2012-04-15,19,39,0.0,-0.07228454,1.7136914
2012-01-28,40,106,0.0,-0.005972125,1.7089988
2012-06-03,2,44,150.0,173.90588,3.5892267
2012-02-23,33,85,0.0,-0.0040430254,1.7774807
2012-06-19,12,93,0.0,0.023564942,1.6947198
2012-01-11,19,69,0.0,-0.027995585,1.6856472
2012-02-06,38,86,0.0,0.0050615226,1.6463653
2012-05-08,28,2,0.0,0.03227626,1.6396073
2012-06-15,23,5,16.999999999999996,31.210451,2.649127
2012-03-06,43,3,0.0,0.003748059,1.706646
2012-01-12,8,93,0.0,0.0035960255,1.636028
2012-05-04,45,26,5.0,3.5440643,2.0745862
2012-05-22,18,5,14.0,10.655463,2.7748678
2012-01-16,19,16,26.999999999999996,26.326237,2.1299338
2012-06-13,8,100,0.0,0.0036239026,1.6722628
2012-01-31,26,45,36.99999999999999,50.619164,2.893227
2012-02-29,5,93,1.0,3.3553834,2.1920412
2012-07-23,9,5,67.00000000000001,68.35229,2.8969579
2012-08-15,1,28,3.0,3.3175535,2.2500343
2012-05-01,31,67,12.0,10.163382,1.8620502
2012-01-04,43,3,0.0,0.04017259,1.7424641
2012-02-07,3,2,0.0,0.02143967,1.6328558
2012-06-23,23,56,3.0,2.0350204,2.5765133
2012-07-07,32,58,3.0,2.5520082,2.5287364
2012-02-10,2,85,1.0,1.9088119,2.5317051
2012-06-18,20,5,97.00000000000003,96.78828,3.1252978
2012-06-11,17,71,1.9999999999999996,1.9392216,2.8731263
2012-05-27,44,62,1.0,2.0346153,2.4712524
2012-07-24,34,84,0.0,0.002605258,1.6179216
2012-05-31,6,107,0.0,0.008992268,1.5972453
2012-07-11,19,83,14.999999999999998,5.701312,2.1768982
2012-03-06,31,93,0.0,-0.012834353,1.6840355
2012-05-25,41,108,0.0,-0.0018519798,1.6105074
2012-01-11,22,68,55.00000000000002,50.19863,2.5526674
2012-03-14,20,93,1.0,4.243668,2.1081212
2012-08-12,31,67,0.0,0.056973707,1.7839321
2012-07-07,8,59,0.0,0.0038230293,1.7106203
2012-08-15,4,97,0.0,-0.013183811,1.7545526
2012-05-07,3,93,4.000000000000001,3.6625087,2.18524
2012-01-04,14,15,0.0,0.020727664,1.6966608
2012-05-31,38,86,0.0,-0.015594282,1.6017948
2012-08-15,26,5,35.0,45.306015,2.6097574
2012-04-26,9,5,31.999999999999986,43.77161,2.6270924
2012-08-04,30,44,244.0000000000001,241.58788,3.922544
2012-05-05,25,45,138.99999999999994,103.386505,3.14295
2012-06-17,19,15,0.0,-0.023041919,1.7211456
2012-04-30,44,93,20.0,3.222673,2.09829
2012-02-12,19,69,1.9999999999999996,1.9027684,2.369801
2012-01-13,17,48,165.00000000000006,133.6169,3.3634555
2012-06-09,15,86,0.0,-0.0028920497,1.8052143
2012-05-17,29,45,70.00000000000007,71.74351,2.8695688
2012-01-07,45,34,0.0,-0.088437825,1.8415174
2012-04-22,37,105,0.0,-0.0012016759,1.6544292
2012-03-24,10,86,0.0,0.00035346314,1.6724117
2012-01-28,14,88,0.0,-0.01804671,1.718074
2012-07-25,28,2,1.0,3.2920372,2.3676836
2012-04-26,16,85,0.0,0.001723976,1.6730155
2012-07-13,39,9,0.0,-0.33977813,2.0134888
2012-05-18,19,16,8.000000000000005,25.90212,2.1023889
2012-03-13,20,74,1.0,2.5846968,2.3314419
2012-07-17,24,76,0.0,0.005239886,1.6478417
2012-02-20,16,39,0.0,0.017034758,1.906295
2012-07-14,25,50,0.0,0.064058,1.7623029
2012-03-17,16,16,44.000000000000014,51.40624,2.4840388
2012-08-08,33,44,150.0,228.71416,3.9950035
2012-01-31,31,104,0.0,-0.01255427,1.6901783
2012-02-14,29,45,31.999999999999986,60.858517,2.808527
2012-01-14,22,68,63.000000000000036,65.67551,2.7035553
2012-07-02,10,5,48.99999999999999,65.02988,2.8317363
2012-04-18,12,37,8.000000000000005,11.666077,1.65546
2012-07-14,30,49,0.0,0.023952268,1.6983817
2012-03-14,21,44,63.000000000000036,73.28262,3.2004519
2012-02-07,3,109,0.0,0.010381835,1.6186981
2012-05-06,37,53,1.9999999999999996,2.115616,2.400918
2012-06-26,35,66,9.000000000000002,7.994543,1.6894649
2012-06-28,14,50,0.0,-0.10136238,1.7082773
2012-01-06,17,48,118.99999999999997,155.06021,3.5741365
2012-05-25,45,9,1.9999999999999996,9.1606045,2.349661
2012-03-31,2,5,40.00000000000001,48.531433,2.750577
2012-03-08,38,52,0.0,-0.0044256626,1.6546751
2012-06-20,7,23,18.999999999999996,19.894644,1.6136284
2012-05-12,5,37,14.999999999999998,12.7785225,1.6431459
2012-01-28,24,60,3.0,2.2749233,2.6788242
2012-07-15,9,42,14.999999999999998,14.114876,2.0574918
2012-03-29,13,46,1.9999999999999996,4.82505,2.2697062
2012-03-26,8,84,0.0,-0.0181585,1.6090791
2012-04-08,38,9,112.00000000000003,100.21868,3.193224
2012-07-08,27,68,77.0,44.979618,2.6041963
2012-02-04,11,61,3.0,2.377675,2.3533058
2012-02-21,19,15,0.0,-0.021738337,1.6542242
2012-06-27,9,45,75.0,53.389725,2.86186
2012-05-27,38,9,60.00000000000001,53.000893,2.6316566
2012-01-10,5,37,14.0,12.823476,1.8673306
2012-08-16,20,41,22.0,20.341284,1.9499216
2012-05-02,22,68,50.0,50.407684,2.581049
2012-04-13,39,103,0.0,0.009615331,1.599415
2012-03-26,16,39,0.0,-0.007382331,1.8783001
2012-06-08,31,9,41.99999999999996,82.19339,2.9661837
2012-02-09,34,45,100.99999999999996,73.1234,2.961332
2012-01-02,23,29,1.9999999999999996,3.1494975,2.6544588
2012-01-09,18,57,0.0,-0.014877712,1.6917907
2012-07-29,6,45,69.00000000000003,70.25496,3.0202284
2012-06-14,35,49,0.0,-0.0036376482,1.617243
2012-03-17,20,106,0.0,0.01208964,1.7235613
2012-03-07,38,86,0.0,0.004199034,1.6206317
2012-07-19,32,86,3.0,2.105247,2.316897
2012-04-25,25,84,0.0,0.051001456,1.7050457
2012-03-13,12,93,0.0,-0.019284397,1.7342529
2012-06-17,29,45,84.99999999999997,76.31921,2.9902449
2012-04-04,1,9,16.999999999999996,18.289646,2.4829671
2012-08-13,45,4,1.0,2.3544106,2.298215
2012-01-31,28,45,35.0,60.499,2.8613226
2012-02-18,23,45,35.0,54.66404,3.1574507
2012-02-27,9,10,1.0,2.6632032,2.0183053
2012-08-06,8,100,0.0,0.0009324133,1.6700312
2012-08-03,1,9,40.00000000000001,25.83947,2.3450177
2012-05-15,17,71,1.9999999999999996,1.8855045,2.5479999
2012-08-03,22,54,1.9999999999999996,1.9171144,2.400683
2012-02-17,44,94,0.0,-0.0010189876,1.6001709
2012-06-03,11,110,0.0,-0.0052141077,1.8120886
2012-07-31,37,38,0.0,0.024040384,1.5826963
2012-02-12,21,91,4.000000000000001,1.622107,2.7249475
2012-07-31,24,43,37.99999999999999,55.755714,2.7777362
2012-05-07,43,3,1.0,2.2596893,2.2600808
2012-02-27,20,106,0.0,-0.0051373723,1.7100587
2012-04-03,43,37,11.0,16.259405,1.581294
2012-06-04,29,8,31.999999999999986,30.863033,2.079497
2012-06-18,21,91,1.0,2.2341611,2.3624282
2012-03-02,14,93,0.0,-0.014336806,1.712478
2012-05-16,31,45,64.99999999999997,61.59085,2.8548849
2012-07-05,16,50,0.0,-0.009516604,1.7777278
2012-01-12,28,35,0.0,-0.065156564,1.7266985
2012-01-06,33,44,213.99999999999991,226.18681,3.9093044
2012-08-04,20,93,0.0,-0.016468177,1.7842761
2012-03-03,20,74,0.0,0.01643327,1.7474759
2012-04-09,41,16,29.000000000000004,34.785004,2.2784693
2012-04-28,2,93,42.99999999999999,4.093072,2.3430378
2012-08-20,29,56,0.0,-0.015204856,1.6467845
2012-04-11,32,45,45.0,52.02909,2.9261508
2012-01-30,1,99,0.0,0.0052333414,1.6794978
2012-06-29,23,56,1.9999999999999996,1.8995682,2.4294522
2012-05-05,23,45,35.99999999999998,50.34203,3.1413407
2012-05-19,16,77,0.0,0.020000247,1.7358094
2012-01-28,42,82,1.9999999999999996,1.8407629,2.4948804
2012-07-17,19,15,0.0,-0.036794905,1.6350546
2012-05-07,15,5,132.99999999999997,103.459,3.2916195
2012-04-17,12,79,1.0,2.576901,2.2563522
2012-04-28,45,22,0.0,-0.017172456,1.6762664
2012-01-20,8,100,0.0,0.001164852,1.6254002
2012-05-03,19,15,0.0,-0.00020522893,1.646308
2012-04-02,2,11,0.0,-0.081702806,1.7706709
2012-04-12,29,56,0.0,-0.007682897,1.7119595
2012-05-17,33,93,0.0,0.02158705,1.662489
2012-03-07,40,106,0.0,-0.010527636,1.7904869
2012-03-31,31,9,26.0,35.66779,2.3802643
2012-01-13,41,68,81.00000000000001,63.550266,2.625276
2012-03-21,41,93,3.0,3.8120756,2.0424473
2012-05-14,5,93,0.0,0.02954489,1.6900238
2012-01-12,14,93,0.0,-0.003931788,1.6541796
2012-04-10,17,9,91.00000000000001,119.935295,3.5635812
2012-04-20,16,93,0.0,0.010601254,1.6776298
2012-08-13,23,56,1.9999999999999996,1.9489534,2.3963056
2012-03-04,24,6,14.999999999999998,31.442469,2.8313155
2012-03-01,27,80,1.9999999999999996,2.5837576,2.2628424
2012-02-24,14,88,0.0,-0.021256445,1.6320196
2012-02-12,21,5,37.99999999999999,99.900826,3.3390403
2012-03-27,21,109,0.0,-0.0085867625,1.7092483
2012-03-07,33,92,1.0,2.4337873,2.4208157
2012-02-06,18,72,0.0,-0.027032305,1.6623873
2012-07-17,1,40,0.0,-0.04550547,1.6716564
2012-08-04,24,76,0.0,0.022885941,1.6352848
2012-02-28,15,17,0.0,0.026597165,1.7609899
2012-06-11,7,93,1.0,3.6680279,2.3234334
2012-07-13,36,44,94.99999999999999,96.46251,3.2393174
2012-06-22,14,25,24.000000000000007,12.146585,2.1334217
2012-03-18,38,52,5.0,2.043132,2.6225436
2012-07-09,28,45,53.00000000000001,59.245693,2.8219268
2012-05-25,30,16,30.0,25.801878,2.1189318
2012-03-24,45,22,0.0,0.008935537,1.7085634
2012-06-15,39,36,5.0,11.763908,2.227554
2012-07-03,33,92,4.000000000000001,2.0417593,2.7012665
2012-04-01,3,93,0.0,0.0032827465,1.7850981
2012-03-21,17,71,0.0,0.025236344,1.8542123
2012-04-04,32,45,41.99999999999996,57.98535,2.8011265
2012-07-11,4,97,0.0,0.013631438,1.6936878
2012-05-11,13,46,4.000000000000001,4.0950303,2.2877247
2012-06-15,43,93,0.0,0.005673663,1.6573997
2012-05-12,27,80,1.0,2.2590575,2.295904
2012-05-20,22,93,16.999999999999996,6.0895085,2.4051025
2012-02-17,21,5,38.99999999999998,42.522797,2.6934903
2012-08-24,26,2,0.0,-0.0939995,1.7115607
2012-04-23,32,93,0.0,-0.0025394803,1.6276432
2012-04-29,18,57,0.0,-0.017865965,1.7079543
2012-02-08,16,77,0.0,0.017424595,1.773127
2012-05-16,11,86,1.0,2.2016292,2.2220745
2012-04-29,2,93,1.9999999999999996,4.7046766,2.2450418
2012-07-15,32,93,0.0,0.0014333923,1.6559167
2012-07-06,28,2,1.0,3.1511233,2.2068446
2012-02-22,12,93,5.0,3.5382633,2.1431074
2012-08-20,41,108,0.0,-0.017371124,1.7029843
2012-05-23,42,45,82.00000000000003,58.786068,2.80088
2012-05-01,42,45,107.00000000000003,77.79323,2.971085
2012-04-08,3,109,0.0,0.02907974,1.7377224
2012-08-19,34,84,0.0,0.010128508,1.6745052
2012-05-24,1,89,0.0,0.0119601395,1.5922049
2012-02-19,24,97,0.0,-0.0010826094,1.7169293
2012-04-08,14,70,0.0,-0.028919786,1.7262518
2012-06-05,31,45,81.00000000000001,57.1332,2.9345655
2012-06-22,44,94,0.0,-0.00542011,1.6774749
2012-06-22,15,5,42.99999999999999,79.8033,3.1694083
2012-02-14,9,10,4.000000000000001,1.7975018,2.238151
2012-01-28,42,5,80.00000000000003,43.17511,2.6256213
2012-04-17,25,81,18.999999999999996,8.038241,1.9194338
2012-03-18,19,83,13.000000000000004,8.793577,2.017405
2012-01-02,41,108,0.0,-0.00294304,1.7052087
2012-07-06,27,68,46.99999999999997,43.154472,2.4799955
2012-02-26,32,58,1.0,2.3181038,2.3886032
2012-06-05,36,9,72.99999999999997,47.583786,2.4362123
2012-07-05,12,16,33.99999999999998,37.02691,2.1949756
2012-06-24,27,9,35.0,30.136795,2.3992422
2012-02-25,44,68,71.99999999999999,63.902668,2.8159733
2012-06-04,38,93,1.9999999999999996,3.6243207,2.3941576
2012-02-13,14,88,0.0,-0.02604045,1.6533029
2012-01-16,12,86,0.0,-0.0012811441,1.7554843
2012-02-25,37,5,54.000000000000014,54.3528,2.7465963
2012-04-19,36,9,5.9999999999999964,39.0091,2.4806852
2012-05-01,36,44,107.00000000000003,122.5826,3.6128104
2012-01-22,38,9,174.99999999999994,77.935486,2.9834695
2012-02-15,28,35,0.0,-0.06978008,1.6876326
2012-03-13,3,93,0.0,0.005997514,1.6528295
2012-06-18,32,86,1.0,2.0852451,2.2235425
2012-05-17,42,82,1.0,2.183279,2.3067508
2012-04-04,29,45,68.00000000000001,70.96767,2.94662
2012-05-06,33,92,1.0,2.6147752,2.3717065
2012-06-11,13,93,0.0,-0.012778891,1.7875415
2012-05-20,13,36,135.00000000000006,86.456696,2.9889135
2012-06-24,16,77,0.0,-0.023710335,1.8069985
2012-06-01,36,1,0.0,-0.017680967,1.7755846
2012-05-29,44,94,1.9999999999999996,1.540735,2.5049517
2012-03-05,32,9,31.999999999999986,31.679438,2.4495358
2012-05-14,1,89,0.0,0.0063586393,1.6374447
2012-03-11,19,15,0.0,0.029443579,1.6749284
2012-07-04,45,26,1.9999999999999996,3.486523,2.0816793
2012-02-16,16,39,0.0,-0.0038601214,1.7665814
2012-03-10,25,84,0.0,0.036312602,1.84886
2012-01-07,7,5,190.0,103.35843,3.1445842
2012-04-27,33,9,71.0,53.955334,2.7015748
2012-02-21,25,50,0.0,0.049210247,1.7251303
2012-06-01,11,110,0.0,0.009828942,1.7243959
2012-03-14,8,100,0.0,-0.0055699768,1.6129141
2012-05-08,3,109,0.0,0.0046089995,1.6462537
2012-02-21,37,53,0.0,-0.01921309,1.6610649
2012-04-12,23,29,1.9999999999999996,1.0899649,2.6595576
2012-02-03,39,36,4.000000000000001,11.695434,2.2896962
2012-06-04,28,5,52.00000000000001,65.822525,2.8600929
2012-08-04,16,39,0.0,0.16131859,2.0042922
2012-02-15,29,45,61.00000000000001,68.09621,2.8055341
2012-07-24,14,25,20.0,17.599392,2.17398
2012-02-15,2,11,1.0,1.8087351,2.1889532
2012-02-11,32,45,53.00000000000001,87.27575,2.9469414
2012-07-22,39,36,10.000000000000002,11.911514,2.1959078
2012-06-25,5,20,0.0,0.008349164,1.6620511
2012-05-05,3,102,0.0,0.009341117,1.7098027
2012-02-27,24,60,0.0,-0.007418419,1.6604773
2012-05-08,45,9,8.000000000000005,6.3111773,2.602637
2012-05-02,42,5,67.00000000000001,66.932495,3.0509887
2012-05-10,16,50,0.0,0.014873383,1.7725008
2012-03-11,24,6,35.0,43.16417,2.458384
2012-04-11,10,37,5.9999999999999964,10.605028,1.66687
2012-04-14,2,5,103.99999999999997,70.96026,2.8689728
2012-08-03,3,45,99.00000000000004,83.79411,2.9777534
2012-07-12,12,86,0.0,0.0076561444,1.7593697
2012-03-13,43,105,0.0,0.00021704694,1.6164478
2012-02-20,15,86,0.0,0.006082848,1.717007
2012-04-07,26,2,3.0,3.5698462,2.399702
2012-08-05,19,15,0.0,0.074459285,1.6958531
2012-08-14,10,37,14.0,9.688596,1.6137798
2012-05-26,11,86,0.0,-0.015193285,1.6542535
2012-04-02,30,44,288.00000000000006,187.75752,3.7232747
2012-05-31,20,18,1.9999999999999996,1.6770933,2.5656872
2012-04-18,1,99,0.0,0.008186164,1.5803169
2012-03-05,4,27,5.9999999999999964,4.800104,2.0269804
2012-06-25,1,89,0.0,-0.0040658275,1.6102327
2012-04-30,22,54,0.0,0.008801384,1.6653256
2012-06-25,33,93,0.0,0.007501345,1.690739
2012-07-30,45,22,0.0,-0.033042315,1.6818259
2012-03-18,20,93,0.0,-0.0036789193,1.731997
2012-07-22,32,51,0.0,-0.012862099,1.6612506
2012-03-18,43,16,60.00000000000001,38.93029,2.5311735
2012-03-07,24,97,0.0,-0.014673578,1.6225042
2012-05-10,31,104,0.0,0.0028376493,1.7076083
2012-01-20,43,3,0.0,0.040067077,1.6016327
2012-04-06,14,50,0.0,-0.017604925,1.6568707
2012-01-14,31,104,0.0,-0.009905071,1.7050564
2012-07-20,41,68,31.999999999999986,38.287235,2.4648638
2012-01-10,12,93,1.9999999999999996,3.21613,2.2010305
2012-06-21,21,91,0.0,-0.022805998,1.6497039
2012-02-06,19,75,0.0,-0.01607672,1.7219609
2012-05-09,4,97,0.0,-0.009303876,1.7920319
2012-03-07,37,45,35.99999999999998,47.125603,2.9591448
2012-01-29,18,72,0.0,-0.009334389,1.7100909
2012-07-26,18,72,1.0,1.0801505,2.4224072
2012-03-17,43,105,0.0,-0.004336405,1.6926434
2012-01-16,44,94,0.0,-0.003207654,1.6723361
2012-04-29,39,111,0.0,-0.011042077,1.7147387
2012-07-16,35,16,20.0,27.378487,2.103026
2012-02-24,41,86,1.0,1.8586841,2.2796512
2012-05-26,45,9,0.0,-0.12221217,2.0062776
2012-08-06,29,8,33.00000000000001,47.038216,2.376965
2012-01-07,23,29,1.0,1.5320947,2.612407
2012-07-06,41,61,0.0,0.004269004,1.636784
2012-01-05,37,38,0.0,0.048307642,1.6675663
2012-03-06,34,52,1.9999999999999996,1.8424728,2.3302157
2012-02-02,3,102,0.0,0.010382121,1.6974694
2012-07-07,19,88,4.000000000000001,2.272714,2.3738844
2012-04-23,45,50,0.0,-0.029334856,1.651963
2012-08-02,41,108,0.0,-0.0019385595,1.6641115
2012-03-09,39,103,0.0,-0.005978086,1.6697805
2012-04-12,34,52,0.0,0.027696827,1.6634715
2012-05-17,16,85,0.0,0.0077362256,1.6810396
2012-05-01,27,80,3.0,2.8480554,2.4747822
2012-03-16,45,50,0.0,-0.0006713124,1.6243578
2012-04-19,6,9,41.99999999999996,30.458672,2.2281673
2012-02-06,40,93,0.0,0.0058706016,1.6650144
2012-06-03,41,93,3.0,3.6400728,2.1849961
2012-07-01,44,93,0.0,-0.017010657,1.7231847
2012-03-24,22,104,0.0,0.0039003529,1.7348166
2012-05-01,3,109,0.0,0.016732655,1.7007113
2012-02-04,25,50,0.0,0.060695924,1.8544358
2012-01-12,8,59,3.0,1.278276,2.5870125
2012-07-24,14,70,0.0,-0.034965776,1.643244
2012-03-22,4,90,0.0,0.02242022,1.7154398
2012-06-21,16,85,0.0,0.015854323,1.7426515
2012-02-05,33,92,0.0,0.00016627845,1.9095434
2012-02-24,41,61,0.0,-0.0077641457,1.6000777
2012-01-02,21,5,137.00000000000006,65.982315,2.9690914
2012-04-23,11,110,0.0,-0.013333556,1.6212797
2012-08-08,10,93,4.000000000000001,3.908329,2.1080396
2012-05-23,15,49,0.0,0.0018348868,1.7148457
2012-05-11,10,21,1.0,1.1821126,2.472399
2012-05-16,22,78,10.000000000000002,3.7818828,2.443239
2012-06-08,26,2,3.0,2.5282266,2.3584957
2012-02-21,41,61,3.0,1.802826,2.374632
2012-05-29,27,68,44.000000000000014,38.228107,2.4778898
2012-01-30,12,86,0.0,-0.0017474978,1.7000824
2012-03-30,24,6,21.000000000000004,30.67088,2.2730126
2012-04-04,43,37,21.000000000000004,19.007116,1.5444046
2012-01-18,34,52,3.0,2.0724437,2.4559245
2012-04-02,40,55,1.9999999999999996,2.3532174,2.2947874
2012-03-19,13,93,9.000000000000002,3.7609046,2.1172724
2012-06-14,22,93,23.000000000000004,11.779646,2.5313504
2012-01-24,14,9,8.000000000000005,8.791163,2.5940719
2012-03-11,39,36,14.0,8.490003,2.317956
2012-05-05,36,9,40.999999999999986,27.719158,2.5852833
2012-04-14,14,93,0.0,-0.014783302,1.6690807
2012-04-15,8,5,44.000000000000014,51.715904,2.622511
2012-04-07,11,9,76.00000000000003,58.81347,2.7735882
2012-01-14,14,88,0.0,-0.021778777,1.7412153
2012-03-10,7,93,5.0,4.4931216,2.217727
2012-03-29,25,45,103.99999999999997,68.14452,2.8609002
2012-08-13,31,104,0.0,-0.004413095,1.6561222
2012-03-29,33,93,0.0,0.026191482,1.6505055
2012-06-28,13,46,1.0,1.3327334,2.7283323
2012-02-01,12,37,26.0,22.421375,1.8786286
2012-08-19,12,93,1.0,5.647639,2.5306573
2012-01-28,34,9,41.99999999999996,50.02312,2.5066018
2012-03-25,8,100,0.0,-0.013521457,1.7050914
2012-01-26,34,31,0.0,-0.0020104158,1.633597
2012-02-09,31,67,1.9999999999999996,8.705323,1.7353985
2012-07-15,6,9,61.00000000000001,57.050655,2.6547544
2012-08-12,28,2,0.0,0.030969685,1.9094838
2012-06-23,34,9,45.0,48.07173,2.5507681
2012-06-20,25,12,0.0,0.0047604674,1.6889888
2012-05-13,3,109,0.0,0.003481605,1.6613452
2012-06-10,14,50,0.0,-0.012391036,1.7503483
2012-08-10,9,10,0.0,-0.062741235,1.7272065
2012-01-25,39,9,13.000000000000004,5.7261186,2.4532342
2012-08-05,16,64,0.0,0.026693493,1.7935072
2012-06-06,2,11,0.0,-0.08757863,1.8090026
2012-02-19,22,54,0.0,-0.02231407,1.7077409
2012-01-14,8,59,1.9999999999999996,1.7514839,2.5539231
2012-08-12,19,16,14.999999999999998,29.576918,2.222737
2012-03-23,27,9,12.0,23.489836,2.2901306
2012-04-28,27,80,0.0,-0.017254284,1.636348
2012-06-08,15,49,0.0,0.0196561,1.748247
2012-06-04,28,35,0.0,-0.07535973,1.7010188
2012-05-05,29,41,30.0,24.454449,1.7373815
2012-01-17,14,33,0.0,0.019751918,1.5961573
2012-04-30,14,93,10.000000000000002,3.1488063,2.0972307
2012-04-03,45,4,1.9999999999999996,1.9887855,2.258767
2012-03-04,39,103,0.0,-0.0018470486,1.6875478
2012-01-23,4,96,0.0,0.0033108073,1.702109
2012-02-15,25,9,125.99999999999999,74.399605,2.931424
2012-07-25,44,5,16.0,39.519184,2.5454612
2012-08-24,15,49,0.0,0.054247636,1.7908958
2012-08-20,34,45,87.99999999999999,63.084743,2.8507564
2012-01-20,11,110,0.0,0.001191343,1.604422
2012-02-03,3,45,82.00000000000003,78.731895,2.9622667
2012-03-18,41,68,82.99999999999997,65.644806,2.8969455
2012-05-20,39,103,0.0,-0.011081843,1.6668243
2012-01-05,8,84,0.0,-0.008039755,1.6588281
2012-03-06,36,1,3.0,3.0129843,2.2039864
2012-02-27,8,100,0.0,-0.011389582,1.6109
2012-03-30,8,59,1.0,1.0262978,2.4068012
2012-05-22,32,93,0.0,-0.0065790867,1.5923067
2012-03-07,22,104,0.0,0.015262794,1.6841683
2012-01-30,32,93,0.0,0.03242578,1.7257996
2012-03-30,1,93,0.0,0.024023382,1.5919629
2012-04-22,19,16,16.999999999999996,20.371183,2.104854
2012-07-07,2,5,80.00000000000003,51.048717,2.8031025
2012-08-01,40,51,0.0,0.00019267971,1.6505617
2012-01-13,45,26,0.0,0.102959976,1.5650043
2012-02-05,25,93,0.0,0.038583282,1.8574659
2012-04-21,10,37,14.0,12.435115,1.6262158
2012-02-15,37,5,61.99999999999999,44.81887,2.6507323
2012-05-20,4,96,0.0,0.0035311675,1.7582741
2012-02-21,24,43,71.0,55.025684,2.8299537
2012-05-21,5,105,0.0,0.0019061125,1.5994508
2012-04-18,30,16,35.0,22.484146,2.2632027
2012-03-07,15,93,0.0,0.017261779,1.7295713
2012-05-14,33,93,0.0,0.02602298,1.6453327
2012-06-04,4,93,7.000000000000002,4.129842,2.1844501
2012-06-28,4,101,0.0,0.008197261,1.7092189
2012-07-10,20,5,212.99999999999994,110.95508,3.360435
2012-02-17,6,45,46.99999999999997,70.060135,2.811824
2012-02-23,14,88,0.0,-0.019902613,1.639344
2012-04-28,38,86,0.0,-0.0065513034,1.6933261
2012-07-31,44,93,1.9999999999999996,3.0254316,2.1040127
2012-06-30,8,84,1.9999999999999996,1.5699542,2.4147387
2012-08-11,11,9,60.00000000000001,38.93824,2.475515
2012-05-25,28,35,0.0,0.011744593,1.740231
2012-04-19,14,15,0.0,0.041038163,1.8013752
2012-05-06,15,93,9.000000000000002,3.717354,2.241605
2012-06-12,3,5,81.00000000000001,59.939896,2.6441643
2012-05-04,4,97,0.0,0.0088817,1.7097641
2012-07-20,30,51,0.0,0.006270265,1.7306823
2012-07-28,1,99,1.9999999999999996,2.7043736,2.4944766
2012-02-07,16,39,0.0,0.030332502,1.9341704
2012-07-29,30,13,1.0,2.3600059,2.2865071
2012-02-17,2,11,0.0,-0.028728189,1.7042544
2012-08-06,32,45,54.000000000000014,60.11368,2.8538766
2012-02-26,29,8,38.99999999999998,34.097904,2.0963366
2012-01-10,15,86,0.0,0.008078744,1.7216313
2012-02-11,10,21,1.0,2.5675712,2.6306381
2012-03-26,9,10,0.0,-0.046940032,1.6467669
2012-08-23,4,97,0.0,-0.014292989,1.7692583
2012-04-27,12,16,17.999999999999996,22.505926,2.0219672
2012-06-28,8,5,33.99999999999998,33.638737,2.6635418
2012-01-17,12,16,29.000000000000004,30.395927,2.2558155
2012-06-03,27,21,0.0,-0.10630239,1.8384093
2012-05-14,41,93,3.0,4.4805346,2.1302733
2012-05-01,45,50,0.0,0.007910495,1.8573818
2012-04-15,43,93,1.9999999999999996,3.152221,2.1956112
2012-06-01,8,100,0.0,0.003440304,1.7108598
2012-04-19,20,41,16.0,15.938431,1.8635187
2012-06-21,38,9,70.00000000000007,56.46056,2.6700299
2012-06-16,7,5,82.99999999999997,74.7669,2.9486525
2012-03-15,5,32,1.0,1.4840053,2.3495624
2012-08-16,13,36,94.99999999999999,86.235405,3.0378168
2012-05-25,10,37,5.9999999999999964,11.934052,1.533194
2012-01-12,19,15,0.0,-0.0011106879,1.6667258
2012-04-26,3,2,0.0,-0.13539615,1.7355423
2012-02-09,25,12,1.0,2.0045633,2.192746
2012-05-14,8,5,22.0,25.69143,2.71004
2012-08-21,3,5,17.999999999999996,55.201775,2.697597
2012-07-30,15,93,5.9999999999999964,3.9667978,2.164512
2012-06-30,13,93,5.9999999999999964,3.6735747,2.425923
2012-04-17,13,5,60.00000000000001,78.53691,3.076557
2012-06-14,7,23,17.999999999999996,18.205788,1.5063264
2012-07-23,10,5,55.00000000000002,57.695744,2.7334924
2012-01-20,24,97,0.0,-0.011306179,1.6163014
2012-05-18,6,9,28.000000000000004,19.175657,2.400912
2012-07-05,16,39,0.0,-0.0055626556,1.8999588
2012-01-02,34,9,87.99999999999999,78.45522,2.8270116
2012-07-29,39,9,3.0,6.8946285,2.7563868
2012-06-16,7,93,0.0,0.004436245,1.6752927
2012-06-24,40,51,0.0,0.001476795,1.6655668
2012-04-25,2,44,97.00000000000003,109.411316,3.4017446
2012-02-04,33,92,0.0,0.03343057,1.7909473
2012-06-27,16,39,0.0,0.012871533,1.7051655
2012-06-02,12,93,0.0,0.019753309,1.738144
2012-06-07,45,9,9.000000000000002,8.482003,2.4342024
2012-01-01,39,9,1.9999999999999996,8.870863,2.5470772
2012-07-31,9,10,0.0,-0.004190102,1.6676433
2012-06-19,21,109,0.0,0.024376316,1.7152976
2012-01-11,43,16,55.00000000000002,53.089943,2.7772524
2012-04-17,44,62,5.0,1.8676668,2.474194
2012-05-01,15,17,0.0,-0.043227185,1.8749373
2012-07-31,8,23,5.9999999999999964,6.875138,1.6782588
2012-08-08,10,21,0.0,0.034750015,1.6489006
2012-08-17,31,104,0.0,0.0025903066,1.6348549
2012-02-19,25,93,0.0,0.05744243,1.7911077
2012-07-14,38,93,0.0,-0.01643135,1.6511041
2012-07-27,3,5,55.00000000000002,57.657578,2.6993277
2012-06-17,36,9,71.99999999999999,34.589073,2.4510107
2012-07-28,1,28,4.000000000000001,4.2134175,2.2079878
2012-04-27,34,45,89.0,62.453278,2.8331149
2012-07-28,45,4,1.0,2.0921962,2.3503468
2012-02-21,32,58,0.0,0.0065214466,1.6460817
2012-04-09,7,93,0.0,-0.0032867496,1.6458625
2012-06-12,40,106,0.0,-7.0790484e-05,1.7317648
2012-04-20,15,61,0.0,0.010426038,1.7177609
2012-04-25,23,45,36.99999999999999,42.71856,2.9921584
2012-07-16,5,105,0.0,0.0011645578,1.6376857
2012-04-29,27,9,8.000000000000005,37.528214,2.5352118
2012-01-06,11,9,16.999999999999996,45.254494,2.3118877
2012-01-19,22,54,0.0,-0.023254627,1.6794125
2012-08-22,3,2,0.0,-0.0061707688,1.6151353
2012-04-23,45,9,12.0,13.567201,2.3717167
2012-04-16,36,30,3.0,1.6044796,2.3610408
2012-01-17,6,9,70.00000000000007,35.88838,2.3965268
2012-06-10,37,45,84.99999999999997,91.42819,3.0713048
2012-07-23,22,93,0.0,-0.0041478686,1.7268695
2012-03-03,15,93,0.0,0.0077395444,1.857376
2012-03-18,37,5,64.99999999999997,58.352074,2.7746007
2012-01-24,39,103,0.0,-0.02663028,1.6157779
2012-07-17,3,109,0.0,-0.014728993,1.61504
2012-05-23,21,5,18.999999999999996,38.557632,2.5741875
2012-05-15,43,37,22.0,18.543009,1.5981479
2012-01-01,11,9,73.99999999999997,55.646538,2.5193758
2012-02-23,12,16,18.999999999999996,26.329748,2.0455444
2012-03-13,37,45,41.99999999999996,56.17318,2.8740208
2012-05-16,13,5,63.99999999999998,48.35301,2.9199173
2012-01-10,23,45,26.0,48.80011,3.0138927
2012-04-03,44,5,40.00000000000001,47.055023,2.9782612
2012-03-31,37,5,42.99999999999999,52.926704,2.7178621
2012-07-17,5,93,0.0,0.0026467976,1.6288818
2012-04-22,44,5,40.00000000000001,39.128265,2.7071562
2012-05-26,15,86,0.0,-0.0048456932,1.7906622
2012-03-17,1,47,0.0,0.036595453,2.3474202
2012-02-09,21,44,56.999999999999986,60.885513,3.1222808
2012-07-28,19,39,0.0,-0.066272035,1.682217
2012-01-05,28,35,0.0,-0.0816185,1.7924114
2012-02-12,37,45,96.0,94.548706,3.0705862
2012-06-03,1,93,0.0,0.07467648,1.7085086
2012-08-05,15,15,0.0,-0.0048059872,1.8659588
2012-06-06,23,29,0.0,-0.06886358,1.6750038
2012-07-12,12,16,35.99999999999998,31.107395,2.1891348
2012-07-14,31,45,123.00000000000003,102.381134,3.1840677
2012-07-02,29,8,51.00000000000003,45.835804,2.345258
2012-07-18,44,94,0.0,-0.016190274,1.642474
2012-06-17,31,45,97.99999999999999,99.43248,3.1738386
2012-03-10,19,16,44.000000000000014,32.064724,2.2257104
2012-01-16,37,53,0.0,-0.051230576,1.7123425
2012-03-26,26,2,1.0,1.8184903,2.3619306
2012-06-22,36,30,1.0,2.0247986,2.301755
2012-04-04,21,44,61.00000000000001,66.530716,3.149691
2012-07-20,30,44,212.00000000000006,166.66537,3.6800587
2012-03-05,12,37,31.999999999999986,26.872738,1.8640461
2012-01-12,20,93,0.0,0.014293377,1.7034985
2012-01-20,18,5,24.000000000000007,14.641095,2.7884579
2012-06-30,1,47,0.0,0.03017256,2.3614123
2012-05-13,2,44,136.00000000000003,157.88809,3.5167553
2012-02-15,30,44,226.00000000000006,176.72955,3.7403374
2012-04-02,3,5,78.0,89.3726,3.178709
2012-04-27,38,52,0.0,-0.019327046,1.652372
2012-06-12,9,105,0.0,0.0079888245,1.6369091
2012-08-20,4,101,0.0,-0.010122704,1.7646646
2012-03-30,16,64,0.0,0.0047291205,1.6901697
2012-05-22,27,80,0.0,-0.01497476,1.6645662
2012-02-18,37,104,0.0,-0.009258091,1.6641065
2012-07-26,30,51,0.0,0.0014778883,1.66343
2012-02-17,31,93,0.0,-0.003973431,1.6055056
2012-03-23,5,93,0.0,0.014590784,1.6309427
2012-02-19,33,9,123.00000000000003,155.67326,3.5911694
2012-01-08,17,48,172.00000000000006,171.92093,3.6503751
2012-01-12,24,60,0.0,-0.002222161,1.6250186
2012-08-17,4,27,5.0,5.422098,1.9919147
2012-02-25,13,46,0.0,-0.16646215,1.8886303
2012-01-27,38,93,0.0,0.006266143,1.6263528
2012-07-19,8,23,5.0,7.3307133,1.7461809
2012-01-24,37,38,0.0,0.011185004,1.6915067
2012-01-16,19,39,0.0,-0.05582868,1.7841963
2012-04-22,45,22,0.0,0.012980542,1.66747
2012-02-24,27,68,68.00000000000001,53.797653,2.5579333
2012-01-14,15,15,0.0,0.020688308,1.7457381
2012-08-20,36,1,0.0,0.059243627,1.6439139
2012-03-05,15,17,0.0,0.03050899,1.8372246
2012-01-17,20,18,0.0,0.048145097,1.7712264
2012-08-06,12,16,40.999999999999986,42.165234,2.2114797
2012-05-04,4,93,26.999999999999996,3.93678,2.1077964
2012-06-10,27,68,30.0,51.3172,2.6516795
2012-04-01,1,99,0.0,0.011490024,1.72036
2012-05-23,4,96,0.0,-0.0032767411,1.733787
2012-03-31,13,46,0.0,-0.055938866,1.7690024
2012-01-30,16,50,0.0,0.0025813011,1.7021711
2012-07-05,15,45,96.0,72.27947,2.8766418
2012-03-12,2,11,1.0,1.8005248,2.3531435
2012-03-24,7,93,0.0,-0.008515203,1.6316191
2012-02-14,11,68,35.99999999999998,41.6099,2.5101979
2012-07-31,7,93,5.0,2.9699132,2.0897024
2012-07-28,5,32,0.0,0.14075826,1.5793099
2012-07-25,32,51,0.0,-0.0050803395,1.6045555
2012-08-12,38,52,1.0,1.8260682,2.4489956
2012-01-13,19,16,24.000000000000007,21.274078,2.0021157
2012-04-16,40,55,1.9999999999999996,2.1614609,2.3107028
2012-08-13,5,20,1.0,1.1491216,2.5035243
2012-06-07,20,41,33.99999999999998,19.575829,1.8620069
2012-04-28,30,65,0.0,0.014428093,1.6892046
2012-02-22,24,76,1.0,2.404097,2.363512
2012-01-29,33,9,143.99999999999997,130.65416,3.5248797
2012-06-04,20,5,170.00000000000006,100.17105,3.203204
2012-04-14,4,96,0.0,0.0029097362,1.7624947
2012-03-12,39,36,8.000000000000005,11.629783,2.1290693
2012-05-01,30,13,4.000000000000001,2.3945358,2.129616
2012-06-20,22,54,0.0,0.011257424,1.6602677
2012-08-19,1,47,0.0,0.036474437,2.1251652
2012-03-22,45,34,0.0,0.033311833,1.590249
2012-01-09,6,14,0.0,-0.038261704,1.733267
2012-08-02,32,19,0.0,-0.035037987,1.7063189
2012-02-29,12,86,0.0,-0.0044712718,1.643854
2012-03-23,19,15,0.0,-0.034365535,1.6540799
2012-02-19,14,50,0.0,-0.028498188,1.6963674
2012-07-20,2,93,0.0,0.011944152,1.7077909
2012-07-31,3,109,0.0,-0.0029494052,1.6550841
2012-01-09,41,61,4.000000000000001,2.0272489,2.3359935
2012-07-22,16,39,0.0,0.15115006,1.9790088
2012-07-19,34,93,1.9999999999999996,4.198083,2.2118223
2012-07-01,3,109,0.0,0.013572734,1.8203717
2012-06-04,29,45,89.0,70.50319,2.8198323
2012-06-26,9,10,1.0,3.4101777,2.0595584
2012-06-15,25,9,143.0,86.9033,2.9589849
2012-08-06,28,35,1.0,2.0014389,2.3664308
2012-04-27,39,36,13.000000000000004,10.70153,2.2264788
2012-04-03,5,105,0.0,0.0014363534,1.6390545
2012-07-08,19,93,3.0,4.045244,2.4150324
2012-01-24,45,9,67.00000000000001,16.001549,2.531281
2012-05-11,11,9,35.0,42.884956,2.4564652
2012-06-25,39,9,3.0,5.096231,2.4621284
2012-01-29,31,104,0.0,-0.014458857,1.6558305
2012-01-14,19,93,0.0,-0.010031219,1.7565956
2012-01-03,3,109,0.0,0.009196614,1.6580406
2012-02-16,32,93,0.0,-0.0008156116,1.6449251
2012-02-02,18,57,0.0,-0.040501457,1.6892769
2012-05-03,9,93,0.0,0.0070730885,1.6683867
2012-07-06,3,45,78.99999999999997,87.15477,3.1186411
2012-02-01,8,59,1.0,1.0182481,2.4929771
2012-08-02,38,93,0.0,0.024855262,1.7565966
2012-01-31,36,44,104.99999999999997,62.33901,3.1497588
2012-01-22,4,97,0.0,-0.01049305,1.7770655
2012-08-05,17,37,114.99999999999999,69.60288,2.7022834
2012-07-14,17,48,174.99999999999994,155.30307,3.5332465
2012-07-08,37,15,0.0,0.050993405,1.6786782
2012-02-04,6,45,52.00000000000001,80.57448,3.1462188
2012-06-18,41,93,4.000000000000001,3.7378936,2.141446
2012-05-10,33,9,113.00000000000003,130.78235,3.4558635
2012-07-03,29,56,1.0,2.1329932,2.4517877
2012-04-28,3,109,0.0,0.016277477,1.7522597
2012-03-05,24,43,65.99999999999997,59.812897,2.7233398
2012-05-01,1,93,3.0,4.885979,2.254082
2012-01-04,14,33,0.0,-0.023866327,1.6488662
2012-06-25,40,55,0.0,-0.006795613,1.6890678
2012-01-28,2,85,0.0,-0.01174684,1.6708705
2012-02-21,28,35,0.0,0.031624485,1.7397069
2012-02-04,41,61,0.0,-0.0029550823,1.7438892
2012-07-23,41,93,4.000000000000001,2.903679,2.1519012
2012-05-27,32,45,52.00000000000001,88.6175,3.0115554
2012-01-13,20,74,0.0,0.005912725,1.6977859
2012-01-07,12,16,54.000000000000014,46.792458,2.3365605
2012-08-10,15,17,1.0,3.5557199,2.794671
2012-03-22,2,93,1.0,3.5280929,2.2339003
2012-02-25,45,4,3.0,2.3518724,2.5083654
2012-02-03,13,104,0.0,-0.0062873065,1.7157152
2012-05-04,6,45,48.99999999999999,51.52632,2.8010244
2012-07-26,45,4,0.0,-0.027311074,1.65809
2012-03-21,26,5,67.00000000000001,35.23283,2.5357459
2012-03-15,1,89,0.0,0.008217763,1.5986599
2012-04-18,22,9,20.0,27.706125,2.6440392
2012-01-16,11,110,0.0,-0.0030267646,1.6432518
2012-05-29,41,108,0.0,0.013725091,1.7299418
2012-01-11,24,97,0.0,-0.0035588706,1.785012
2012-01-27,29,56,5.0,2.333363,2.5078278
2012-02-10,24,76,0.0,0.0070564183,1.6565806
2012-01-21,31,93,0.0,-0.0025534295,1.7459965
2012-02-01,29,41,31.999999999999986,23.668892,1.8535303
2012-08-02,5,93,4.000000000000001,3.7434952,2.1061406
2012-05-12,10,21,0.0,0.030361809,1.6474196
2012-08-18,36,30,3.0,1.5915762,2.5501091
2012-01-08,3,2,0.0,0.04033349,1.7421983
2012-04-19,40,55,1.0,1.3844566,2.3513157
2012-07-19,19,75,0.0,-0.01806249,1.6424334
2012-04-10,15,61,0.0,0.011506721,1.8120387
2012-06-28,38,98,0.0,-0.013416756,1.6757573
2012-04-16,16,85,0.0,-0.003995934,1.7317423
2012-06-04,32,19,1.0,1.308204,2.5247054
2012-05-13,20,74,3.0,1.6830528,2.4168468
2012-01-21,42,82,1.0,2.1140528,2.5039928
2012-04-08,19,15,0.0,0.04381317,1.7203528
2012-07-03,33,85,0.0,-0.015694695,1.9531854
2012-05-08,4,9,64.99999999999997,81.24725,3.006741
2012-03-28,3,109,0.0,-0.0022005765,1.5875077
2012-04-27,45,4,7.000000000000002,2.176218,2.240399
2012-03-12,43,73,0.0,-0.0054508904,1.7152138
2012-03-27,17,37,38.99999999999998,34.824528,2.2924874
2012-02-03,23,45,29.000000000000004,51.01872,2.909966
2012-05-24,16,93,4.000000000000001,3.879372,2.1415062
2012-06-03,40,55,1.0,2.76907,2.4947467
2012-05-31,3,45,55.00000000000002,77.80258,2.982968
2012-02-11,25,84,0.0,0.05023479,1.7727864
2012-05-01,18,37,13.000000000000004,13.56313,1.9095725
2012-07-18,16,50,0.0,0.0032081737,1.6862274
2012-05-17,12,37,14.999999999999998,14.735056,1.5349107
2012-03-22,20,18,1.0,1.5458937,2.557911
2012-03-15,1,93,0.0,0.020645786,1.6318947
2012-07-17,20,93,0.0,-0.0041896347,1.6843544
2012-04-30,24,6,48.99999999999999,33.588894,2.3636656
2012-05-12,34,45,108.00000000000007,91.28621,2.9842875
2012-01-31,38,45,75.0,76.07596,3.0786545
2012-06-21,38,98,0.0,0.0021936754,1.6766464
2012-08-02,27,68,45.0,40.27781,2.4667716
2012-07-13,16,85,0.0,-0.006358885,1.6900475
2012-07-28,11,68,51.00000000000003,45.188858,2.5830948
2012-07-26,7,93,5.9999999999999964,3.2161963,2.082165
2012-01-26,19,88,0.0,-0.029714148,1.6466677
2012-01-24,1,47,0.0,0.011838036,1.9445084
2012-02-10,13,104,0.0,0.020154607,1.7936801
2012-05-31,2,85,0.0,0.012816184,1.6333832
2012-02-14,25,50,0.0,0.0596856,1.8395041
2012-08-11,10,37,21.000000000000004,17.221113,1.7477026
2012-07-10,33,92,5.9999999999999964,1.8812667,2.3003843
2012-02-14,9,5,33.99999999999998,48.874397,2.6093156
2012-02-05,21,109,0.0,-0.011655478,1.8062528
2012-06-23,41,86,1.9999999999999996,2.1499233,2.505131
2012-04-08,20,93,0.0,0.03423069,1.7379034
2012-07-18,17,9,129.99999999999994,124.779434,3.5280802
2012-08-18,3,102,0.0,0.023342371,1.7499899
2012-08-20,21,5,77.0,41.51276,2.6171753
2012-08-10,1,93,5.0,5.3091154,2.1225297
2012-03-27,10,37,7.000000000000002,9.116563,1.594635
2012-02-08,42,5,31.999999999999986,51.65487,2.7415743
2012-05-26,8,93,3.0,3.5679283,2.2522633
2012-04-22,23,56,1.0,2.5051434,2.298785
2012-02-11,36,9,63.99999999999998,46.845184,2.4922857
2012-03-19,28,2,1.9999999999999996,3.2878764,2.3214567
2012-08-15,14,70,0.0,-0.08668722,1.6889324
2012-03-14,22,78,1.0,3.278713,2.2858162
2012-07-22,19,75,0.0,-0.01815582,1.659331
2012-07-05,39,111,0.0,-0.03440502,1.7802655
2012-01-04,4,97,0.0,-0.011469797,1.7552754
2012-05-14,36,30,1.9999999999999996,1.4671671,2.4066815
2012-05-29,32,19,0.0,-0.09064631,1.7370288
2012-08-16,44,5,56.999999999999986,30.50635,2.5816247
2012-02-26,15,93,0.0,0.0026331265,1.8232172
2012-04-13,33,92,1.9999999999999996,2.726274,2.2301588
2012-04-04,30,51,0.0,0.023288315,1.6721138
2012-06-23,43,3,4.000000000000001,3.4209404,2.4316034
2012-01-15,24,43,80.00000000000003,84.966324,3.013236
2012-08-12,19,83,17.999999999999996,10.369463,2.002095
2012-03-12,3,102,0.0,0.002051631,1.6242263
2012-04-02,44,93,0.0,0.0052885725,1.6110528
2012-07-03,1,47,0.0,0.035955913,1.9242376
2012-01-10,21,91,3.0,2.2521386,2.3983111
2012-08-21,20,106,0.0,0.0057196347,1.6723688
2012-03-07,32,51,0.0,-0.009169317,1.6339847
2012-04-03,22,54,0.0,-0.009393234,1.7011942
2012-07-19,7,7,0.0,0.01604308,1.6496367
2012-02-08,24,97,0.0,-0.0037325483,1.6498692
2012-03-27,1,47,0.0,-0.0068727112,1.9629803
2012-03-16,44,62,0.0,-0.016926605,1.6282808
2012-03-05,28,35,0.0,-0.10911203,1.7237236
2012-07-15,30,13,1.9999999999999996,2.5804603,2.5214138
2012-03-06,11,9,12.0,23.622484,2.3579724
2012-02-02,15,17,0.0,-0.015564138,1.9757292
2012-04-07,24,60,0.0,0.0036632873,1.6732243
2012-05-28,8,100,0.0,-0.019071888,1.62774
2012-04-12,22,68,45.0,48.74104,2.5028002
2012-07-11,17,48,229.00000000000006,163.96933,3.6320853
2012-04-25,10,37,8.000000000000005,10.272234,1.6120794
2012-01-23,38,45,78.99999999999997,77.61706,2.8931534
2012-07-10,33,85,1.0,1.3600426,2.3540752
2012-07-05,9,45,1.0,55.914474,2.8186705
2012-02-21,7,23,23.000000000000004,20.823483,1.7686532
2012-08-22,1,99,0.0,-0.0016557918,1.591962
2012-07-05,44,93,3.0,3.3474708,2.152821
2012-07-18,17,71,0.0,0.007435537,1.9451883
2012-02-22,16,16,26.999999999999996,21.42752,2.222206
2012-08-17,16,25,137.00000000000006,104.442116,3.1512902
2012-06-07,44,62,0.0,-0.0019039471,1.6613182
2012-06-29,40,15,0.0,0.011054054,1.680488
2012-04-22,20,5,84.99999999999997,75.281044,3.0069246
2012-05-20,15,86,0.0,0.012170417,1.8246553
2012-05-15,31,9,72.99999999999997,45.068157,2.4455934
2012-08-20,11,86,0.0,-0.0023071058,1.6619976
2012-07-24,5,37,5.9999999999999964,11.932764,1.6849313
2012-08-20,40,55,0.0,-0.017310979,1.6142147
2012-04-28,17,37,54.000000000000014,51.075703,2.5761309
2012-06-05,9,45,72.99999999999997,59.957943,2.7845001
2012-07-27,8,84,3.0,1.3888052,2.379639
2012-03-02,36,9,53.00000000000001,58.889782,2.6331394
2012-08-12,16,50,0.0,0.01163359,1.8893517
2012-01-30,11,9,41.99999999999996,41.547062,2.3653684
2012-07-02,38,93,0.0,-0.009397663,1.6515615
2012-06-18,2,44,145.99999999999994,118.855385,3.2771378
2012-03-15,12,79,0.0,-0.00363359,1.6569508
2012-05-25,3,93,3.0,3.878379,2.1209476
2012-03-16,23,29,1.9999999999999996,1.8069073,2.7332468
2012-06-21,7,7,1.9999999999999996,2.7520392,2.7156115
2012-05-30,10,86,0.0,-0.017146526,1.6179619
2012-05-02,30,51,0.0,0.0018338498,1.7663548
2012-07-15,32,45,71.99999999999999,71.361435,3.0229557
2012-01-21,8,23,8.000000000000005,11.831854,1.6158426
2012-04-22,24,97,0.0,-0.013231756,1.6635498
2012-02-22,27,68,45.0,40.543106,2.7113855
2012-04-25,22,93,8.000000000000005,4.0455956,2.254301
2012-03-18,39,103,0.0,-0.0049445042,1.6445466
2012-01-03,37,45,68.00000000000001,79.17349,2.993746
2012-02-17,44,105,0.0,0.002137543,1.5946336
2012-08-03,37,104,0.0,-0.00035762225,1.7054931
2012-07-28,33,92,1.9999999999999996,2.36028,2.3797908
2012-01-30,10,21,0.0,-0.0013949467,1.6023982
2012-06-18,23,56,8.000000000000005,2.1874514,2.251968
2012-01-12,16,77,0.0,-0.011883355,1.7742264
2012-03-12,15,86,0.0,0.017006133,1.7199353
2012-02-18,7,95,0.0,0.051014364,1.7816586
2012-05-04,40,55,1.0,2.3340929,2.339631
2012-08-06,13,104,0.0,-0.008959052,1.6932492
2012-05-01,7,93,0.0,0.012821947,1.6899972
2012-06-17,32,45,60.00000000000001,92.75748,3.001731
2012-01-02,38,98,0.0,-0.0055733086,1.6778926
2012-06-26,1,40,0.0,-0.042633817,1.6627734
2012-02-07,22,78,0.0,0.01892757,1.668006
2012-08-12,33,92,1.0,2.1420784,2.620146
2012-01-25,15,15,0.0,-0.009155751,1.6888028
2012-04-05,45,34,0.0,-0.022438647,1.6758008
2012-02-27,34,84,0.0,0.004985782,1.6519063
2012-08-14,4,97,0.0,0.009514317,1.6977636
2012-03-08,23,29,0.0,-0.10257277,1.7203321
2012-03-15,4,101,0.0,-0.027297381,1.7648185
2012-05-09,37,5,13.000000000000004,46.701126,2.510383
2012-05-18,14,88,0.0,-0.032410417,1.6476562
2012-07-20,37,15,0.0,-0.012680602,1.6149675
2012-06-15,1,99,0.0,0.004449383,1.7052487
2012-01-23,27,21,5.0,2.3384295,2.3000712
2012-04-27,32,45,47.99999999999999,45.599396,2.8666987
2012-03-17,21,44,71.99999999999999,68.0417,3.1573
2012-08-14,44,94,0.0,-0.010470678,1.6561754
2012-06-14,44,68,71.99999999999999,49.6435,2.6255758
2012-07-10,9,10,0.0,-0.00058069476,1.6888406
2012-03-05,2,5,91.00000000000001,70.3782,2.7787013
2012-01-20,20,5,63.000000000000036,50.85314,2.8235092
2012-07-13,1,40,0.0,-0.08641623,1.7262708
2012-02-29,32,58,1.0,2.0389204,2.3029783
2012-06-10,21,109,0.0,0.023257582,2.0223987
2012-08-23,7,23,17.999999999999996,14.189902,1.4102279
2012-04-24,13,104,0.0,-0.009974631,1.6629809
2012-01-15,4,96,0.0,-0.013148338,1.8119678
2012-06-09,8,5,48.99999999999999,57.50018,2.9702442
2012-07-10,3,45,86.0,74.36927,2.948904
2012-08-13,25,84,0.0,0.039722405,1.7586185
2012-07-19,33,44,192.0,195.34875,3.8794377
2012-02-29,39,111,0.0,-0.002952948,1.6007564
2012-03-22,15,86,0.0,0.008289198,1.7043437
2012-02-08,45,26,0.0,-0.029616062,1.6952506
2012-05-17,6,9,26.0,39.753006,2.3858585
2012-04-14,21,5,36.99999999999999,36.379166,2.628316
2012-01-12,4,27,7.000000000000002,5.5566087,2.1608148
2012-02-28,41,86,0.0,0.007389597,1.6012281
2012-03-25,3,2,0.0,0.018706745,1.6591327
2012-01-11,40,51,3.0,2.083104,2.2503471
2012-02-28,2,11,0.0,-0.02567359,1.6671705
2012-04-01,13,104,0.0,0.11015667,2.051536
2012-02-29,2,11,0.0,-0.040268768,1.66093
2012-07-21,7,5,125.0,84.80243,3.1211128
2012-05-19,38,45,91.00000000000001,98.821594,3.097769
2012-03-15,6,45,50.0,56.695496,2.7986455
2012-02-05,12,79,0.0,0.019643564,1.8277127
2012-07-02,20,74,7.000000000000002,2.7883554,2.4029038
2012-05-31,34,84,0.0,0.005304023,1.6432257
2012-04-07,44,62,0.0,-0.0024975722,1.6479844
2012-06-27,31,93,0.0,-0.015175665,1.6517099
2012-03-19,44,93,0.0,-0.0016640917,1.5974939
2012-01-22,28,5,87.99999999999999,45.94345,2.614834
2012-03-25,28,45,56.999999999999986,65.137146,3.0239983
2012-03-31,1,99,0.0,0.014867526,1.6746184
2012-05-05,25,12,0.0,-0.0296167,1.8200914
2012-03-10,42,5,81.00000000000001,55.75377,2.7772667
2012-05-25,30,44,141.00000000000003,158.59402,3.6352427
2012-04-15,25,93,3.0,4.602203,2.432274
2012-07-30,35,105,0.0,-0.004207602,1.6381942
2012-06-14,27,9,8.000000000000005,29.103197,2.265392
2012-08-04,24,43,41.99999999999996,50.719475,2.9712048
2012-02-03,4,101,0.0,0.0087210005,1.7506629
2012-02-09,25,9,96.0,87.17465,3.042535
2012-08-15,34,31,1.0,2.7944667,2.276975
2012-01-09,38,86,0.0,-0.007591285,1.6427822
2012-03-24,17,9,121.99999999999994,116.24436,3.4642677
2012-04-24,41,86,0.0,-0.0058793877,1.6105758
2012-01-31,40,93,0.0,-0.005206265,1.5985051
2012-08-10,19,39,0.0,-0.013371912,1.6642056
2012-07-02,25,81,8.000000000000005,10.866184,1.8152848
2012-07-05,9,5,184.00000000000009,81.79661,3.2434192
2012-07-03,8,84,0.0,-0.033424262,1.6989014
2012-06-05,6,9,118.00000000000003,66.87771,3.1615314
2012-04-10,42,45,71.0,54.051483,2.9813037
2012-06-11,29,45,84.99999999999997,77.03848,2.8188605
2012-06-15,37,104,0.0,0.0046307403,1.6840013
2012-06-08,3,93,0.0,0.02310462,1.73675
2012-04-15,45,9,5.9999999999999964,16.037788,2.4647105
2012-01-31,11,61,0.0,0.0045667756,1.6317997
2012-07-26,32,93,9.000000000000002,3.7223263,2.045275
2012-01-29,15,93,0.0,-0.0017229206,1.8186127
2012-04-03,7,93,0.0,0.0021875075,1.6340044
2012-03-31,41,16,35.0,30.20981,2.2610493
2012-02-21,31,9,63.000000000000036,21.805,2.4402905
2012-07-01,33,93,1.9999999999999996,2.9483478,2.687543
2012-07-23,17,71,0.0,-0.007990873,1.994701
2012-05-04,33,85,0.0,-0.004052232,1.7180935
2012-06-12,14,9,35.0,11.845846,2.5913305
2012-07-25,44,93,3.0,2.557181,2.1523087
2012-01-23,40,15,0.0,0.045793433,1.7326208
2012-04-24,34,9,17.999999999999996,39.12176,2.5300512
2012-07-25,24,76,0.0,0.009624616,1.702337
2012-01-02,22,54,0.0,-0.013281766,1.6997647
2012-07-19,28,35,1.0,1.4137107,2.4040782
2012-06-09,8,23,18.999999999999996,12.340822,1.6751873
2012-06-13,4,96,0.0,0.012601094,1.7253965
2012-03-19,12,93,12.0,3.690908,2.1462157
2012-01-10,12,16,33.00000000000001,46.93997,2.4207547
2012-07-24,11,87,1.0,1.75132,2.2375286
2012-03-09,16,93,0.0,0.01815644,1.6900814
2012-08-02,14,25,8.000000000000005,9.263642,2.4687214
2012-08-07,37,105,0.0,-0.0039561214,1.6494728
2012-04-22,32,19,1.0,1.9934708,2.4580283
2012-06-01,32,93,16.0,5.4967475,2.5573087
2012-06-03,14,50,0.0,-0.009916121,1.7377384
2012-01-06,5,93,0.0,0.014248601,1.6350417
2012-05-31,45,9,1.9999999999999996,11.304569,2.2892904
2012-04-30,5,16,14.0,17.781437,2.018836
2012-03-23,7,5,42.99999999999999,45.374325,2.723515
2012-02-12,1,9,80.00000000000003,58.277374,2.9478314
2012-02-14,1,99,0.0,-0.009269735,1.6451906
2012-07-28,14,33,1.0,2.3668845,2.520278
2012-08-01,18,57,0.0,-0.03998369,1.7057962
2012-02-05,29,8,102.99999999999999,42.750298,2.296731
2012-06-17,28,2,1.0,4.79372,2.4719315
2012-03-27,19,15,0.0,-0.028214104,1.6482415
2012-01-15,6,45,56.999999999999986,63.11546,3.055104
2012-08-10,19,93,24.000000000000007,5.7820044,2.1734347
2012-05-07,41,68,46.99999999999997,55.168873,2.4733572
2012-04-08,14,15,0.0,-0.05880603,1.7638944
2012-02-04,41,108,0.0,0.0046615372,1.6993092
2012-07-19,26,45,36.99999999999999,45.82553,2.9375122
2012-07-03,38,45,87.00000000000003,72.85805,2.984695
2012-03-08,15,15,0.0,0.110614955,1.6790922
2012-03-21,14,88,0.0,-0.024185028,1.6343925
2012-03-06,38,45,87.00000000000003,90.80736,3.1791768
2012-06-30,30,13,0.0,0.013757185,1.8118515
2012-04-27,25,9,48.99999999999999,88.42801,3.1331353
2012-08-17,5,37,10.000000000000002,10.239015,1.58666
2012-03-01,21,5,16.0,39.434772,2.7376359
2012-06-29,29,56,1.9999999999999996,2.1525006,2.3589373
2012-07-25,29,8,16.999999999999996,21.114523,1.9665474
2012-04-29,39,36,13.000000000000004,13.818549,2.2173028
2012-04-09,44,5,40.00000000000001,37.58555,2.533066
2012-06-16,37,53,0.0,-0.01021381,1.6977894
2012-02-20,41,68,87.00000000000003,56.59003,2.6098566
2012-02-03,7,23,14.999999999999998,20.219112,1.6908453
2012-06-29,32,58,0.0,-0.0133957965,1.6583129
2012-05-14,4,101,0.0,-0.006191757,1.7307956
2012-05-20,9,93,1.0,3.2513163,2.1377747
2012-05-20,32,19,0.0,-0.08898713,1.7594789
2012-01-26,11,68,47.99999999999999,44.522392,2.5307791
2012-02-10,3,102,0.0,0.013106866,1.6503705
2012-02-02,33,85,0.0,0.017698532,1.759699
2012-01-14,33,92,0.0,0.013705143,1.7203097
2012-03-02,42,82,0.0,-0.065559,1.7183027
2012-02-07,32,9,113.00000000000003,60.642715,2.6804278
2012-08-16,14,50,0.0,-0.02045106,1.6585007
2012-03-19,31,67,5.0,9.309237,1.9182211
2012-02-29,40,15,0.0,0.02075285,1.7204188
2012-06-07,27,80,1.0,2.5836074,2.3154542
2012-05-29,31,98,0.0,-0.016275544,1.6294391
2012-01-31,19,75,0.0,-0.024247348,1.6621103
2012-06-30,33,44,223.00000000000014,200.05353,3.8191369
2012-02-21,39,9,3.0,6.35816,2.4524193
2012-08-12,37,5,54.000000000000014,75.76544,2.9526944
2012-07-31,36,1,0.0,0.106712155,1.7016054
2012-07-04,3,109,0.0,0.0039813835,1.6777302
2012-08-07,28,5,11.0,30.996468,2.7629774
2012-01-21,25,93,0.0,0.06913036,1.8261224
2012-03-03,28,45,46.99999999999997,70.78571,2.907881
2012-07-06,14,25,25.000000000000004,12.731737,2.2436879
2012-08-04,14,93,0.0,-0.0049193115,1.697175
2012-06-04,45,9,16.0,15.438492,2.55753
2012-03-09,4,27,9.000000000000002,7.6567245,2.1258595
2012-05-14,13,36,82.00000000000003,92.347115,2.991535
2012-05-08,41,16,31.0,34.706905,2.340369
2012-01-10,22,93,0.0,-0.0043136543,1.7808423
2012-04-22,26,5,71.99999999999999,47.32857,2.6961427
2012-03-02,40,15,0.0,0.100347385,1.7512581
2012-07-09,37,5,67.00000000000001,64.66021,2.6741881
2012-02-06,22,78,0.0,0.013888496,1.6711805
2012-01-02,3,102,0.0,0.0036882488,1.7537779
2012-02-13,5,16,30.0,23.901741,2.080038
2012-01-13,23,5,23.000000000000004,34.85152,2.7422285
2012-02-05,12,93,0.0,0.0031996388,1.7298967
2012-05-22,16,93,1.0,4.0614285,2.217683
2012-02-25,38,45,104.99999999999997,91.97942,3.0996096
2012-06-12,8,100,0.0,-0.009659385,1.6900691
2012-01-04,11,86,0.0,-0.0023862766,1.6402776
2012-08-17,37,105,0.0,0.0030212363,1.6412041
2012-01-02,8,23,14.999999999999998,15.266326,1.9197739
2012-06-08,18,72,0.0,-0.0068647466,1.6308495
2012-08-22,37,15,0.0,-0.044406306,1.7213079
2012-07-24,12,86,0.0,-0.0011546699,1.6971055
2012-07-27,30,51,0.0,0.0004271741,1.6812418
2012-01-20,19,88,0.0,-0.03863032,1.6681893
2012-06-11,26,5,84.00000000000001,66.837715,2.882219
2012-01-29,41,16,65.99999999999997,39.64488,2.377885
2012-04-12,24,6,48.99999999999999,52.561417,2.6345801
2012-01-24,20,41,20.0,18.532696,1.800132
2012-01-01,14,33,0.0,-0.043657854,1.8212428
2012-06-11,14,15,0.0,-0.05038486,1.6867967
2012-01-03,17,71,1.0,2.1018994,2.5820446
2012-04-12,10,5,63.99999999999998,47.462704,2.7200072
