actual,predicted
2.079441541679836,1.4368275397253356
0.0,0.0
0.6931471805599453,1.0981395854851206
0.0,0.0
0.0,0.0
0.0,0.0
0.0,0.0
3.5263605246161616,3.1374820313372727
0.6931471805599453,1.1221866061706303
4.465908118654584,4.333333669342531
3.970291913552122,4.154327645285548
2.639057329615259,2.7926823387486395
1.0986122886681096,1.1990697667750583
2.19722457733622,2.272389695466063
0.6931471805599453,0.8080159571134341
0.0,0.0
0.0,0.0
3.6635616461296463,3.7302310162728
3.9318256327243257,3.937820394011364
0.0,0.0
0.0,0.0
4.68213122712422,4.657493975697165
1.9459101490553128,1.631754506714686
1.6094379124341005,1.1732719984267839
0.0,0.0
0.0,0.0
0.6931471805599453,1.449955354193131
4.442651256490317,4.086656639695683
1.0986122886681096,1.44718718357801
4.219507705176107,4.307530180962058
0.0,0.0
0.0,0.0
1.791759469228055,1.111037768698074
0.0,0.0
2.4849066497880004,1.2192856438219963
0.0,0.0
4.941642422609304,4.258266715225459
0.0,0.0
0.0,0.0
0.6931471805599453,0.9164087719301582
0.0,0.0
0.0,0.0
0.0,0.0
0.0,0.0
4.727387818712341,4.559269977749065
1.0986122886681096,1.7205421308265838
0.0,0.0
1.3862943611198906,0.9717440466412934
1.0986122886681096,1.0557967004691
4.219507705176107,4.376646516645071
0.0,0.0
0.6931471805599453,0.9935348016529352
3.951243718581428,3.780243810563505
3.218875824868201,3.9716911580510597
0.0,0.0
3.9889840465642745,3.840870663355893
1.0986122886681096,0.813236906381357
2.19722457733622,2.129925669940295
0.0,0.0
0.0,0.0
4.969813299576001,4.45534797788274
4.882801922586371,4.8691899493488195
1.0986122886681096,1.3310530111565695
4.882801922586371,4.729670094731973
3.4339872044851463,3.055428509001392
0.0,0.0
3.9318256327243257,3.839051919790323
0.0,0.0
0.6931471805599453,0.9375231047127742
0.6931471805599453,0.8130826926315842
0.0,0.0
3.737669618283368,4.017766362736888
4.672828834461906,4.39947451181062
0.0,0.0
4.6443908991413725,4.679008227277948
0.0,0.0
4.248495242049359,4.455758301504097
0.0,0.0
1.0986122886681096,1.0632426969798632
0.0,0.0
0.0,0.0
0.0,0.0
0.0,0.0
2.3978952727983707,2.973524045474873
0.0,0.0
0.0,0.0
2.639057329615259,2.7186434794767207
1.0986122886681096,0.928156135222535
0.0,0.0
0.0,0.0
0.0,0.0
0.0,0.0
0.0,0.0
0.0,0.0
2.772588722239781,2.1651063075651824
0.6931471805599453,1.5193378593023386
0.0,0.0
0.0,0.0
0.0,0.0
0.0,0.0
0.0,0.0
4.060443010546419,3.7837149504523073
1.9459101490553128,1.3608530537931762
4.110873864173311,4.243296738551121
4.060443010546419,3.572882777858666
0.0,0.0
0.0,0.0
0.0,0.0
0.0,0.0
0.0,0.0
3.1354942159291497,3.0796133476737073
1.0986122886681096,1.0101732738967362
0.0,0.0
3.295836866004329,3.40994902965337
0.0,0.0
0.0,0.0
0.0,0.0
4.060443010546419,4.130095345452329
3.6635616461296463,3.410948615174106
0.6931471805599453,1.5713493290874982
0.0,0.0
2.4849066497880004,2.0471407029308333
0.0,0.0
0.0,0.0
5.771441123130016,5.4789202328931665
5.049856007249537,4.982297164183447
3.784189633918261,4.029335799532109
1.0986122886681096,1.106843325944246
4.584967478670572,4.71803915735156
0.0,0.0
4.74493212836325,4.342131829491414
3.4657359027997265,3.532747875084159
0.6931471805599453,0.8613432836726855
0.0,0.0
0.0,0.0
3.044522437723423,3.0311446833377698
0.0,0.0
0.0,0.0
5.043425116919247,4.260633889003055
0.6931471805599453,1.1069200250375908
1.3862943611198906,0.8685659212479843
3.332204510175204,1.6626615500399038
0.0,0.0
0.0,0.0
0.0,0.0
0.0,0.0
0.0,0.0
0.0,0.0
0.0,0.0
2.3978952727983707,1.6051906473599036
0.0,0.0
4.700480365792417,4.668977806999923
0.0,0.0
5.049856007249537,4.252716741204461
0.0,0.0
4.51085950651685,4.641896285698336
0.0,0.0
0.0,0.0
0.0,0.0
4.859812404361672,4.751416681229915
5.560681631015528,5.411166131013683
3.8918202981106265,4.010833812492953
0.0,0.0
0.6931471805599453,1.1304283873613878
0.0,0.0
0.6931471805599453,1.017498679624515
0.0,0.0
0.0,0.0
0.0,0.0
3.951243718581428,4.218254436361798
3.4657359027997265,3.2572459943797587
4.394449154672439,4.603695202771068
0.0,0.0
3.713572066704308,3.236085664785983
0.0,0.0
4.330733340286331,4.166512321452819
3.044522437723423,3.2677740453109716
0.0,0.0
0.0,0.0
0.0,0.0
0.6931471805599453,1.2458166346880022
4.948759890378168,4.800965176425021
3.688879454113936,4.154916511472799
0.0,0.0
0.6931471805599453,0.8584288722599362
0.0,0.0
0.0,0.0
0.6931471805599453,0.8078529095952274
3.9889840465642745,4.087783306132127
0.6931471805599453,0.8727834526731552
1.3862943611198906,1.641495115551977
3.828641396489095,4.046431308815376
0.0,0.0
0.0,0.0
1.0986122886681096,1.4319032808767789
4.74493212836325,4.759995715045549
2.70805020110221,3.557370479741121
4.532599493153256,5.1635355423571
3.9889840465642745,4.094064832394812
2.833213344056216,3.1991328163711743
0.0,0.0
0.0,0.0
0.6931471805599453,0.7769658569470866
0.0,0.0
0.0,0.0
4.394449154672439,4.129623586814965
0.6931471805599453,0.8734270619296551
3.6375861597263857,3.6333334314909664
0.0,0.0
0.0,0.0
0.0,0.0
0.0,0.0
4.3694478524670215,4.483891280201997
0.6931471805599453,0.9475877605839012
1.0986122886681096,0.9566976630849929
0.0,0.0
3.091042453358316,3.7834414358381703
2.5649493574615367,1.9881460583842392
0.0,0.0
0.0,0.0
0.0,0.0
3.044522437723423,2.778728755732919
0.0,0.0
0.0,0.0
4.700480365792417,4.557635603143765
1.0986122886681096,0.8368534921671099
0.0,0.0
0.0,0.0
0.0,0.0
0.0,0.0
0.0,0.0
1.791759469228055,2.3208732892227366
2.70805020110221,2.506425283896778
0.0,0.0
0.0,0.0
0.0,0.0
0.0,0.0
4.48863636973214,4.169932800992965
2.9444389791664403,2.9097991431952557
0.0,0.0
0.0,0.0
0.0,0.0
3.091042453358316,3.137573506894297
1.0986122886681096,0.9612248734971522
0.0,0.0
0.0,0.0
4.68213122712422,4.513917743281671
0.0,0.0
0.0,0.0
3.4011973816621555,3.933345891157666
0.0,0.0
1.0986122886681096,0.8523885671747621
1.3862943611198906,0.9323537174951391
0.6931471805599453,0.998230085554015
0.0,0.0
0.0,0.0
0.0,0.0
1.6094379124341005,2.395422086300702
0.0,0.0
3.218875824868201,4.187008090735578
4.127134385045092,4.093619578344035
3.828641396489095,4.049476931574947
0.0,0.0
0.0,0.0
4.867534450455582,4.234562111916005
5.552959584921617,5.487068306095583
0.0,0.0
0.0,0.0
1.0986122886681096,1.7410996187195806
4.330733340286331,4.2559170507642685
0.0,0.0
0.0,0.0
0.0,0.0
5.093750200806762,5.2182224770827075
0.0,0.0
4.110873864173311,3.7522000739204784
1.0986122886681096,1.344099874083301
0.0,0.0
0.0,0.0
0.0,0.0
4.110873864173311,4.177082335060489
0.0,0.0
0.0,0.0
3.7612001156935615,3.970993927643501
4.219507705176107,4.4557538391708205
3.8501476017100575,4.118838921753445
3.828641396489095,3.7274680771023316
1.0986122886681096,0.8180145813685767
0.0,0.0
2.079441541679836,1.9947270052551735
0.6931471805599453,1.0950493835645674
1.0986122886681096,1.8358026107588035
0.0,0.0
2.639057329615259,2.9055724183118317
0.0,0.0
3.9889840465642745,3.7802747514148263
1.6094379124341005,1.380218858806025
0.6931471805599453,1.1122393470635497
3.332204510175204,3.500594794842388
2.3978952727983707,1.5463755542493827
0.0,0.0
0.0,0.0
0.0,0.0
3.332204510175204,3.6107400449987233
3.218875824868201,3.183927553923959
4.304065093204169,4.46948498211996
0.6931471805599453,0.8196061563953837
4.709530201312334,4.290128424820291
0.0,0.0
4.189654742026425,4.5403094190303275
2.19722457733622,2.7716388764641895
0.0,0.0
4.07753744390572,4.179920733278402
1.0986122886681096,0.8570513687518306
2.4849066497880004,2.0842263422199307
2.8903717578961645,1.9605160062014262
4.382026634673881,4.117895840662891
4.653960350157523,4.632172936627494
4.51085950651685,4.58503137463883
3.091042453358316,4.2394878742844
0.0,0.0
0.0,0.0
3.4339872044851463,3.422240929287022
3.7612001156935615,3.683229959020413
3.044522437723423,3.8907370722085735
0.0,0.0
4.02535169073515,4.230138185497616
0.0,0.0
4.204692619390966,4.148117753226205
0.0,0.0
0.0,0.0
0.0,0.0
4.543294782270004,4.550855382458087
3.951243718581428,3.9881891985034086
0.0,0.0
0.0,0.0
0.0,0.0
0.0,0.0
3.1354942159291497,3.4250700988896923
1.0986122886681096,0.9955261399493713
1.9459101490553128,1.5975527371607101
0.0,0.0
2.3978952727983707,2.9392403658370494
4.07753744390572,4.733756141554566
0.0,0.0
4.248495242049359,3.9847877947143915
2.3978952727983707,1.8040697277533297
1.3862943611198906,0.9825748082313333
0.0,0.0
0.0,0.0
3.555348061489413,3.656128160242026
1.9459101490553128,2.1873278727225975
3.688879454113936,4.348040066248891
0.0,0.0
0.0,0.0
2.639057329615259,1.493289593418
1.9459101490553128,2.1615506446875092
4.430816798843313,4.555752578964332
0.0,0.0
1.791759469228055,3.002436421135319
4.882801922586371,4.795994815586727
4.343805421853684,4.455358127857952
0.0,0.0
1.3862943611198906,1.0090244792871979
0.0,0.0
0.0,0.0
0.0,0.0
0.0,0.0
0.0,0.0
2.639057329615259,2.630980506710973
0.0,0.0
3.9889840465642745,3.8551187933411937
0.6931471805599453,1.0582507098876546
0.0,0.0
1.0986122886681096,0.9323732793773704
0.0,0.0
0.0,0.0
0.0,0.0
2.772588722239781,2.7264266028691946
0.0,0.0
3.9889840465642745,4.1277509094614375
0.0,0.0
0.0,0.0
2.639057329615259,2.6401160996612485
4.330733340286331,4.5754376907401255
0.0,0.0
0.0,0.0
0.0,0.0
0.0,0.0
0.0,0.0
4.787491742782046,4.298902159031533
2.302585092994046,1.7648759540461125
3.4339872044851463,3.9406274857649737
0.0,0.0
1.3862943611198906,1.0173120245344898
0.0,0.0
0.0,0.0
0.0,0.0
3.295836866004329,3.4689475682843756
0.0,0.0
3.4657359027997265,4.007262914344649
4.31748811353631,4.179834562801694
0.0,0.0
0.0,0.0
3.4657359027997265,3.4034651536608633
0.0,0.0
1.0986122886681096,1.6466080155167506
0.0,0.0
0.6931471805599453,0.8943095026985542
0.0,0.0
1.0986122886681096,0.7617159125829513
3.258096538021482,3.167802888437781
0.0,0.0
0.0,0.0
0.0,0.0
3.367295829986474,3.6545150529641433
0.0,0.0
1.791759469228055,2.5260162121448553
4.465908118654584,4.570261096421702
0.0,0.0
0.0,0.0
0.0,0.0
4.709530201312334,4.719086907424679
0.0,0.0
0.0,0.0
0.6931471805599453,1.3697595777102418
1.9459101490553128,2.189539464059896
1.9459101490553128,2.151265060566607
4.143134726391533,4.355744937235622
0.6931471805599453,1.0242041477105264
0.0,0.0
2.19722457733622,2.7590268391396715
0.6931471805599453,0.8418003410617781
0.6931471805599453,1.6573121042144892
4.219507705176107,4.2969081282040635
0.0,0.0
3.6375861597263857,3.3626547023400133
0.0,0.0
2.8903717578961645,3.3742405999610323
1.6094379124341005,0.9025558075100909
3.58351893845611,3.0246702423790004
0.0,0.0
3.1780538303479458,3.7829914734346293
0.0,0.0
2.19722457733622,1.733687466649703
0.6931471805599453,1.4403067267828578
0.6931471805599453,1.6115527801606355
0.0,0.0
4.624972813284271,4.409348430449428
0.0,0.0
0.0,0.0
3.8712010109078903,3.203922158559405
3.828641396489095,3.912100306323043
0.0,0.0
1.0986122886681096,1.0845730495553878
3.80666248977032,3.851329364322609
0.0,0.0
0.0,0.0
0.0,0.0
4.007333185232471,4.081785494869617
0.0,0.0
0.0,0.0
3.258096538021482,3.0393837975988833
3.58351893845611,3.463599296177297
3.555348061489413,3.610378286526749
0.0,0.0
1.3862943611198906,1.3105605350805416
0.0,0.0
4.477336814478207,4.22536104255801
4.204692619390966,4.005806118423505
0.6931471805599453,0.812890099690665
0.0,0.0
0.0,0.0
0.0,0.0
0.0,0.0
2.3978952727983707,1.7434275517432178
2.079441541679836,1.1484505507072096
0.0,0.0
5.075173815233827,4.588188325816763
3.4339872044851463,3.574559765962558
3.784189633918261,4.027496041832191
0.0,0.0
3.970291913552122,3.89020623377269
2.302585092994046,2.6361884420811488
4.23410650459726,4.025096449488924
0.0,0.0
0.0,0.0
5.5909869805108565,5.6174167000242745
0.0,0.0
4.430816798843313,4.62350226121033
0.0,0.0
3.970291913552122,3.6227037449419703
3.6635616461296463,3.807219451864163
1.0986122886681096,1.1711098396062256
4.02535169073515,3.9977491092117106
1.791759469228055,1.0914049565809845
2.079441541679836,2.5984998246509408
1.0986122886681096,0.877414372739678
5.2574953720277815,5.417460698160523
0.0,0.0
4.454347296253507,4.398102558307685
3.258096538021482,3.6491509832427567
2.079441541679836,2.3560473938638995
0.0,0.0
0.0,0.0
0.0,0.0
0.0,0.0
0.0,0.0
3.951243718581428,3.7915071679786188
1.791759469228055,1.4891829994813741
4.174387269895637,3.8695676668490275
0.0,0.0
3.218875824868201,3.3326639388978303
4.007333185232471,4.0732475391162835
1.3862943611198906,0.7671191641015196
0.0,0.0
2.639057329615259,2.505768968553006
4.418840607796598,3.9317719930124424
4.189654742026425,3.669751217360357
3.828641396489095,3.74441456287271
2.3978952727983707,2.2436981373943317
3.713572066704308,3.936465916397127
0.0,0.0
1.0986122886681096,1.2506119500226722
0.0,0.0
3.970291913552122,3.987471914605041
2.772588722239781,2.9976820129943693
2.302585092994046,1.4766180411619165
3.091042453358316,3.207932812139639
0.0,0.0
0.0,0.0
3.5263605246161616,4.195075797491475
3.912023005428146,4.290996608861286
0.0,0.0
4.795790545596741,4.543256992987929
0.0,0.0
5.0238805208462765,5.010913721504455
4.0943445622221,4.097154827531846
0.6931471805599453,1.0579012894400817
0.0,0.0
0.0,0.0
0.0,0.0
0.0,0.0
0.0,0.0
4.875197323201151,4.158619255575462
0.0,0.0
1.0986122886681096,1.1611116465424873
4.262679877041316,3.9375678144515383
3.7612001156935615,3.9634767353130393
3.218875824868201,2.4911707875054296
1.9459101490553128,2.5298580626711
3.6635616461296463,3.4534066624619673
3.58351893845611,3.6415168066396335
0.0,0.0
2.8903717578961645,3.021341109989241
0.0,0.0
0.0,0.0
1.0986122886681096,1.5398651778692416
4.406719247264253,4.215838109871335
0.0,0.0
0.0,0.0
1.791759469228055,2.851555899363345
3.367295829986474,3.6855952794083175
5.272999558563747,5.124849180779763
3.8918202981106265,3.828583428243024
0.6931471805599453,0.9643613200625093
0.0,0.0
1.6094379124341005,2.0481262017183526
0.0,0.0
0.0,0.0
0.0,0.0
1.3862943611198906,1.8390472165575835
2.639057329615259,2.9001973785777375
0.0,0.0
0.0,0.0
0.0,0.0
3.737669618283368,3.6885718273123156
0.0,0.0
0.0,0.0
0.0,0.0
0.0,0.0
0.0,0.0
3.044522437723423,2.7128180719374058
0.6931471805599453,0.9712778979683268
2.9444389791664403,2.563407489453691
4.04305126783455,3.9572118773276643
4.110873864173311,3.9377314532402306
4.248495242049359,4.337700231047709
1.9459101490553128,1.2390471450431255
5.003946305945459,4.8611287117521655
0.0,0.0
0.0,0.0
2.995732273553991,3.7882355873199134
2.079441541679836,2.7634735931987704
4.499809670330265,4.728068125907392
0.0,0.0
0.6931471805599453,1.5747495352939407
0.0,0.0
2.5649493574615367,2.6059886167789195
4.962844630259907,4.349896369269088
0.0,0.0
0.0,0.0
4.343805421853684,3.4382266552212735
1.3862943611198906,1.583169611094043
4.276666119016055,4.3558741721700605
3.912023005428146,4.157913311610162
0.0,0.0
4.6443908991413725,4.141113054427465
2.639057329615259,2.8250968308405686
2.19722457733622,2.237811486364911
4.276666119016055,4.13556552417242
0.0,0.0
0.0,0.0
0.0,0.0
4.430816798843313,4.008145266811564
0.6931471805599453,0.9483351600973624
0.0,0.0
1.6094379124341005,1.85303261089587
0.0,0.0
4.174387269895637,4.37190840463332
3.688879454113936,3.963259565463485
0.0,0.0
4.709530201312334,4.680535896929389
0.0,0.0
0.0,0.0
0.0,0.0
1.0986122886681096,1.1516992767577199
4.204692619390966,4.128671449253858
2.302585092994046,1.302053182651566
3.8712010109078903,3.2862317999497197
0.0,0.0
2.3978952727983707,1.5994453031598335
0.0,0.0
0.0,0.0
0.0,0.0
0.0,0.0
4.983606621708336,4.858113466581922
0.0,0.0
3.80666248977032,3.9247494175712427
0.0,0.0
0.0,0.0
4.219507705176107,3.7922443892739084
0.0,0.0
0.0,0.0
4.330733340286331,4.305649101004831
1.0986122886681096,1.248406019639712
1.0986122886681096,0.9677763561091123
0.0,0.0
0.0,0.0
1.0986122886681096,2.3022061993195533
5.049856007249537,5.205217729924669
2.4849066497880004,1.7471091143236557
2.5649493574615367,1.7105986286198727
1.6094379124341005,2.5692343424175914
0.0,0.0
0.0,0.0
1.0986122886681096,1.1287058126701204
0.0,0.0
0.0,0.0
2.8903717578961645,3.126913248389101
0.0,0.0
4.304065093204169,4.04101575168898
2.5649493574615367,2.0483294119404407
0.0,0.0
2.772588722239781,2.441108844651307
2.833213344056216,2.895533186489154
0.0,0.0
0.0,0.0
0.0,0.0
0.0,0.0
3.58351893845611,3.5305537351476515
2.9444389791664403,2.4744284294760774
0.0,0.0
1.0986122886681096,1.9254508824489733
0.0,0.0
0.6931471805599453,1.2261097601582356
4.262679877041316,4.134026972255594
3.8712010109078903,4.311707036001722
3.091042453358316,3.3651101541348805
4.418840607796598,4.56179352800458
0.0,0.0
2.19722457733622,2.727463546259175
2.079441541679836,1.4247406335369215
0.0,0.0
4.174387269895637,4.550217123658103
0.0,0.0
3.6375861597263857,3.6077312718584307
0.0,0.0
5.351858133476067,5.361946403084899
0.0,0.0
2.70805020110221,2.920057141874304
0.0,0.0
2.772588722239781,3.756544431063811
0.0,0.0
0.0,0.0
4.04305126783455,4.1568856453959535
0.0,0.0
4.406719247264253,4.511771816833274
0.0,0.0
0.6931471805599453,0.8703443504936413
0.0,0.0
0.0,0.0
1.791759469228055,2.1317052605066515
0.0,0.0
0.0,0.0
3.332204510175204,3.0505283900507574
3.555348061489413,3.5694669543385147
3.610917912644224,3.574772033320578
2.3978952727983707,2.091707484638107
5.0369526024136295,4.417467331353189
0.0,0.0
0.0,0.0
0.0,0.0
3.6375861597263857,3.8872132761267646
1.6094379124341005,1.0919350269791617
0.0,0.0
2.19722457733622,3.253142682986224
0.0,0.0
0.0,0.0
2.995732273553991,3.4434778751335697
0.0,0.0
1.9459101490553128,2.1508833500173177
0.0,0.0
0.0,0.0
0.0,0.0
0.0,0.0
0.0,0.0
4.61512051684126,4.608258136612963
3.1780538303479458,3.001650743459201
3.49650756146648,4.105257227751014
4.59511985013459,4.631325599267875
0.0,0.0
0.0,0.0
3.091042453358316,3.1781001988358293
4.127134385045092,4.087726013249447
3.970291913552122,3.640060715606895
0.0,0.0
0.0,0.0
3.688879454113936,3.3500315931756046
4.204692619390966,4.001925590285566
4.5217885770490405,4.641925933465688
5.3230099791384085,5.138840487033788
4.23410650459726,4.220702025512444
0.0,0.0
0.0,0.0
2.8903717578961645,2.979523039571541
4.189654742026425,4.347641992368721
0.0,0.0
4.060443010546419,4.065124480898516
0.6931471805599453,0.902824369779628
4.158883083359672,3.9755761390473436
3.258096538021482,3.3931763347877046
4.219507705176107,3.8968023777936116
0.0,0.0
4.465908118654584,4.262638904407649
0.0,0.0
0.0,0.0
1.3862943611198906,0.9625595661504888
4.189654742026425,3.917794859802096
0.0,0.0
4.919980925828125,4.496172311903522
0.0,0.0
3.737669618283368,4.009248315696097
0.0,0.0
0.0,0.0
1.6094379124341005,1.5367919333353977
0.0,0.0
0.0,0.0
3.1780538303479458,2.76941095179736
3.218875824868201,2.9753145680173336
0.6931471805599453,1.1711219763100964
0.6931471805599453,0.8842243798588051
4.0943445622221,4.163429787074383
0.0,0.0
0.0,0.0
0.0,0.0
0.0,0.0
0.0,0.0
0.0,0.0
3.4011973816621555,3.1627114398615905
4.859812404361672,4.772184458905622
2.302585092994046,2.2363737010244065
3.6375861597263857,3.872695644973518
1.0986122886681096,0.9272058730069925
4.007333185232471,4.109733334292638
0.0,0.0
3.1354942159291497,3.3682130694712957
0.0,0.0
1.0986122886681096,0.7732974919073157
0.0,0.0
0.0,0.0
0.0,0.0
0.6931471805599453,1.2992473158295221
0.0,0.0
0.0,0.0
0.6931471805599453,1.150233396074676
3.610917912644224,4.008733750171561
0.0,0.0
0.0,0.0
3.367295829986474,3.4170172527304437
4.584967478670572,4.635819643460993
0.6931471805599453,1.1220705856880138
4.248495242049359,4.493163085316034
0.6931471805599453,1.3701138004004392
0.0,0.0
3.555348061489413,4.188524456719366
0.0,0.0
3.8712010109078903,3.837894446435285
2.079441541679836,1.2584013150383662
5.117993812416755,4.882620389619615
0.0,0.0
4.3694478524670215,4.346690528884508
3.912023005428146,4.035895211678344
0.0,0.0
0.0,0.0
4.382026634673881,4.3197182081767345
0.0,0.0
1.791759469228055,3.1144412864033226
2.639057329615259,2.3680808670636138
4.007333185232471,4.021861013957743
0.0,0.0
3.688879454113936,3.2934988347335423
0.0,0.0
0.0,0.0
3.610917912644224,2.6178609185975534
4.624972813284271,4.925722133405357
3.828641396489095,3.6610606027615464
0.0,0.0
1.6094379124341005,1.0190976289661575
0.0,0.0
0.0,0.0
0.0,0.0
2.5649493574615367,3.0103662829722295
1.3862943611198906,1.6344017274018194
0.0,0.0
0.0,0.0
0.0,0.0
0.0,0.0
4.672828834461906,5.212401858175843
0.0,0.0
0.0,0.0
0.0,0.0
4.219507705176107,3.7955341410742442
0.0,0.0
0.0,0.0
3.49650756146648,3.953575357082536
4.477336814478207,4.4417943425942745
2.8903717578961645,2.8647151087206724
0.6931471805599453,1.1694238162469857
3.828641396489095,3.8565203043086695
0.0,0.0
0.0,0.0
3.5263605246161616,3.587706796991853
1.9459101490553128,2.043228413835615
1.6094379124341005,1.790779655124192
0.0,0.0
2.772588722239781,3.0391350496762146
0.0,0.0
4.0943445622221,3.872916597632761
2.5649493574615367,2.481477689809318
0.0,0.0
1.791759469228055,1.4103898321613406
0.0,0.0
0.0,0.0
4.02535169073515,3.8696374578562827
2.3978952727983707,2.5627146383687847
4.406719247264253,4.126421174419447
2.70805020110221,2.3045263505979396
0.0,0.0
4.356708826689592,4.348606081038291
4.060443010546419,3.9197743079779865
0.0,0.0
2.70805020110221,2.480161270593964
0.0,0.0
2.70805020110221,2.9236202402720015
4.204692619390966,3.887490397972887
0.6931471805599453,1.5428849615811095
4.248495242049359,4.170581166840454
0.0,0.0
2.3978952727983707,2.3511515876989053
1.9459101490553128,1.1303327671422538
0.0,0.0
0.0,0.0
0.0,0.0
1.0986122886681096,1.6152906241810685
2.9444389791664403,2.700731527035806
3.091042453358316,3.0039986972392376
0.0,0.0
0.0,0.0
0.6931471805599453,0.9361950226193636
0.0,0.0
4.204692619390966,4.0606381020778315
1.0986122886681096,0.9756403492159315
0.0,0.0
0.0,0.0
4.804021044733257,4.624661818975885
0.0,0.0
0.0,0.0
0.0,0.0
0.0,0.0
0.0,0.0
0.0,0.0
1.9459101490553128,1.5439006538862399
3.555348061489413,3.400188972503989
3.9889840465642745,4.084022523455497
0.0,0.0
1.791759469228055,2.60802619118002
3.9889840465642745,4.002068646563394
4.23410650459726,3.880459400070998
0.0,0.0
0.6931471805599453,0.8237171300808468
0.0,0.0
0.0,0.0
0.0,0.0
3.80666248977032,4.10452509986638
1.0986122886681096,1.010327281888709
0.0,0.0
1.3862943611198906,1.1042950458649263
0.0,0.0
0.0,0.0
0.0,0.0
0.0,0.0
3.828641396489095,4.090691203979212
1.0986122886681096,1.1668388340993479
3.610917912644224,4.044715901188205
0.0,0.0
0.0,0.0
3.1354942159291497,3.822846808871069
0.0,0.0
0.0,0.0
0.0,0.0
5.298317366548036,4.961401132816451
4.882801922586371,4.705143999365015
4.454347296253507,3.7344342307226905
0.0,0.0
0.0,0.0
4.624972813284271,4.6611929911742855
0.0,0.0
3.737669618283368,3.774667281730383
2.772588722239781,2.1472640232336606
3.8501476017100575,3.8242901165445375
0.0,0.0
1.0986122886681096,1.312507595574592
0.0,0.0
3.4011973816621555,3.4032034176865933
0.0,0.0
0.0,0.0
1.0986122886681096,1.434824328064991
1.3862943611198906,1.5070578591941632
2.4849066497880004,2.5943194325329593
0.6931471805599453,1.756094044435926
0.0,0.0
1.0986122886681096,0.8881424082322031
0.0,0.0
2.19722457733622,3.0825105011195983
3.332204510175204,3.6725534016382455
4.04305126783455,3.900957556715138
0.0,0.0
1.0986122886681096,1.401017121569398
1.0986122886681096,0.8891669413945141
0.0,0.0
4.007333185232471,3.9135891917750745
0.0,0.0
0.0,0.0
0.6931471805599453,0.7683760655387794
0.0,0.0
0.0,0.0
0.0,0.0
4.653960350157523,4.733449766231305
3.4339872044851463,3.7038729039819422
0.0,0.0
4.394449154672439,4.015135676622716
0.0,0.0
0.0,0.0
0.0,0.0
0.0,0.0
3.9889840465642745,4.18821351684476
0.0,0.0
3.1354942159291497,3.564334028146628
0.0,0.0
0.0,0.0
1.0986122886681096,1.7811810577513296
3.737669618283368,4.0294049249153705
4.787491742782046,4.4397435560049505
0.0,0.0
0.0,0.0
4.174387269895637,4.262669237411
3.5263605246161616,3.177214258981906
0.0,0.0
0.0,0.0
1.9459101490553128,1.0542655340359801
0.0,0.0
2.995732273553991,3.532319444834258
4.564348191467836,4.520057443200751
0.6931471805599453,0.892787011965654
0.0,0.0
0.0,0.0
1.9459101490553128,1.4237856150067707
4.5217885770490405,3.6831124813498155
5.081404364984463,5.396164483698173
0.0,0.0
0.0,0.0
0.0,0.0
0.0,0.0
0.0,0.0
1.9459101490553128,2.2574218957321155
1.0986122886681096,0.9055605274041116
1.9459101490553128,1.9366836074662286
0.0,0.0
0.0,0.0
0.0,0.0
0.0,0.0
0.0,0.0
1.791759469228055,1.4911394015853938
0.6931471805599453,0.9196879373523821
0.0,0.0
0.0,0.0
4.0943445622221,3.645591118877802
4.574710978503383,4.425230859620319
4.382026634673881,4.002934884093714
1.0986122886681096,1.2784262465322878
1.791759469228055,1.14380606401333
0.0,0.0
0.0,0.0
1.0986122886681096,1.847885990851041
0.0,0.0
0.0,0.0
0.0,0.0
2.995732273553991,2.71758536790955
0.0,0.0
0.6931471805599453,0.9612588700339428
2.4849066497880004,2.657090658652647
3.80666248977032,4.036065606335781
0.6931471805599453,0.8471464962671592
0.6931471805599453,0.9673506494113944
0.0,0.0
0.0,0.0
1.0986122886681096,2.5399478645554363
3.091042453358316,2.821380565853265
4.304065093204169,4.1551388552584845
2.3978952727983707,1.7704390559956362
0.0,0.0
0.0,0.0
2.19722457733622,2.4635868841743602
0.0,0.0
0.0,0.0
1.0986122886681096,1.6133277508308206
3.8712010109078903,3.6302542449099455
0.0,0.0
4.912654885736052,4.552689608980453
4.5217885770490405,3.576030658139771
3.688879454113936,3.470529996422913
0.0,0.0
0.0,0.0
1.3862943611198906,1.5666801408877205
0.0,0.0
0.0,0.0
1.9459101490553128,1.8263235786390197
4.74493212836325,4.59197622575134
1.3862943611198906,1.203725792538092
0.0,0.0
3.4011973816621555,3.841036389099209
3.295836866004329,3.0385192276286492
3.737669618283368,3.729704335086743
3.218875824868201,3.2083970011447565
2.079441541679836,1.626667444176006
0.0,0.0
0.0,0.0
3.5263605246161616,3.567341953719387
0.0,0.0
0.0,0.0
4.343805421853684,4.264215168130181
0.0,0.0
0.0,0.0
0.0,0.0
4.248495242049359,4.000722059142482
1.9459101490553128,1.910730169451664
4.143134726391533,4.558550886651269
4.836281906951478,4.926017964381988
0.0,0.0
3.951243718581428,3.988804907822405
0.0,0.0
0.0,0.0
2.19722457733622,2.8734530994907805
0.0,0.0
4.59511985013459,4.800716111718599
1.9459101490553128,1.6259319453120091
0.0,0.0
0.0,0.0
2.079441541679836,1.4426768499133396
1.0986122886681096,1.5086509490841165
0.0,0.0
3.1780538303479458,1.7207036541171896
0.0,0.0
0.0,0.0
0.0,0.0
0.0,0.0
3.713572066704308,2.929708226943881
2.19722457733622,2.3747875681853223
0.0,0.0
0.0,0.0
1.3862943611198906,1.2498201253898846
0.0,0.0
0.0,0.0
3.4011973816621555,3.3980215420222692
0.0,0.0
0.0,0.0
3.912023005428146,3.9043980878606868
0.0,0.0
1.0986122886681096,1.1708477439249108
2.302585092994046,2.251446535384012
3.4657359027997265,3.6618991964230583
0.0,0.0
2.8903717578961645,2.5417623278615333
3.49650756146648,3.2411237231842263
0.0,0.0
0.0,0.0
0.0,0.0
0.0,0.0
0.0,0.0
0.0,0.0
4.983606621708336,4.519053355909474
1.9459101490553128,2.0696098606638564
0.0,0.0
3.9889840465642745,3.6396942075882595
0.0,0.0
0.0,0.0
4.499809670330265,4.402003827190012
2.5649493574615367,2.437335980043366
0.0,0.0
0.0,0.0
2.8903717578961645,2.7982203591491914
0.0,0.0
0.0,0.0
0.0,0.0
0.6931471805599453,1.3625703917537717
0.0,0.0
2.8903717578961645,3.3706354984408007
1.6094379124341005,1.6057319589564691
1.0986122886681096,0.8419158287037989
0.0,0.0
0.0,0.0
0.0,0.0
0.0,0.0
4.68213122712422,4.521336936286262
3.49650756146648,3.9531086027980216
0.0,0.0
0.0,0.0
0.0,0.0
1.6094379124341005,1.501608371168727
0.0,0.0
4.736198448394496,4.193573798446632
1.0986122886681096,1.6381813026463081
1.9459101490553128,1.7739058885421999
0.0,0.0
0.0,0.0
1.0986122886681096,1.1240992424068341
1.9459101490553128,1.1788557422324315
1.0986122886681096,1.113413710530141
3.1354942159291497,3.0815116141982317
3.6375861597263857,3.840097117372784
3.7612001156935615,3.7379781814330486
1.0986122886681096,1.4097857103405764
4.31748811353631,4.567847554686491
2.9444389791664403,4.000160208233644
2.8903717578961645,2.6011716806427962
4.941642422609304,4.493843934326844
0.0,0.0
0.0,0.0
0.0,0.0
0.0,0.0
2.772588722239781,2.5937255824261554
0.0,0.0
3.8712010109078903,3.602599852358036
1.3862943611198906,1.755191845745594
4.553876891600541,4.116261249689654
1.6094379124341005,2.248432451363981
0.0,0.0
4.02535169073515,4.451139408441256
4.532599493153256,4.378120802602847
0.0,0.0
4.304065093204169,3.5898213172497844
3.367295829986474,3.99309562295256
0.0,0.0
0.6931471805599453,1.2721447071714183
0.6931471805599453,1.0086828148435465
2.9444389791664403,3.0408754697894538
2.302585092994046,2.5812356592038204
5.075173815233827,5.3651551109375735
1.0986122886681096,1.9198455636832437
0.0,0.0
0.0,0.0
0.0,0.0
4.672828834461906,4.401689002684239
0.0,0.0
1.9459101490553128,1.9378247161994104
0.0,0.0
0.0,0.0
4.204692619390966,4.216806857377724
4.605170185988092,4.144298642936788
0.0,0.0
0.6931471805599453,1.2082624608826869
0.0,0.0
0.0,0.0
0.0,0.0
0.0,0.0
4.248495242049359,4.293695068493501
1.0986122886681096,0.977000390948136
0.0,0.0
2.995732273553991,3.139630631159438
1.0986122886681096,0.9533086446658809
3.688879454113936,3.9107870530892104
0.0,0.0
1.0986122886681096,0.9389644568685656
4.653960350157523,4.508713657708391
0.0,0.0
0.0,0.0
1.0986122886681096,0.9257007025438574
3.912023005428146,3.891187257010531
4.844187086458591,4.7416651009790485
0.6931471805599453,1.011134948260555
0.0,0.0
4.532599493153256,4.556661012133815
4.174387269895637,4.297867107720767
0.0,0.0
0.0,0.0
3.9889840465642745,3.661728490849618
0.0,0.0
0.0,0.0
4.465908118654584,4.555495520880207
0.0,0.0
2.302585092994046,1.931144746872654
0.0,0.0
0.0,0.0
4.189654742026425,3.787778586455111
0.0,0.0
0.6931471805599453,0.8895512811434027
2.4849066497880004,2.8910184322348216
0.0,0.0
0.0,0.0
0.0,0.0
1.0986122886681096,1.1504949232022954
2.833213344056216,2.5307365461414757
3.912023005428146,3.6222287110201536
4.795790545596741,4.55966102386357
2.5649493574615367,2.712482104825665
0.0,0.0
3.970291913552122,3.894339597357661
1.3862943611198906,1.0470700208469876
3.951243718581428,3.406568868567683
3.8712010109078903,4.180873553856361
1.9459101490553128,1.5568014776268055
1.0986122886681096,1.5865874703969398
3.6375861597263857,4.4142662029098805
0.0,0.0
0.0,0.0
0.0,0.0
0.0,0.0
4.174387269895637,3.736138790521323
4.219507705176107,4.2728834766707084
3.58351893845611,3.2674186982103506
4.189654742026425,3.9865103306955785
0.0,0.0
0.0,0.0
0.0,0.0
0.0,0.0
0.0,0.0
0.0,0.0
0.0,0.0
4.77912349311153,4.576949355936205
0.6931471805599453,0.9037914138424148
3.4339872044851463,3.630844464031059
0.0,0.0
3.258096538021482,3.2956521943894455
4.219507705176107,4.159989716795192
2.079441541679836,2.687071518003713
0.0,0.0
4.02535169073515,4.118775362244946
3.80666248977032,3.0865822657238686
0.0,0.0
0.0,0.0
0.0,0.0
3.9889840465642745,4.208148741288889
1.3862943611198906,1.7019608934523225
4.343805421853684,4.383832779870968
0.0,0.0
3.7612001156935615,3.815079651481227
0.0,0.0
0.0,0.0
0.0,0.0
0.6931471805599453,0.9248407666980093
4.07753744390572,3.681885620722631
3.4657359027997265,3.874691178694519
0.0,0.0
4.0943445622221,3.7513474232446766
3.044522437723423,2.181559663296537
2.772588722239781,3.3756041974949538
1.0986122886681096,1.3619297583633223
1.0986122886681096,0.9377989150642366
0.0,0.0
0.0,0.0
4.532599493153256,4.642569916617211
0.0,0.0
3.688879454113936,3.1644554293624014
2.3978952727983707,2.082001708450643
4.812184355372417,4.785861126690732
4.709530201312334,4.656548927558328
0.0,0.0
0.0,0.0
0.0,0.0
4.3694478524670215,4.186016748814198
3.713572066704308,3.910236869708112
0.0,0.0
2.3978952727983707,2.87426810603232
0.0,0.0
0.0,0.0
3.80666248977032,3.891449731839558
0.0,0.0
4.174387269895637,3.465582067322948
0.0,0.0
0.0,0.0
0.0,0.0
0.6931471805599453,1.1842839949383615
0.0,0.0
1.3862943611198906,0.8615208334368615
4.304065093204169,4.194498730749154
0.0,0.0
4.110873864173311,4.191095747169353
0.0,0.0
4.718498871295094,4.759368249341184
0.0,0.0
3.4657359027997265,3.358151813222477
0.0,0.0
1.3862943611198906,1.10354169516691
2.3978952727983707,2.1969293015298152
0.0,0.0
5.1647859739235145,5.253483000542023
0.0,0.0
3.6635616461296463,3.4734533692915686
4.532599493153256,4.239630910430284
4.912654885736052,4.697806513249892
0.0,0.0
1.3862943611198906,1.000970917841937
4.158883083359672,4.020248244331007
1.0986122886681096,1.0063542986789453
0.0,0.0
0.0,0.0
4.634728988229636,4.319938547625171
0.0,0.0
1.0986122886681096,1.5416354077558703
4.330733340286331,4.604426128711143
0.0,0.0
0.0,0.0
0.0,0.0
0.0,0.0
3.8918202981106265,3.73546355932553
0.0,0.0
4.330733340286331,4.12918519117176
0.0,0.0
0.0,0.0
0.0,0.0
0.0,0.0
0.6931471805599453,1.605595726934636
3.58351893845611,4.214083763895107
0.0,0.0
0.6931471805599453,1.426617334164525
1.0986122886681096,0.8954414360572214
0.0,0.0
2.639057329615259,2.084789496181804
3.58351893845611,3.456812244947922
0.0,0.0
3.1354942159291497,2.5941248825458696
0.6931471805599453,1.3302769142106186
4.976733742420574,4.509614060861611
0.0,0.0
1.6094379124341005,1.6084382325245508
0.0,0.0
1.0986122886681096,1.0694918805263764
2.302585092994046,1.7983492126681884
0.0,0.0
1.3862943611198906,0.9097048248366819
0.0,0.0
3.218875824868201,3.8583028829852317
3.912023005428146,3.736304369415505
0.0,0.0
0.0,0.0
1.3862943611198906,3.4663141248525036
0.0,0.0
0.0,0.0
4.02535169073515,4.217576057394484
3.688879454113936,3.918415996866824
1.3862943611198906,1.0331858631930932
4.465908118654584,4.036550945558918
0.0,0.0
0.0,0.0
0.0,0.0
4.5217885770490405,4.4288549554797
0.6931471805599453,0.7416325034227615
0.0,0.0
3.688879454113936,4.0727697341141615
3.610917912644224,3.859544510069436
0.0,0.0
3.912023005428146,3.1570513055271556
0.0,0.0
1.0986122886681096,0.8455112439863025
3.828641396489095,3.7201962678029163
0.0,0.0
0.0,0.0
0.0,0.0
3.80666248977032,4.0340280607140855
0.0,0.0
5.303304908059076,5.330786648544233
0.6931471805599453,0.9432978183494086
3.555348061489413,3.607932428312757
1.3862943611198906,0.8658724495007059
0.0,0.0
0.6931471805599453,1.144340337753506
0.0,0.0
3.951243718581428,3.7090074201244927
0.0,0.0
4.110873864173311,4.238101321125214
0.0,0.0
0.0,0.0
0.0,0.0
0.0,0.0
0.0,0.0
3.4657359027997265,3.554827365568851
0.0,0.0
0.0,0.0
0.0,0.0
4.143134726391533,3.5303003770230212
4.204692619390966,4.164074634548086
0.0,0.0
0.0,0.0
3.4657359027997265,3.2808511158535207
0.0,0.0
0.0,0.0
0.0,0.0
0.0,0.0
1.791759469228055,1.330738825632365
0.0,0.0
3.555348061489413,4.057076391787285
2.639057329615259,2.335596152060354
1.9459101490553128,1.2462278856204223
3.610917912644224,3.988723906625446
1.0986122886681096,1.2249040734530974
3.49650756146648,3.4224897235991976
0.0,0.0
2.19722457733622,1.9513105990414323
3.713572066704308,3.85757551892775
4.867534450455582,4.685529865190877
0.0,0.0
1.3862943611198906,1.0059516213471906
0.0,0.0
0.0,0.0
5.272999558563747,5.107105136778475
2.19722457733622,3.3126027306460397
0.0,0.0
1.6094379124341005,1.0195527776463515
0.0,0.0
0.0,0.0
0.0,0.0
0.0,0.0
0.0,0.0
0.0,0.0
4.653960350157523,4.603555016711022
2.639057329615259,3.346389050255378
0.0,0.0
0.0,0.0
0.0,0.0
3.9889840465642745,3.7757078092275695
0.0,0.0
2.3978952727983707,2.1041977219716825
3.6375861597263857,3.845681498714646
0.0,0.0
0.0,0.0
0.0,0.0
3.9318256327243257,3.7851769487387306
2.4849066497880004,2.513976054430416
4.663439094112067,4.265868292853764
4.304065093204169,4.3350491058947265
0.0,0.0
1.6094379124341005,1.183487781660007
1.6094379124341005,1.7487516645867256
0.0,0.0
0.0,0.0
0.0,0.0
4.330733340286331,4.430225780559151
0.0,0.0
0.6931471805599453,1.3068139489725081
0.0,0.0
3.8918202981106265,3.8946079045013122
3.912023005428146,3.980997705800216
0.6931471805599453,0.871396205365037
1.0986122886681096,1.0111289422838825
4.007333185232471,2.2709440675079846
0.0,0.0
0.0,0.0
2.3978952727983707,1.9848315811409762
4.110873864173311,3.8315265310538886
0.0,0.0
0.0,0.0
1.0986122886681096,1.0227903334385458
0.0,0.0
1.3862943611198906,1.4590014993443305
3.295836866004329,3.549447142088575
3.610917912644224,4.1060406872547945
0.0,0.0
0.0,0.0
0.0,0.0
0.0,0.0
0.0,0.0
4.276666119016055,4.113377964142214
3.6635616461296463,3.3633662571771055
3.1354942159291497,3.363806451719064
1.0986122886681096,1.5534936463708333
0.0,0.0
4.406719247264253,4.405035607922601
0.0,0.0
0.0,0.0
0.6931471805599453,1.091384936840055
0.0,0.0
0.0,0.0
0.0,0.0
0.0,0.0
0.0,0.0
0.0,0.0
3.912023005428146,3.9337698686700975
4.382026634673881,3.6573253550248097
0.0,0.0
0.0,0.0
1.791759469228055,2.0728977808685447
2.079441541679836,1.7000317803137701
4.624972813284271,4.371324628437349
0.0,0.0
0.0,0.0
4.553876891600541,3.8636886236751247
5.187385805840755,5.3566061893251105
3.6635616461296463,2.143061452159787
3.4339872044851463,3.4552766458598994
0.0,0.0
0.0,0.0
0.0,0.0
0.0,0.0
0.0,0.0
5.288267030694535,4.328290194905706
3.332204510175204,3.40540731423704
0.0,0.0
0.0,0.0
0.0,0.0
5.293304824724492,5.176092802044739
0.6931471805599453,0.9940664082879664
0.0,0.0
4.653960350157523,4.509984194284173
2.9444389791664403,3.2828085009536654
2.639057329615259,2.31666348431188
4.07753744390572,3.8770748126534444
0.6931471805599453,1.1196507367772595
0.0,0.0
0.6931471805599453,0.9349951665733363
3.7612001156935615,3.6875136232081163
1.791759469228055,1.1682358191266058
4.605170185988092,4.647858137490638
3.7612001156935615,3.495932227717313
0.0,0.0
0.6931471805599453,1.1173787567492217
0.0,0.0
0.0,0.0
0.0,0.0
0.0,0.0
4.584967478670572,4.2728495639559165
0.0,0.0
1.791759469228055,1.232558549795452
0.6931471805599453,1.0572313038846883
0.0,0.0
1.9459101490553128,0.9599572813799451
0.0,0.0
4.31748811353631,4.201623816848101
2.639057329615259,1.819387274430194
4.499809670330265,4.398506796186271
2.3978952727983707,1.202009575398893
0.0,0.0
3.9889840465642745,3.8972979976259254
0.0,0.0
0.0,0.0
4.262679877041316,4.26199284083324
1.0986122886681096,1.4082999435528425
0.0,0.0
3.9318256327243257,3.226822311211413
1.0986122886681096,0.876465604800789
0.0,0.0
0.0,0.0
0.6931471805599453,1.305653301301616
3.5263605246161616,3.1271699322111415
5.181783550292085,5.334011688815934
2.19722457733622,1.5326482387644165
4.653960350157523,4.045967803017848
1.3862943611198906,0.9780962456890667
3.8501476017100575,4.059116942606016
0.0,0.0
2.302585092994046,2.2937470274200713
0.0,0.0
1.3862943611198906,1.365532032287045
1.6094379124341005,1.4552853918669937
0.0,0.0
1.0986122886681096,1.52160828051179
0.6931471805599453,1.0299684481772307
0.0,0.0
1.0986122886681096,0.853641086517031
0.6931471805599453,1.0422385106819354
2.3978952727983707,2.3012450084987894
3.4339872044851463,3.4825587018610844
3.1354942159291497,2.914669072897236
0.0,0.0
3.912023005428146,4.116320313768784
3.091042453358316,1.7519806791957315
2.9444389791664403,3.1654736653372146
4.736198448394496,4.385529654191691
0.0,0.0
3.332204510175204,3.5087858608421447
0.0,0.0
4.248495242049359,4.235207230410208
1.3862943611198906,2.6435967422049442
0.0,0.0
0.0,0.0
0.0,0.0
0.0,0.0
4.663439094112067,4.678451584953496
0.0,0.0
1.6094379124341005,2.4710813077690568
1.0986122886681096,1.0191176269623419
3.218875824868201,2.7952503937943036
0.6931471805599453,0.9546712414015123
0.0,0.0
1.3862943611198906,1.1911800111832833
0.0,0.0
4.7535901911063645,4.663657135305544
0.6931471805599453,0.9913559648538194
0.0,0.0
0.0,0.0
0.0,0.0
4.653960350157523,4.608440605274412
4.795790545596741,4.665322500852231
0.0,0.0
4.3694478524670215,4.330072565239984
0.0,0.0
0.6931471805599453,0.9190113997615006
2.5649493574615367,2.6791595764559553
0.0,0.0
0.0,0.0
1.3862943611198906,0.9362305298415763
0.0,0.0
0.0,0.0
0.0,0.0
0.0,0.0
0.0,0.0
0.0,0.0
3.951243718581428,4.358308680427898
0.0,0.0
3.7612001156935615,4.152768065985632
3.8918202981106265,3.9245066950598635
3.688879454113936,4.2160639353602605
0.0,0.0
0.0,0.0
1.3862943611198906,0.8634129450571085
1.0986122886681096,1.649636468909149
0.0,0.0
0.0,0.0
0.0,0.0
0.0,0.0
0.0,0.0
4.143134726391533,3.9536867029403893
0.0,0.0
0.0,0.0
3.784189633918261,4.02439982294729
0.0,0.0
0.0,0.0
0.0,0.0
0.0,0.0
3.828641396489095,3.7399693435543946
0.0,0.0
0.6931471805599453,1.5654066466828351
0.0,0.0
2.70805020110221,3.1914901918086436
5.181783550292085,5.0416981957735665
0.0,0.0
2.8903717578961645,3.4168235131290343
3.1780538303479458,2.8709371424099364
0.0,0.0
5.010635294096256,4.7756062981814695
0.6931471805599453,0.9147911637627061
2.995732273553991,2.917604659341485
0.0,0.0
0.0,0.0
4.553876891600541,4.128332683739765
0.0,0.0
4.382026634673881,4.504397694396139
0.0,0.0
0.0,0.0
0.0,0.0
0.0,0.0
3.1354942159291497,3.360193668690431
0.0,0.0
3.367295829986474,3.8273758872230155
0.0,0.0
1.3862943611198906,1.306552149701403
0.0,0.0
4.465908118654584,4.386420147966403
0.0,0.0
3.8918202981106265,3.8105300600794654
0.0,0.0
0.0,0.0
3.6635616461296463,3.3853687475033984
0.0,0.0
0.0,0.0
1.791759469228055,1.5559875837361326
5.111987788356544,4.7559517993844285
1.3862943611198906,0.847529901988471
0.0,0.0
0.0,0.0
0.6931471805599453,1.1481885991755147
0.0,0.0
4.394449154672439,4.149757446934106
0.0,0.0
0.0,0.0
0.0,0.0
5.187385805840755,5.0487218857983
2.302585092994046,3.6170437715496986
4.127134385045092,3.691645521420632
4.330733340286331,4.32105628893953
0.0,0.0
0.0,0.0
2.079441541679836,1.2736633449515937
1.0986122886681096,2.193017619396185
0.0,0.0
1.0986122886681096,0.8961890929484507
4.990432586778736,4.899456335035602
0.0,0.0
2.8903717578961645,2.575991673790017
4.787491742782046,4.634250647094115
0.0,0.0
2.302585092994046,2.337827646455907
0.0,0.0
0.6931471805599453,1.1210501422803398
0.0,0.0
0.0,0.0
0.0,0.0
0.0,0.0
0.0,0.0
0.6931471805599453,1.615260731441301
1.0986122886681096,1.0714214584695698
0.0,0.0
4.718498871295094,4.718534982189654
2.4849066497880004,1.4005645298071294
0.0,0.0
4.290459441148391,3.9722650871877203
0.6931471805599453,1.6964325092863652
2.079441541679836,1.792137079640981
2.9444389791664403,1.5894189273795993
1.0986122886681096,0.9018141027874949
0.0,0.0
1.0986122886681096,0.9448056800102052
4.060443010546419,4.142457495702464
2.5649493574615367,2.421170095155551
0.0,0.0
1.0986122886681096,0.8785709354353305
0.0,0.0
5.1647859739235145,5.155447770645992
4.0943445622221,4.431969555213483
5.1647859739235145,5.067603579550382
0.6931471805599453,1.0186518751221758
0.6931471805599453,0.9827030347960103
4.948759890378168,4.963860686737198
0.0,0.0
0.0,0.0
3.218875824868201,3.2960915685758136
3.044522437723423,2.991278885813618
0.0,0.0
2.5649493574615367,2.875861843455458
2.995732273553991,2.943849534998376
4.6443908991413725,4.482350812025537
0.0,0.0
0.0,0.0
0.0,0.0
3.951243718581428,4.181763631313967
0.6931471805599453,0.9701864369400484
1.9459101490553128,2.1303857061679947
3.4657359027997265,3.585528662810278
0.0,0.0
0.0,0.0
0.0,0.0
0.0,0.0
3.58351893845611,4.134981677979676
4.189654742026425,3.8375336030617517
2.995732273553991,2.466948902160578
0.0,0.0
0.0,0.0
4.204692619390966,4.203393715708995
0.0,0.0
0.6931471805599453,1.7706879339582142
4.189654742026425,4.437327325473119
0.0,0.0
0.0,0.0
0.6931471805599453,0.9107193611724472
0.0,0.0
0.0,0.0
4.04305126783455,3.821798847262191
0.0,0.0
4.23410650459726,4.766854724051538
2.4849066497880004,2.6909335891709163
4.634728988229636,3.946757750696371
3.4011973816621555,3.3417062748272546
3.688879454113936,3.99163912507493
0.0,0.0
0.6931471805599453,0.882901446061528
4.23410650459726,4.370183758364222
0.6931471805599453,0.999497004057244
0.0,0.0
3.6635616461296463,3.8092773798461383
4.127134385045092,4.033756208663465
0.0,0.0
2.639057329615259,2.925971945567922
0.0,0.0
0.0,0.0
0.0,0.0
0.0,0.0
5.2574953720277815,5.07191753357834
0.0,0.0
3.6375861597263857,3.4918136695556736
0.0,0.0
1.3862943611198906,1.3833578016009958
0.0,0.0
0.0,0.0
4.127134385045092,4.00053491859864
3.4011973816621555,3.7951562829719974
4.990432586778736,5.106163039834495
0.0,0.0
0.0,0.0
0.0,0.0
0.0,0.0
0.0,0.0
2.4849066497880004,2.6953685187328142
0.6931471805599453,0.9674300602265125
0.0,0.0
3.5263605246161616,3.9581933202436077
1.3862943611198906,2.2281334105711763
0.0,0.0
0.0,0.0
3.044522437723423,1.621423977065883
0.0,0.0
3.258096538021482,3.893892637657342
0.0,0.0
0.0,0.0
0.0,0.0
1.9459101490553128,1.9372172031857027
3.5263605246161616,3.9933693815857465
0.0,0.0
0.6931471805599453,0.9305033902782957
0.0,0.0
1.791759469228055,1.9942832638059504
2.8903717578961645,3.3885536137364363
3.8501476017100575,3.829098093461246
4.343805421853684,4.316686082120367
0.0,0.0
1.791759469228055,1.2927902833453215
2.772588722239781,2.9679315392480587
0.6931471805599453,0.7684608487540927
2.302585092994046,2.382237417543807
1.0986122886681096,1.1611191189774563
3.1780538303479458,3.24340737641911
0.0,0.0
3.49650756146648,3.9087844471384834
4.61512051684126,4.362405768637936
0.0,0.0
0.0,0.0
4.304065093204169,4.204567738103607
0.0,0.0
2.5649493574615367,2.392108986148498
5.37989735354046,5.249913690869223
0.0,0.0
2.833213344056216,2.642196908413678
3.784189633918261,3.9969454512211167
0.0,0.0
3.258096538021482,2.7337330896832093
1.0986122886681096,1.6235196592231549
0.0,0.0
0.0,0.0
0.0,0.0
1.0986122886681096,0.9763074488045183
4.0943445622221,4.093345001079231
0.0,0.0
1.6094379124341005,3.171467006966085
0.0,0.0
0.0,0.0
3.044522437723423,3.250924304175285
3.295836866004329,3.0026311997210335
0.0,0.0
4.3694478524670215,4.047688225418769
1.0986122886681096,0.9913298505511128
0.0,0.0
0.0,0.0
0.0,0.0
0.0,0.0
4.406719247264253,4.088999326934954
0.0,0.0
0.0,0.0
0.0,0.0
3.610917912644224,4.208095596738749
0.0,0.0
4.23410650459726,3.9794685516762005
0.0,0.0
3.367295829986474,3.5008516086559043
0.0,0.0
0.0,0.0
0.0,0.0
4.700480365792417,4.671848396322915
0.0,0.0
0.0,0.0
1.9459101490553128,1.2660438451351796
0.0,0.0
4.060443010546419,4.001181824873578
2.079441541679836,1.4259167524179077
1.3862943611198906,1.3551265854552086
0.0,0.0
3.784189633918261,3.911911587882602
3.8712010109078903,3.591225860810689
2.833213344056216,2.977367640125444
0.0,0.0
3.367295829986474,3.5546838024004987
3.8712010109078903,3.850093989325072
0.0,0.0
4.564348191467836,4.32268809692324
0.0,0.0
0.0,0.0
0.0,0.0
4.174387269895637,4.42738686119124
0.0,0.0
3.80666248977032,3.4963234236596095
0.0,0.0
4.060443010546419,3.559234684527468
0.0,0.0
3.8501476017100575,3.763830824492554
0.0,0.0
1.3862943611198906,1.4277746155527427
0.0,0.0
1.0986122886681096,1.2709210992564863
0.0,0.0
0.0,0.0
4.700480365792417,4.936767990244744
0.0,0.0
0.0,0.0
0.6931471805599453,0.8625059618023388
0.0,0.0
0.0,0.0
0.0,0.0
0.0,0.0
0.0,0.0
2.302585092994046,1.868093038934299
2.3978952727983707,2.548984325182024
2.639057329615259,3.0234644082660656
0.0,0.0
0.0,0.0
0.0,0.0
0.0,0.0
4.709530201312334,4.415048307651083
2.5649493574615367,2.9222507881813726
0.0,0.0
4.553876891600541,4.436757426324696
4.04305126783455,4.156143860821655
0.0,0.0
4.276666119016055,3.674345139177017
4.836281906951478,4.565535261848976
4.23410650459726,4.543297149726914
0.0,0.0
3.828641396489095,3.914054064008783
0.0,0.0
0.0,0.0
5.616771097666572,5.593260355760319
4.219507705176107,3.7199690080325025
2.4849066497880004,3.6923149880431017
3.091042453358316,3.2240697798853057
0.0,0.0
0.0,0.0
2.639057329615259,1.875930236118205
2.639057329615259,1.515181120252063
0.0,0.0
1.0986122886681096,1.0115878231104491
0.0,0.0
1.0986122886681096,1.020039540904356
0.0,0.0
0.0,0.0
0.0,0.0
0.0,0.0
4.727387818712341,4.98131606717663
4.07753744390572,4.113026677974095
1.0986122886681096,1.5107008244407618
0.0,0.0
4.584967478670572,4.733594735364062
0.0,0.0
0.0,0.0
0.0,0.0
3.7612001156935615,3.7556191483070664
0.0,0.0
0.0,0.0
4.795790545596741,4.594940074487069
1.0986122886681096,1.073154446326831
1.3862943611198906,0.8927411749003291
2.19722457733622,1.207289892057399
0.6931471805599453,0.8245602891310356
4.564348191467836,3.6389526090382276
0.0,0.0
0.0,0.0
0.0,0.0
0.0,0.0
1.0986122886681096,0.9269966754826326
0.0,0.0
1.9459101490553128,1.4093007320024578
0.0,0.0
4.770684624465665,4.518704852104517
4.060443010546419,3.8735288155481924
1.3862943611198906,1.2785436244706272
0.0,0.0
1.0986122886681096,1.6710036829974642
0.0,0.0
0.0,0.0
2.19722457733622,1.496202645649999
0.6931471805599453,0.9700848688112288
1.0986122886681096,1.1749048753532731
2.19722457733622,1.1922625790630683
5.356586274672012,4.9804871563439095
0.6931471805599453,0.959437605058187
0.6931471805599453,0.8638130059294569
0.0,0.0
0.0,0.0
0.0,0.0
0.0,0.0
0.0,0.0
0.0,0.0
0.0,0.0
4.060443010546419,3.84506010367282
3.784189633918261,3.991470388586356
0.0,0.0
0.0,0.0
4.0943445622221,4.1557977492826765
1.0986122886681096,1.6568960846821925
2.302585092994046,2.3171154896129718
4.812184355372417,4.2909075784106205
1.3862943611198906,1.036419194913015
3.49650756146648,3.562237874101462
0.0,0.0
0.0,0.0
0.0,0.0
0.0,0.0
3.7612001156935615,3.9062345270902377
0.0,0.0
1.3862943611198906,2.0046844549058656
0.0,0.0
0.6931471805599453,1.08416672155327
0.0,0.0
0.0,0.0
0.6931471805599453,1.3472531383338875
0.0,0.0
4.02535169073515,3.6320448845530535
0.6931471805599453,1.1331664503596475
4.442651256490317,3.9748246605634074
0.0,0.0
4.304065093204169,4.079266901699991
1.9459101490553128,1.717247086487058
0.0,0.0
0.0,0.0
2.3978952727983707,2.006752021083249
0.0,0.0
1.0986122886681096,1.645309270471015
0.0,0.0
0.0,0.0
3.555348061489413,3.3688779545342245
0.0,0.0
1.0986122886681096,1.6623351775659934
1.3862943611198906,1.61695794220083
0.0,0.0
0.0,0.0
0.0,0.0
0.0,0.0
1.6094379124341005,1.6022533096809894
0.0,0.0
0.0,0.0
0.0,0.0
1.6094379124341005,1.4488757072859755
0.0,0.0
0.6931471805599453,1.1560702503839195
0.0,0.0
0.0,0.0
3.6635616461296463,3.9137556694631233
1.0986122886681096,0.9057945395634244
5.135798437050262,5.109686953113398
1.0986122886681096,1.3968071380290232
3.80666248977032,3.6402564078394586
0.0,0.0
0.0,0.0
0.0,0.0
0.0,0.0
3.295836866004329,3.179402105016404
0.0,0.0
4.6443908991413725,4.541382798139424
1.0986122886681096,1.476334691384292
0.0,0.0
3.367295829986474,3.629304568765254
4.5217885770490405,4.561564532960046
0.0,0.0
1.791759469228055,2.4993961454799365
3.9318256327243257,2.881685799874552
1.0986122886681096,0.8291156749112798
0.0,0.0
3.555348061489413,3.9199396017823007
0.0,0.0
0.0,0.0
3.784189633918261,3.6591184341813037
3.044522437723423,3.8398825482030587
0.0,0.0
0.0,0.0
4.584967478670572,4.395093795267324
4.204692619390966,4.304435472458741
0.0,0.0
0.0,0.0
1.0986122886681096,1.123711521718461
0.0,0.0
3.7612001156935615,3.9566859307804148
0.0,0.0
0.0,0.0
0.0,0.0
1.6094379124341005,2.2452823618332824
4.477336814478207,4.425776686757431
3.5263605246161616,3.83033980616271
4.564348191467836,4.621168792922173
2.70805020110221,3.9375467553779004
3.6375861597263857,3.4049330287168784
0.0,0.0
1.791759469228055,1.9657330157163484
2.9444389791664403,2.8601375416667336
1.0986122886681096,1.5498943172066604
2.833213344056216,2.584461933968151
4.983606621708336,4.717608214959044
0.0,0.0
0.6931471805599453,1.1748209544403168
4.127134385045092,3.883306204385302
0.0,0.0
0.0,0.0
2.995732273553991,2.9069291828012003
0.6931471805599453,1.0194124345594753
3.828641396489095,3.3882822175127814
4.442651256490317,4.250255066407447
2.995732273553991,2.6162446724509727
4.330733340286331,4.0552609590858655
0.0,0.0
2.302585092994046,2.259855090142456
0.6931471805599453,1.4716226611160732
0.6931471805599453,0.9350635158588984
0.0,0.0
1.0986122886681096,1.1407469446198508
0.0,0.0
0.6931471805599453,0.9265323345876696
0.0,0.0
4.219507705176107,4.233802937208702
3.8712010109078903,3.790112531296896
4.127134385045092,3.7067926533827733
1.9459101490553128,1.8413874972937365
0.0,0.0
0.6931471805599453,0.9137936927442865
3.49650756146648,3.849635383050737
3.912023005428146,3.9622704452840303
0.0,0.0
0.6931471805599453,1.0374660664780035
3.8501476017100575,3.8016153014124616
4.219507705176107,3.9377810460796296
0.0,0.0
0.6931471805599453,1.020958737606524
0.0,0.0
0.0,0.0
2.995732273553991,2.890087152272542
3.912023005428146,4.081384760003783
0.0,0.0
1.0986122886681096,0.819136676346053
3.688879454113936,3.778413883071851
2.19722457733622,2.274010477519763
4.304065093204169,4.456916307726369
4.454347296253507,4.593498208720417
4.948759890378168,4.7565511997710255
0.0,0.0
0.0,0.0
0.0,0.0
2.302585092994046,2.5001397266465752
3.80666248977032,3.377559572282469
0.0,0.0
0.0,0.0
0.0,0.0
4.143134726391533,4.166262617564575
0.0,0.0
3.58351893845611,2.978540492070162
1.6094379124341005,1.1540173594060548
5.117993812416755,4.679933185792512
0.0,0.0
1.3862943611198906,1.327530688197948
0.0,0.0
3.5263605246161616,3.463686075658178
4.219507705176107,4.225486322266346
0.0,0.0
3.49650756146648,1.737439287720166
3.713572066704308,3.099035300838928
0.0,0.0
2.772588722239781,3.6209385662438733
4.304065093204169,4.371327183520227
4.31748811353631,4.4846137833113735
3.258096538021482,3.615516197999615
0.0,0.0
1.6094379124341005,2.0671407266389847
1.0986122886681096,1.6128292558512172
1.0986122886681096,1.701021127932686
4.110873864173311,3.969242845429708
0.0,0.0
0.0,0.0
1.0986122886681096,0.931272815096548
4.23410650459726,4.07719567994103
1.6094379124341005,1.5319471762743069
4.844187086458591,4.620536271103105
0.0,0.0
0.0,0.0
2.8903717578961645,2.5305101348808505
3.9318256327243257,4.088802126007909
3.4339872044851463,3.7288668301804084
0.6931471805599453,0.9161135919733584
0.0,0.0
0.0,0.0
0.0,0.0
4.499809670330265,4.663654286211335
0.0,0.0
0.0,0.0
3.7612001156935615,4.373254485209138
1.3862943611198906,0.957870012938709
4.700480365792417,4.006975912250125
3.951243718581428,3.4492090018446744
0.6931471805599453,0.7754333351060647
0.0,0.0
4.262679877041316,4.213024756694309
0.6931471805599453,0.827546068452747
0.0,0.0
1.0986122886681096,1.5757195238293582
0.6931471805599453,1.2843507746172096
3.737669618283368,3.8312910173118597
0.0,0.0
0.6931471805599453,1.0436621196853357
4.276666119016055,4.191025455546295
0.0,0.0
1.0986122886681096,1.5243107106414047
3.218875824868201,2.761176220263759
3.9318256327243257,3.717934975078845
2.70805020110221,3.252052257223081
0.0,0.0
4.04305126783455,4.101441860158954
3.1780538303479458,3.80351309529618
0.0,0.0
4.653960350157523,4.29916836245646
0.0,0.0
2.639057329615259,2.7103325759732355
0.0,0.0
0.0,0.0
0.0,0.0
3.784189633918261,3.479696342189419
0.0,0.0
0.0,0.0
0.0,0.0
1.0986122886681096,0.9090614498164872
1.791759469228055,1.488409277648864
1.3862943611198906,1.3770344994515662
3.5263605246161616,3.5982110957514193
0.0,0.0
3.258096538021482,3.58531263976762
0.0,0.0
0.0,0.0
0.0,0.0
0.0,0.0
2.639057329615259,2.107864810106168
0.0,0.0
0.0,0.0
0.0,0.0
0.0,0.0
0.0,0.0
0.0,0.0
0.0,0.0
0.0,0.0
0.0,0.0
0.0,0.0
3.4657359027997265,2.172471902341283
0.6931471805599453,1.0860311777652139
2.5649493574615367,2.6092896811374806
3.828641396489095,3.875708461465036
3.8918202981106265,3.6630802109121645
2.19722457733622,2.4665676311178903
0.0,0.0
5.10594547390058,5.123678839027365
3.828641396489095,3.962159223923813
1.3862943611198906,1.0250726264987906
0.0,0.0
0.6931471805599453,1.0646662645076956
0.0,0.0
0.0,0.0
0.0,0.0
0.0,0.0
0.0,0.0
3.610917912644224,1.7114683797253676
0.0,0.0
4.3694478524670215,4.0640034816280615
0.0,0.0
0.6931471805599453,0.8952182661738816
4.430816798843313,3.8847809596991825
1.9459101490553128,1.6345993136333052
0.0,0.0
1.6094379124341005,1.0864232347407972
4.356708826689592,3.918590174028
4.04305126783455,3.9089271972541155
0.6931471805599453,0.8712160536077501
0.0,0.0
3.332204510175204,3.3835355297212497
3.295836866004329,3.6512236448067337
3.7612001156935615,3.645210365024113
4.04305126783455,3.911450243820336
0.0,0.0
0.6931471805599453,0.9704780980018366
0.0,0.0
5.003946305945459,5.357485192087832
0.0,0.0
0.0,0.0
0.0,0.0
0.0,0.0
0.0,0.0
0.0,0.0
4.875197323201151,4.837711615765645
1.0986122886681096,1.2010161369271843
0.0,0.0
4.51085950651685,3.893774950522303
5.010635294096256,4.302648209245494
0.0,0.0
0.0,0.0
1.3862943611198906,1.5540949317865589
4.189654742026425,4.098839829722066
3.951243718581428,3.7411282789018143
3.8501476017100575,4.047739388082727
0.0,0.0
0.0,0.0
0.0,0.0
3.610917912644224,3.712580806273641
0.0,0.0
0.0,0.0
1.0986122886681096,0.9450062601550929
0.0,0.0
0.0,0.0
0.0,0.0
3.713572066704308,3.684350233210872
1.3862943611198906,1.3886656172902585
0.0,0.0
0.0,0.0
0.0,0.0
0.0,0.0
4.060443010546419,4.0762612086776855
5.10594547390058,5.143042858409269
0.0,0.0
1.0986122886681096,1.3329630354239066
3.4339872044851463,4.182662228805801
3.091042453358316,4.25322548699584
0.0,0.0
0.0,0.0
2.70805020110221,1.85537322355612
0.0,0.0
1.9459101490553128,1.386478152659054
0.0,0.0
0.0,0.0
0.0,0.0
1.0986122886681096,1.5743510221165713
0.6931471805599453,2.2594353667378813
0.0,0.0
0.0,0.0
4.02535169073515,4.003792079432987
4.454347296253507,4.318136798368959
0.0,0.0
2.70805020110221,1.5994729719057863
4.174387269895637,3.5583853727753985
1.0986122886681096,1.2002615712962257
1.0986122886681096,0.9496603919762001
0.6931471805599453,1.012367743526369
0.0,0.0
0.0,0.0
3.737669618283368,3.7249647695267982
0.0,0.0
1.3862943611198906,0.9113912466146056
2.302585092994046,2.919443590854962
1.0986122886681096,0.9608762885293965
0.0,0.0
4.248495242049359,4.287164200850474
3.4011973816621555,3.5069200300860137
0.0,0.0
0.0,0.0
3.610917912644224,3.155959519392988
4.499809670330265,4.445250239943626
0.0,0.0
4.691347882229144,4.662516554707133
0.0,0.0
0.0,0.0
1.791759469228055,2.3626981780078653
0.0,0.0
0.0,0.0
4.700480365792417,4.309230133691706
0.0,0.0
0.0,0.0
3.6375861597263857,3.7226438320691546
4.304065093204169,3.855131150824619
0.0,0.0
0.0,0.0
1.0986122886681096,1.053064534933825
3.044522437723423,3.5590167975525158
0.0,0.0
4.532599493153256,3.9431496084289295
0.0,0.0
0.0,0.0
0.0,0.0
0.6931471805599453,0.834284265249497
1.9459101490553128,1.5497195869723739
0.0,0.0
0.0,0.0
2.4849066497880004,1.180945739675201
2.5649493574615367,4.172458236271158
2.8903717578961645,2.0010443303415677
1.0986122886681096,1.636869994575952
2.995732273553991,3.40842801552609
0.0,0.0
0.0,0.0
5.8522024797744745,5.562424033967916
4.454347296253507,4.514205619367757
4.158883083359672,4.225816532474987
0.0,0.0
3.1780538303479458,3.3223752747963107
4.976733742420574,4.619753002627782
0.0,0.0
0.0,0.0
4.356708826689592,4.148171472961668
2.5649493574615367,2.7491869334263326
4.6443908991413725,4.274495484678862
0.0,0.0
1.0986122886681096,0.9351783816011
4.189654742026425,4.302026424278463
0.0,0.0
1.6094379124341005,1.342938810448493
5.062595033026967,4.732651296738015
0.0,0.0
1.6094379124341005,1.0961128081782023
3.367295829986474,3.0723196403038777
0.0,0.0
4.262679877041316,4.353183524911866
4.07753744390572,4.1451039796198215
3.6375861597263857,3.6390220871313175
1.0986122886681096,1.6347001913559183
5.351858133476067,5.200472494607609
3.6635616461296463,3.665654469050882
0.0,0.0
3.5263605246161616,3.066020857009043
0.0,0.0
0.0,0.0
0.0,0.0
4.262679877041316,4.261906339204597
2.19722457733622,1.621379129550617
0.0,0.0
1.791759469228055,2.6598453052297795
0.0,0.0
3.713572066704308,3.615809502643243
0.0,0.0
0.0,0.0
5.645446897643238,5.428264924653447
0.0,0.0
0.0,0.0
0.0,0.0
1.9459101490553128,1.7492065986770586
1.0986122886681096,0.9665363420903245
0.0,0.0
1.0986122886681096,0.8987029751558923
0.0,0.0
1.9459101490553128,1.763288006865232
4.812184355372417,4.597206635574419
3.4339872044851463,3.6498365552221252
3.49650756146648,3.591154591572638
0.0,0.0
2.4849066497880004,2.5076340551140306
0.0,0.0
0.0,0.0
0.0,0.0
2.3978952727983707,2.090127176132227
0.0,0.0
0.0,0.0
0.0,0.0
4.836281906951478,5.095232713449599
4.07753744390572,3.755670189882583
1.0986122886681096,1.0459567072164129
0.0,0.0
0.0,0.0
2.8903717578961645,3.8193382580798363
3.828641396489095,3.6452911655816735
4.060443010546419,4.088194196193486
2.833213344056216,2.5811717340592115
3.713572066704308,3.5881233581226413
5.170483995038151,5.071218413723812
4.532599493153256,4.52488766579935
3.5263605246161616,3.3507582648101986
4.61512051684126,4.199974906698995
0.6931471805599453,2.147727575408475
1.0986122886681096,1.5094187630025482
0.0,0.0
1.9459101490553128,1.6739195417042134
0.0,0.0
0.0,0.0
0.0,0.0
4.060443010546419,3.430318260689112
0.0,0.0
0.0,0.0
0.0,0.0
0.0,0.0
0.0,0.0
4.653960350157523,4.30445044573442
1.3862943611198906,1.5964693219132264
0.0,0.0
0.0,0.0
2.302585092994046,2.3340723574934716
4.574710978503383,4.249468320609058
3.8918202981106265,3.748765005357569
1.3862943611198906,1.2453971256560856
3.912023005428146,3.5580401103855883
1.3862943611198906,1.334943656539584
0.6931471805599453,1.5218939264488727
0.0,0.0
0.0,0.0
0.0,0.0
0.6931471805599453,1.4450774683816712
0.6931471805599453,0.9739066639338345
0.0,0.0
1.0986122886681096,1.761871418713011
0.0,0.0
1.3862943611198906,1.4097152232855665
3.8712010109078903,3.9950538268393934
0.0,0.0
5.488937726156687,4.948299712417357
3.8918202981106265,4.060272036270806
0.0,0.0
0.0,0.0
2.3978952727983707,2.1630982340850595
0.0,0.0
0.0,0.0
0.0,0.0
4.804021044733257,4.754609466595524
4.7535901911063645,4.5088102984033
0.0,0.0
3.258096538021482,3.2767849826014763
0.0,0.0
0.6931471805599453,1.011758660249348
1.3862943611198906,1.4766615332173316
1.9459101490553128,1.5420853770405603
0.0,0.0
0.0,0.0
0.0,0.0
4.110873864173311,3.324442105163966
0.0,0.0
1.0986122886681096,1.5972476058916252
3.8501476017100575,3.976000596768035
3.1354942159291497,4.184044611193184
0.0,0.0
0.0,0.0
1.6094379124341005,1.2830858554363767
0.0,0.0
0.0,0.0
0.0,0.0
3.828641396489095,3.956890231906595
5.342334251964811,5.3243793231314225
0.0,0.0
3.7612001156935615,4.122049786526811
0.6931471805599453,1.1393477223045632
0.0,0.0
0.0,0.0
3.4011973816621555,3.3291435773345954
4.290459441148391,4.4831324155504095
4.110873864173311,4.176112229497883
0.0,0.0
4.23410650459726,3.7783119952848545
0.6931471805599453,0.8861278765898455
0.0,0.0
4.605170185988092,4.401269445170047
2.079441541679836,1.320978969372672
0.0,0.0
1.6094379124341005,1.606506190536626
0.6931471805599453,0.8478870677748758
0.0,0.0
3.912023005428146,3.6103260999470494
0.0,0.0
0.0,0.0
3.80666248977032,3.61965353478705
2.5649493574615367,2.3064279823256295
0.0,0.0
0.0,0.0
4.61512051684126,4.357291678659912
4.219507705176107,3.455467449024514
2.19722457733622,2.1743526766554067
0.0,0.0
1.0986122886681096,1.6764658099376941
0.0,0.0
0.0,0.0
3.555348061489413,3.8812741259736323
0.0,0.0
0.0,0.0
3.49650756146648,3.450236187635156
4.189654742026425,4.147816703514407
0.0,0.0
0.0,0.0
0.0,0.0
0.0,0.0
0.0,0.0
0.0,0.0
0.0,0.0
4.02535169073515,4.067492281647381
2.8903717578961645,2.218036021643158
0.0,0.0
0.0,0.0
3.044522437723423,2.345363166302104
0.6931471805599453,1.3899658209468944
2.772588722239781,3.514786608256026
3.044522437723423,2.6824152110668935
2.19722457733622,2.1501002943624314
1.791759469228055,1.7896762598144875
0.0,0.0
0.0,0.0
0.0,0.0
0.0,0.0
1.3862943611198906,1.7385341234817877
1.0986122886681096,1.2415193995054874
2.9444389791664403,2.2021975443479804
4.189654742026425,4.306199684882992
0.0,0.0
4.276666119016055,4.187359568996306
0.0,0.0
0.0,0.0
3.555348061489413,3.6988461862959614
0.0,0.0
0.0,0.0
0.0,0.0
0.6931471805599453,2.4334550676410407
0.6931471805599453,0.9454215740455938
5.25227342804663,5.331195693649218
0.0,0.0
2.19722457733622,3.113658613412536
0.0,0.0
0.0,0.0
2.639057329615259,2.8008936658803405
1.3862943611198906,0.9155111520964304
4.543294782270004,4.250827548886538
1.9459101490553128,1.9372399356961945
2.19722457733622,2.3531293364151993
0.0,0.0
0.0,0.0
3.8712010109078903,4.087453085405491
0.0,0.0
2.639057329615259,2.7523394950973636
0.0,0.0
0.0,0.0
4.882801922586371,4.463230608812015
0.0,0.0
0.0,0.0
1.3862943611198906,1.0831491569238874
0.0,0.0
0.0,0.0
0.0,0.0
2.079441541679836,2.013153435386979
0.0,0.0
0.0,0.0
0.0,0.0
0.0,0.0
0.0,0.0
2.3978952727983707,2.7771015201608633
3.091042453358316,2.874580558719298
0.0,0.0
0.6931471805599453,1.091813717438007
4.543294782270004,4.332911770022432
4.727387818712341,4.266724081208405
2.5649493574615367,2.339395944257376
0.0,0.0
0.0,0.0
0.0,0.0
4.23410650459726,3.8684224850129176
0.0,0.0
4.48863636973214,4.407476058656683
0.0,0.0
1.791759469228055,1.300705534293721
1.3862943611198906,1.4160052719907825
0.0,0.0
5.44673737166631,4.753608423124216
1.3862943611198906,1.450428937102922
4.007333185232471,3.8431975840996837
0.0,0.0
0.0,0.0
0.0,0.0
0.0,0.0
5.267858159063328,5.195992896076515
0.0,0.0
2.19722457733622,1.6795178726099118
4.04305126783455,3.6065763213003907
4.5217885770490405,4.642659230543569
1.0986122886681096,1.204402592934011
0.6931471805599453,0.8970604956851459
2.9444389791664403,3.0408917307327656
0.0,0.0
2.639057329615259,2.965484741760524
0.0,0.0
0.6931471805599453,0.8520651063548589
4.584967478670572,4.458824099230317
0.0,0.0
0.0,0.0
0.6931471805599453,1.1111491276449756
4.07753744390572,4.222626983041964
0.0,0.0
0.0,0.0
0.0,0.0
0.0,0.0
1.3862943611198906,1.05981169486597
3.218875824868201,3.5335632580451244
0.0,0.0
0.0,0.0
5.117993812416755,5.076827478717444
0.0,0.0
4.532599493153256,4.471142336238303
0.0,0.0
4.499809670330265,4.188062423487088
1.791759469228055,1.3184999803822663
0.6931471805599453,0.9887228874174258
2.639057329615259,3.1372720456027863
0.0,0.0
0.0,0.0
0.0,0.0
0.0,0.0
4.127134385045092,4.573609824917443
1.3862943611198906,1.5176289563275855
0.6931471805599453,1.0380726356859968
0.0,0.0
3.912023005428146,3.8127468140957963
4.418840607796598,4.569329123196607
1.6094379124341005,1.350808778813864
0.0,0.0
4.418840607796598,4.214747751935234
4.948759890378168,5.114380986065395
3.6375861597263857,3.917705876825437
0.0,0.0
4.262679877041316,3.8240413060081853
0.0,0.0
0.0,0.0
4.955827057601261,4.155037779141646
3.295836866004329,2.8847826278936086
0.0,0.0
0.0,0.0
1.0986122886681096,1.633343657644196
0.0,0.0
0.0,0.0
0.0,0.0
4.204692619390966,3.855375661985193
0.0,0.0
0.0,0.0
4.430816798843313,4.502030811295282
0.0,0.0
0.0,0.0
1.0986122886681096,0.7768151837985138
5.062595033026967,5.039049902499726
3.713572066704308,3.436981474666344
0.0,0.0
0.6931471805599453,1.094330701729211
0.0,0.0
1.9459101490553128,1.8148599039222852
5.068904202220232,5.212055957900883
0.0,0.0
0.0,0.0
0.0,0.0
0.0,0.0
4.61512051684126,3.900242310304059
3.610917912644224,3.3928550149652614
0.0,0.0
1.791759469228055,1.3917278863137073
0.0,0.0
0.0,0.0
4.290459441148391,4.306515275109256
1.0986122886681096,0.9175564748465049
0.0,0.0
0.0,0.0
0.0,0.0
4.477336814478207,4.330293534640102
1.6094379124341005,2.2197077180337015
4.543294782270004,4.483848026008209
0.0,0.0
0.0,0.0
0.0,0.0
0.0,0.0
1.9459101490553128,1.6226107830527419
0.0,0.0
0.6931471805599453,1.1129065603461838
1.0986122886681096,0.9559970255697091
5.049856007249537,4.932303069747673
0.0,0.0
2.5649493574615367,2.7400836057522184
5.049856007249537,5.180171991269325
0.0,0.0
5.25227342804663,5.008990134812013
4.204692619390966,4.375642671847349
0.0,0.0
0.0,0.0
0.0,0.0
2.70805020110221,3.6239442740204577
0.6931471805599453,1.420505840670268
4.189654742026425,4.182200001144773
3.5263605246161616,3.6651424890364313
2.3978952727983707,1.742525987008044
0.0,0.0
1.3862943611198906,1.208311977577304
0.0,0.0
0.0,0.0
0.0,0.0
0.6931471805599453,1.0647841987784759
0.0,0.0
0.0,0.0
1.9459101490553128,1.8847849807697847
5.204006687076795,5.328815263770712
0.0,0.0
0.0,0.0
0.0,0.0
2.772588722239781,2.6618680971506348
2.833213344056216,2.6892161295874555
4.406719247264253,4.472821318562903
0.0,0.0
4.127134385045092,4.1103203623370135
1.791759469228055,1.581810221189008
5.209486152841421,5.024199003488555
1.0986122886681096,1.3326373429183505
2.9444389791664403,2.5559404728341875
0.0,0.0
0.0,0.0
2.5649493574615367,2.3532185117748825
0.0,0.0
0.0,0.0
1.0986122886681096,1.5213023853607033
0.6931471805599453,1.4039055440411758
1.0986122886681096,1.3925518920949873
0.6931471805599453,1.4021040001530747
0.0,0.0
1.0986122886681096,0.9507374501206608
4.795790545596741,4.73459190376229
0.0,0.0
1.3862943611198906,1.7738252391049503
0.0,0.0
4.219507705176107,3.678496853544729
4.356708826689592,3.886647453689367
0.0,0.0
0.0,0.0
3.951243718581428,4.047068561001251
0.0,0.0
3.8918202981106265,3.9674324152711056
0.0,0.0
3.258096538021482,3.4399370908351625
1.3862943611198906,1.4337526983394795
0.0,0.0
0.0,0.0
4.07753744390572,4.208851130186207
0.0,0.0
3.6375861597263857,3.866848094840201
1.0986122886681096,0.7533902419583495
0.0,0.0
0.6931471805599453,1.4525592648526202
0.0,0.0
1.6094379124341005,3.351904127155813
2.3978952727983707,1.4961839912337382
1.3862943611198906,1.2078871552720936
5.043425116919247,4.938857014523225
1.9459101490553128,1.1271825187513862
5.1647859739235145,4.608506288543305
0.0,0.0
0.0,0.0
0.0,0.0
0.0,0.0
4.624972813284271,4.45116847971319
0.0,0.0
0.0,0.0
5.225746673713202,5.2427393304622765
0.0,0.0
0.0,0.0
0.0,0.0
3.332204510175204,3.3296242119682016
4.499809670330265,4.4029995435868186
1.0986122886681096,2.2154174316932673
0.0,0.0
3.58351893845611,3.6046022499083508
0.0,0.0
4.844187086458591,4.570508143073006
4.204692619390966,4.170003143962848
0.0,0.0
0.0,0.0
0.0,0.0
5.575949103146316,5.853715874634733
3.091042453358316,3.0564650456467293
0.0,0.0
3.555348061489413,4.127797425870376
0.0,0.0
0.0,0.0
0.0,0.0
0.0,0.0
3.737669618283368,4.014950573763781
0.0,0.0
0.0,0.0
3.218875824868201,3.7452109806625695
0.0,0.0
0.0,0.0
0.0,0.0
0.0,0.0
1.6094379124341005,1.7536835422347234
0.0,0.0
0.0,0.0
0.0,0.0
0.0,0.0
0.0,0.0
0.0,0.0
3.295836866004329,3.1005865442332423
0.0,0.0
0.0,0.0
0.0,0.0
0.0,0.0
0.0,0.0
2.70805020110221,2.3451198584823727
4.61512051684126,4.745034177132951
1.791759469228055,1.3709062187023655
0.0,0.0
0.0,0.0
4.276666119016055,3.9624160079039172
0.0,0.0
4.127134385045092,3.791105877519625
2.19722457733622,3.3531932023317137
0.0,0.0
0.0,0.0
3.4657359027997265,3.260846816772175
0.0,0.0
4.290459441148391,4.3161221146558075
0.0,0.0
4.48863636973214,4.352984267714234
0.0,0.0
5.480638923341991,5.509257014184212
0.0,0.0
4.762173934797756,5.016682071747502
0.0,0.0
0.0,0.0
0.0,0.0
0.0,0.0
5.030437921392435,5.251007887724496
0.0,0.0
2.079441541679836,2.2731697463857454
0.0,0.0
0.6931471805599453,0.8363617033033066
0.6931471805599453,0.9706408441224625
0.0,0.0
4.304065093204169,4.020567190622115
1.0986122886681096,1.0710682218473617
4.897839799950911,4.759852768854791
3.828641396489095,3.3734397771606246
0.6931471805599453,0.9541895670424673
3.49650756146648,3.551009299511936
0.0,0.0
0.0,0.0
0.0,0.0
0.0,0.0
3.5263605246161616,3.4672654660533824
0.0,0.0
4.820281565605037,4.345142954846852
0.0,0.0
0.0,0.0
0.0,0.0
2.772588722239781,2.872645735585175
3.49650756146648,3.5862306949593723
0.0,0.0
4.356708826689592,4.360601831093982
1.9459101490553128,0.9598276038863685
3.713572066704308,4.036572298122396
0.0,0.0
0.0,0.0
0.0,0.0
3.688879454113936,3.152691631409823
0.0,0.0
4.174387269895637,4.272108059897133
0.0,0.0
2.5649493574615367,2.1940850565577956
0.0,0.0
0.0,0.0
0.0,0.0
0.0,0.0
3.1354942159291497,3.280732165180372
0.0,0.0
0.0,0.0
0.0,0.0
0.0,0.0
1.3862943611198906,1.5227531199721502
0.0,0.0
1.0986122886681096,1.181118331264428
2.4849066497880004,2.54759189043288
4.553876891600541,4.411439748653592
0.0,0.0
0.0,0.0
0.0,0.0
0.6931471805599453,0.9896599525544607
1.3862943611198906,1.1434375257347218
0.0,0.0
4.0943445622221,3.8002948022782266
0.0,0.0
2.079441541679836,1.6165124640829958
2.19722457733622,1.0734802930116343
3.044522437723423,3.324697816410611
3.332204510175204,3.7375603826626578
0.0,0.0
0.0,0.0
0.0,0.0
1.3862943611198906,1.7360533864947785
5.010635294096256,4.9115176711027555
4.07753744390572,4.069341358941732
0.0,0.0
1.0986122886681096,1.1467093784243705
3.8918202981106265,3.901644420332501
1.3862943611198906,1.2016915236579537
4.219507705176107,4.361745688072733
2.70805020110221,2.370189648770512
0.0,0.0
3.828641396489095,3.795281648004334
0.0,0.0
2.639057329615259,2.610900945905775
1.791759469228055,1.0397876189415671
0.0,0.0
3.713572066704308,3.42168159266934
4.430816798843313,4.565466508115826
0.0,0.0
2.5649493574615367,1.8582809467046553
1.0986122886681096,1.5071601058961246
2.995732273553991,2.4541534359920236
0.0,0.0
1.0986122886681096,0.9594932314484861
0.0,0.0
5.3981627015177525,5.17968075577319
0.0,0.0
0.0,0.0
4.204692619390966,4.126399865506924
0.6931471805599453,1.0251630097628333
0.0,0.0
0.0,0.0
3.8918202981106265,3.7900314110349287
0.0,0.0
3.80666248977032,3.9923027727356732
2.19722457733622,1.3363265913568656
4.060443010546419,4.22152571600598
0.0,0.0
4.59511985013459,4.5288892945086685
4.330733340286331,4.039903287823097
2.70805020110221,2.370453927968975
0.0,0.0
0.0,0.0
0.0,0.0
4.941642422609304,4.9771363993314255
4.110873864173311,4.289495043931491
1.791759469228055,1.5663547803302842
0.0,0.0
0.0,0.0
1.0986122886681096,1.7224068332890576
4.430816798843313,4.846933932128548
0.6931471805599453,1.8057722456306293
0.0,0.0
1.0986122886681096,1.9879069393678233
4.204692619390966,3.5019373718495697
0.6931471805599453,1.0555999781783318
0.0,0.0
0.0,0.0
4.499809670330265,4.229516114847469
1.3862943611198906,1.1410378756058426
0.0,0.0
0.0,0.0
3.258096538021482,2.8066228807851847
4.795790545596741,4.8231506278141625
3.828641396489095,4.029087377861228
0.0,0.0
0.0,0.0
4.158883083359672,3.940993564388727
1.9459101490553128,1.3508941571053703
0.0,0.0
1.0986122886681096,1.7705220161263353
0.0,0.0
0.0,0.0
0.0,0.0
1.9459101490553128,1.3173659254878476
0.0,0.0
3.610917912644224,3.3983469673114435
0.0,0.0
0.0,0.0
1.0986122886681096,0.9062278038000844
4.158883083359672,4.202390016553471
4.418840607796598,4.437745846572522
1.0986122886681096,0.9133956735460691
0.0,0.0
2.3978952727983707,2.667601302787318
0.6931471805599453,1.0900543292881741
3.784189633918261,3.996301071121106
0.0,0.0
4.59511985013459,4.432270389035288
3.8918202981106265,4.323377369692387
0.0,0.0
0.0,0.0
3.5263605246161616,3.7939998484166564
4.442651256490317,3.9810851213335643
0.0,0.0
0.0,0.0
0.0,0.0
0.0,0.0
3.970291913552122,3.838008350054788
0.0,0.0
0.0,0.0
4.574710978503383,4.0953311660568446
0.6931471805599453,1.1435616257420933
0.0,0.0
3.8918202981106265,3.8319422262878193
2.772588722239781,3.3798832325839343
0.0,0.0
1.791759469228055,1.8694521875162413
3.80666248977032,3.5881335270632335
1.0986122886681096,1.363658921074154
0.0,0.0
4.499809670330265,4.420158656057856
0.0,0.0
2.833213344056216,3.876479932737053
0.0,0.0
0.6931471805599453,0.9062464923820344
1.9459101490553128,1.4552682519021798
0.0,0.0
0.0,0.0
0.0,0.0
4.787491742782046,4.691380940823784
2.9444389791664403,3.0826689195605708
1.3862943611198906,1.5647718199208784
1.0986122886681096,0.9857267063658445
0.0,0.0
4.248495242049359,3.7678360028609843
4.465908118654584,3.6763018680102677
1.791759469228055,1.3970083930022472
2.70805020110221,3.098545051300103
1.791759469228055,1.3184278197246773
3.6635616461296463,4.190212987560076
3.713572066704308,3.6788740026609035
3.970291913552122,4.0445544364438
1.0986122886681096,0.922765802680179
3.5263605246161616,3.446716144093608
0.0,0.0
3.80666248977032,4.154607045284639
0.0,0.0
0.6931471805599453,0.8719536144004756
4.276666119016055,3.997557842440253
0.0,0.0
3.688879454113936,3.9717956816727953
0.6931471805599453,1.058841772769148
3.49650756146648,3.189739081684716
0.6931471805599453,0.9735457288748565
0.0,0.0
0.0,0.0
4.110873864173311,4.137882484055555
0.0,0.0
3.1354942159291497,2.443844300663209
0.0,0.0
1.0986122886681096,1.2913553279904249
2.9444389791664403,3.294414857958552
2.639057329615259,3.378398086598423
4.787491742782046,4.9455809000869015
4.653960350157523,4.552876566111192
2.8903717578961645,3.200651191157019
4.663439094112067,4.449854199853579
0.0,0.0
0.0,0.0
2.639057329615259,2.0019740821256056
4.110873864173311,4.220782002620479
3.218875824868201,3.7589636921468883
4.330733340286331,4.145821127084975
1.6094379124341005,1.766283889644281
3.6635616461296463,3.6984800021006716
0.0,0.0
0.0,0.0
0.0,0.0
3.1354942159291497,3.611793079432451
4.304065093204169,4.361820299300231
0.0,0.0
0.0,0.0
5.123963979403259,5.059187481639101
4.532599493153256,4.19919834742185
0.0,0.0
3.8712010109078903,4.11471297925374
3.970291913552122,3.2160058631069903
3.713572066704308,3.6579084072186725
0.0,0.0
0.0,0.0
0.0,0.0
0.0,0.0
0.0,0.0
0.0,0.0
0.0,0.0
2.995732273553991,2.209906477843455
0.0,0.0
3.951243718581428,3.887183217953734
0.0,0.0
0.0,0.0
4.31748811353631,4.299644759525315
0.0,0.0
2.833213344056216,2.7673671325124927
4.812184355372417,4.6298709961569715
0.0,0.0
1.0986122886681096,0.8750544764245283
0.0,0.0
5.049856007249537,4.768546540525336
3.6635616461296463,3.57309604313935
0.0,0.0
3.58351893845611,3.357096982572691
2.5649493574615367,2.3171697887605176
1.6094379124341005,2.3142007736501453
2.3978952727983707,2.1840002464620287
0.0,0.0
3.49650756146648,4.212607735137339
4.219507705176107,4.2032340189720845
0.0,0.0
4.634728988229636,4.450511245214497
0.0,0.0
0.0,0.0
0.0,0.0
0.0,0.0
3.8501476017100575,3.9406453060594644
4.430816798843313,4.181100292859642
0.0,0.0
0.0,0.0
0.0,0.0
0.0,0.0
1.9459101490553128,2.1835656982612974
1.3862943611198906,1.5293302020091384
3.6375861597263857,3.4002435862704186
0.0,0.0
0.0,0.0
0.0,0.0
0.0,0.0
0.0,0.0
0.0,0.0
3.367295829986474,3.9057045019238723
0.0,0.0
0.0,0.0
1.0986122886681096,1.29193809000041
0.0,0.0
0.0,0.0
0.0,0.0
0.6931471805599453,1.9922738103835291
0.0,0.0
3.258096538021482,3.443005019901901
0.6931471805599453,0.7865622323011705
0.0,0.0
1.0986122886681096,1.1558149411203382
1.0986122886681096,1.309265254434968
4.356708826689592,4.262129149014769
0.0,0.0
0.6931471805599453,1.003678226663363
0.0,0.0
0.0,0.0
0.0,0.0
0.0,0.0
0.0,0.0
1.3862943611198906,1.4613339772041583
3.610917912644224,3.764147774499786
4.31748811353631,3.840573241158501
0.0,0.0
0.0,0.0
1.9459101490553128,1.0039396257715958
0.0,0.0
1.3862943611198906,1.0562203163541433
2.4849066497880004,1.563527660172805
1.3862943611198906,1.1508506183785336
0.0,0.0
2.5649493574615367,1.5032442021685843
0.0,0.0
0.0,0.0
0.0,0.0
3.8501476017100575,4.0352937787190974
2.4849066497880004,3.2876249172307057
0.0,0.0
5.181783550292085,4.772939154558859
0.0,0.0
1.3862943611198906,1.5457856835376742
0.6931471805599453,1.3200642746411129
4.189654742026425,4.230650516004452
0.6931471805599453,0.8295193332086731
2.4849066497880004,2.4130267133843395
4.624972813284271,4.5208090736465145
0.0,0.0
0.0,0.0
0.6931471805599453,1.5604679348352835
0.0,0.0
5.062595033026967,4.793266683145448
0.0,0.0
4.962844630259907,4.680110108265342
0.0,0.0
0.0,0.0
2.3978952727983707,2.3974957506626917
3.332204510175204,3.357051008310593
0.6931471805599453,1.54469952322745
0.6931471805599453,1.37289832812318
3.80666248977032,3.9547194891651354
0.0,0.0
4.060443010546419,3.4596202210204807
0.6931471805599453,0.8109676432707595
1.0986122886681096,0.9222116909127318
0.0,0.0
0.0,0.0
0.0,0.0
4.543294782270004,4.515945498698734
1.0986122886681096,1.18991172262631
0.0,0.0
0.0,0.0
4.02535169073515,4.019528199597385
2.3978952727983707,2.360560586683197
1.3862943611198906,1.2050882734479236
0.0,0.0
0.0,0.0
0.0,0.0
4.110873864173311,3.7342380275080895
2.079441541679836,1.9703593702824418
0.6931471805599453,1.0695591619430915
0.0,0.0
0.0,0.0
0.0,0.0
0.0,0.0
0.0,0.0
1.0986122886681096,1.0979977343856668
0.0,0.0
0.0,0.0
1.6094379124341005,1.5780797155731328
4.23410650459726,4.115170744522508
0.0,0.0
3.332204510175204,3.76382101425181
0.0,0.0
2.9444389791664403,2.5567491831056524
4.5217885770490405,4.1557976606681635
4.394449154672439,4.677037610896955
3.4339872044851463,4.471317485242769
3.4339872044851463,3.6252831461371526
0.0,0.0
4.852030263919617,4.786193923434735
0.0,0.0
4.343805421853684,4.253974067387449
3.8501476017100575,3.5560494251899337
0.0,0.0
0.0,0.0
4.276666119016055,4.517213341139651
0.6931471805599453,1.475478123379019
4.532599493153256,4.253953704071704
1.0986122886681096,0.9623470188009509
1.3862943611198906,3.0249571343051853
0.6931471805599453,1.5166563766200856
0.0,0.0
3.6375861597263857,3.7254715366427287
0.0,0.0
0.0,0.0
0.0,0.0
0.0,0.0
0.6931471805599453,0.7691873755555162
0.6931471805599453,0.9638031735403898
4.859812404361672,4.753106827460659
0.0,0.0
0.0,0.0
0.0,0.0
0.0,0.0
0.0,0.0
0.0,0.0
0.0,0.0
0.6931471805599453,1.4870023314400183
0.0,0.0
0.0,0.0
4.158883083359672,4.158581468861291
0.0,0.0
2.70805020110221,3.0014300528590785
0.0,0.0
0.0,0.0
0.0,0.0
0.0,0.0
2.079441541679836,1.2036276250901004
3.367295829986474,3.3060681129428606
2.079441541679836,2.3968418964999296
0.0,0.0
4.343805421853684,4.187315424289589
3.1354942159291497,3.552576343404765
0.0,0.0
0.0,0.0
3.7612001156935615,3.4397758014357347
1.0986122886681096,0.9502614914246368
0.0,0.0
0.0,0.0
0.0,0.0
0.0,0.0
0.0,0.0
4.262679877041316,4.171530065693961
0.6931471805599453,1.2282647984133142
3.951243718581428,4.145414131664086
3.8712010109078903,4.0247190454990065
3.9889840465642745,4.038501028478899
4.919980925828125,4.67871517515642
0.0,0.0
0.0,0.0
0.0,0.0
3.367295829986474,3.147659456170997
4.204692619390966,3.9616994566856065
0.0,0.0
0.0,0.0
2.302585092994046,1.2079386366175715
0.0,0.0
0.0,0.0
0.0,0.0
0.0,0.0
1.6094379124341005,1.3610456501286574
0.0,0.0
3.1354942159291497,2.9531499592945987
2.3978952727983707,2.3430127949386055
5.135798437050262,5.103122020560194
0.0,0.0
0.0,0.0
0.0,0.0
3.912023005428146,3.863666553170932
0.0,0.0
0.0,0.0
4.330733340286331,4.183917837316859
4.477336814478207,4.406747633922564
0.0,0.0
2.079441541679836,1.3414177772971354
4.262679877041316,4.212840519370293
0.0,0.0
3.367295829986474,3.034812573616813
0.6931471805599453,0.9649766289484896
0.6931471805599453,1.0154908733173
0.0,0.0
1.3862943611198906,1.648003016167448
0.6931471805599453,0.8056980478793705
0.0,0.0
0.0,0.0
0.0,0.0
3.49650756146648,3.8891458539287775
0.6931471805599453,1.1175877703895893
0.0,0.0
0.0,0.0
3.784189633918261,4.120306633660665
4.07753744390572,4.045350210596062
0.0,0.0
2.8903717578961645,2.5069845968120177
0.0,0.0
0.0,0.0
3.367295829986474,2.896214699089337
4.727387818712341,4.38917786600957
0.0,0.0
1.791759469228055,1.309599466466081
0.0,0.0
1.0986122886681096,1.1462542415259755
3.295836866004329,3.816021251808294
0.0,0.0
0.6931471805599453,0.8298875082862286
0.0,0.0
0.0,0.0
1.0986122886681096,1.7712177801063402
0.0,0.0
0.0,0.0
0.0,0.0
0.0,0.0
1.9459101490553128,2.060589911179471
2.19722457733622,1.9780661108444457
3.295836866004329,3.6460039838611777
0.6931471805599453,0.9034868068385761
5.159055299214529,4.7727640529276485
0.6931471805599453,0.8153510055093243
1.0986122886681096,1.8004890372356825
4.700480365792417,4.875356696173765
0.0,0.0
3.4339872044851463,3.7841572873220604
1.9459101490553128,1.150829156939249
0.6931471805599453,1.0607768349680382
0.0,0.0
1.9459101490553128,2.0569459210908816
3.218875824868201,2.8159691582417206
0.0,0.0
3.1780538303479458,3.0186158430917573
4.465908118654584,4.507113991563082
0.0,0.0
2.3978952727983707,1.2438247571294396
2.3978952727983707,1.6335864479467361
2.9444389791664403,2.8637875507102835
0.0,0.0
0.0,0.0
1.3862943611198906,1.4881935148148497
0.0,0.0
4.804021044733257,4.673188726624814
1.0986122886681096,0.8202257894167407
4.8283137373023015,4.463628305072674
0.0,0.0
3.713572066704308,3.0264762683124298
0.6931471805599453,1.1467849350516373
0.0,0.0
0.0,0.0
0.0,0.0
0.0,0.0
0.0,0.0
0.0,0.0
5.14166355650266,5.274082578280368
1.0986122886681096,1.0878365315100038
0.0,0.0
0.0,0.0
0.0,0.0
0.0,0.0
0.0,0.0
3.828641396489095,4.066424473889297
2.079441541679836,1.1769479433826264
1.0986122886681096,0.9197405138900738
2.833213344056216,2.7032949241858195
2.772588722239781,2.0274558680070336
2.5649493574615367,2.676244567562006
0.0,0.0
2.70805020110221,2.6560721242199854
0.0,0.0
0.0,0.0
0.6931471805599453,0.8952191917774966
0.0,0.0
2.079441541679836,2.2614448149736406
0.0,0.0
0.0,0.0
0.0,0.0
1.6094379124341005,0.9109462965543077
0.0,0.0
0.6931471805599453,0.824912644613594
0.0,0.0
1.9459101490553128,2.9832085680636147
0.0,0.0
3.4011973816621555,3.4294572148463653
3.555348061489413,4.164917217131883
0.0,0.0
3.091042453358316,3.354493619777459
1.791759469228055,1.9046273807650647
2.8903717578961645,3.7896482978328123
0.0,0.0
4.770684624465665,4.856126036441543
4.672828834461906,4.483185269272958
1.0986122886681096,1.718435141779422
0.0,0.0
3.091042453358316,3.34987142467485
0.6931471805599453,0.9470179742190772
1.3862943611198906,1.3184729168225824
4.394449154672439,4.250625011259031
0.0,0.0
1.0986122886681096,1.3912470922701723
4.262679877041316,4.584742614966086
0.0,0.0
0.0,0.0
0.0,0.0
4.356708826689592,3.799552931044173
4.499809670330265,4.537442781214754
1.0986122886681096,1.4404510851955308
0.0,0.0
0.6931471805599453,0.8047751549616028
0.0,0.0
0.0,0.0
1.0986122886681096,1.6718553715574689
3.218875824868201,3.253273108139861
0.0,0.0
1.0986122886681096,0.8615026400912911
1.791759469228055,1.340948076955234
2.3978952727983707,2.078388706714543
0.0,0.0
0.0,0.0
0.0,0.0
1.791759469228055,1.1692945599156601
4.553876891600541,4.42786838550098
1.791759469228055,1.1717195940803877
3.044522437723423,3.388455798054574
0.0,0.0
1.6094379124341005,2.2943338672940037
0.0,0.0
2.833213344056216,2.7465406669729355
1.6094379124341005,1.3381906564692923
2.5649493574615367,3.5547885477302903
0.0,0.0
1.791759469228055,2.622314662082086
0.0,0.0
1.0986122886681096,0.9967869513245387
4.02535169073515,3.6359392182799364
2.9444389791664403,2.8643305237772516
0.0,0.0
0.0,0.0
1.0986122886681096,1.4128421441437462
2.70805020110221,3.571534331461771
1.6094379124341005,0.8816108906690368
3.044522437723423,2.016394809980599
0.0,0.0
0.6931471805599453,0.85667269026372
4.663439094112067,4.646505627511249
1.791759469228055,2.1160145065847473
0.0,0.0
3.713572066704308,3.955629490062116
0.0,0.0
0.0,0.0
4.304065093204169,4.246521889665953
0.0,0.0
0.0,0.0
0.0,0.0
1.6094379124341005,2.703704748883685
2.639057329615259,2.897192528888249
2.70805020110221,2.570580582747971
0.0,0.0
0.0,0.0
0.0,0.0
0.0,0.0
0.0,0.0
3.610917912644224,3.5276583049338743
0.0,0.0
3.58351893845611,3.795419250052521
3.970291913552122,4.017364552906784
0.6931471805599453,1.9749316955036407
0.0,0.0
4.442651256490317,3.8448949983784013
3.1354942159291497,3.201959266454033
1.791759469228055,1.6278118428418902
0.0,0.0
0.0,0.0
0.0,0.0
0.0,0.0
0.0,0.0
4.7535901911063645,4.532904867553564
4.532599493153256,4.698834169464862
0.6931471805599453,1.0506763770522616
0.0,0.0
4.6443908991413725,4.55861925093354
0.0,0.0
0.0,0.0
0.0,0.0
2.5649493574615367,1.8489611963329813
0.0,0.0
3.610917912644224,3.9177987329705464
1.6094379124341005,0.950277036953334
1.791759469228055,1.0762322535815754
0.0,0.0
0.0,0.0
1.0986122886681096,1.2941912825901676
2.302585092994046,2.6026137457693546
3.8712010109078903,3.941506088872686
0.0,0.0
0.0,0.0
4.564348191467836,4.277396640830817
2.833213344056216,2.5811094204978455
4.605170185988092,4.571089393025869
4.3694478524670215,4.2401133497622485
0.0,0.0
0.6931471805599453,1.0046614523775803
0.0,0.0
3.332204510175204,2.9221869890531265
1.0986122886681096,1.015147964954894
3.713572066704308,3.4556059393162117
2.079441541679836,2.179536815509978
0.0,0.0
0.6931471805599453,0.9772400520894213
0.0,0.0
0.0,0.0
0.0,0.0
0.0,0.0
4.189654742026425,4.276939332806462
1.3862943611198906,1.0466973667241743
1.0986122886681096,0.9408861079397869
0.0,0.0
3.367295829986474,3.3337353409946204
0.0,0.0
0.0,0.0
4.110873864173311,3.416800458668307
0.0,0.0
1.0986122886681096,0.8026697435235611
0.0,0.0
0.0,0.0
0.0,0.0
0.0,0.0
2.70805020110221,2.7010198439712583
3.295836866004329,3.3326906840157604
0.0,0.0
0.0,0.0
0.0,0.0
2.3978952727983707,1.579609016294932
0.0,0.0
0.0,0.0
0.0,0.0
0.0,0.0
1.6094379124341005,1.930909634234523
0.0,0.0
0.0,0.0
2.3978952727983707,2.509758120518448
0.0,0.0
2.639057329615259,2.614734839301266
0.0,0.0
3.1780538303479458,3.0360015310863666
0.0,0.0
0.0,0.0
0.0,0.0
0.6931471805599453,1.040335294751155
0.0,0.0
3.4657359027997265,3.716393080790961
4.02535169073515,3.9441043944879626
0.0,0.0
4.969813299576001,4.513276452103238
1.3862943611198906,1.234390678650051
4.499809670330265,4.70352609276561
0.0,0.0
0.0,0.0
0.0,0.0
4.394449154672439,4.480856941230386
0.6931471805599453,1.057573467870581
0.0,0.0
0.0,0.0
0.0,0.0
2.4849066497880004,2.3623470629599783
3.295836866004329,3.178065409112581
0.0,0.0
0.0,0.0
0.0,0.0
0.0,0.0
0.0,0.0
1.9459101490553128,1.7107633415907062
5.342334251964811,5.26714486750079
0.0,0.0
0.0,0.0
4.584967478670572,4.387230599324734
0.6931471805599453,0.9412358135142117
0.6931471805599453,1.569868014332766
0.0,0.0
4.584967478670572,3.9481105897848874
1.6094379124341005,1.3572394311856286
0.0,0.0
1.3862943611198906,1.069114488825297
0.0,0.0
5.1298987149230735,5.073700414988414
1.0986122886681096,1.4591043816063058
0.6931471805599453,0.8467969382234442
0.0,0.0
0.0,0.0
3.295836866004329,3.2926665340704524
2.9444389791664403,1.5263233167982944
1.6094379124341005,2.8332242224701036
1.0986122886681096,0.983222037849368
0.6931471805599453,0.9888465519402199
3.332204510175204,3.3597968446964
4.02535169073515,3.9666800446607438
3.951243718581428,3.935678102089824
2.079441541679836,1.3711646265899653
1.0986122886681096,0.8490092838204432
1.791759469228055,1.0527024149059476
0.0,0.0
0.0,0.0
1.0986122886681096,0.845689256771855
3.4339872044851463,3.7506392153099988
0.0,0.0
0.6931471805599453,1.5200539131146709
0.0,0.0
3.4657359027997265,3.8302133481215366
0.0,0.0
0.0,0.0
0.0,0.0
0.0,0.0
0.0,0.0
0.6931471805599453,1.0213626723711817
0.0,0.0
2.9444389791664403,3.0790057476621637
0.0,0.0
0.0,0.0
2.302585092994046,2.451010085957929
0.0,0.0
4.174387269895637,4.604022650277231
0.6931471805599453,1.2460798273170306
0.0,0.0
2.772588722239781,2.592342059530312
0.0,0.0
0.0,0.0
1.0986122886681096,0.8513057868276074
1.3862943611198906,1.027309425547167
4.343805421853684,4.173837360016194
4.795790545596741,4.337824343920678
0.0,0.0
3.4011973816621555,3.622708607998339
0.0,0.0
0.0,0.0
0.0,0.0
4.51085950651685,4.355331440822277
1.3862943611198906,0.8052854121624151
0.0,0.0
0.6931471805599453,1.1802063853863007
4.852030263919617,4.520570960531322
4.290459441148391,3.7829966662332457
0.0,0.0
0.0,0.0
0.0,0.0
0.6931471805599453,1.0196464834917585
0.0,0.0
0.0,0.0
4.48863636973214,4.361351830130935
0.0,0.0
0.0,0.0
0.0,0.0
0.0,0.0
2.4849066497880004,3.474985102611842
0.6931471805599453,0.9678170475349597
0.0,0.0
4.31748811353631,4.343372531566904
1.6094379124341005,1.61746871054926
1.9459101490553128,1.6295813055318138
0.0,0.0
1.0986122886681096,1.031415849014878
0.0,0.0
4.330733340286331,4.431103741279174
0.0,0.0
0.6931471805599453,0.9354276851340854
4.330733340286331,4.275098244655631
0.0,0.0
0.0,0.0
0.0,0.0
0.0,0.0
0.0,0.0
4.912654885736052,4.333616635039278
4.605170185988092,3.9319709536578897
2.19722457733622,1.8461109003564369
1.0986122886681096,1.5454478830619678
2.833213344056216,3.232049875779593
2.8903717578961645,3.231510194003854
4.543294782270004,4.425456191859723
0.0,0.0
0.0,0.0
3.737669618283368,3.2250431759342124
4.700480365792417,4.605931269100194
0.0,0.0
1.6094379124341005,0.8158988737561362
0.6931471805599453,1.032642549895489
0.0,0.0
0.0,0.0
0.0,0.0
0.6931471805599453,1.0492143395422364
3.49650756146648,3.460818352685405
4.060443010546419,4.134917064889476
0.0,0.0
1.6094379124341005,1.9063781490084244
0.0,0.0
0.0,0.0
0.0,0.0
4.454347296253507,4.266619327868858
2.9444389791664403,3.097903870581996
0.0,0.0
4.983606621708336,4.586676005111736
3.713572066704308,3.8264909985952027
4.499809670330265,4.275434731674749
2.3978952727983707,2.7039751634261346
0.0,0.0
0.0,0.0
0.0,0.0
4.941642422609304,4.870847472516712
0.0,0.0
0.6931471805599453,0.8848087837679443
0.0,0.0
0.0,0.0
2.3978952727983707,2.4899428822881258
0.0,0.0
2.9444389791664403,2.627322603418621
0.0,0.0
0.0,0.0
1.9459101490553128,2.5869728569562733
0.0,0.0
2.19722457733622,2.414301351795659
0.6931471805599453,1.301922987967104
0.0,0.0
0.0,0.0
0.0,0.0
4.189654742026425,3.505525191258507
1.0986122886681096,1.0080059731314959
4.158883083359672,4.08078586249227
0.0,0.0
3.6635616461296463,2.230115494542069
0.6931471805599453,1.3212267887457358
1.3862943611198906,1.9167204169921856
3.6375861597263857,3.418755551085791
0.0,0.0
1.9459101490553128,1.4600058554262227
1.0986122886681096,0.8035105263372647
3.688879454113936,3.7212811966913693
0.6931471805599453,0.9134362518943508
2.079441541679836,2.294290916244397
3.80666248977032,4.219422691081137
4.762173934797756,4.081164401518507
0.0,0.0
0.0,0.0
0.0,0.0
0.0,0.0
1.0986122886681096,0.7956571438867945
2.5649493574615367,2.7394657416639077
4.0943445622221,4.121530467335445
0.6931471805599453,0.9819915315107592
4.02535169073515,3.985407211174208
0.0,0.0
0.0,0.0
0.0,0.0
3.951243718581428,4.026535858237249
2.8903717578961645,2.7392241726649535
1.3862943611198906,1.9504654088249638
3.1780538303479458,2.6658966510633326
0.0,0.0
4.02535169073515,3.9818585367536508
4.61512051684126,4.6949028782542515
0.6931471805599453,1.545813881844063
0.0,0.0
5.247024072160486,4.831573899248037
4.762173934797756,4.577455268230647
0.0,0.0
0.0,0.0
3.970291913552122,3.9478616903920543
0.0,0.0
0.0,0.0
4.276666119016055,4.265220956210201
0.0,0.0
4.31748811353631,4.178721156436423
0.0,0.0
0.0,0.0
0.0,0.0
0.0,0.0
3.8501476017100575,3.8223638392733776
1.0986122886681096,1.099711288315423
2.833213344056216,3.4885465602041603
0.0,0.0
1.6094379124341005,1.3720023658512017
3.044522437723423,2.8560596263258042
4.553876891600541,4.055685624902704
3.1354942159291497,2.6285701482376775
0.0,0.0
0.0,0.0
0.0,0.0
3.58351893845611,3.6766378754986864
3.218875824868201,3.792678862694012
0.0,0.0
4.406719247264253,4.539017422352441
4.454347296253507,4.506261874487391
4.990432586778736,4.851846706449591
0.6931471805599453,1.2606447904686056
4.189654742026425,3.9471594027503687
4.174387269895637,4.474890206202112
0.0,0.0
0.0,0.0
5.198497031265826,5.152310146748337
4.0943445622221,4.210762627884804
3.4339872044851463,3.484413922975311
3.713572066704308,3.5037281335376527
4.219507705176107,3.605789948913198
4.174387269895637,4.113641284405813
0.0,0.0
3.688879454113936,3.8974472097692603
0.0,0.0
4.663439094112067,4.406598984121956
4.02535169073515,3.81352362820269
2.19722457733622,2.017508818077601
0.0,0.0
4.07753744390572,3.9001539867121005
0.0,0.0
0.6931471805599453,1.0270082004945058
0.0,0.0
3.5263605246161616,3.25860363991092
1.0986122886681096,1.1334351754548047
0.0,0.0
1.0986122886681096,1.1745487405172172
4.394449154672439,4.530908227707977
0.0,0.0
0.0,0.0
0.0,0.0
2.302585092994046,1.2558833343552858
3.258096538021482,4.198634744193052
0.0,0.0
0.0,0.0
3.9318256327243257,3.4154797417935
0.0,0.0
4.934473933130692,5.022286349746348
0.0,0.0
3.9889840465642745,3.904140228328195
0.0,0.0
2.4849066497880004,3.117822677531291
4.454347296253507,4.407774371362774
1.0986122886681096,0.9152663680902116
2.639057329615259,1.3565241612051568
0.0,0.0
3.951243718581428,4.047159749767584
0.0,0.0
0.0,0.0
0.0,0.0
0.0,0.0
0.0,0.0
0.0,0.0
1.0986122886681096,1.0206090710578173
0.0,0.0
4.219507705176107,3.715186228232272
3.912023005428146,3.790246820987059
1.3862943611198906,1.0024549751750105
0.0,0.0
1.791759469228055,1.7192909728486634
4.060443010546419,4.014939579856503
4.343805421853684,4.435745328852646
5.017279836814924,4.615476926938979
4.248495242049359,2.893364444199154
0.0,0.0
4.727387818712341,4.582434272366283
0.0,0.0
0.0,0.0
3.4657359027997265,3.7752614727968297
0.6931471805599453,0.9011981313567824
0.6931471805599453,0.8057899801583787
0.6931471805599453,0.9698090104646834
1.3862943611198906,1.8950789302688376
0.0,0.0
4.143134726391533,4.318460728962353
2.4849066497880004,2.1358561680268777
2.4849066497880004,1.845315387081513
0.0,0.0
0.0,0.0
4.653960350157523,4.5496203383923595
1.0986122886681096,1.04446836998684
1.0986122886681096,0.9681437773858473
3.4657359027997265,3.8253041242286008
3.9318256327243257,3.546676051647367
0.0,0.0
0.6931471805599453,0.8981948701185193
3.912023005428146,3.9935131276976183
0.0,0.0
0.0,0.0
4.672828834461906,4.869941507701079
3.737669618283368,3.6199652739248904
3.912023005428146,3.9242365414596936
4.795790545596741,4.524302846070852
0.0,0.0
0.0,0.0
0.0,0.0
1.0986122886681096,1.1065027466272388
0.0,0.0
0.0,0.0
4.430816798843313,4.185734279322642
2.3978952727983707,3.539034687537031
0.0,0.0
0.0,0.0
0.6931471805599453,1.2242569687215374
4.941642422609304,4.454474959506995
4.912654885736052,4.320761380158884
5.003946305945459,4.721644518450267
4.158883083359672,4.410886938710027
0.6931471805599453,2.7026473658076657
4.605170185988092,4.315578567927042
0.0,0.0
0.0,0.0
0.0,0.0
1.9459101490553128,2.1792584101393437
0.0,0.0
4.204692619390966,4.266011586968675
3.912023005428146,3.6901661935292043
0.0,0.0
0.0,0.0
0.0,0.0
1.3862943611198906,1.4787108657997734
3.970291913552122,3.9080585328640205
4.248495242049359,4.21182070306587
0.0,0.0
0.0,0.0
4.955827057601261,5.241232534288379
4.997212273764115,5.046195753934454
3.295836866004329,3.049149804929796
0.0,0.0
0.0,0.0
0.0,0.0
4.700480365792417,3.987835835008541
0.0,0.0
0.0,0.0
0.0,0.0
4.356708826689592,4.520001631427059
1.6094379124341005,2.24937188018804
0.6931471805599453,1.6478332635725192
2.079441541679836,2.483291096103231
0.0,0.0
1.9459101490553128,2.6277825255865674
0.0,0.0
0.0,0.0
3.80666248977032,3.7095180579438263
2.4849066497880004,3.5917810275913844
0.0,0.0
0.0,0.0
4.499809670330265,4.435424727599101
2.833213344056216,2.961885702584803
3.332204510175204,1.7432640977805594
0.0,0.0
0.0,0.0
3.6375861597263857,3.5699023450434266
0.0,0.0
4.820281565605037,4.284353534573371
0.0,0.0
3.4657359027997265,3.6870756241386715
0.0,0.0
0.0,0.0
1.0986122886681096,1.2970149027246012
0.0,0.0
0.0,0.0
0.0,0.0
0.0,0.0
0.0,0.0
5.5053315359323625,4.7741223735387255
0.0,0.0
0.0,0.0
0.0,0.0
0.0,0.0
0.6931471805599453,0.9019484721021687
0.0,0.0
4.382026634673881,4.603785822620938
0.0,0.0
4.110873864173311,4.0029481670581895
0.6931471805599453,1.5793392481338475
0.0,0.0
2.833213344056216,2.7395104100183114
0.0,0.0
4.553876891600541,4.805726564186144
1.0986122886681096,1.1003591329954074
3.555348061489413,3.5836335398156227
4.605170185988092,3.8492159220737188
0.0,0.0
0.6931471805599453,0.8571472820674402
1.3862943611198906,1.0341300080872349
1.9459101490553128,2.33921730482804
0.0,0.0
3.091042453358316,3.6899371352724213
2.4849066497880004,3.772666661141721
0.0,0.0
0.6931471805599453,0.9170430298025338
0.6931471805599453,1.1173115988111546
0.6931471805599453,1.4972478625171468
0.0,0.0
0.0,0.0
4.394449154672439,4.589547625152148
3.218875824868201,3.5960707620023338
4.382026634673881,4.022178421613185
3.9889840465642745,4.412095634202928
2.8903717578961645,2.8043463459655857
0.0,0.0
3.332204510175204,4.097494890994459
0.6931471805599453,0.8734855424332596
0.0,0.0
1.0986122886681096,1.1080297311601932
0.0,0.0
0.6931471805599453,0.878595252543704
0.0,0.0
2.302585092994046,2.9622209323295947
0.0,0.0
3.9889840465642745,3.8446478208112826
0.0,0.0
0.0,0.0
0.0,0.0
0.0,0.0
4.442651256490317,4.260347990024261
1.6094379124341005,1.0841557836088151
3.970291913552122,4.215852303484934
0.0,0.0
0.0,0.0
1.6094379124341005,1.0943814279650055
0.0,0.0
0.0,0.0
0.0,0.0
2.4849066497880004,2.285174500833117
2.639057329615259,2.967066949432403
0.0,0.0
4.820281565605037,4.60255065268019
0.0,0.0
0.0,0.0
0.0,0.0
0.0,0.0
0.0,0.0
0.0,0.0
0.0,0.0
0.0,0.0
2.4849066497880004,2.396622450923394
3.8712010109078903,3.5551778415865214
4.3694478524670215,4.556090265667573
0.0,0.0
1.0986122886681096,1.112069217044108
0.0,0.0
0.0,0.0
4.23410650459726,4.124555674530272
0.0,0.0
0.0,0.0
4.110873864173311,4.2587141936282755
4.330733340286331,3.7540170338545558
0.6931471805599453,3.0036847302639127
1.0986122886681096,1.5149604842522137
0.0,0.0
0.0,0.0
0.0,0.0
1.0986122886681096,0.9944305757806977
4.07753744390572,4.091317413257033
0.0,0.0
4.04305126783455,3.8689967268759604
4.51085950651685,4.742647725698054
1.791759469228055,1.4133744694868937
3.610917912644224,2.8736374804792684
0.0,0.0
0.0,0.0
0.6931471805599453,1.0709143669040655
5.075173815233827,5.004285552012737
0.0,0.0
0.0,0.0
0.0,0.0
1.791759469228055,1.2959887730582758
3.49650756146648,3.861851877187659
2.833213344056216,2.3616669828979227
0.0,0.0
0.0,0.0
4.007333185232471,4.17152830249438
3.688879454113936,3.6585071839385197
3.828641396489095,4.136286931906251
3.295836866004329,3.3394454973819347
3.49650756146648,3.3362381395172815
0.0,0.0
0.0,0.0
3.1354942159291497,3.9127636898154416
3.258096538021482,3.792786979520579
4.430816798843313,4.4354612177102
1.0986122886681096,0.9805866220202529
5.017279836814924,4.390875579310463
0.0,0.0
0.0,0.0
4.290459441148391,3.867248905696468
0.0,0.0
2.302585092994046,2.6474344698051704
1.0986122886681096,0.9745514442906292
4.007333185232471,4.240340966093704
0.0,0.0
1.0986122886681096,1.9565219459455474
3.610917912644224,4.0607087794230186
1.3862943611198906,1.0675795496798248
3.713572066704308,4.374979387204164
0.0,0.0
3.1354942159291497,2.333276412785448
1.0986122886681096,1.2452365439401296
0.0,0.0
0.0,0.0
0.0,0.0
0.0,0.0
0.0,0.0
3.555348061489413,3.044689389769999
3.5263605246161616,3.657769567282732
3.5263605246161616,3.166254756608019
0.0,0.0
4.48863636973214,4.354987902513423
2.833213344056216,2.6943254336707048
4.07753744390572,3.8919919246118075
4.343805421853684,4.094708274845153
3.737669618283368,3.76852383321447
3.4339872044851463,3.784679574234713
4.110873864173311,4.047106355852136
0.6931471805599453,0.9273256666206912
4.007333185232471,3.2993036794874495
0.0,0.0
0.0,0.0
2.995732273553991,3.9411796062544404
2.70805020110221,2.7311356910893347
2.772588722239781,2.6396880185390783
0.0,0.0
2.639057329615259,3.0931836427326265
1.6094379124341005,1.5098292865751688
3.4657359027997265,3.1869743938931605
4.465908118654584,4.265924967601628
1.6094379124341005,1.3119497010039864
1.0986122886681096,0.9651034665794401
0.0,0.0
0.6931471805599453,1.1638952580440027
3.044522437723423,2.7054049463464356
1.0986122886681096,0.9620203415390394
0.0,0.0
0.0,0.0
1.0986122886681096,1.2978773993842998
4.430816798843313,4.425421756210644
0.0,0.0
0.0,0.0
2.9444389791664403,3.078141009952895
0.0,0.0
0.0,0.0
0.0,0.0
0.0,0.0
2.5649493574615367,2.2577561863196274
0.0,0.0
2.079441541679836,1.324638098897256
0.6931471805599453,0.8554977244072957
1.3862943611198906,1.8505801427168058
0.0,0.0
0.0,0.0
2.3978952727983707,2.855582476954301
0.0,0.0
0.0,0.0
0.0,0.0
0.0,0.0
0.0,0.0
3.332204510175204,3.079221936463197
0.0,0.0
0.0,0.0
2.3978952727983707,1.2960902682889073
1.0986122886681096,1.3429630980569829
5.476463551931511,5.642189252551387
0.0,0.0
3.6375861597263857,3.6510891177977585
0.0,0.0
4.189654742026425,4.475112942453389
4.127134385045092,3.969442664970245
0.0,0.0
4.060443010546419,3.9099697100521684
0.0,0.0
0.6931471805599453,0.9890551284192719
1.3862943611198906,1.4516143589964705
0.0,0.0
4.060443010546419,3.0778218052716984
0.0,0.0
0.0,0.0
3.1780538303479458,3.4394903733256257
4.262679877041316,4.093272386198478
0.0,0.0
0.0,0.0
0.0,0.0
0.0,0.0
1.6094379124341005,1.2310075421364113
2.639057329615259,2.713370888654343
0.0,0.0
0.0,0.0
3.9318256327243257,3.6691187438972395
4.127134385045092,4.336723101437469
4.859812404361672,5.008384875669895
1.6094379124341005,2.16492716475488
4.343805421853684,4.1956660773137715
0.0,0.0
0.0,0.0
1.3862943611198906,0.8032788791789031
0.0,0.0
0.0,0.0
5.525452939131784,4.225593462972967
0.0,0.0
0.0,0.0
0.0,0.0
0.0,0.0
4.770684624465665,5.02027991401509
0.0,0.0
0.0,0.0
0.0,0.0
2.70805020110221,2.76523071753041
4.442651256490317,4.601061316636569
0.0,0.0
0.0,0.0
1.9459101490553128,1.3353169951945514
0.0,0.0
0.0,0.0
2.5649493574615367,2.8300376038275243
0.0,0.0
0.6931471805599453,0.8780372265993903
0.0,0.0
4.543294782270004,4.1715291928266796
1.6094379124341005,1.5322028329622313
2.995732273553991,2.871780687214597
4.248495242049359,4.15651504270583
0.0,0.0
0.0,0.0
0.0,0.0
0.0,0.0
0.0,0.0
0.6931471805599453,1.6696896389434561
0.6931471805599453,1.0030443074488895
0.0,0.0
0.0,0.0
0.0,0.0
0.0,0.0
3.713572066704308,3.2317552655674833
0.0,0.0
4.02535169073515,4.1230719588312255
0.0,0.0
0.0,0.0
3.5263605246161616,3.673816269288583
2.995732273553991,2.964321240219745
1.3862943611198906,1.7278011115308083
4.143134726391533,4.517860922364606
1.0986122886681096,1.646277648004459
0.0,0.0
0.0,0.0
0.0,0.0
2.5649493574615367,2.130520804550481
2.19722457733622,2.169245627926531
0.0,0.0
0.0,0.0
5.442417710521793,5.533549917927806
4.624972813284271,4.56969824425658
0.0,0.0
1.3862943611198906,1.2165024333836885
5.043425116919247,5.117171340060452
0.6931471805599453,1.0161378522531812
0.0,0.0
1.3862943611198906,0.9127622580318527
1.6094379124341005,0.9658311432901683
3.8712010109078903,3.969865564353305
0.0,0.0
4.07753744390572,3.887122171709736
0.0,0.0
1.3862943611198906,1.3094764499823908
4.110873864173311,3.900790871444551
0.0,0.0
0.6931471805599453,2.7300523715349345
0.0,0.0
2.4849066497880004,2.6551122847821085
0.6931471805599453,1.0231299916253898
0.0,0.0
1.3862943611198906,1.5084044852456961
2.302585092994046,1.9844091381286146
1.3862943611198906,1.4948038546831328
0.0,0.0
1.6094379124341005,1.589644332329648
0.0,0.0
3.6375861597263857,3.9188945166548312
0.0,0.0
0.0,0.0
0.0,0.0
2.079441541679836,2.491179535272494
0.0,0.0
0.0,0.0
0.0,0.0
3.951243718581428,3.7041740490829334
3.4011973816621555,2.8071843414921984
0.0,0.0
1.6094379124341005,1.2169097228903205
0.0,0.0
4.3694478524670215,4.32331625248939
3.713572066704308,3.5494901059827275
3.218875824868201,3.1713026637141746
4.709530201312334,4.364985449459272
4.127134385045092,3.8214663237451965
3.4011973816621555,3.1249705410004505
0.0,0.0
1.3862943611198906,1.193224418563214
4.61512051684126,4.460160832474876
0.0,0.0
0.0,0.0
4.553876891600541,4.108206965083065
0.0,0.0
0.0,0.0
2.3978952727983707,3.4057150695735445
1.0986122886681096,1.0911256639183162
0.0,0.0
4.248495242049359,4.154045107807235
2.4849066497880004,2.3115450970573663
0.0,0.0
1.3862943611198906,0.7675071977816819
0.0,0.0
0.0,0.0
0.0,0.0
0.0,0.0
0.0,0.0
0.0,0.0
2.70805020110221,3.233397841058586
2.19722457733622,3.358876710218031
0.0,0.0
2.9444389791664403,3.3520413172638435
5.003946305945459,5.025587459533544
0.0,0.0
0.0,0.0
0.0,0.0
4.634728988229636,4.421743015565435
1.0986122886681096,0.9303227069142337
0.0,0.0
0.0,0.0
3.4657359027997265,3.421971367837344
4.158883083359672,4.410373183897335
0.0,0.0
3.4011973816621555,2.4276121648713764
2.302585092994046,2.12258674150696
1.0986122886681096,1.7844001947380574
0.0,0.0
5.225746673713202,5.183074086893103
0.0,0.0
2.302585092994046,2.6812800517479705
0.0,0.0
3.555348061489413,3.5333768535662022
0.0,0.0
2.4849066497880004,2.128676770560062
4.356708826689592,4.2721274429132725
0.0,0.0
0.6931471805599453,1.0990788048304774
3.1780538303479458,2.9168045298237604
2.079441541679836,2.3846381344652032
3.5263605246161616,3.402742149466536
3.951243718581428,4.471461809523958
0.0,0.0
0.6931471805599453,0.9517639882154739
0.0,0.0
0.0,0.0
0.0,0.0
0.0,0.0
0.0,0.0
2.772588722239781,2.609422144967928
0.0,0.0
0.6931471805599453,0.9215842441005649
0.0,0.0
4.430816798843313,4.324339553316811
0.0,0.0
0.0,0.0
3.9889840465642745,3.4868063935188234
1.3862943611198906,1.3449218253027846
0.0,0.0
3.044522437723423,2.9049847308697765
1.0986122886681096,1.9320054891403666
4.442651256490317,4.073086750265998
4.51085950651685,4.46321207174326
0.0,0.0
0.0,0.0
1.3862943611198906,0.9405517524120726
4.727387818712341,4.1122482129783915
2.5649493574615367,2.4605716715595927
0.0,0.0
1.6094379124341005,2.9633053187272713
4.442651256490317,4.114117527179352
0.0,0.0
0.0,0.0
0.0,0.0
0.0,0.0
1.0986122886681096,1.0880272076023396
4.330733340286331,4.199446246875533
0.0,0.0
0.0,0.0
3.6375861597263857,4.585924044350062
0.6931471805599453,1.1748161862096564
0.0,0.0
0.0,0.0
0.6931471805599453,1.0247809358954847
3.80666248977032,3.992505308380454
2.833213344056216,3.095540008518153
4.787491742782046,4.329887855770801
1.3862943611198906,1.382359710549025
3.295836866004329,3.763772982447527
0.0,0.0
0.6931471805599453,0.9023473609132568
0.0,0.0
4.477336814478207,4.363221011859342
1.0986122886681096,1.0537589161686383
0.0,0.0
0.0,0.0
1.0986122886681096,1.9184274424874324
2.639057329615259,2.9665934520482318
1.0986122886681096,1.1708994960967354
0.0,0.0
0.6931471805599453,1.2588292008976527
0.0,0.0
0.0,0.0
4.584967478670572,4.431331412616205
0.0,0.0
3.218875824868201,2.6111528738429475
0.6931471805599453,0.801802213371223
0.6931471805599453,0.8704297253247095
4.007333185232471,4.0782932966021175
4.276666119016055,4.148968079142811
0.0,0.0
0.6931471805599453,0.9518986569841493
3.6635616461296463,3.82832759831103
0.6931471805599453,0.8703296573436041
5.225746673713202,5.406032424972065
4.007333185232471,3.405886809281861
0.0,0.0
4.634728988229636,4.538047032579597
0.0,0.0
1.0986122886681096,1.3729955314547084
2.5649493574615367,2.6766629880576858
0.0,0.0
1.0986122886681096,1.5933917265907664
0.0,0.0
4.204692619390966,3.7332679920314513
4.290459441148391,4.097815250342305
1.3862943611198906,2.440832650328378
4.997212273764115,4.638292989388811
0.0,0.0
0.0,0.0
0.6931471805599453,0.7881238056952055
1.3862943611198906,0.973625312949661
0.6931471805599453,0.800344228971544
0.0,0.0
3.091042453358316,3.3244506958376885
0.0,0.0
0.0,0.0
1.6094379124341005,1.7281439292959966
1.0986122886681096,1.4138181995786974
4.343805421853684,4.391015927529258
0.0,0.0
0.0,0.0
3.688879454113936,3.846545822135028
0.0,0.0
0.0,0.0
0.0,0.0
1.6094379124341005,1.0344478033496964
0.0,0.0
3.332204510175204,3.1666995592204454
2.19722457733622,1.7837715562550431
3.555348061489413,3.2625454613974245
1.0986122886681096,0.8432943402318783
0.6931471805599453,0.9113418180435622
0.0,0.0
0.0,0.0
0.6931471805599453,1.3148212293063855
3.828641396489095,3.718537957824938
3.9318256327243257,4.595621510789473
1.0986122886681096,0.967801112740658
0.0,0.0
3.4657359027997265,3.894194130921755
0.0,0.0
0.0,0.0
0.0,0.0
0.0,0.0
4.770684624465665,4.6208050536439735
0.0,0.0
3.367295829986474,3.398301917221046
3.258096538021482,3.983459162877293
0.0,0.0
0.0,0.0
3.091042453358316,2.714831804036609
0.0,0.0
0.0,0.0
3.6375861597263857,3.8884770135448155
0.0,0.0
1.0986122886681096,1.1942398647851493
5.327876168789581,4.758822132373597
3.610917912644224,4.009420372832576
0.0,0.0
0.0,0.0
0.0,0.0
0.0,0.0
4.605170185988092,4.599866685021323
0.0,0.0
0.0,0.0
0.0,0.0
1.0986122886681096,0.932453282835645
2.70805020110221,3.5112706667733606
0.0,0.0
0.0,0.0
0.0,0.0
3.828641396489095,4.058900353514846
4.23410650459726,4.137310067929981
0.0,0.0
0.0,0.0
0.0,0.0
0.0,0.0
1.3862943611198906,1.1450023324050607
3.4011973816621555,3.4237894059632605
0.0,0.0
0.0,0.0
0.0,0.0
0.0,0.0
4.709530201312334,4.2238580785570825
0.6931471805599453,1.3072674822235606
2.833213344056216,2.8402497715972466
0.0,0.0
0.0,0.0
1.0986122886681096,0.8836611138514634
3.1354942159291497,3.503972817558981
0.0,0.0
0.0,0.0
0.0,0.0
0.6931471805599453,1.2243978402957922
4.820281565605037,4.604304855913774
0.0,0.0
0.0,0.0
1.3862943611198906,2.3173183309421406
1.0986122886681096,2.087801134864408
0.0,0.0
0.0,0.0
3.1354942159291497,3.1215851340474017
4.934473933130692,5.218744191255001
4.304065093204169,3.9376864184412925
0.0,0.0
4.955827057601261,4.544163413863892
4.727387818712341,4.522263319169388
2.4849066497880004,1.508977093092942
2.079441541679836,2.282498408013313
0.0,0.0
0.0,0.0
1.9459101490553128,1.759893032608206
4.584967478670572,4.541370552048637
0.0,0.0
0.0,0.0
4.912654885736052,4.907632065513715
0.6931471805599453,1.3154545319698654
0.0,0.0
3.218875824868201,3.4511040904801398
1.9459101490553128,1.8962493606246866
3.258096538021482,3.176871760624603
0.0,0.0
0.0,0.0
1.3862943611198906,1.4398314134117913
3.58351893845611,3.769207694461542
3.970291913552122,3.9893615889903753
3.49650756146648,3.7817181203946917
3.8918202981106265,3.799855136625063
4.709530201312334,5.009886588044035
2.70805020110221,1.9445154452487368
1.0986122886681096,1.3147443919816606
4.454347296253507,4.2088794305958706
4.189654742026425,4.434244964846923
5.087596335232384,5.205388422181834
0.0,0.0
0.0,0.0
4.330733340286331,4.600611403377851
0.0,0.0
0.0,0.0
0.0,0.0
3.80666248977032,3.4705661060378787
3.295836866004329,3.612961961502305
0.0,0.0
3.912023005428146,3.7786362717615867
1.6094379124341005,0.9401315793715274
3.80666248977032,3.9478102784090527
2.3978952727983707,2.4088541068437057
4.543294782270004,4.289746896491446
0.0,0.0
0.6931471805599453,1.1696377949654932
0.0,0.0
1.791759469228055,1.2729432840278028
0.0,0.0
0.0,0.0
4.382026634673881,4.183397357505245
4.07753744390572,4.178481731359227
0.0,0.0
2.995732273553991,2.6132917969520326
5.75890177387728,5.6314218523113455
0.0,0.0
0.0,0.0
4.02535169073515,3.7520441047574895
0.0,0.0
2.19722457733622,2.6666227581717004
0.0,0.0
2.302585092994046,2.707195786925945
4.762173934797756,4.110078472228307
0.0,0.0
0.0,0.0
0.0,0.0
0.0,0.0
0.0,0.0
0.0,0.0
0.0,0.0
0.0,0.0
0.0,0.0
2.4849066497880004,2.1251206791022814
4.5217885770490405,4.3394900481597
3.1780538303479458,3.5207353899689577
0.0,0.0
1.0986122886681096,0.9986194423957007
4.430816798843313,4.201113896229926
1.0986122886681096,1.1246254432615517
0.6931471805599453,0.9891108045415217
0.0,0.0
2.302585092994046,2.2564222673840804
0.0,0.0
1.0986122886681096,1.3300489797710946
3.4339872044851463,3.6495911761975073
0.0,0.0
0.0,0.0
4.276666119016055,4.269834665761606
4.276666119016055,4.423786204743799
0.0,0.0
0.0,0.0
2.9444389791664403,3.5347224648884663
2.4849066497880004,2.53890263037429
0.0,0.0
4.736198448394496,4.583730700951268
3.737669618283368,3.633964536260504
3.1354942159291497,2.973370927031094
2.079441541679836,2.5078409662855337
0.6931471805599453,0.8084952117118125
1.3862943611198906,0.8955890701156349
0.6931471805599453,0.7693299333555461
1.0986122886681096,0.867762939413062
1.9459101490553128,2.144916334791367
0.0,0.0
2.302585092994046,2.168083200762307
3.8918202981106265,4.447870572454837
0.0,0.0
0.0,0.0
0.0,0.0
4.356708826689592,4.209764142093333
0.0,0.0
0.0,0.0
0.0,0.0
4.127134385045092,4.16220112887213
4.553876891600541,4.50912037563168
1.0986122886681096,1.1668835448693848
4.499809670330265,4.5106463027193335
0.6931471805599453,1.318970518411304
0.0,0.0
0.0,0.0
1.791759469228055,1.0815534692419102
0.0,0.0
0.0,0.0
0.0,0.0
0.0,0.0
1.3862943611198906,0.9743726924245811
0.0,0.0
0.0,0.0
0.6931471805599453,1.0085216629409806
0.0,0.0
4.262679877041316,1.5087593526730714
1.0986122886681096,1.9646128257632085
2.3978952727983707,1.8193820852704214
5.342334251964811,4.8668783843719
0.0,0.0
0.0,0.0
2.639057329615259,2.214824016298164
1.3862943611198906,1.344406893280063
5.236441962829949,5.289597006439355
1.0986122886681096,0.9112083733098777
0.0,0.0
0.0,0.0
2.3978952727983707,2.203533614458067
4.709530201312334,4.662943509495808
0.0,0.0
0.0,0.0
3.8712010109078903,3.6918589768075107
0.0,0.0
0.0,0.0
1.0986122886681096,1.9031455040170377
0.0,0.0
1.6094379124341005,1.4579379611720162
0.0,0.0
0.0,0.0
4.804021044733257,4.648152599679579
2.3978952727983707,2.5167159795409
0.0,0.0
0.0,0.0
1.791759469228055,1.5339810603193653
0.0,0.0
0.0,0.0
4.48863636973214,4.490637831376038
2.639057329615259,3.6427074990752146
1.791759469228055,1.9801865887323171
0.0,0.0
0.0,0.0
2.833213344056216,3.704820479735442
0.0,0.0
4.204692619390966,4.134660620809356
0.0,0.0
0.0,0.0
0.0,0.0
1.6094379124341005,0.9881475081217501
3.8918202981106265,3.718630723927865
2.639057329615259,3.347713967372508
0.0,0.0
2.19722457733622,1.299662505414203
0.0,0.0
1.9459101490553128,1.3782739980486733
3.1780538303479458,3.295592948363656
0.0,0.0
4.532599493153256,4.401889168127394
2.079441541679836,2.170119408144021
2.19722457733622,2.521272454983374
4.634728988229636,4.508874494407707
4.430816798843313,4.220154474134836
0.0,0.0
4.31748811353631,4.506185774705975
2.3978952727983707,2.6246133879838243
3.6635616461296463,3.685951887538217
0.6931471805599453,1.0305137153712578
4.0943445622221,3.4477703503284225
4.59511985013459,4.2485586890109115
1.9459101490553128,1.9280628837382228
4.672828834461906,4.523656823966739
3.951243718581428,4.244236969177672
0.0,0.0
3.1354942159291497,3.842056371235177
2.639057329615259,2.50212614750653
4.477336814478207,4.700453353378061
4.406719247264253,4.385632341055513
0.0,0.0
4.23410650459726,4.353659866558261
3.9318256327243257,3.5356412905749606
3.912023005428146,4.087623147625012
0.0,0.0
1.0986122886681096,0.7536192590930816
0.0,0.0
3.80666248977032,4.11652556024105
0.0,0.0
4.248495242049359,4.314209452410006
0.0,0.0
4.955827057601261,4.495514582005635
0.0,0.0
0.0,0.0
0.0,0.0
4.007333185232471,4.044562927345272
0.0,0.0
1.6094379124341005,2.0494373329400126
0.0,0.0
0.0,0.0
3.58351893845611,3.287012889283582
0.0,0.0
0.0,0.0
1.9459101490553128,2.3267635741268045
0.0,0.0
5.062595033026967,4.398657630966367
1.6094379124341005,1.6194269324097743
3.4011973816621555,3.8715252182005675
4.574710978503383,4.567521501315444
0.0,0.0
0.6931471805599453,0.8953421010271463
0.0,0.0
0.0,0.0
0.6931471805599453,1.7107216242619065
0.0,0.0
0.0,0.0
0.0,0.0
1.0986122886681096,0.8199514392631488
0.0,0.0
4.219507705176107,4.502128336983319
4.174387269895637,3.9999766846956923
3.784189633918261,4.001252723301451
3.49650756146648,3.426804407879822
3.58351893845611,3.5309195089075094
3.8918202981106265,3.9302977811441804
0.0,0.0
0.6931471805599453,1.29586497972898
0.6931471805599453,1.0932977491573872
0.0,0.0
3.713572066704308,4.019417098004181
0.6931471805599453,0.9676806368508423
4.969813299576001,4.520349526897909
3.5263605246161616,3.7655914463970466
0.0,0.0
3.58351893845611,3.8134530930895703
0.6931471805599453,0.846085852370402
1.9459101490553128,1.1473680501816192
3.9318256327243257,3.7887231332914224
0.0,0.0
1.0986122886681096,1.0111669022099041
4.59511985013459,4.468986469902959
4.532599493153256,4.553336208394987
0.0,0.0
0.0,0.0
4.262679877041316,3.79886368514009
4.51085950651685,4.534647001215468
1.791759469228055,1.5681488654426337
1.3862943611198906,1.4753613071293414
0.0,0.0
0.0,0.0
0.0,0.0
0.0,0.0
1.3862943611198906,1.6514013229946878
1.791759469228055,2.637188111403157
4.02535169073515,3.729747603001066
2.3978952727983707,1.377735895736039
0.0,0.0
0.0,0.0
0.0,0.0
1.0986122886681096,1.6129417687983783
0.0,0.0
0.0,0.0
2.9444389791664403,3.3974785310322577
0.0,0.0
0.0,0.0
4.219507705176107,3.4265467469805744
4.02535169073515,3.9049096416640032
0.0,0.0
0.6931471805599453,0.9342721328813427
4.736198448394496,4.81524788716484
0.0,0.0
0.0,0.0
1.0986122886681096,2.3399741082425103
3.713572066704308,3.3260851907502853
1.0986122886681096,1.7595689134810102
2.639057329615259,3.232949414545918
0.0,0.0
0.0,0.0
1.6094379124341005,1.8606781303636888
3.970291913552122,3.7366701958309974
0.0,0.0
3.713572066704308,3.644557776075726
0.0,0.0
2.833213344056216,2.6609595456224597
4.934473933130692,5.074499164608332
0.6931471805599453,0.8588902239891775
3.4657359027997265,3.9941587693418232
4.290459441148391,4.0105623776365205
0.0,0.0
0.0,0.0
1.3862943611198906,1.272392761572931
0.0,0.0
0.0,0.0
0.0,0.0
0.0,0.0
0.0,0.0
4.3694478524670215,4.095314716514512
2.639057329615259,2.083761534693073
0.0,0.0
0.0,0.0
0.0,0.0
0.0,0.0
0.0,0.0
5.030437921392435,4.703174963415804
2.5649493574615367,2.3251630676674604
0.6931471805599453,0.9586683703546482
0.0,0.0
3.4339872044851463,3.4554308884714775
3.951243718581428,3.404085662801965
1.0986122886681096,0.9215506888484098
3.4339872044851463,3.4834107305809847
1.6094379124341005,1.1299193281954876
0.0,0.0
0.0,0.0
0.0,0.0
0.0,0.0
1.0986122886681096,0.8799945988790943
1.9459101490553128,1.9342436097024835
1.6094379124341005,1.4654135017826184
1.0986122886681096,0.9967208980066314
1.0986122886681096,1.2574497799746132
3.713572066704308,3.3471890926521444
0.0,0.0
2.5649493574615367,2.6041293857055177
0.0,0.0
0.0,0.0
0.0,0.0
0.0,0.0
0.0,0.0
0.0,0.0
0.6931471805599453,1.1442209675909105
0.0,0.0
2.3978952727983707,2.035922392215596
3.6635616461296463,3.376490698530499
0.6931471805599453,1.228142123105381
0.0,0.0
4.442651256490317,4.169355003964123
3.4657359027997265,3.5018889176890275
1.791759469228055,1.9430862881417204
0.0,0.0
4.394449154672439,4.585697498347278
0.0,0.0
0.6931471805599453,0.9490936270285082
0.0,0.0
0.0,0.0
0.0,0.0
0.0,0.0
0.0,0.0
0.0,0.0
5.068904202220232,5.049145501280757
2.70805020110221,2.716851257512314
4.02535169073515,4.090775039672795
0.6931471805599453,1.0439877142924383
1.3862943611198906,1.7157168254210882
0.0,0.0
0.0,0.0
0.0,0.0
0.0,0.0
1.0986122886681096,1.0629962593107238
3.80666248977032,3.974584329357161
0.0,0.0
2.639057329615259,2.405558499704513
5.58724865840025,4.964557069407532
3.4339872044851463,3.6488532024537954
4.605170185988092,4.280068672150974
0.0,0.0
0.0,0.0
0.0,0.0
0.0,0.0
0.0,0.0
1.3862943611198906,1.642045881005638
4.418840607796598,4.574995186875192
0.0,0.0
4.48863636973214,4.457979257907899
0.0,0.0
0.0,0.0
0.0,0.0
4.3694478524670215,4.598512496799839
0.0,0.0
0.0,0.0
4.499809670330265,4.140352062874035
4.276666119016055,4.082336404969921
0.0,0.0
2.639057329615259,2.624193007865689
0.0,0.0
0.0,0.0
0.0,0.0
0.0,0.0
4.343805421853684,4.330204294873012
2.639057329615259,3.2709541449772233
4.8283137373023015,4.009056730200567
4.454347296253507,4.180214102347785
1.3862943611198906,1.4843876611962352
4.110873864173311,3.8735165257488804
0.0,0.0
0.0,0.0
0.0,0.0
0.0,0.0
0.0,0.0
0.0,0.0
3.4339872044851463,3.159246830997505
4.23410650459726,4.152878545129877
0.0,0.0
0.0,0.0
3.49650756146648,3.10596554036422
0.6931471805599453,0.933871390562688
3.218875824868201,3.6548297373006635
0.0,0.0
1.6094379124341005,1.8243924395826054
1.0986122886681096,1.1929074743228765
1.0986122886681096,1.0909375352629322
0.0,0.0
0.0,0.0
0.0,0.0
0.0,0.0
1.0986122886681096,1.2680606423448588
0.0,0.0
0.0,0.0
4.394449154672439,4.372983872767051
0.0,0.0
0.0,0.0
0.6931471805599453,1.0260617748687801
2.5649493574615367,3.268298289444807
2.772588722239781,3.3059532600416976
0.0,0.0
0.0,0.0
0.0,0.0
0.0,0.0
3.912023005428146,3.850342452595147
4.553876891600541,4.4339136063563425
3.044522437723423,3.1861240386405854
4.04305126783455,4.01515344573874
0.0,0.0
0.0,0.0
0.0,0.0
0.0,0.0
2.9444389791664403,2.932404615129648
0.6931471805599453,1.197991056325357
0.0,0.0
4.31748811353631,3.352256914646629
3.258096538021482,3.4465910113050398
3.8918202981106265,3.640250490531213
4.770684624465665,4.880709039827771
0.0,0.0
0.0,0.0
3.828641396489095,4.078420703451844
0.6931471805599453,0.956038199355783
0.0,0.0
0.0,0.0
4.3694478524670215,4.413494653459761
0.0,0.0
0.0,0.0
1.791759469228055,1.2327242683098516
4.477336814478207,4.271750208432855
0.0,0.0
4.356708826689592,4.41904312298792
0.0,0.0
0.0,0.0
0.0,0.0
4.955827057601261,4.899591327081474
0.0,0.0
0.0,0.0
0.0,0.0
1.3862943611198906,1.1208183226175115
3.828641396489095,3.4603063486575025
0.0,0.0
0.0,0.0
0.0,0.0
0.0,0.0
0.0,0.0
0.0,0.0
0.0,0.0
2.995732273553991,2.787540524540237
0.6931471805599453,1.14105537250557
3.091042453358316,3.082558957131127
3.737669618283368,3.8470760685762913
0.0,0.0
0.6931471805599453,1.0240122749776945
0.0,0.0
0.0,0.0
0.0,0.0
0.0,0.0
0.0,0.0
4.356708826689592,4.508040762842535
4.934473933130692,4.682947468725675
0.6931471805599453,0.9158006620035483
3.4657359027997265,3.607013483413685
0.0,0.0
4.804021044733257,4.090963724115859
0.0,0.0
3.4339872044851463,3.504707255001094
0.0,0.0
1.0986122886681096,1.1347231071154673
0.0,0.0
4.204692619390966,4.310692801505261
0.0,0.0
0.0,0.0
0.0,0.0
4.672828834461906,4.498706565129288
0.0,0.0
0.0,0.0
0.0,0.0
1.3862943611198906,0.8780104409878596
1.0986122886681096,0.8616682431494916
3.8712010109078903,4.179002613135856
0.0,0.0
0.0,0.0
0.0,0.0
0.0,0.0
1.0986122886681096,0.8102481146130848
3.49650756146648,3.5111060664395155
0.0,0.0
3.7612001156935615,3.6493952381115635
0.0,0.0
0.0,0.0
0.0,0.0
0.0,0.0
0.0,0.0
0.0,0.0
1.0986122886681096,2.1832174566460876
0.0,0.0
0.0,0.0
4.5217885770490405,4.1701748204431155
0.0,0.0
0.0,0.0
0.0,0.0
1.791759469228055,1.1984882973578166
4.219507705176107,4.488567883213096
0.0,0.0
0.0,0.0
3.828641396489095,3.455140611458469
4.204692619390966,4.280824697366268
3.044522437723423,3.017735046604562
0.0,0.0
5.10594547390058,4.799781200223798
4.143134726391533,3.8767389562362977
3.8501476017100575,3.71454110589234
0.0,0.0
3.737669618283368,3.795915923747271
1.0986122886681096,0.7943789681017904
0.6931471805599453,1.337503469676276
0.0,0.0
1.791759469228055,1.3769832729132256
1.0986122886681096,1.1072393575363235
0.0,0.0
3.784189633918261,4.024216685790923
4.04305126783455,4.146318942777701
0.0,0.0
2.5649493574615367,1.5706558555545949
4.727387818712341,5.0543750562982375
0.0,0.0
3.9318256327243257,3.3470554638337235
2.8903717578961645,2.936810064884666
0.0,0.0
2.19722457733622,2.5569407059480342
0.0,0.0
4.718498871295094,4.368982331814809
3.258096538021482,3.5544237916867676
2.8903717578961645,2.7852698557847493
0.0,0.0
0.0,0.0
1.0986122886681096,1.405570109778788
0.0,0.0
1.0986122886681096,0.96960966084912
0.0,0.0
0.0,0.0
0.0,0.0
4.897839799950911,4.927541759738808
2.19722457733622,1.4735873407194393
2.833213344056216,2.9448388013400613
2.8903717578961645,2.3876217145286103
4.553876891600541,4.334731755789791
0.6931471805599453,1.2411419859977735
0.0,0.0
0.0,0.0
1.3862943611198906,1.6214504660882805
0.0,0.0
2.639057329615259,2.368576703656273
4.07753744390572,4.0500943840761705
0.0,0.0
4.859812404361672,4.205098528533606
2.833213344056216,1.7833416238496964
3.6375861597263857,3.246584478008944
4.060443010546419,3.858844507139257
0.0,0.0
0.6931471805599453,0.9723985692472239
0.0,0.0
0.0,0.0
0.0,0.0
0.0,0.0
3.828641396489095,3.779357395095931
0.0,0.0
3.044522437723423,2.623258826597406
0.0,0.0
0.0,0.0
0.0,0.0
0.0,0.0
4.77912349311153,4.352304673287334
0.0,0.0
3.8501476017100575,4.029274866334773
1.0986122886681096,2.018537161810085
0.0,0.0
5.356586274672012,5.197352421078937
0.0,0.0
3.6635616461296463,3.5369170463873827
1.0986122886681096,1.0955501471309512
0.0,0.0
4.465908118654584,4.460669202494305
3.7612001156935615,3.335431010214329
0.0,0.0
3.258096538021482,3.598411675414366
3.9318256327243257,3.855108555461174
0.0,0.0
0.0,0.0
0.0,0.0
4.158883083359672,4.2988429840166225
4.51085950651685,3.8890889696925717
1.3862943611198906,1.0757474820290507
4.897839799950911,4.893342277629418
0.0,0.0
0.0,0.0
0.0,0.0
2.9444389791664403,3.240567036289637
1.0986122886681096,1.2684747773384968
2.639057329615259,2.162738192691747
0.0,0.0
0.0,0.0
0.0,0.0
3.610917912644224,3.621116416019075
3.218875824868201,3.445270830910378
3.610917912644224,3.699672499107158
2.70805020110221,2.966222365566424
4.204692619390966,3.8625922135889352
0.0,0.0
1.3862943611198906,1.3153452611480836
3.5263605246161616,3.5893886200622394
0.0,0.0
0.0,0.0
1.9459101490553128,1.563179983028736
1.6094379124341005,1.6163017992564497
1.0986122886681096,1.0704574679884664
0.0,0.0
0.0,0.0
0.0,0.0
3.7612001156935615,3.965610729526131
0.0,0.0
3.258096538021482,3.152198004581298
4.060443010546419,3.8918239772335976
4.912654885736052,5.064753371907212
4.189654742026425,3.994111920006864
0.0,0.0
4.59511985013459,4.180434636988956
1.9459101490553128,1.6546534544896474
0.0,0.0
4.0943445622221,4.067081011859191
0.0,0.0
0.0,0.0
0.0,0.0
3.5263605246161616,3.958923932258042
4.59511985013459,4.369645973102454
0.6931471805599453,0.8570025600488661
3.6635616461296463,3.994018118939043
4.762173934797756,4.861548531438071
4.127134385045092,3.689526548694189
0.0,0.0
0.0,0.0
4.418840607796598,3.9845792017199972
1.0986122886681096,0.8072882287561681
0.6931471805599453,1.5786064128147022
0.0,0.0
4.584967478670572,4.209723954881818
0.0,0.0
0.0,0.0
0.0,0.0
0.6931471805599453,0.9920771420726594
1.6094379124341005,1.370076229421173
4.532599493153256,4.1911065863411405
4.07753744390572,4.097961730142922
0.0,0.0
1.791759469228055,1.4582580795923346
0.0,0.0
3.6635616461296463,3.675739771126301
0.0,0.0
0.0,0.0
4.343805421853684,3.8904604904689934
0.0,0.0
1.0986122886681096,1.6302042852485699
2.8903717578961645,2.437363169395225
4.060443010546419,3.553551907343657
4.718498871295094,3.981589192182121
0.6931471805599453,0.9250732362110057
0.0,0.0
2.639057329615259,2.5832655190370177
1.0986122886681096,0.8807885252845449
0.6931471805599453,1.7591373739844627
0.0,0.0
0.0,0.0
1.6094379124341005,1.5257953504498938
3.295836866004329,4.139843450555215
2.079441541679836,2.0687951334120305
3.784189633918261,3.9465042230115497
2.079441541679836,2.678106142252201
0.0,0.0
0.0,0.0
1.9459101490553128,1.8331218037020776
0.0,0.0
0.0,0.0
0.0,0.0
0.6931471805599453,0.8706410648154943
0.0,0.0
4.890349128221754,4.712672631755647
4.330733340286331,3.8397478316822027
2.302585092994046,1.4865167936877919
0.0,0.0
0.0,0.0
0.0,0.0
0.0,0.0
0.0,0.0
2.079441541679836,1.3361421426055233
3.8712010109078903,3.9861481782768506
3.367295829986474,3.3561092930259573
2.079441541679836,1.9485742707106806
2.3978952727983707,2.8416894509453625
2.772588722239781,3.0227284815973934
4.934473933130692,4.782223363115353
0.0,0.0
1.0986122886681096,0.8916806206708179
3.218875824868201,3.560635278195444
0.0,0.0
0.0,0.0
0.0,0.0
0.0,0.0
0.0,0.0
2.833213344056216,3.080305065786647
0.0,0.0
1.0986122886681096,0.9115051242809677
4.343805421853684,4.40581633710352
0.0,0.0
2.3978952727983707,2.1752187494226414
0.0,0.0
1.3862943611198906,1.6190435998912607
2.833213344056216,3.2169381141503894
1.0986122886681096,1.2941341994779585
1.0986122886681096,0.8996010169696754
4.77912349311153,4.498459640807977
0.0,0.0
1.9459101490553128,1.677421328476153
0.6931471805599453,0.7988348575630269
0.0,0.0
0.6931471805599453,0.9009515264768977
1.9459101490553128,1.5736182149358302
0.0,0.0
0.0,0.0
4.174387269895637,3.8527434441935786
2.639057329615259,2.1406994346924897
3.49650756146648,4.086985359332792
4.51085950651685,4.466561322436457
3.6375861597263857,3.5138046744776137
0.0,0.0
2.3978952727983707,1.3950817035107193
0.6931471805599453,1.1891031687412044
0.0,0.0
4.290459441148391,4.718226690147109
0.0,0.0
0.0,0.0
4.574710978503383,4.54092526688716
4.127134385045092,3.809773226267501
5.327876168789581,4.77371938505048
1.6094379124341005,1.2284008357017617
0.0,0.0
4.672828834461906,4.491003993002065
3.49650756146648,3.09415821901552
0.0,0.0
3.218875824868201,3.012777937281166
0.0,0.0
0.0,0.0
4.465908118654584,4.023477210886573
0.0,0.0
0.0,0.0
0.0,0.0
0.0,0.0
1.791759469228055,1.5877896313465143
0.0,0.0
0.0,0.0
3.044522437723423,3.7375700950040716
3.58351893845611,3.449583532823529
0.0,0.0
1.0986122886681096,1.4001705103299462
2.3978952727983707,1.2363337588792003
0.0,0.0
0.0,0.0
0.0,0.0
0.0,0.0
1.0986122886681096,0.9448854170044746
4.060443010546419,4.2025196650948775
0.0,0.0
0.0,0.0
4.290459441148391,4.483595141253734
3.80666248977032,3.0911169244900965
0.0,0.0
3.218875824868201,2.747673905977138
1.0986122886681096,0.8942731733298314
3.332204510175204,3.76523635937356
4.812184355372417,3.9642744311590827
1.791759469228055,1.6127820714050183
0.0,0.0
0.0,0.0
1.0986122886681096,0.9220814700779829
5.545177444479562,4.843688968958423
4.3694478524670215,4.106192185909656
0.0,0.0
0.6931471805599453,0.8669100966320401
4.61512051684126,4.625473886040696
4.51085950651685,4.372828740945109
0.0,0.0
4.02535169073515,4.090504767523523
4.897839799950911,4.192201597091028
0.0,0.0
0.6931471805599453,1.1845875880198486
3.555348061489413,3.0654670974086016
0.0,0.0
0.0,0.0
0.0,0.0
0.0,0.0
4.59511985013459,4.447967852320961
0.0,0.0
3.610917912644224,4.109997691735877
4.442651256490317,3.797194181957389
0.0,0.0
3.4657359027997265,3.3893700419556763
0.0,0.0
0.0,0.0
0.0,0.0
4.304065093204169,4.3690623759637655
3.1780538303479458,3.38687014104716
0.0,0.0
4.532599493153256,4.376468848056137
4.31748811353631,4.451235130354497
0.0,0.0
0.6931471805599453,1.146225223875337
0.0,0.0
0.0,0.0
0.0,0.0
0.0,0.0
0.0,0.0
0.0,0.0
0.0,0.0
1.6094379124341005,1.7581758940666632
0.0,0.0
4.276666119016055,4.2175075919158616
4.430816798843313,4.45931972352353
0.0,0.0
2.4849066497880004,1.8392696153066586
4.110873864173311,1.8614803594679206
0.6931471805599453,0.9848891077677784
0.0,0.0
0.6931471805599453,0.9986280260319264
0.0,0.0
0.0,0.0
3.218875824868201,2.9743380118161844
1.0986122886681096,1.5110975280098893
3.6635616461296463,3.7136903882753147
4.007333185232471,4.001996363719858
0.0,0.0
0.0,0.0
0.0,0.0
0.0,0.0
3.044522437723423,3.2617983292572865
0.0,0.0
0.0,0.0
1.0986122886681096,1.5865860121313933
4.653960350157523,4.697345888974477
4.406719247264253,4.099071746502366
4.859812404361672,4.727128282626565
2.4849066497880004,2.29417128801367
4.543294782270004,4.361354451716638
0.0,0.0
0.0,0.0
2.639057329615259,1.5621393433531956
4.59511985013459,4.6230963446962825
1.791759469228055,1.2606546546648325
1.3862943611198906,0.9514686480608234
0.0,0.0
0.6931471805599453,1.1157454857237328
4.983606621708336,4.674853509429156
4.343805421853684,4.213133166700132
3.951243718581428,3.9754783208476216
4.02535169073515,4.102455982326685
0.0,0.0
0.6931471805599453,0.8026513571506727
3.1354942159291497,3.8055876595775304
0.0,0.0
0.0,0.0
0.0,0.0
0.0,0.0
2.19722457733622,1.9752817659919613
0.0,0.0
0.0,0.0
4.574710978503383,4.434522841891332
4.07753744390572,4.05373007715381
0.0,0.0
0.0,0.0
3.713572066704308,3.715067642031024
0.0,0.0
0.0,0.0
2.302585092994046,2.555106088821452
0.0,0.0
0.0,0.0
0.0,0.0
0.6931471805599453,1.1289648887663843
0.6931471805599453,1.0579178754964338
3.912023005428146,3.8625208856460227
0.0,0.0
0.0,0.0
3.970291913552122,3.849416793481775
0.0,0.0
0.0,0.0
0.0,0.0
0.0,0.0
3.9889840465642745,4.050764682874768
3.7612001156935615,3.4155122912562503
5.480638923341991,4.982286710437582
3.4011973816621555,3.5588127348235945
4.406719247264253,4.19083147497133
4.90527477843843,4.817124020702694
1.9459101490553128,1.2788658924485736
0.0,0.0
2.9444389791664403,3.477401474246322
2.079441541679836,2.838856610535961
1.3862943611198906,1.4762771907995336
0.0,0.0
0.0,0.0
1.791759469228055,2.069633897514627
0.6931471805599453,1.0839135394514923
2.70805020110221,3.5625587395386753
0.0,0.0
4.59511985013459,4.440613996525857
0.0,0.0
4.343805421853684,4.260294224341429
0.0,0.0
3.9889840465642745,4.18713800572859
4.727387818712341,4.694745523890779
0.0,0.0
0.0,0.0
0.0,0.0
0.0,0.0
3.7612001156935615,4.079381369929043
0.0,0.0
1.3862943611198906,1.623692286274996
3.367295829986474,3.2004837100785113
2.079441541679836,3.3867452567065066
0.0,0.0
5.049856007249537,4.7653277581676
5.476463551931511,5.496197278448997
2.4849066497880004,3.831749959400076
1.0986122886681096,1.320435736862673
0.6931471805599453,1.3605998170193694
4.51085950651685,4.687027200356635
4.304065093204169,4.262588874067781
0.0,0.0
0.0,0.0
4.418840607796598,4.1536839636641805
3.49650756146648,3.9479668871828757
0.0,0.0
0.0,0.0
1.3862943611198906,0.9698283948192613
1.0986122886681096,1.001570289583677
0.0,0.0
0.0,0.0
0.0,0.0
0.0,0.0
0.0,0.0
3.091042453358316,2.585877206568469
4.31748811353631,4.260556826294826
0.6931471805599453,1.2349740076123787
3.8918202981106265,3.6433567287894304
3.8501476017100575,3.409594195457996
0.0,0.0
0.0,0.0
4.356708826689592,4.322322401410464
1.3862943611198906,1.2519707988852182
1.6094379124341005,1.8676589704582833
0.0,0.0
0.0,0.0
0.0,0.0
0.0,0.0
1.791759469228055,2.2327087988170504
3.9318256327243257,4.027977711000916
0.0,0.0
3.688879454113936,3.8871181955868614
0.0,0.0
0.0,0.0
3.610917912644224,3.325366075240361
4.406719247264253,4.512303031331854
0.0,0.0
1.3862943611198906,1.6430024421592462
4.07753744390572,3.8876706364532767
0.0,0.0
0.0,0.0
3.4657359027997265,3.4111085791543845
0.6931471805599453,0.9895853685753885
0.0,0.0
5.068904202220232,5.039092003832625
0.0,0.0
0.0,0.0
0.6931471805599453,1.5590927758259092
0.0,0.0
0.0,0.0
0.0,0.0
4.634728988229636,4.707808454559555
2.772588722239781,3.2123721422663407
0.0,0.0
0.6931471805599453,0.9287820309547671
0.0,0.0
3.044522437723423,2.6150366056324437
0.0,0.0
4.262679877041316,4.034719110938875
0.0,0.0
1.6094379124341005,0.9938223056220216
4.290459441148391,4.268960214753206
0.0,0.0
0.0,0.0
0.6931471805599453,1.1014182782170894
0.0,0.0
0.0,0.0
0.0,0.0
2.3978952727983707,2.5565896046076317
0.0,0.0
0.0,0.0
0.0,0.0
0.0,0.0
0.0,0.0
0.0,0.0
2.4849066497880004,2.37253449831387
3.951243718581428,4.042137798076956
4.90527477843843,4.4766437171313065
1.3862943611198906,1.2490844224947488
0.6931471805599453,0.7584736960409509
0.0,0.0
4.844187086458591,4.4709775027993075
0.6931471805599453,0.8639416721988888
0.0,0.0
4.5217885770490405,4.719644029926969
0.0,0.0
3.4339872044851463,3.558922370827061
3.1780538303479458,2.9964468240095874
1.3862943611198906,1.1215927994141557
0.0,0.0
0.0,0.0
0.0,0.0
0.0,0.0
0.0,0.0
0.0,0.0
0.0,0.0
0.0,0.0
0.0,0.0
1.9459101490553128,1.5534554206084874
0.0,0.0
0.0,0.0
0.0,0.0
1.0986122886681096,1.0101680080695388
1.0986122886681096,1.0758740879552555
0.0,0.0
0.0,0.0
4.060443010546419,3.8685641442261436
3.9889840465642745,4.011006548854398
0.0,0.0
4.605170185988092,3.9472055866669713
0.0,0.0
0.6931471805599453,1.445418056171019
0.0,0.0
0.0,0.0
4.356708826689592,4.335100935538252
0.0,0.0
4.691347882229144,4.559908239745186
4.564348191467836,4.432248475104543
2.639057329615259,1.8407721058359154
0.0,0.0
0.0,0.0
0.0,0.0
0.6931471805599453,0.963160013529498
1.0986122886681096,1.0155036847250187
0.0,0.0
1.3862943611198906,1.9110677802110119
4.0943445622221,3.9709665524778313
0.0,0.0
2.4849066497880004,2.6475091352079607
0.0,0.0
4.343805421853684,4.401430512639865
0.0,0.0
3.332204510175204,3.394269168174976
2.19722457733622,1.4711029816923888
0.0,0.0
0.0,0.0
0.0,0.0
1.0986122886681096,0.8852620085367967
0.0,0.0
0.0,0.0
2.70805020110221,2.3212762363832256
4.276666119016055,3.681999553716166
3.4339872044851463,3.445383662598946
0.0,0.0
0.0,0.0
0.0,0.0
1.0986122886681096,1.4526492668177278
0.0,0.0
1.0986122886681096,0.8923507373170143
0.0,0.0
3.9318256327243257,4.023277050485114
4.23410650459726,4.202773941063667
0.0,0.0
0.0,0.0
4.330733340286331,4.273304856071381
0.0,0.0
0.0,0.0
0.0,0.0
3.951243718581428,3.8314701151521398
4.158883083359672,3.5025093747358933
0.0,0.0
4.23410650459726,4.093707277406654
0.0,0.0
0.0,0.0
1.6094379124341005,0.8063336125658966
0.0,0.0
2.772588722239781,2.5271690536704976
4.204692619390966,4.2234449970340515
0.0,0.0
3.5263605246161616,3.0211451975541728
0.0,0.0
3.332204510175204,3.405137046427851
0.0,0.0
0.0,0.0
0.0,0.0
3.9889840465642745,3.8377918326161433
4.477336814478207,4.419987823477138
4.382026634673881,4.229858552217188
3.912023005428146,2.708706549502805
0.0,0.0
0.0,0.0
1.6094379124341005,1.7278511612029823
0.0,0.0
0.0,0.0
0.0,0.0
1.3862943611198906,0.9963028539998531
0.0,0.0
4.219507705176107,4.1686813453433595
1.3862943611198906,1.3436626642672709
0.0,0.0
0.6931471805599453,1.1174936963544637
0.0,0.0
0.0,0.0
3.828641396489095,3.9000419381283637
2.079441541679836,2.035621678047426
0.0,0.0
4.219507705176107,3.989996584313801
4.844187086458591,4.713447013371959
0.0,0.0
1.0986122886681096,1.0134035845299225
0.0,0.0
0.6931471805599453,1.7756480285059824
2.4849066497880004,2.340442554376753
3.4011973816621555,3.1718222673614958
1.0986122886681096,1.1405139813983134
0.0,0.0
1.6094379124341005,2.682896067009617
0.0,0.0
0.0,0.0
1.0986122886681096,1.2089603074043063
4.5217885770490405,4.098270685941517
2.302585092994046,2.7620458780439434
0.0,0.0
4.48863636973214,4.572169728964018
0.0,0.0
1.0986122886681096,1.2076097305582463
0.6931471805599453,1.1223911683044112
3.555348061489413,3.446470539203886
0.0,0.0
0.0,0.0
0.0,0.0
1.3862943611198906,1.5391028982820039
1.6094379124341005,2.250007965439061
0.0,0.0
0.0,0.0
0.0,0.0
0.0,0.0
0.0,0.0
0.0,0.0
0.0,0.0
0.0,0.0
2.772588722239781,2.426277539275145
0.0,0.0
0.0,0.0
1.0986122886681096,1.2279796744404599
2.4849066497880004,2.5138859979989068
0.0,0.0
2.4849066497880004,2.699376152671297
0.0,0.0
4.189654742026425,3.9767214780964277
4.61512051684126,3.922379400997042
0.6931471805599453,1.0723935560832507
3.4011973816621555,3.4993579053344996
4.605170185988092,4.388033966724845
3.80666248977032,3.3606799221940444
4.844187086458591,4.858626843346145
2.639057329615259,2.5615384658273324
0.0,0.0
0.0,0.0
0.0,0.0
0.0,0.0
3.6635616461296463,3.6562390643273353
1.9459101490553128,2.0631437360722673
0.0,0.0
2.8903717578961645,2.949901179988063
4.7535901911063645,4.430636504519093
0.0,0.0
5.087596335232384,4.95999428773774
4.59511985013459,4.54574126261378
0.0,0.0
1.9459101490553128,1.3854020683441832
0.0,0.0
0.0,0.0
3.828641396489095,3.8923062389016234
4.23410650459726,3.742034046894616
1.3862943611198906,1.3284914286282845
1.3862943611198906,1.533420920158145
0.0,0.0
5.241747015059643,5.21936029128266
2.5649493574615367,1.9139983019227282
0.6931471805599453,1.0056547519496193
1.3862943611198906,1.3646845813310806
2.3978952727983707,2.379206274038838
0.0,0.0
0.0,0.0
3.1354942159291497,4.047529963564741
1.6094379124341005,1.0569644909200344
1.0986122886681096,1.0091562486762569
1.6094379124341005,1.792717436224101
4.262679877041316,3.806721305117506
0.0,0.0
0.0,0.0
4.127134385045092,3.9842772328332283
4.356708826689592,4.01827957664669
1.3862943611198906,1.2210604182858749
4.0943445622221,3.6544736827563367
4.727387818712341,4.703073571621582
4.07753744390572,4.397174775017856
0.0,0.0
1.3862943611198906,1.063673468310673
4.110873864173311,4.458730680202932
4.110873864173311,4.079484593900478
0.6931471805599453,1.5737019561405916
4.394449154672439,4.295016492742564
5.10594547390058,4.366860789025023
0.0,0.0
3.367295829986474,4.407003806332532
0.0,0.0
0.0,0.0
2.639057329615259,2.5330602016025425
0.0,0.0
5.099866427824199,4.858826627140673
1.3862943611198906,0.9820468278102694
4.605170185988092,4.443118924325637
0.0,0.0
0.6931471805599453,0.8748713962630417
5.3471075307174685,5.313883751544825
0.0,0.0
0.0,0.0
0.0,0.0
0.0,0.0
0.0,0.0
1.0986122886681096,1.6436484780463914
0.0,0.0
2.19722457733622,2.0336883902321237
0.0,0.0
2.8903717578961645,2.840908043695934
2.639057329615259,3.6227053267936618
0.6931471805599453,1.0207351817800792
0.0,0.0
4.672828834461906,4.825853372500186
5.84354441703136,5.449087533683894
0.0,0.0
0.6931471805599453,0.9140490720268712
3.828641396489095,3.616955570584727
0.0,0.0
0.0,0.0
1.3862943611198906,1.245133832601994
0.0,0.0
4.174387269895637,4.113791010020472
2.833213344056216,2.662595999270193
0.0,0.0
3.49650756146648,3.5038947242832945
1.9459101490553128,1.2169083198791826
0.0,0.0
0.0,0.0
1.791759469228055,0.9481026214494014
0.6931471805599453,1.0475775357791917
0.0,0.0
3.951243718581428,4.073125197245713
3.258096538021482,3.286699128813766
0.0,0.0
3.9318256327243257,3.9141304203618983
4.304065093204169,4.589361158552836
0.0,0.0
0.6931471805599453,0.9462918524599812
1.0986122886681096,1.0580441880088733
0.0,0.0
1.3862943611198906,2.2732294296655087
0.0,0.0
1.3862943611198906,1.147250358967692
4.290459441148391,4.125328407535597
3.091042453358316,3.5156341312936212
0.0,0.0
2.70805020110221,2.771445228316241
0.6931471805599453,1.4134016423867561
5.2574953720277815,5.265398031683709
1.6094379124341005,1.656224561258675
0.0,0.0
5.442417710521793,5.512062676720288
2.9444389791664403,2.915418481264211
1.3862943611198906,2.3310399921319127
0.0,0.0
0.0,0.0
0.0,0.0
3.4339872044851463,3.494934771242722
1.791759469228055,1.1386452149209576
0.6931471805599453,0.8784577200720396
4.02535169073515,4.01335596467994
1.0986122886681096,0.8385454006134948
0.0,0.0
1.3862943611198906,2.2461011091845418
1.0986122886681096,1.3427288345291952
0.0,0.0
0.0,0.0
0.0,0.0
2.3978952727983707,2.534556891744764
0.0,0.0
0.0,0.0
1.6094379124341005,1.2023483295393207
0.0,0.0
3.58351893845611,3.790687865948212
1.6094379124341005,1.1542052020455202
0.0,0.0
0.0,0.0
0.0,0.0
0.0,0.0
4.553876891600541,4.412789269268299
1.6094379124341005,1.2786557363570068
3.4011973816621555,3.4796441892036944
0.6931471805599453,0.9923577668250122
3.1780538303479458,3.6532612917044354
3.8712010109078903,3.2776386646141686
1.0986122886681096,1.7169537006689573
4.812184355372417,4.829496908613524
3.970291913552122,3.3529812823691514
0.0,0.0
4.812184355372417,4.374146096861486
0.0,0.0
0.0,0.0
1.9459101490553128,3.553190146162369
4.060443010546419,3.9966013391228348
0.0,0.0
0.0,0.0
5.214935757608986,5.343038699997802
0.0,0.0
0.0,0.0
0.0,0.0
1.6094379124341005,1.465300664552483
0.0,0.0
0.0,0.0
0.0,0.0
2.302585092994046,2.3590890814314385
3.4011973816621555,3.3400531641171334
3.8712010109078903,4.333314022330932
3.044522437723423,2.5871721266153545
0.0,0.0
4.262679877041316,3.6726787174368587
1.3862943611198906,1.7185418562417398
6.035481432524756,4.618522852396993
2.772588722239781,1.9090893379118894
0.0,0.0
0.0,0.0
0.0,0.0
5.111987788356544,3.8858131727641787
0.0,0.0
0.0,0.0
0.6931471805599453,1.536586397673531
0.0,0.0
0.0,0.0
2.772588722239781,3.041949643821256
0.0,0.0
3.49650756146648,2.858997646680291
4.477336814478207,4.245357043253697
3.784189633918261,3.9503555502980157
4.143134726391533,3.7844718025143753
0.0,0.0
0.0,0.0
0.0,0.0
2.5649493574615367,2.440644194357945
0.0,0.0
3.688879454113936,3.836543126507598
0.6931471805599453,1.2925073522690007
4.276666119016055,4.399779934543106
0.6931471805599453,1.3721979151393346
4.330733340286331,3.930928483179736
0.6931471805599453,1.4153410152489658
0.0,0.0
1.3862943611198906,1.4370184274263431
0.6931471805599453,1.1942039387913437
3.8712010109078903,3.843856012822398
0.0,0.0
5.062595033026967,4.590815886222941
1.791759469228055,2.020313165135484
0.0,0.0
0.0,0.0
0.0,0.0
0.0,0.0
1.0986122886681096,0.9353886989565288
0.6931471805599453,1.3806441618557466
1.0986122886681096,0.9430215177347524
0.0,0.0
4.204692619390966,3.9758291842397866
0.0,0.0
3.58351893845611,3.83348169547674
0.0,0.0
1.0986122886681096,1.0028096550206356
3.737669618283368,3.3487725443521037
0.6931471805599453,1.4800501993828532
3.367295829986474,4.7933922278142695
0.6931471805599453,1.4024628506994574
2.5649493574615367,2.530039147729687
0.0,0.0
0.0,0.0
0.6931471805599453,1.439107071943927
0.0,0.0
2.772588722239781,3.2522122778773017
0.0,0.0
0.0,0.0
4.48863636973214,4.385027869270885
2.8903717578961645,3.2101509326105906
0.0,0.0
0.0,0.0
5.225746673713202,4.87503758263614
2.9444389791664403,3.1787453586235346
0.0,0.0
4.219507705176107,4.021887373309834
0.0,0.0
2.079441541679836,2.2110665742841156
3.6635616461296463,3.608791035177559
4.189654742026425,3.552051745103441
3.4339872044851463,3.727613972236954
0.0,0.0
0.0,0.0
0.0,0.0
0.0,0.0
3.6635616461296463,3.678560894030016
1.0986122886681096,0.9247813454937401
0.0,0.0
3.737669618283368,3.6264722410002417
2.079441541679836,3.602842607632997
0.0,0.0
0.0,0.0
3.8918202981106265,3.863060886639466
3.6635616461296463,3.458433966444356
0.0,0.0
4.787491742782046,4.632688363882091
4.330733340286331,3.929718818821725
0.0,0.0
0.0,0.0
0.0,0.0
0.0,0.0
0.0,0.0
0.0,0.0
0.6931471805599453,0.9529921308757373
0.0,0.0
3.1354942159291497,3.3061258775781663
0.0,0.0
2.5649493574615367,1.7014364814820262
0.0,0.0
0.0,0.0
5.056245805348308,5.20115650584367
0.0,0.0
4.248495242049359,4.24763885624204
0.0,0.0
2.5649493574615367,2.548876130871127
0.6931471805599453,1.0291369025827306
2.302585092994046,1.9023367650116283
2.3978952727983707,2.617816376847663
0.0,0.0
0.0,0.0
0.0,0.0
0.0,0.0
4.812184355372417,4.342238110508759
4.709530201312334,4.924566925529404
0.0,0.0
0.0,0.0
4.912654885736052,4.379065361882377
2.079441541679836,1.5469691765778046
0.0,0.0
0.0,0.0
3.258096538021482,2.878480946969988
4.962844630259907,5.049218472701658
2.19722457733622,2.3856263890905844
1.0986122886681096,1.025490367092576
4.919980925828125,4.614172970268764
0.0,0.0
0.0,0.0
0.0,0.0
0.0,0.0
4.330733340286331,3.686742948582187
3.4339872044851463,3.621088200226237
0.0,0.0
2.833213344056216,1.6609014156241475
4.955827057601261,4.196459789668601
0.0,0.0
3.9318256327243257,3.918086099152668
0.0,0.0
4.158883083359672,3.9047670184003613
0.6931471805599453,0.967743993073181
0.0,0.0
4.110873864173311,4.13710842735089
0.0,0.0
0.6931471805599453,1.1654147057981805
0.0,0.0
0.0,0.0
2.19722457733622,2.417530794057345
0.6931471805599453,0.9388805990998186
0.0,0.0
0.6931471805599453,0.9445878767247234
0.0,0.0
0.0,0.0
0.0,0.0
0.0,0.0
0.0,0.0
0.6931471805599453,0.7407001775008729
0.6931471805599453,0.9996288492270557
0.0,0.0
0.0,0.0
3.367295829986474,3.6413440599386275
5.54907608489522,5.313097063552668
4.290459441148391,3.9351637455909256
1.6094379124341005,1.4084770294526556
0.6931471805599453,1.6508690022893904
3.713572066704308,3.715231600755273
4.158883083359672,3.9882703447908407
4.3694478524670215,4.304751269640023
2.70805020110221,3.58482224376906
0.0,0.0
4.499809670330265,3.8025236593354372
4.343805421853684,3.8044265528587347
0.0,0.0
2.4849066497880004,2.8327278962574307
0.0,0.0
0.0,0.0
4.110873864173311,4.399744602306245
0.0,0.0
4.574710978503383,4.888884977599284
0.0,0.0
4.204692619390966,4.027031200568368
3.367295829986474,4.147622341357178
1.0986122886681096,1.4346289139250672
1.0986122886681096,1.0287490863494264
3.828641396489095,4.263064214142496
0.0,0.0
0.0,0.0
3.951243718581428,3.7743107446285773
3.9889840465642745,3.4460569301399944
0.0,0.0
0.0,0.0
0.0,0.0
0.0,0.0
0.0,0.0
0.0,0.0
0.0,0.0
3.218875824868201,2.915196482878467
3.58351893845611,3.49644704270095
0.0,0.0
0.0,0.0
1.9459101490553128,1.1102772628254
2.3978952727983707,2.895347210917295
0.0,0.0
0.0,0.0
0.0,0.0
0.0,0.0
4.382026634673881,3.974569804402944
0.0,0.0
0.0,0.0
4.653960350157523,4.382048690487139
0.0,0.0
4.5217885770490405,4.41452214061221
1.3862943611198906,1.2869135566927907
0.0,0.0
0.0,0.0
4.499809670330265,4.003114107184683
0.0,0.0
0.6931471805599453,1.336481170995845
0.0,0.0
0.0,0.0
0.0,0.0
0.0,0.0
0.0,0.0
3.4011973816621555,3.749378331364929
0.0,0.0
0.0,0.0
0.0,0.0
0.0,0.0
3.80666248977032,3.5333143980034727
1.6094379124341005,1.3554879641096795
0.0,0.0
4.31748811353631,4.110144490632308
4.31748811353631,3.840433932770923
2.302585092994046,2.648096000240782
1.0986122886681096,0.9053373672986331
3.5263605246161616,3.344698439374696
2.19722457733622,3.493887201175202
0.0,0.0
2.9444389791664403,2.725961721675767
0.0,0.0
4.465908118654584,4.141974379584334
3.9889840465642745,3.47518583105723
0.6931471805599453,0.9542798865774723
2.302585092994046,2.2430029186963445
0.0,0.0
0.6931471805599453,0.9446359082605658
0.0,0.0
3.688879454113936,3.8352868536154454
0.0,0.0
0.0,0.0
0.0,0.0
0.0,0.0
0.6931471805599453,1.5668679599228414
3.218875824868201,3.0525635832039746
0.0,0.0
0.0,0.0
2.772588722239781,3.3758627309001934
0.0,0.0
4.727387818712341,4.602245741223926
2.19722457733622,2.8037421905493356
2.772588722239781,2.6038532924263507
2.3978952727983707,2.476320177639771
0.0,0.0
3.912023005428146,4.028051785843578
4.110873864173311,4.18496190850155
4.276666119016055,4.343588163155746
0.0,0.0
0.0,0.0
4.382026634673881,4.474121618182079
4.672828834461906,4.62021766162859
0.6931471805599453,1.7399500195704745
0.0,0.0
4.574710978503383,4.896919868185982
0.0,0.0
3.8501476017100575,3.988174464821248
1.791759469228055,1.4741380300483666
0.0,0.0
4.605170185988092,4.560189423501052
3.4339872044851463,3.8058062000779627
0.0,0.0
1.0986122886681096,1.8210525190700968
0.6931471805599453,0.7957967468850424
0.0,0.0
1.0986122886681096,1.2596640048054601
0.0,0.0
0.0,0.0
2.3978952727983707,2.532672268049996
3.091042453358316,2.823480486712837
0.0,0.0
0.0,0.0
0.0,0.0
4.976733742420574,4.808808370635296
4.406719247264253,4.605286771857595
0.0,0.0
1.9459101490553128,2.488369325885913
0.0,0.0
0.0,0.0
0.0,0.0
0.6931471805599453,1.2671992608121643
0.0,0.0
0.0,0.0
4.454347296253507,3.9395182712557415
0.0,0.0
4.770684624465665,4.451394303047368
0.0,0.0
0.0,0.0
3.610917912644224,3.428353792630005
4.770684624465665,4.431368492712562
0.0,0.0
4.532599493153256,4.481841139840799
0.6931471805599453,1.409290359345743
0.6931471805599453,1.2175106924866148
0.0,0.0
4.219507705176107,4.530966570520812
1.3862943611198906,1.1664132674278662
4.948759890378168,4.928058781227529
0.0,0.0
2.833213344056216,3.729927118181382
4.59511985013459,4.206049175706175
0.0,0.0
5.030437921392435,5.420735611854318
0.6931471805599453,0.9221322458154265
4.955827057601261,5.265499160397954
1.0986122886681096,0.8703240147767052
4.02535169073515,3.5978955417922385
1.9459101490553128,1.572149378699939
1.3862943611198906,1.501442706650941
2.19722457733622,2.8314602373562177
2.8903717578961645,3.345314975377692
4.430816798843313,4.275775490413778
4.836281906951478,4.523638804443328
0.0,0.0
2.19722457733622,1.7641440033917013
0.0,0.0
4.762173934797756,4.661083002651762
0.0,0.0
2.4849066497880004,1.9936961128022281
2.4849066497880004,2.6662784904070174
0.0,0.0
4.174387269895637,4.04425396480192
0.0,0.0
4.897839799950911,4.135969397756899
0.0,0.0
4.382026634673881,4.284827630238811
0.0,0.0
2.833213344056216,3.5518014279871015
0.6931471805599453,1.1058625377151743
0.6931471805599453,1.3720513128092586
3.49650756146648,2.6758946356392848
1.0986122886681096,1.9084952713789372
4.48863636973214,4.009346505333142
0.0,0.0
0.0,0.0
0.0,0.0
0.0,0.0
0.0,0.0
0.0,0.0
0.0,0.0
0.0,0.0
0.0,0.0
1.0986122886681096,1.0275279403060322
0.0,0.0
3.6375861597263857,3.8996995767325107
2.9444389791664403,2.9131726368194215
5.459585514144159,5.373404205405552
0.0,0.0
0.0,0.0
0.0,0.0
4.07753744390572,4.205354725664493
0.0,0.0
0.0,0.0
1.0986122886681096,1.3296725532532676
3.258096538021482,3.3875785725794727
0.0,0.0
4.634728988229636,4.576561912935997
4.204692619390966,4.350672193528242
2.3978952727983707,2.217371637869252
2.995732273553991,3.100974940266213
0.0,0.0
3.688879454113936,3.6057085797403006
0.0,0.0
0.0,0.0
4.51085950651685,4.168140239343617
4.574710978503383,4.163112217345619
0.0,0.0
0.0,0.0
4.189654742026425,4.121081652158528
4.174387269895637,4.2076929065213475
0.0,0.0
3.044522437723423,2.809735488641212
2.772588722239781,2.9242300330317956
0.0,0.0
0.0,0.0
0.0,0.0
1.0986122886681096,1.482456346166325
4.897839799950911,4.454644347349634
3.784189633918261,3.7149295450390194
0.0,0.0
5.10594547390058,5.271023749682862
3.610917912644224,3.4596050532104323
3.970291913552122,4.188720829583675
2.4849066497880004,2.8296778913759515
3.258096538021482,3.9795276068929466
0.0,0.0
1.0986122886681096,1.0994512545135902
1.3862943611198906,0.9577140657027786
4.304065093204169,4.344197324194215
3.1780538303479458,3.2124946521248456
0.0,0.0
0.0,0.0
0.0,0.0
0.0,0.0
0.6931471805599453,0.9154584662857177
4.812184355372417,4.804075337022966
0.0,0.0
4.290459441148391,4.322821263891196
4.356708826689592,4.203524476881031
4.605170185988092,4.627426325233599
1.3862943611198906,1.220506605622143
0.0,0.0
0.6931471805599453,0.9987789629663036
0.0,0.0
4.605170185988092,4.086858646696953
0.0,0.0
0.0,0.0
1.0986122886681096,1.250466787369697
0.0,0.0
4.820281565605037,4.778056125389763
0.0,0.0
0.0,0.0
5.231108616854587,5.073095640106588
0.0,0.0
0.0,0.0
3.951243718581428,4.113976741988195
0.0,0.0
0.0,0.0
0.6931471805599453,0.8290525701442683
4.820281565605037,5.005167875221998
0.0,0.0
0.0,0.0
4.553876891600541,4.458893968644576
0.0,0.0
0.0,0.0
4.262679877041316,3.8094267049504014
1.3862943611198906,1.3432640546443004
0.0,0.0
0.0,0.0
2.079441541679836,1.6450574560728983
1.791759469228055,2.358708714632261
1.0986122886681096,0.8334418050831325
3.58351893845611,1.460599753048747
0.0,0.0
3.6635616461296463,3.5216423134837136
0.6931471805599453,1.2199163850113162
3.332204510175204,3.2804956713052076
3.8501476017100575,3.3517124621263643
0.0,0.0
0.6931471805599453,1.1835658841364531
0.0,0.0
0.0,0.0
3.828641396489095,3.9518227775195687
1.6094379124341005,0.9979459748761329
0.0,0.0
0.0,0.0
1.6094379124341005,1.71353250411101
2.70805020110221,2.9759470093144915
1.3862943611198906,2.364476500212685
1.0986122886681096,1.0278750316107044
1.3862943611198906,1.135405069056243
0.0,0.0
0.0,0.0
0.0,0.0
0.0,0.0
0.6931471805599453,0.9418976321991396
2.079441541679836,1.53839916880215
5.209486152841421,5.1734269907499995
4.955827057601261,4.643344697571928
0.0,0.0
4.189654742026425,4.323392918912631
1.6094379124341005,1.9469053190822976
0.0,0.0
5.1647859739235145,5.24080507082964
0.0,0.0
0.0,0.0
1.0986122886681096,0.9120968719888813
2.4849066497880004,2.432009924556181
5.075173815233827,4.9627156587006365
0.0,0.0
0.0,0.0
4.304065093204169,3.947548013193669
3.4339872044851463,3.294219907166548
0.0,0.0
0.0,0.0
0.0,0.0
2.833213344056216,3.0443717374015096
0.0,0.0
1.0986122886681096,1.0635024840873784
4.477336814478207,3.808722324616017
0.0,0.0
0.0,0.0
4.110873864173311,4.175564832844584
4.90527477843843,5.057902569058787
0.0,0.0
4.762173934797756,4.70849587570332
0.0,0.0
2.5649493574615367,1.812695295227629
0.0,0.0
1.3862943611198906,0.9843223244411808
1.3862943611198906,1.079915699641309
4.158883083359672,3.9023025840718377
0.0,0.0
0.0,0.0
0.0,0.0
0.0,0.0
2.8903717578961645,2.4910387191199472
4.605170185988092,4.293532495130207
0.0,0.0
0.0,0.0
1.6094379124341005,1.2185058316873763
3.1780538303479458,3.653978655336885
3.5263605246161616,3.6423755683601393
0.0,0.0
1.9459101490553128,1.7715403524125002
0.0,0.0
4.290459441148391,4.523935420603381
0.0,0.0
0.0,0.0
4.060443010546419,4.24274511046315
3.258096538021482,3.149375018753026
0.0,0.0
2.079441541679836,1.8233375618821979
3.912023005428146,3.7367063739770043
4.653960350157523,4.354348249563419
0.0,0.0
0.0,0.0
0.0,0.0
0.0,0.0
1.6094379124341005,1.205553600346958
3.610917912644224,3.6047206613718674
0.0,0.0
3.295836866004329,3.1236011381242013
4.276666119016055,4.421126122515317
4.442651256490317,4.106627735923391
0.0,0.0
3.951243718581428,3.9933268073930126
4.02535169073515,3.9144833054626553
0.0,0.0
0.0,0.0
0.0,0.0
0.0,0.0
2.639057329615259,2.3785883804294614
5.198497031265826,5.06348778795015
0.0,0.0
2.995732273553991,3.007155709626525
4.48863636973214,4.0538696844833915
0.0,0.0
1.0986122886681096,0.9067187634071238
4.948759890378168,4.475551040967145
2.9444389791664403,3.00335334911904
1.0986122886681096,1.1181696950383242
4.672828834461906,4.615860070712353
0.0,0.0
5.332718793265369,5.4293409219973565
3.49650756146648,3.174062296226852
4.663439094112067,4.048944426947392
0.0,0.0
4.174387269895637,4.338219591013974
0.0,0.0
3.610917912644224,3.9133863701357017
1.791759469228055,2.178468318997874
1.3862943611198906,1.576444684263879
2.19722457733622,2.408029330932009
4.499809670330265,4.211476064701056
4.454347296253507,4.5144472570455845
3.218875824868201,2.992381281455589
4.499809670330265,4.405697907363722
3.951243718581428,4.2009444774194495
3.49650756146648,3.63981793840744
3.7612001156935615,3.998101715193647
0.0,0.0
0.0,0.0
0.0,0.0
0.6931471805599453,1.5366273915617525
4.007333185232471,4.034523502549265
0.0,0.0
4.897839799950911,4.607640792219928
0.0,0.0
0.6931471805599453,1.317492054184531
0.0,0.0
0.6931471805599453,0.9604678650253734
0.0,0.0
1.0986122886681096,0.8081158211924907
0.0,0.0
0.0,0.0
0.0,0.0
4.574710978503383,4.257172754674897
1.3862943611198906,1.158098644997275
0.0,0.0
0.0,0.0
5.0369526024136295,5.0175168415320694
4.736198448394496,4.66429968620277
4.189654742026425,4.0756326752238285
4.962844630259907,5.000626693981709
0.0,0.0
0.0,0.0
2.70805020110221,2.425517615367549
4.605170185988092,4.251091088420954
0.0,0.0
3.4339872044851463,3.239224563594232
0.6931471805599453,0.9194937915141962
0.0,0.0
0.0,0.0
0.0,0.0
0.0,0.0
0.0,0.0
0.0,0.0
0.0,0.0
1.0986122886681096,1.5620717263996358
4.02535169073515,3.6839149964173803
3.258096538021482,3.5250312620343625
0.0,0.0
0.0,0.0
3.784189633918261,3.807223772223532
3.8501476017100575,3.3260430470857187
0.0,0.0
2.772588722239781,2.729246454693081
1.3862943611198906,1.0730607941274182
2.3978952727983707,1.5268843793072173
0.0,0.0
0.6931471805599453,1.3343735796689506
0.6931471805599453,0.9860801896077805
0.0,0.0
0.0,0.0
0.0,0.0
1.0986122886681096,1.5104878160054613
0.0,0.0
0.0,0.0
4.276666119016055,4.230727219091006
1.3862943611198906,1.5182447770722909
0.0,0.0
2.19722457733622,1.6812427388545612
0.0,0.0
3.828641396489095,4.0175096921208935
0.0,0.0
0.0,0.0
0.0,0.0
5.010635294096256,5.078517210510088
0.0,0.0
0.0,0.0
0.0,0.0
2.19722457733622,2.453045388647061
0.0,0.0
0.0,0.0
0.0,0.0
3.737669618283368,3.823955034212009
0.0,0.0
0.0,0.0
0.6931471805599453,0.8645075720184032
0.0,0.0
0.0,0.0
1.791759469228055,1.6167182512816274
0.0,0.0
5.187385805840755,4.945079317302138
3.4657359027997265,3.6793253245863466
3.295836866004329,4.003577243272597
5.703782474656201,5.597883119836293
0.0,0.0
2.19722457733622,3.0644457208619458
0.0,0.0
0.0,0.0
0.0,0.0
3.970291913552122,3.96511120457019
0.0,0.0
0.0,0.0
3.1780538303479458,3.2549391620432147
2.995732273553991,2.9514527040981915
3.4011973816621555,3.9161006062926664
0.0,0.0
3.044522437723423,3.519155427053677
0.0,0.0
0.0,0.0
2.995732273553991,3.5628600190519353
0.0,0.0
1.3862943611198906,0.9838679397502773
3.8712010109078903,3.856734099450212
0.0,0.0
0.0,0.0
0.0,0.0
3.912023005428146,4.145798876524961
2.302585092994046,1.2325910850176356
0.0,0.0
4.736198448394496,4.645270223262562
0.0,0.0
0.0,0.0
4.634728988229636,4.455266482991169
0.0,0.0
0.6931471805599453,0.8405553174401059
3.1354942159291497,3.3380433487575187
3.49650756146648,3.9974854243036657
4.158883083359672,3.9039241448439594
0.0,0.0
0.0,0.0
0.0,0.0
0.0,0.0
4.634728988229636,4.075317193490318
0.0,0.0
0.6931471805599453,1.0830338708645417
0.0,0.0
4.700480365792417,4.012199384516556
1.0986122886681096,0.8560117279774903
1.6094379124341005,1.3643053176852467
2.772588722239781,2.4904275488878254
3.610917912644224,3.6017752118148145
0.0,0.0
0.0,0.0
4.564348191467836,4.394546168796309
2.70805020110221,2.7283831572236243
0.6931471805599453,1.6281244632508063
0.0,0.0
4.382026634673881,4.366833084705842
1.0986122886681096,1.4411634154598667
3.332204510175204,2.984964419953806
0.0,0.0
4.442651256490317,4.706274874326443
0.0,0.0
0.0,0.0
0.0,0.0
0.0,0.0
4.304065093204169,4.485917808981077
0.0,0.0
0.0,0.0
4.189654742026425,4.101648516281345
4.394449154672439,4.380247841844223
0.0,0.0
0.0,0.0
1.6094379124341005,2.1862091674479176
1.6094379124341005,2.0713210252185035
0.0,0.0
0.0,0.0
1.3862943611198906,0.8380002557663987
3.5263605246161616,3.249373204890311
0.0,0.0
0.0,0.0
0.0,0.0
0.0,0.0
3.218875824868201,3.264666284991153
0.0,0.0
0.0,0.0
0.0,0.0
0.0,0.0
0.6931471805599453,1.3520792630220582
4.48863636973214,4.299796856416735
3.295836866004329,2.7006589661627856
0.0,0.0
3.5263605246161616,2.7603610491394175
0.0,0.0
0.0,0.0
0.0,0.0
2.5649493574615367,3.4333353300971345
0.0,0.0
0.0,0.0
3.80666248977032,3.866712344484479
3.9889840465642745,3.800489800091559
0.0,0.0
3.218875824868201,2.7572316062669615
0.6931471805599453,0.80992586569717
0.0,0.0
2.4849066497880004,2.2178358685471573
2.8903717578961645,3.0411737720144534
3.80666248977032,3.7592028394081445
0.0,0.0
0.6931471805599453,1.0310555644289412
0.0,0.0
0.0,0.0
0.0,0.0
0.0,0.0
0.0,0.0
1.6094379124341005,2.053900143639427
2.8903717578961645,2.4638550660816865
0.0,0.0
2.19722457733622,2.70395680300697
0.0,0.0
0.0,0.0
0.0,0.0
1.791759469228055,1.7080724935381206
4.060443010546419,4.131859799097839
0.0,0.0
3.9318256327243257,3.7456482137112075
2.772588722239781,3.2438387198990886
0.0,0.0
0.6931471805599453,0.9031687022713651
0.0,0.0
3.258096538021482,2.9641368715170473
4.219507705176107,4.2855151785292085
4.110873864173311,3.6386267135565307
0.0,0.0
4.330733340286331,4.267238019773258
0.0,0.0
1.0986122886681096,0.9283845223558225
4.969813299576001,4.606509970260576
1.0986122886681096,0.8811007389185758
0.0,0.0
0.0,0.0
0.0,0.0
4.04305126783455,4.38284307939638
1.791759469228055,1.6370232052293188
4.897839799950911,5.183037776417076
0.0,0.0
0.0,0.0
3.5263605246161616,3.3358307919673655
1.791759469228055,1.5906015983729735
1.6094379124341005,1.1217812971163432
3.9889840465642745,3.2980405426795727
3.8918202981106265,3.9825690106572176
3.5263605246161616,3.0017200202131598
0.6931471805599453,1.2649294943655514
0.0,0.0
0.0,0.0
3.970291913552122,3.786459937125174
0.0,0.0
4.962844630259907,4.446603656954582
1.0986122886681096,1.4232039944194315
0.0,0.0
2.70805020110221,2.689559513024596
1.6094379124341005,1.3872182009725986
4.158883083359672,4.013901166087907
3.044522437723423,2.7885484679856587
4.290459441148391,3.9394433073333657
0.0,0.0
3.7612001156935615,3.88085171360312
0.0,0.0
0.0,0.0
0.0,0.0
4.248495242049359,3.9379304385384075
4.02535169073515,3.8649266517109453
4.382026634673881,4.146568779160979
3.9318256327243257,3.441782473647738
3.58351893845611,3.418399097589318
4.454347296253507,4.496184182434811
0.0,0.0
4.248495242049359,3.7954141245094792
3.4657359027997265,3.6659772816399516
4.718498871295094,4.35763945559351
0.0,0.0
1.9459101490553128,1.578134789647396
3.5263605246161616,3.4229458034264586
2.3978952727983707,1.6774646074386317
0.0,0.0
1.3862943611198906,1.773927323920756
4.276666119016055,4.371313949327788
0.6931471805599453,0.97658767427982
4.356708826689592,3.7223413515184838
0.0,0.0
0.0,0.0
1.3862943611198906,0.9711554115310967
0.0,0.0
1.3862943611198906,1.0251021584077393
3.091042453358316,4.203946691941903
3.9318256327243257,4.292285467214693
2.70805020110221,2.552131501371875
4.543294782270004,4.077053007429259
1.791759469228055,1.3252472017185908
1.0986122886681096,1.3405063711109384
0.0,0.0
0.0,0.0
0.0,0.0
0.0,0.0
0.0,0.0
3.091042453358316,3.524896261090005
0.0,0.0
1.6094379124341005,1.586029955289911
3.4657359027997265,3.88605196192969
0.6931471805599453,0.9103310811993189
3.951243718581428,3.5816438006428695
3.5263605246161616,3.490678341084217
0.0,0.0
0.0,0.0
1.0986122886681096,1.0465767541598083
0.0,0.0
3.6375861597263857,3.567175596826207
4.477336814478207,4.283163058627588
4.204692619390966,4.182677220392683
0.6931471805599453,1.1139318263787599
4.343805421853684,4.1031292882298835
0.0,0.0
0.6931471805599453,0.7883637257984729
5.049856007249537,4.3601618286596695
0.0,0.0
1.6094379124341005,1.7133579871866857
0.0,0.0
0.0,0.0
0.0,0.0
2.8903717578961645,3.454664987646481
2.833213344056216,2.7057096636854228
0.0,0.0
0.0,0.0
0.0,0.0
0.0,0.0
3.4339872044851463,4.018002085115076
4.060443010546419,3.7927008847675396
0.0,0.0
4.356708826689592,4.356310814916086
0.0,0.0
0.6931471805599453,0.7251514509912291
0.0,0.0
4.31748811353631,4.377065947217032
1.6094379124341005,1.3851900971223459
0.0,0.0
0.0,0.0
3.1354942159291497,3.281962573999167
4.219507705176107,3.9224893320128755
4.804021044733257,4.824978414446836
0.0,0.0
0.0,0.0
3.1354942159291497,3.5210964861342156
4.59511985013459,4.06764804098815
3.6375861597263857,2.857706657489721
0.0,0.0
4.262679877041316,4.291725195109561
2.772588722239781,3.5723473225071274
3.044522437723423,3.645927673530689
5.568344503761097,5.711384404615159
0.0,0.0
0.0,0.0
0.6931471805599453,1.027677656656432
1.3862943611198906,0.9813914181194339
5.068904202220232,4.593564413489221
0.0,0.0
4.634728988229636,4.538718738289989
3.295836866004329,3.5470398090742066
0.0,0.0
4.04305126783455,4.114597283927555
0.6931471805599453,1.6573320603108448
0.0,0.0
4.290459441148391,4.275326095702415
0.0,0.0
5.225746673713202,4.052050799209962
0.0,0.0
0.0,0.0
4.007333185232471,4.2038156380348255
0.0,0.0
0.0,0.0
0.0,0.0
0.0,0.0
0.0,0.0
0.0,0.0
0.0,0.0
0.0,0.0
0.0,0.0
3.4011973816621555,3.0730032348612664
4.787491742782046,4.107712254132038
0.0,0.0
0.0,0.0
4.31748811353631,4.272198913361155
1.3862943611198906,1.4027058025790395
5.170483995038151,4.9586795791346585
3.091042453358316,3.264077248773307
6.066108090103747,4.89740631505535
0.0,0.0
0.0,0.0
0.0,0.0
0.0,0.0
0.0,0.0
0.0,0.0
0.0,0.0
3.610917912644224,3.8561815360311873
0.0,0.0
0.6931471805599453,0.9216483008433614
4.691347882229144,3.827903114256736
0.0,0.0
4.158883083359672,4.150935762602096
2.9444389791664403,2.5765418762013605
0.0,0.0
0.0,0.0
0.0,0.0
0.0,0.0
1.3862943611198906,0.9868781887417286
0.0,0.0
0.6931471805599453,1.0016054953757643
0.0,0.0
3.332204510175204,3.237846096453705
4.110873864173311,4.280773470393712
0.6931471805599453,1.0645397403466248
1.0986122886681096,1.4038795042796783
3.828641396489095,3.9224014825237696
3.713572066704308,3.5133555721094005
0.0,0.0
1.3862943611198906,1.5546722344741446
3.784189633918261,3.4503631134723496
3.8501476017100575,3.505399705998146
0.0,0.0
3.295836866004329,3.8713306795453843
0.6931471805599453,1.3493323303013707
0.0,0.0
0.0,0.0
0.0,0.0
0.6931471805599453,1.0213323902249498
4.127134385045092,4.154572419261442
0.0,0.0
0.0,0.0
5.659482215759621,5.124759844339544
5.313205979041787,4.9144860143635745
0.0,0.0
0.6931471805599453,0.788583569180282
3.688879454113936,4.149479727446643
0.0,0.0
4.007333185232471,4.011887329260393
4.564348191467836,4.413541535326072
5.2574953720277815,5.210761007362475
1.0986122886681096,1.1380190100114225
0.6931471805599453,1.3047546112134083
0.0,0.0
4.454347296253507,4.243299665291546
4.127134385045092,4.221878372804679
5.123963979403259,3.973121385783867
3.218875824868201,3.453053547056334
0.6931471805599453,0.9235673651607594
0.0,0.0
0.0,0.0
3.8918202981106265,3.8492085655957946
1.3862943611198906,1.4881128751148922
0.0,0.0
1.0986122886681096,1.2462987005206794
0.0,0.0
3.912023005428146,4.02629396182657
2.079441541679836,1.0246749499098982
0.0,0.0
0.0,0.0
1.6094379124341005,1.1429161210773502
0.0,0.0
0.0,0.0
2.19722457733622,2.285377560983258
0.0,0.0
0.0,0.0
0.0,0.0
5.056245805348308,5.030400847382232
0.0,0.0
2.079441541679836,2.1757078186157885
2.19722457733622,2.7478325328465623
0.0,0.0
1.0986122886681096,1.0418563868036403
0.0,0.0
4.418840607796598,4.316340322382607
3.688879454113936,4.050513175012701
0.0,0.0
0.6931471805599453,0.9413659255432455
5.170483995038151,4.786715933814166
0.0,0.0
2.639057329615259,3.834862525276954
0.0,0.0
2.5649493574615367,2.744564437279476
0.0,0.0
2.833213344056216,3.0822813374571223
0.6931471805599453,0.965432991539262
0.0,0.0
3.8501476017100575,4.085696681552416
0.0,0.0
4.174387269895637,4.122687131503131
2.772588722239781,2.8255721791159103
1.0986122886681096,1.8486573613655901
0.0,0.0
3.091042453358316,2.5699263112482407
2.4849066497880004,2.1627281721041967
0.6931471805599453,1.0312231213153322
0.0,0.0
3.555348061489413,3.686798517484095
0.0,0.0
1.0986122886681096,1.6385467207704456
3.4657359027997265,3.471894789143499
0.0,0.0
0.0,0.0
1.791759469228055,1.722186034629534
0.0,0.0
0.0,0.0
0.0,0.0
3.555348061489413,3.3679450996388147
0.0,0.0
0.0,0.0
3.4011973816621555,3.6398981407371394
3.1780538303479458,3.468527457254739
0.0,0.0
0.0,0.0
0.0,0.0
3.58351893845611,4.037585914858593
4.356708826689592,4.551786397627687
1.0986122886681096,0.919028015395589
1.0986122886681096,0.9334712288715628
0.0,0.0
0.0,0.0
1.6094379124341005,1.5060892816728506
3.713572066704308,4.152608559200473
0.0,0.0
0.6931471805599453,1.8113355205888702
1.6094379124341005,0.8565118986317013
1.0986122886681096,1.3940007145964852
2.19722457733622,2.00919471067938
2.5649493574615367,3.28140679785915
3.737669618283368,3.8798692942802466
4.890349128221754,4.707541829916635
4.867534450455582,4.53930164644608
2.833213344056216,2.8797181092251627
0.0,0.0
2.3978952727983707,3.136947797694982
3.295836866004329,4.054248108451238
0.0,0.0
0.0,0.0
0.0,0.0
0.0,0.0
0.0,0.0
2.833213344056216,2.3475067233116516
0.0,0.0
0.6931471805599453,0.7948763608694678
5.25227342804663,5.208903475393668
1.791759469228055,1.3931697283466498
1.0986122886681096,1.95927031917139
0.0,0.0
0.0,0.0
0.6931471805599453,1.111495570142889
3.9889840465642745,4.242969409261907
0.0,0.0
4.248495242049359,4.2773094338645965
0.6931471805599453,1.118867310559788
4.23410650459726,3.7673863164189276
0.0,0.0
2.302585092994046,3.421792478175396
0.6931471805599453,1.12716264063293
4.23410650459726,4.275053306522464
0.0,0.0
0.0,0.0
0.0,0.0
0.0,0.0
3.688879454113936,2.529991128575093
1.6094379124341005,1.6922396001360758
4.356708826689592,3.749316673568456
2.9444389791664403,3.4197684640856894
1.0986122886681096,1.2530522254971541
0.6931471805599453,1.2357664361814813
0.6931471805599453,1.038042661795708
4.418840607796598,4.1131890594999625
0.0,0.0
0.6931471805599453,1.0190857883198141
0.0,0.0
0.0,0.0
0.0,0.0
2.9444389791664403,3.196267216592837
1.0986122886681096,1.2395536725328686
4.564348191467836,4.557462373482884
0.0,0.0
0.0,0.0
1.0986122886681096,0.951912919829812
0.0,0.0
1.791759469228055,1.744987005403263
4.262679877041316,4.243394453955557
0.0,0.0
4.110873864173311,4.203528033102325
2.833213344056216,1.6193591539198104
1.3862943611198906,1.5901071324761022
0.0,0.0
0.0,0.0
2.3978952727983707,2.623998525376475
0.0,0.0
2.3978952727983707,2.4124407667101018
0.0,0.0
0.0,0.0
0.0,0.0
1.3862943611198906,1.5659754461339808
0.0,0.0
0.0,0.0
0.0,0.0
5.241747015059643,4.666582089886871
2.639057329615259,1.4073059786955384
5.003946305945459,4.9942540724550355
0.0,0.0
0.0,0.0
5.288267030694535,4.7384261802469965
0.0,0.0
0.0,0.0
3.6635616461296463,3.4584060463022257
0.0,0.0
2.995732273553991,2.8991086357071363
0.0,0.0
5.170483995038151,5.48719107366461
0.0,0.0
0.0,0.0
0.0,0.0
0.0,0.0
0.0,0.0
0.0,0.0
4.330733340286331,3.2606059206613804
0.0,0.0
0.0,0.0
0.0,0.0
1.0986122886681096,1.002728759228702
0.0,0.0
4.23410650459726,3.8929222272487634
3.5263605246161616,3.9993024474100194
0.0,0.0
3.7612001156935615,3.862840282113026
4.262679877041316,4.089670295514054
4.532599493153256,5.23903411130524
0.0,0.0
0.0,0.0
3.4339872044851463,3.401870909416202
0.0,0.0
0.0,0.0
0.0,0.0
2.079441541679836,2.4883146264931204
0.0,0.0
2.9444389791664403,2.7658112523819294
4.976733742420574,4.62752789071296
0.0,0.0
0.0,0.0
1.0986122886681096,1.3680894118573759
4.997212273764115,4.603508721243309
0.0,0.0
3.555348061489413,3.9447143434159244
0.0,0.0
4.304065093204169,4.47845705900969
2.639057329615259,2.859404968678787
3.091042453358316,3.6811773527274827
0.0,0.0
0.6931471805599453,0.917777005082501
0.0,0.0
4.736198448394496,4.676012392999253
2.70805020110221,2.7290061778431367
0.0,0.0
0.0,0.0
3.091042453358316,2.678547004431154
4.442651256490317,4.256317850917265
0.0,0.0
0.0,0.0
2.302585092994046,3.7664941306047406
4.356708826689592,4.5338796097357665
0.0,0.0
0.0,0.0
3.970291913552122,4.017421941255014
1.6094379124341005,1.1405724451239738
0.0,0.0
3.4011973816621555,3.5716386987786466
1.9459101490553128,1.6068096624138124
0.0,0.0
0.0,0.0
0.0,0.0
0.0,0.0
0.0,0.0
2.302585092994046,1.7062821066517997
0.0,0.0
1.9459101490553128,3.1672330076227952
0.0,0.0
3.688879454113936,2.6677971328720615
3.6375861597263857,4.470174834452603
0.0,0.0
3.332204510175204,2.6842391555101637
4.852030263919617,4.127012052873204
0.0,0.0
2.772588722239781,1.9157716365122528
0.0,0.0
4.382026634673881,4.723906485976245
0.0,0.0
3.49650756146648,3.441619806688035
0.0,0.0
0.0,0.0
2.5649493574615367,3.8039358193693316
0.0,0.0
5.081404364984463,5.19677031146397
0.0,0.0
0.0,0.0
3.218875824868201,3.8459714718335216
4.290459441148391,4.4886713157037965
0.0,0.0
0.0,0.0
0.0,0.0
0.0,0.0
0.0,0.0
0.6931471805599453,1.2028895277232132
0.0,0.0
0.0,0.0
4.787491742782046,4.345030182961476
4.454347296253507,4.629601611334327
0.0,0.0
1.0986122886681096,3.794504102779174
0.0,0.0
0.0,0.0
0.6931471805599453,0.937840653166976
2.833213344056216,2.422002453559605
4.262679877041316,3.855306097430423
4.672828834461906,3.989675224808092
1.0986122886681096,0.7752920136128744
1.9459101490553128,1.4427655722909196
0.6931471805599453,1.2754414901860711
4.356708826689592,2.273244434282915
0.0,0.0
1.3862943611198906,0.8379157961362743
0.0,0.0
4.727387818712341,4.642655822329481
0.0,0.0
1.3862943611198906,1.2822257139447009
1.3862943611198906,1.4111359616844437
0.0,0.0
0.0,0.0
0.0,0.0
0.0,0.0
0.0,0.0
0.0,0.0
0.6931471805599453,1.010902372608683
0.0,0.0
1.3862943611198906,1.2943090784319071
0.0,0.0
1.0986122886681096,1.4267568824400458
4.442651256490317,4.533743437296485
4.060443010546419,3.5152541726504167
0.6931471805599453,1.012687658733504
3.367295829986474,3.5979649349067673
3.218875824868201,2.668567190030038
0.6931471805599453,0.7996025196718706
0.0,0.0
0.0,0.0
0.0,0.0
0.0,0.0
0.0,0.0
2.9444389791664403,3.1418259442739878
2.70805020110221,2.2453934190843623
0.0,0.0
0.0,0.0
3.688879454113936,2.6599270352252677
0.0,0.0
0.0,0.0
0.0,0.0
0.0,0.0
0.0,0.0
0.0,0.0
0.0,0.0
5.075173815233827,5.07154630608046
0.0,0.0
0.0,0.0
0.6931471805599453,0.9346748511999076
3.912023005428146,3.6631837682905273
4.430816798843313,4.462078300036851
2.4849066497880004,3.043685654353389
0.0,0.0
0.0,0.0
0.0,0.0
1.791759469228055,2.0194344716797645
0.0,0.0
0.6931471805599453,1.3164604137440639
4.276666119016055,4.018782612425908
0.0,0.0
1.0986122886681096,1.0641933276441202
0.0,0.0
3.4011973816621555,2.7099802240226825
3.9889840465642745,4.227801182874695
1.791759469228055,1.6769257305208018
0.0,0.0
0.0,0.0
0.0,0.0
0.0,0.0
1.6094379124341005,1.6367654232477968
3.828641396489095,3.4948534946148624
1.9459101490553128,2.294463442038685
4.653960350157523,4.40073086823034
1.6094379124341005,1.8532935885741038
0.0,0.0
3.58351893845611,3.0999120961725795
4.90527477843843,4.958539403249754
1.9459101490553128,1.108474025017951
0.0,0.0
5.099866427824199,5.055467223783392
0.0,0.0
0.0,0.0
0.0,0.0
3.1354942159291497,3.072761120579379
4.882801922586371,5.248080993428986
0.0,0.0
0.0,0.0
0.0,0.0
2.772588722239781,2.60889069685102
3.295836866004329,3.478740589554233
0.0,0.0
1.6094379124341005,1.0705154108304098
0.0,0.0
0.0,0.0
0.0,0.0
1.3862943611198906,0.9751560334467342
0.0,0.0
1.0986122886681096,1.5113663785767824
4.356708826689592,3.8976208933907164
0.0,0.0
0.0,0.0
0.0,0.0
0.0,0.0
4.219507705176107,4.051789094710248
3.6375861597263857,3.2656470197350878
0.0,0.0
0.0,0.0
4.394449154672439,4.556061729552977
0.0,0.0
0.0,0.0
1.3862943611198906,1.3955657674811952
3.737669618283368,3.840041870013492
0.0,0.0
1.3862943611198906,1.117452017055317
2.995732273553991,3.0559818396228673
3.737669618283368,4.064383804897954
0.0,0.0
0.0,0.0
0.0,0.0
0.0,0.0
5.068904202220232,5.610725674638741
3.784189633918261,3.8673054154011868
0.0,0.0
0.0,0.0
2.772588722239781,3.1474720995952628
0.0,0.0
0.6931471805599453,1.1073355377264633
0.0,0.0
3.9889840465642745,3.8411023384685046
3.5263605246161616,3.652534645714265
1.9459101490553128,1.6093802270616158
4.31748811353631,4.107422329342267
0.0,0.0
4.465908118654584,3.77859894523462
0.0,0.0
0.0,0.0
0.0,0.0
0.0,0.0
1.0986122886681096,1.1192139342481233
0.6931471805599453,0.9255484136699416
4.804021044733257,4.306077112236043
0.0,0.0
3.828641396489095,3.8192133338557124
0.0,0.0
0.0,0.0
4.174387269895637,3.737234499676253
0.0,0.0
0.6931471805599453,0.9533772747483931
0.6931471805599453,0.885493680848801
4.248495242049359,4.295259276848385
0.0,0.0
3.9318256327243257,3.8276132036000234
0.0,0.0
2.079441541679836,1.6177741957196778
3.688879454113936,2.9145434843936444
0.0,0.0
0.0,0.0
3.091042453358316,3.0316106949589483
0.0,0.0
3.828641396489095,3.6670239695917957
0.0,0.0
0.0,0.0
4.330733340286331,4.2072848963886305
0.0,0.0
3.555348061489413,3.1769781458746396
3.80666248977032,4.250407582871007
3.091042453358316,3.261767470098125
2.639057329615259,2.5618536903391966
3.5263605246161616,4.317747786229432
0.0,0.0
0.0,0.0
0.0,0.0
0.0,0.0
0.0,0.0
0.0,0.0
4.04305126783455,4.432521086026423
0.0,0.0
1.791759469228055,1.306095847544374
0.0,0.0
1.3862943611198906,1.5935416595655467
3.58351893845611,3.528457643251053
2.5649493574615367,1.86316711675364
0.0,0.0
2.772588722239781,2.8401907121794103
0.6931471805599453,1.4332400236112182
2.639057329615259,2.576659510778878
1.0986122886681096,1.3831485668231698
0.6931471805599453,0.7543982295389792
2.302585092994046,2.48241686549719
3.8501476017100575,3.468290525515874
0.0,0.0
0.0,0.0
2.079441541679836,1.908851894800712
0.0,0.0
3.091042453358316,1.9846088930240844
2.4849066497880004,3.4674862264569786
2.833213344056216,3.1106412453255494
0.0,0.0
0.0,0.0
0.0,0.0
0.0,0.0
0.0,0.0
0.6931471805599453,0.9668823531799038
2.995732273553991,3.282154739177358
0.0,0.0
4.007333185232471,3.8395221408860816
4.23410650459726,4.638101282168112
1.3862943611198906,1.0229251667575923
2.3978952727983707,2.2277955435758177
0.0,0.0
0.0,0.0
0.0,0.0
0.0,0.0
0.0,0.0
0.6931471805599453,1.6649038586235014
0.0,0.0
5.313205979041787,5.154306236569827
1.6094379124341005,1.7168492217300948
0.0,0.0
4.477336814478207,4.566905310298999
0.0,0.0
0.0,0.0
0.0,0.0
4.844187086458591,4.627994772966596
2.3978952727983707,1.451779718397123
3.4339872044851463,3.5603155142976983
2.19722457733622,1.4493404814930368
4.127134385045092,4.0050374919185705
0.0,0.0
0.0,0.0
0.6931471805599453,1.1439475707658047
0.0,0.0
4.890349128221754,4.68778275993736
0.0,0.0
3.332204510175204,3.006373890177515
0.0,0.0
2.19722457733622,2.1424505921276595
1.0986122886681096,1.4309864454779742
0.0,0.0
0.0,0.0
3.4657359027997265,3.7830757034701112
2.995732273553991,3.2268699985842066
5.075173815233827,4.505651780668148
0.0,0.0
4.0943445622221,3.978172550160732
4.219507705176107,4.674964625134547
0.0,0.0
0.0,0.0
0.0,0.0
0.6931471805599453,0.9640841791493238
3.8501476017100575,4.074959655189617
4.770684624465665,4.768921640584113
5.541263545158426,4.805094927050237
0.0,0.0
0.0,0.0
0.0,0.0
0.0,0.0
4.700480365792417,3.568909701089071
0.0,0.0
0.6931471805599453,0.8832701751621014
4.762173934797756,4.665431535769459
0.0,0.0
0.0,0.0
3.828641396489095,4.010521179693917
5.84354441703136,5.811744378611162
4.143134726391533,4.179941162241384
3.610917912644224,3.6290862622079545
0.0,0.0
3.713572066704308,3.754450967442446
5.135798437050262,5.17283780902618
0.0,0.0
5.135798437050262,4.840196813792434
0.6931471805599453,1.0541011708959918
0.0,0.0
4.624972813284271,4.122697241273525
0.0,0.0
4.31748811353631,3.9490644244032858
0.0,0.0
0.0,0.0
0.6931471805599453,1.0001552380199947
0.0,0.0
1.791759469228055,1.8207716815831576
4.127134385045092,3.658753264838702
2.5649493574615367,1.4125318994164038
0.0,0.0
1.6094379124341005,1.57308330585547
0.0,0.0
0.0,0.0
1.0986122886681096,1.2243189868042959
0.0,0.0
0.0,0.0
2.19722457733622,1.4720984067464729
0.0,0.0
3.7612001156935615,4.334368181986158
0.6931471805599453,1.1336435045891258
1.3862943611198906,2.2403471021238217
0.0,0.0
0.0,0.0
4.204692619390966,4.150636889066883
4.477336814478207,3.741223656368863
0.0,0.0
4.060443010546419,4.028144493636121
0.0,0.0
0.0,0.0
4.330733340286331,4.42937163680895
2.079441541679836,2.059024466804828
4.51085950651685,4.534304089923046
3.951243718581428,3.463373347770696
2.639057329615259,2.305694844696088
0.0,0.0
0.0,0.0
0.0,0.0
4.976733742420574,4.856106190422411
0.0,0.0
3.295836866004329,3.45795821387712
0.0,0.0
2.995732273553991,3.146076831180917
0.0,0.0
0.0,0.0
0.6931471805599453,1.587201795935062
3.4011973816621555,3.0198798403459626
1.3862943611198906,1.6778195700383973
2.639057329615259,2.6758717408931885
4.672828834461906,3.960055347602993
0.6931471805599453,1.3744129962196752
3.4339872044851463,2.810826847037538
0.0,0.0
0.0,0.0
4.127134385045092,3.886663231950868
0.0,0.0
1.0986122886681096,0.9803466266073638
1.3862943611198906,1.3835181512042956
4.07753744390572,4.415485540465838
1.6094379124341005,1.5415329800175135
4.418840607796598,3.9259805125523513
0.0,0.0
0.0,0.0
4.51085950651685,4.519013994030716
3.828641396489095,3.7811274942655944
0.6931471805599453,1.4579540788295022
3.8501476017100575,3.4930933172117533
3.9889840465642745,4.275451924496285
0.0,0.0
0.0,0.0
0.0,0.0
0.0,0.0
1.6094379124341005,1.1638279523183606
0.0,0.0
0.0,0.0
2.9444389791664403,2.9639116119768776
0.0,0.0
3.8501476017100575,3.8293353038443074
0.0,0.0
3.8918202981106265,3.5457329922203353
0.0,0.0
0.0,0.0
1.6094379124341005,1.7901969722278432
0.0,0.0
0.0,0.0
3.1354942159291497,3.534898249320706
0.6931471805599453,1.0261960189388561
0.0,0.0
3.80666248977032,4.006424135238158
3.784189633918261,4.123779455799311
0.0,0.0
0.0,0.0
3.555348061489413,3.9234836423260773
0.0,0.0
0.0,0.0
3.80666248977032,4.229306984423621
1.791759469228055,2.043668567296292
0.0,0.0
0.6931471805599453,0.9908308959662944
4.143134726391533,3.880130106401927
0.6931471805599453,1.2047664365990278
0.0,0.0
0.0,0.0
0.0,0.0
0.0,0.0
0.0,0.0
0.0,0.0
0.0,0.0
4.0943445622221,4.023721041472658
4.5217885770490405,4.394347962568698
0.0,0.0
4.219507705176107,4.130129653595507
2.8903717578961645,2.5514835833438485
1.3862943611198906,2.275089703539545
0.0,0.0
0.0,0.0
3.970291913552122,3.772753413056714
0.0,0.0
2.4849066497880004,2.334272370924794
4.060443010546419,4.144404218424444
0.0,0.0
0.0,0.0
0.0,0.0
3.58351893845611,3.377577181716175
2.639057329615259,3.321565182200721
5.117993812416755,4.375085314459675
0.0,0.0
5.056245805348308,4.937418400068854
0.0,0.0
4.127134385045092,3.971162791827159
0.0,0.0
1.9459101490553128,1.3293691216693961
3.912023005428146,4.032507986646832
5.25227342804663,5.287806027251023
0.0,0.0
0.0,0.0
0.0,0.0
0.0,0.0
0.0,0.0
0.0,0.0
4.605170185988092,4.68055789958618
1.0986122886681096,1.3713343848273387
3.9318256327243257,3.7814614157904494
3.784189633918261,3.8626501749720865
0.0,0.0
0.0,0.0
0.6931471805599453,0.933810594420324
3.784189633918261,3.7978601245907164
4.955827057601261,4.435439876251123
1.0986122886681096,1.3813815558881444
3.80666248977032,3.8140442034918847
2.833213344056216,2.4361939388618925
0.0,0.0
3.5263605246161616,3.723435131245339
0.0,0.0
4.564348191467836,4.5868761751828
0.0,0.0
3.8712010109078903,3.743651433268509
1.0986122886681096,0.9836013794418438
3.4657359027997265,3.673672783374622
0.0,0.0
5.327876168789581,5.282932327793378
0.0,0.0
0.0,0.0
0.0,0.0
0.6931471805599453,0.9378104130184033
0.0,0.0
1.0986122886681096,1.0319776488947283
4.248495242049359,4.033247585284806
0.0,0.0
4.77912349311153,4.527790347426977
4.672828834461906,4.2982625068477605
0.0,0.0
1.0986122886681096,0.8405592823179954
4.962844630259907,4.870051890645524
0.0,0.0
5.365976015021851,4.625327651031153
0.0,0.0
4.0943445622221,4.132381858311354
0.0,0.0
4.394449154672439,4.439191220335889
4.290459441148391,4.1511649631192595
0.0,0.0
0.0,0.0
1.791759469228055,1.1918718321161792
3.295836866004329,3.1077928800331516
0.0,0.0
0.0,0.0
0.6931471805599453,0.9861302125524594
2.772588722239781,3.4401302776419205
0.0,0.0
0.0,0.0
0.0,0.0
0.0,0.0
0.6931471805599453,0.8546916472567817
4.442651256490317,4.562687191484935
2.8903717578961645,2.806620575864892
4.605170185988092,4.380677776427894
4.276666119016055,4.104172191285764
0.0,0.0
0.0,0.0
4.31748811353631,4.4199306896979245
3.7612001156935615,3.5232115496865095
2.4849066497880004,2.9490430016005127
4.7535901911063645,4.697425524734404
0.0,0.0
0.0,0.0
0.6931471805599453,0.9104814084804704
3.951243718581428,3.785785423606135
0.0,0.0
0.0,0.0
0.0,0.0
1.3862943611198906,1.1754667887204053
0.0,0.0
4.3694478524670215,4.531899926633912
0.0,0.0
2.079441541679836,1.1610275757727861
3.6635616461296463,3.5559212987451696
0.0,0.0
3.1354942159291497,3.637322376214468
0.0,0.0
0.0,0.0
1.6094379124341005,1.5319730725256753
0.0,0.0
3.6375861597263857,4.032018303359992
0.0,0.0
1.9459101490553128,1.6427833314293894
4.23410650459726,2.9623450064812693
3.8712010109078903,3.4212999127123656
4.127134385045092,3.9797966377292773
0.0,0.0
3.7612001156935615,4.095044942364312
0.0,0.0
5.0369526024136295,4.907064303313594
0.0,0.0
0.0,0.0
3.713572066704308,3.7711445793810405
2.639057329615259,2.132528785383303
1.6094379124341005,2.127870114636356
0.0,0.0
0.0,0.0
4.919980925828125,4.828185443464935
0.0,0.0
0.0,0.0
0.6931471805599453,0.9878651363832082
3.4011973816621555,3.6495388141359495
2.19722457733622,2.1507992739554846
0.0,0.0
1.6094379124341005,1.7298676562291058
2.9444389791664403,3.2971680587274865
0.0,0.0
0.0,0.0
5.2832037287379885,4.660423409963137
0.0,0.0
3.49650756146648,3.585553882917218
1.9459101490553128,2.2041073721233255
4.204692619390966,4.406788773500942
2.639057329615259,2.3669547511394082
0.0,0.0
0.6931471805599453,1.736755963347826
1.9459101490553128,2.286495679565812
2.5649493574615367,2.9625249258689053
0.0,0.0
3.295836866004329,3.3749194621378997
0.6931471805599453,1.0715551823987952
0.0,0.0
4.060443010546419,3.7443925281116837
0.0,0.0
0.0,0.0
4.007333185232471,3.7260403391539394
3.1354942159291497,3.2173122991773146
3.970291913552122,3.5404012694910523
5.159055299214529,4.704237435765324
1.0986122886681096,1.1198113273702313
1.3862943611198906,1.0066101047685974
1.0986122886681096,0.882843162177241
2.19722457733622,1.2931579605881263
3.6375861597263857,3.4693487702961683
3.1780538303479458,2.0451615408413986
3.7612001156935615,3.6654867706652947
1.3862943611198906,0.8624428675620321
4.158883083359672,4.086479732675217
0.0,0.0
2.302585092994046,2.003388929760555
4.394449154672439,4.4671228801355465
2.5649493574615367,2.317237218479765
0.0,0.0
0.0,0.0
1.0986122886681096,1.1159272087746706
0.0,0.0
1.9459101490553128,2.240265414378702
0.6931471805599453,0.905412321155947
0.6931471805599453,1.0633163077349492
0.0,0.0
3.1354942159291497,2.5638397806472337
0.0,0.0
0.0,0.0
0.6931471805599453,0.8933577330511507
0.0,0.0
4.6443908991413725,4.007510157492982
4.127134385045092,3.6175078688336675
3.9318256327243257,3.6914884212910626
0.0,0.0
2.70805020110221,3.141252002451582
4.543294782270004,3.9462080196879232
0.0,0.0
4.442651256490317,4.025918800531283
0.0,0.0
0.0,0.0
4.02535169073515,3.719109479383063
1.3862943611198906,1.1388153130096186
0.0,0.0
0.0,0.0
0.0,0.0
0.0,0.0
0.0,0.0
4.418840607796598,4.218747108106158
0.0,0.0
4.543294782270004,4.084404598104207
0.0,0.0
0.0,0.0
1.3862943611198906,1.0641293440045048
3.332204510175204,3.5204924879128834
4.356708826689592,4.0220826818904385
4.477336814478207,4.503965808715777
0.6931471805599453,0.9062863170910563
0.0,0.0
0.0,0.0
0.0,0.0
0.0,0.0
0.0,0.0
3.610917912644224,3.801762500880912
3.737669618283368,3.775515283989031
0.0,0.0
2.3978952727983707,2.978277280571577
0.0,0.0
0.0,0.0
0.0,0.0
0.6931471805599453,0.9338879818659439
3.713572066704308,4.19662655816128
0.0,0.0
0.0,0.0
0.6931471805599453,1.1040907106116757
0.0,0.0
0.0,0.0
0.6931471805599453,0.9654200630012129
0.0,0.0
1.3862943611198906,1.3399146027852413
0.0,0.0
4.624972813284271,4.140143902145215
2.19722457733622,1.1582623690853064
0.0,0.0
4.110873864173311,4.285613591747356
0.0,0.0
4.736198448394496,4.6354748761007984
0.0,0.0
4.700480365792417,4.525538943539995
0.0,0.0
0.0,0.0
0.0,0.0
1.9459101490553128,2.076942365994228
0.0,0.0
3.258096538021482,3.7558666272965455
0.0,0.0
0.0,0.0
0.6931471805599453,0.8761138146101435
3.6375861597263857,3.9243751661822524
2.19722457733622,3.9552900709730365
1.791759469228055,1.3187453221337984
0.0,0.0
3.784189633918261,3.2834216555132367
2.5649493574615367,2.446844475989368
0.0,0.0
0.0,0.0
2.079441541679836,1.3739964347527651
3.218875824868201,3.6935432399917745
1.9459101490553128,1.2925978701134355
0.0,0.0
0.0,0.0
0.0,0.0
1.9459101490553128,1.5475612316680099
0.0,0.0
0.0,0.0
0.0,0.0
0.0,0.0
3.912023005428146,3.962903459213633
0.0,0.0
1.0986122886681096,0.8141902472611258
0.0,0.0
0.6931471805599453,0.7898171534962605
0.0,0.0
0.0,0.0
0.0,0.0
2.302585092994046,1.9811420214361053
4.007333185232471,3.7851198943232434
5.513428746164983,5.370225758355134
4.51085950651685,4.3625262212032725
0.0,0.0
4.653960350157523,4.376078726496934
0.0,0.0
0.0,0.0
0.0,0.0
4.406719247264253,3.4222655379260774
0.0,0.0
0.0,0.0
4.709530201312334,3.9670739343453243
0.6931471805599453,1.033006428165832
3.9889840465642745,4.315281823821349
4.007333185232471,3.7973396312174477
1.3862943611198906,1.2063408682662917
0.0,0.0
3.828641396489095,3.659097691150783
0.6931471805599453,1.5339856147089883
0.0,0.0
0.0,0.0
2.772588722239781,2.633389836391737
0.0,0.0
0.0,0.0
0.0,0.0
0.0,0.0
0.6931471805599453,1.025984822303282
0.6931471805599453,1.2793705368684796
0.0,0.0
0.0,0.0
1.791759469228055,2.293300545016646
0.0,0.0
0.0,0.0
2.3978952727983707,1.1815433432156353
3.367295829986474,3.6411330965972852
5.0369526024136295,4.693782576741081
0.0,0.0
0.0,0.0
0.0,0.0
4.691347882229144,4.196909507001357
2.3978952727983707,2.8247886960771247
0.0,0.0
0.6931471805599453,0.7965491162014213
0.0,0.0
4.110873864173311,4.100150807443412
0.0,0.0
0.6931471805599453,0.7866352361763321
4.727387818712341,4.500068344179682
1.0986122886681096,0.8893959215796662
4.624972813284271,4.254781551736974
2.079441541679836,2.4643841205706054
0.0,0.0
0.0,0.0
4.430816798843313,4.342131546073691
0.0,0.0
4.663439094112067,4.05039570912151
4.465908118654584,4.114248877841954
0.0,0.0
0.0,0.0
0.0,0.0
0.0,0.0
2.3978952727983707,2.3418180696227435
0.0,0.0
4.394449154672439,4.143148817872855
3.7612001156935615,3.73804386169225
4.174387269895637,4.212888239045092
1.0986122886681096,1.0241060230321732
0.6931471805599453,0.8489350416147262
0.6931471805599453,1.0038997099548552
0.6931471805599453,0.8859541086957957
0.0,0.0
0.0,0.0
3.4339872044851463,4.094957679410878
0.0,0.0
3.688879454113936,3.822465615324236
4.04305126783455,4.131008818514049
0.0,0.0
2.9444389791664403,3.442533320985823
0.0,0.0
0.0,0.0
0.0,0.0
1.791759469228055,1.747167096965513
0.0,0.0
0.0,0.0
3.4339872044851463,3.7980787357802956
3.737669618283368,3.712895552229009
4.499809670330265,4.247779224743427
0.0,0.0
0.0,0.0
0.0,0.0
3.970291913552122,3.7203739458508314
3.8501476017100575,3.9715351577185363
1.0986122886681096,1.0378942708968355
1.6094379124341005,1.6906432742281918
2.833213344056216,2.71745177110294
0.0,0.0
1.6094379124341005,0.9056544283638123
0.0,0.0
0.0,0.0
1.0986122886681096,1.5133999177656452
5.030437921392435,4.660579715553255
0.0,0.0
0.0,0.0
4.624972813284271,4.538398860428199
0.6931471805599453,0.8379094580159498
3.80666248977032,3.9322735287023547
0.6931471805599453,0.9681431385842073
1.6094379124341005,1.3118779131018992
0.6931471805599453,0.9958561197017053
1.0986122886681096,1.8114395394504021
2.8903717578961645,2.8119794499970574
0.0,0.0
3.49650756146648,3.7504227000133414
0.0,0.0
4.867534450455582,4.775294443537468
0.0,0.0
0.0,0.0
0.0,0.0
0.6931471805599453,1.4352261500199974
0.0,0.0
0.0,0.0
0.0,0.0
4.02535169073515,4.437089816959701
3.044522437723423,2.6636967451061353
0.0,0.0
4.174387269895637,4.159002929285525
3.58351893845611,3.5182041875808356
3.7612001156935615,3.529950560804469
4.990432586778736,4.370756169943201
0.0,0.0
0.0,0.0
0.0,0.0
0.6931471805599453,0.8910920065485886
1.3862943611198906,1.4802521869209344
0.0,0.0
0.0,0.0
0.0,0.0
4.90527477843843,4.6805625220763245
0.0,0.0
2.079441541679836,2.469990102203887
0.6931471805599453,0.8907750306434922
1.791759469228055,1.489211778242703
0.0,0.0
0.0,0.0
0.0,0.0
0.0,0.0
0.0,0.0
0.0,0.0
0.0,0.0
0.0,0.0
0.0,0.0
0.0,0.0
0.0,0.0
4.23410650459726,3.917869958910559
2.995732273553991,3.3557997581058503
1.3862943611198906,1.3875632513219673
0.0,0.0
0.0,0.0
0.0,0.0
0.0,0.0
4.624972813284271,4.594145798836972
3.610917912644224,3.557030045774912
4.04305126783455,4.19225616409188
0.0,0.0
0.6931471805599453,0.8476563479769712
0.0,0.0
3.5263605246161616,3.594038923691229
3.8918202981106265,2.891869062384812
2.079441541679836,2.0846806487403353
3.332204510175204,3.5205715474520325
0.0,0.0
0.0,0.0
3.258096538021482,2.9306766222220415
0.0,0.0
0.0,0.0
0.0,0.0
4.07753744390572,4.162024583011829
0.0,0.0
1.0986122886681096,0.9540971007401852
5.10594547390058,4.5341134810743835
2.079441541679836,3.021591817967316
0.6931471805599453,1.004640878131284
0.0,0.0
4.127134385045092,3.8318405238754805
0.0,0.0
0.0,0.0
4.465908118654584,4.708758625670437
0.0,0.0
4.663439094112067,4.512703165974921
3.258096538021482,3.14084804210872
0.0,0.0
2.4849066497880004,3.026139732271222
4.343805421853684,3.978512968607168
5.087596335232384,4.597321499328317
0.0,0.0
3.044522437723423,3.2800658392123108
0.0,0.0
0.0,0.0
3.688879454113936,3.3533532676448567
0.0,0.0
2.639057329615259,2.1763299804056873
0.6931471805599453,0.7684780994569046
0.0,0.0
4.51085950651685,4.435032463605001
4.330733340286331,4.201145459322134
3.091042453358316,3.280820339853671
3.1780538303479458,1.685336148403408
1.0986122886681096,1.4769070249083942
0.0,0.0
0.0,0.0
3.737669618283368,3.8154606205320265
3.6375861597263857,3.561986437017036
0.0,0.0
0.0,0.0
0.0,0.0
0.0,0.0
1.0986122886681096,0.9609551356096157
0.0,0.0
4.127134385045092,4.322584809584742
0.0,0.0
0.0,0.0
0.6931471805599453,0.8595730194822108
4.174387269895637,4.206085904453304
0.0,0.0
0.0,0.0
4.060443010546419,4.0310783145050415
0.0,0.0
0.0,0.0
3.49650756146648,3.623550442547716
0.0,0.0
0.0,0.0
0.6931471805599453,0.9586237263365835
4.51085950651685,4.519388799883299
3.8501476017100575,4.102308759307453
0.0,0.0
1.791759469228055,1.5483761085567005
4.709530201312334,4.135980030803919
0.0,0.0
1.0986122886681096,0.9481548831311294
1.3862943611198906,2.1340491581178203
0.0,0.0
3.713572066704308,3.1484514669154193
1.3862943611198906,0.8441921293260439
4.499809670330265,4.302114409862995
5.60947179518496,5.504319471135682
0.0,0.0
0.0,0.0
3.295836866004329,2.7664287382383628
4.330733340286331,4.422066910065148
4.23410650459726,4.132810849381898
2.9444389791664403,2.8393275479743063
3.737669618283368,3.9522665106091663
0.0,0.0
1.791759469228055,1.670474593976394
3.49650756146648,1.9415862599042284
0.0,0.0
1.0986122886681096,0.9741634936204717
2.70805020110221,2.640958335298744
0.0,0.0
1.0986122886681096,1.093917792378629
0.0,0.0
0.6931471805599453,1.1397306598448644
3.8918202981106265,2.6838351709893558
0.6931471805599453,1.0376695008982857
0.0,0.0
4.060443010546419,4.029366688679485
3.737669618283368,3.451310070523357
0.0,0.0
0.0,0.0
0.0,0.0
4.02535169073515,4.119908692166842
3.4339872044851463,3.608813065675406
0.0,0.0
0.0,0.0
0.0,0.0
0.6931471805599453,1.2760872495450235
1.0986122886681096,0.8814174351626753
1.791759469228055,1.9724001920587022
0.0,0.0
4.127134385045092,4.101366769676398
1.0986122886681096,1.4190204224517036
0.6931471805599453,0.9465523572819632
0.0,0.0
0.0,0.0
0.0,0.0
2.079441541679836,2.048064842974723
5.043425116919247,4.955025184063637
1.3862943611198906,1.1845175173048672
0.0,0.0
1.0986122886681096,1.0744048753476307
0.6931471805599453,1.0586064078412631
0.0,0.0
0.0,0.0
0.0,0.0
1.0986122886681096,1.1188357732550542
0.0,0.0
5.123963979403259,5.1165998544666165
3.8712010109078903,3.7831883767651346
4.897839799950911,4.866721977598594
4.007333185232471,3.8436734305106857
4.74493212836325,4.756730311334363
0.0,0.0
0.0,0.0
0.0,0.0
4.499809670330265,4.390546631011907
3.4339872044851463,3.4300418707489353
2.70805020110221,3.414592831334993
3.218875824868201,3.1711730841490504
0.0,0.0
2.70805020110221,2.4964763711979168
0.0,0.0
0.0,0.0
4.02535169073515,3.5313963607599463
3.044522437723423,2.818121630123898
0.0,0.0
0.0,0.0
0.0,0.0
4.007333185232471,3.9397706933654013
0.6931471805599453,0.8514821497481101
1.9459101490553128,1.6677277485866917
0.0,0.0
3.218875824868201,2.851097395207772
0.0,0.0
2.5649493574615367,2.410786066935987
4.406719247264253,4.321372453781624
2.3978952727983707,2.436580228941263
0.0,0.0
1.6094379124341005,1.0917771881576912
1.0986122886681096,1.0727583815468564
0.0,0.0
0.0,0.0
0.0,0.0
0.0,0.0
0.0,0.0
2.5649493574615367,2.3452676723172576
4.0943445622221,4.197999510044478
0.0,0.0
1.6094379124341005,1.684571708175961
4.204692619390966,4.035509193834011
1.0986122886681096,0.9253314727001413
0.0,0.0
0.0,0.0
4.564348191467836,4.717476684812041
0.0,0.0
0.0,0.0
0.0,0.0
3.784189633918261,4.207317719245333
4.477336814478207,4.155747672996765
0.0,0.0
0.0,0.0
1.0986122886681096,1.2070876845055905
0.0,0.0
1.9459101490553128,1.9698227009238125
1.6094379124341005,1.203380063654032
3.828641396489095,3.6473114758723644
1.6094379124341005,1.5996302033798395
0.0,0.0
3.912023005428146,3.49330928574333
0.0,0.0
2.995732273553991,3.0060286031603
5.14166355650266,5.222903625873901
1.0986122886681096,1.0607340858360228
1.0986122886681096,1.298611534583196
0.0,0.0
1.0986122886681096,1.0905359410571456
2.19722457733622,2.4678892214789774
0.0,0.0
3.7612001156935615,3.4906882147512026
0.0,0.0
3.7612001156935615,3.3805044983318555
0.0,0.0
1.0986122886681096,0.7488677737184988
3.828641396489095,4.0551975648328975
0.0,0.0
0.6931471805599453,1.1112395408028253
2.3978952727983707,1.2731062194696832
2.19722457733622,2.2553124976244603
5.170483995038151,5.079903403562433
2.079441541679836,1.5344300068616616
0.0,0.0
0.0,0.0
0.0,0.0
0.6931471805599453,1.0034766682188567
4.5217885770490405,4.201090760797093
3.828641396489095,3.583653544453891
4.0943445622221,4.113636219183123
0.0,0.0
4.691347882229144,4.615965906365216
0.0,0.0
3.332204510175204,3.461660383440089
4.394449154672439,4.766614935028569
3.8712010109078903,3.541263232375781
0.0,0.0
4.941642422609304,4.805285623090784
0.0,0.0
0.0,0.0
0.0,0.0
0.0,0.0
2.995732273553991,3.348473774026563
3.912023005428146,3.547341213243073
0.0,0.0
1.3862943611198906,1.2022253658451536
0.0,0.0
4.394449154672439,3.80835937425766
0.0,0.0
0.0,0.0
3.828641396489095,3.5337407621197627
0.0,0.0
0.0,0.0
3.58351893845611,4.140174742592666
2.302585092994046,2.0340510140113652
4.127134385045092,4.193644591818375
4.174387269895637,3.95077875734914
2.995732273553991,3.3347742379621894
0.0,0.0
0.0,0.0
4.691347882229144,4.4640996778046755
0.6931471805599453,1.1680423132804305
1.3862943611198906,1.4754459194559244
3.367295829986474,3.586366179987369
0.0,0.0
0.0,0.0
0.0,0.0
4.532599493153256,5.277086436053463
0.0,0.0
0.0,0.0
1.6094379124341005,2.253031119867561
4.875197323201151,4.762116964612279
1.0986122886681096,1.4778972520705052
0.0,0.0
0.0,0.0
0.0,0.0
0.0,0.0
0.0,0.0
5.2832037287379885,5.225678652299714
0.0,0.0
1.9459101490553128,1.5146853775969453
0.0,0.0
0.0,0.0
0.0,0.0
1.9459101490553128,1.3766041845658825
0.0,0.0
0.6931471805599453,1.588876177930453
1.3862943611198906,0.9252928720687243
0.0,0.0
5.963579343618446,5.49176285157262
0.6931471805599453,0.7148989355418027
3.295836866004329,3.362678583214191
0.6931471805599453,0.7576883736178083
0.6931471805599453,1.5161735363538522
4.276666119016055,4.058492396717704
0.0,0.0
4.110873864173311,4.2369809969719645
0.6931471805599453,1.526599258563668
0.0,0.0
0.0,0.0
0.0,0.0
0.0,0.0
2.079441541679836,2.6666708729727224
0.0,0.0
0.0,0.0
0.0,0.0
1.0986122886681096,1.2487009094240118
2.5649493574615367,2.629899874528368
5.049856007249537,5.061086773969289
0.0,0.0
3.4339872044851463,3.128327227744376
4.983606621708336,4.371972462222026
4.48863636973214,4.0172855378372
3.688879454113936,3.375333241664133
5.117993812416755,5.006578085457587
4.61512051684126,3.8002061172591817
0.0,0.0
0.0,0.0
0.0,0.0
4.499809670330265,4.47455836286209
4.927253685157205,4.5483286390583
0.0,0.0
1.0986122886681096,1.5556395157015033
1.0986122886681096,1.4892363256155021
0.0,0.0
3.6375861597263857,3.923338495071348
0.0,0.0
3.9318256327243257,4.152902184313075
0.0,0.0
0.0,0.0
4.59511985013459,4.592425705647676
2.833213344056216,2.963131010550541
0.0,0.0
0.0,0.0
2.079441541679836,1.145652004894379
0.6931471805599453,0.9563303524688038
0.0,0.0
0.0,0.0
0.0,0.0
0.0,0.0
0.0,0.0
1.3862943611198906,1.0340396828986675
0.0,0.0
1.6094379124341005,1.4837470250102802
0.0,0.0
0.0,0.0
4.189654742026425,4.311067341208654
0.0,0.0
3.4011973816621555,3.3338694922792746
0.0,0.0
0.0,0.0
0.0,0.0
0.6931471805599453,0.9576081198103827
0.0,0.0
0.0,0.0
4.394449154672439,4.446046058119267
0.0,0.0
0.6931471805599453,0.8869791147650846
1.0986122886681096,1.3435687148870634
4.343805421853684,3.9617183071103743
0.6931471805599453,1.9692760351793248
2.3978952727983707,2.037070675299365
0.6931471805599453,1.6325779720725038
0.0,0.0
1.0986122886681096,0.8673116837184044
0.0,0.0
0.0,0.0
4.248495242049359,4.296262296417166
0.0,0.0
0.0,0.0
1.0986122886681096,1.081512637971846
0.6931471805599453,1.3532868307778452
0.0,0.0
0.0,0.0
0.0,0.0
0.0,0.0
3.6635616461296463,4.133896109584421
0.0,0.0
3.49650756146648,3.4021296316060985
0.0,0.0
4.852030263919617,4.687064828942578
3.951243718581428,4.092328870898502
0.0,0.0
0.0,0.0
0.0,0.0
0.0,0.0
2.3978952727983707,2.7901738503398814
4.605170185988092,4.253845055880913
0.0,0.0
3.58351893845611,3.543561814542561
4.276666119016055,4.137789533931893
0.0,0.0
0.0,0.0
0.0,0.0
0.0,0.0
0.0,0.0
4.007333185232471,3.609392210289299
0.0,0.0
1.6094379124341005,1.11929494168255
0.0,0.0
0.6931471805599453,1.1435438074702617
3.737669618283368,3.826156224846294
0.6931471805599453,0.9092110775519647
0.0,0.0
4.406719247264253,4.566698861322379
1.0986122886681096,0.9384816573856279
0.0,0.0
0.0,0.0
0.0,0.0
1.0986122886681096,0.8405528355733053
0.0,0.0
1.3862943611198906,1.3250708054120026
1.0986122886681096,1.0220411415216333
0.0,0.0
2.079441541679836,1.8054673625463824
0.0,0.0
0.0,0.0
2.639057329615259,2.566334673892781
2.19722457733622,3.060762659016689
0.0,0.0
4.248495242049359,4.095263527220467
0.0,0.0
0.0,0.0
1.791759469228055,1.690354967333762
3.295836866004329,3.305633939367957
0.0,0.0
0.0,0.0
0.0,0.0
0.0,0.0
2.079441541679836,1.9941561174372606
0.0,0.0
4.110873864173311,4.099817374845729
0.0,0.0
2.3978952727983707,2.0553496494080528
0.0,0.0
4.919980925828125,4.997413761340024
0.0,0.0
0.0,0.0
3.828641396489095,3.5879212691348834
2.639057329615259,3.26321218176565
0.0,0.0
0.0,0.0
5.683579767338681,5.403561560747525
0.0,0.0
1.0986122886681096,1.3721834140499736
4.262679877041316,4.452013004609115
0.0,0.0
0.0,0.0
1.9459101490553128,2.1337470436066264
1.3862943611198906,2.017773981081585
3.9318256327243257,3.190040927402158
3.9889840465642745,3.769346335842331
0.0,0.0
0.0,0.0
2.3978952727983707,3.360513461480195
2.079441541679836,2.4807727339573544
0.0,0.0
2.079441541679836,2.4377890073437087
0.6931471805599453,1.1278059209449491
2.995732273553991,2.985736255680334
3.555348061489413,3.8796816579288596
0.6931471805599453,0.8414484750683235
1.0986122886681096,1.0128379661869689
0.0,0.0
0.0,0.0
0.0,0.0
0.0,0.0
0.0,0.0
1.0986122886681096,1.826395743588643
0.0,0.0
0.0,0.0
2.302585092994046,1.5865613904175941
3.8712010109078903,3.792802096594424
2.079441541679836,2.910340153380203
0.6931471805599453,0.9591680011723107
0.0,0.0
1.791759469228055,1.2314179035849695
4.219507705176107,4.1871169820232295
0.6931471805599453,0.9437369902513766
3.6635616461296463,3.559167423462818
4.382026634673881,3.870836876441137
0.0,0.0
0.0,0.0
4.477336814478207,4.316112732706288
1.791759469228055,1.7638419313437068
0.6931471805599453,0.9043494271353468
4.74493212836325,4.614602608942317
0.0,0.0
3.218875824868201,2.9122230828963116
0.0,0.0
0.0,0.0
2.995732273553991,3.662220322142176
0.0,0.0
3.784189633918261,4.293468408209077
1.6094379124341005,1.8930898163085588
2.8903717578961645,3.105342735454928
0.0,0.0
2.833213344056216,2.6453966822705177
0.6931471805599453,0.8258550190388221
0.0,0.0
1.6094379124341005,1.6258834190866787
2.19722457733622,1.9716226570242636
0.0,0.0
4.158883083359672,4.246009501081339
0.0,0.0
0.0,0.0
4.74493212836325,4.659523130458774
3.295836866004329,3.1712606230599567
0.0,0.0
4.248495242049359,3.998908294535521
0.0,0.0
3.970291913552122,3.739624797689583
0.0,0.0
4.962844630259907,5.0028996645499815
4.7535901911063645,3.7980667096627805
0.0,0.0
0.0,0.0
0.0,0.0
0.0,0.0
0.0,0.0
2.8903717578961645,2.6216172644751943
0.0,0.0
4.007333185232471,3.838148833038515
0.0,0.0
1.0986122886681096,1.2517269565510767
0.6931471805599453,0.8583014662974874
3.8918202981106265,3.7729681210886254
0.0,0.0
0.0,0.0
0.6931471805599453,1.557056031757143
4.418840607796598,4.425022769587676
0.6931471805599453,1.401273122799803
0.6931471805599453,1.3209609316218893
1.791759469228055,1.2906244839402818
1.3862943611198906,0.9798029024465511
5.37989735354046,5.484591469963816
5.525452939131784,5.450379788782166
1.6094379124341005,2.534273513451295
0.6931471805599453,1.1085914695531287
3.951243718581428,3.6414404931424387
4.51085950651685,4.013992890941246
0.0,0.0
2.995732273553991,3.0937541456270323
3.912023005428146,3.8650615191500024
0.0,0.0
0.0,0.0
0.0,0.0
4.867534450455582,4.706918719891504
0.6931471805599453,0.7904508703912989
0.0,0.0
4.127134385045092,3.7759646982363972
1.0986122886681096,2.0933597821758716
3.295836866004329,3.3344975109892583
0.0,0.0
0.0,0.0
3.258096538021482,3.727152654039598
0.6931471805599453,0.8850938586930849
0.0,0.0
0.0,0.0
3.80666248977032,3.5719814426424112
0.6931471805599453,0.7853936728707221
3.5263605246161616,3.4519691223663984
0.0,0.0
0.0,0.0
4.290459441148391,4.422511685994535
4.23410650459726,4.146099503869866
0.0,0.0
3.737669618283368,3.4842094836734208
0.0,0.0
1.6094379124341005,0.8334916902686598
0.0,0.0
0.0,0.0
1.0986122886681096,1.0260137669110145
0.6931471805599453,0.9995803511969343
0.0,0.0
5.1647859739235145,5.196063509742243
0.0,0.0
0.0,0.0
4.219507705176107,3.9953139877280197
2.079441541679836,1.1717542588089498
4.454347296253507,4.128484226367938
4.07753744390572,4.310508120473799
4.634728988229636,4.3338323063983895
0.0,0.0
4.110873864173311,4.117390668353009
0.0,0.0
0.0,0.0
0.0,0.0
0.0,0.0
4.709530201312334,4.505875650312189
0.0,0.0
0.0,0.0
0.0,0.0
3.7612001156935615,4.412240018635781
0.0,0.0
1.0986122886681096,1.3262379049960926
0.0,0.0
5.442417710521793,5.599721848116825
0.0,0.0
0.0,0.0
0.0,0.0
0.0,0.0
0.0,0.0
0.0,0.0
1.0986122886681096,0.8514264983781539
0.0,0.0
0.0,0.0
1.0986122886681096,0.9097589292444543
3.4011973816621555,3.9002445252147395
3.4011973816621555,4.483045502494793
1.6094379124341005,2.69635386295333
0.0,0.0
0.6931471805599453,0.8342056751188537
5.147494476813453,5.077733220944875
0.0,0.0
3.80666248977032,3.1248868657707805
0.0,0.0
3.218875824868201,3.4748177435464522
0.0,0.0
0.0,0.0
0.0,0.0
1.791759469228055,1.659358599231169
0.0,0.0
1.3862943611198906,2.5373017280000107
0.0,0.0
2.9444389791664403,3.337497612628261
0.6931471805599453,1.073096937794352
0.0,0.0
2.3978952727983707,2.081273495844014
0.0,0.0
4.02535169073515,3.694021673189363
0.0,0.0
0.0,0.0
0.0,0.0
4.859812404361672,4.5007149865031995
0.0,0.0
1.0986122886681096,1.6796987817459532
0.0,0.0
5.030437921392435,4.840045689586697
0.0,0.0
1.9459101490553128,1.469669556451593
0.0,0.0
0.0,0.0
0.0,0.0
3.5263605246161616,3.5188148406417423
2.079441541679836,2.8940809012564257
3.555348061489413,3.601107195689487
0.0,0.0
0.0,0.0
0.0,0.0
3.49650756146648,3.8607919827533124
3.4339872044851463,4.073523209274386
0.0,0.0
0.0,0.0
1.9459101490553128,2.3814613162604634
3.295836866004329,3.6236550530327754
4.394449154672439,3.6535086124998126
1.0986122886681096,1.322284513626495
0.6931471805599453,1.0136729039335224
0.0,0.0
0.0,0.0
1.3862943611198906,1.6904998351523595
0.0,0.0
0.0,0.0
0.0,0.0
4.653960350157523,4.502528117261093
0.0,0.0
2.639057329615259,2.5358601981713664
0.0,0.0
0.0,0.0
3.6375861597263857,4.438940715119583
2.772588722239781,3.672153788301102
0.0,0.0
0.6931471805599453,1.4199911938212586
0.0,0.0
4.158883083359672,4.139921862898783
4.442651256490317,4.078069066904025
0.0,0.0
1.0986122886681096,1.1889994051979684
1.0986122886681096,0.9348429955567977
2.4849066497880004,2.8909032191553248
0.0,0.0
0.0,0.0
3.367295829986474,3.6497064571879063
0.0,0.0
0.0,0.0
0.0,0.0
0.0,0.0
0.0,0.0
0.0,0.0
0.0,0.0
1.791759469228055,2.1534431659498
4.770684624465665,3.9879102303119627
0.0,0.0
0.6931471805599453,0.8573082039274551
1.0986122886681096,1.0083500228031443
0.0,0.0
1.3862943611198906,1.3471083446679892
0.0,0.0
4.465908118654584,4.411447695942202
3.1780538303479458,3.166485950308669
0.0,0.0
0.0,0.0
0.0,0.0
1.0986122886681096,1.4276482293319313
0.0,0.0
0.0,0.0
4.07753744390572,3.7517252421797713
4.6443908991413725,4.411056992650581
3.8918202981106265,4.2821960927475216
2.70805020110221,2.2383182517911764
0.6931471805599453,0.944846726909154
0.0,0.0
4.174387269895637,3.84355627568118
0.0,0.0
0.0,0.0
0.0,0.0
1.0986122886681096,2.2270977839081514
0.0,0.0
0.0,0.0
1.3862943611198906,0.8146081948936259
2.833213344056216,2.2608013397842415
4.02535169073515,3.5379978477304173
0.0,0.0
3.6635616461296463,3.4583131352230883
3.367295829986474,3.870425637746399
3.4011973816621555,3.0577822350278963
3.688879454113936,3.6502370557992423
4.343805421853684,4.089192541236452
0.0,0.0
0.0,0.0
2.4849066497880004,2.226845957592261
2.3978952727983707,1.428998706395526
3.044522437723423,3.835752767165133
4.04305126783455,2.9757942358182543
0.0,0.0
1.0986122886681096,0.9379493788248234
0.0,0.0
2.19722457733622,1.3398989786767839
0.0,0.0
3.367295829986474,3.7573675105003037
0.0,0.0
3.80666248977032,3.4798955474676934
0.0,0.0
0.0,0.0
3.8918202981106265,4.016210573651805
4.304065093204169,4.431663235716155
0.0,0.0
0.0,0.0
2.70805020110221,2.2116403544082046
0.0,0.0
0.0,0.0
1.6094379124341005,0.8516698649666354
0.0,0.0
0.0,0.0
1.0986122886681096,0.7845118072714453
3.610917912644224,2.2268969909793377
0.0,0.0
0.0,0.0
0.0,0.0
0.0,0.0
5.176149732573829,4.9748930324175555
0.0,0.0
0.0,0.0
1.6094379124341005,1.041286624340444
4.624972813284271,4.620767684412135
0.6931471805599453,1.0976080157635926
0.0,0.0
0.0,0.0
1.0986122886681096,1.536647689592194
0.0,0.0
4.532599493153256,4.292486122718589
0.0,0.0
2.772588722239781,2.240733044751021
0.0,0.0
0.6931471805599453,1.316395703908264
0.0,0.0
0.0,0.0
0.0,0.0
0.0,0.0
1.6094379124341005,1.01027772033486
0.0,0.0
0.0,0.0
1.6094379124341005,1.2910791218908315
0.0,0.0
2.5649493574615367,3.1463919937820037
0.0,0.0
0.0,0.0
0.0,0.0
0.6931471805599453,0.9839336435015776
0.0,0.0
0.0,0.0
0.0,0.0
4.969813299576001,4.352112077076321
0.6931471805599453,0.9892374268927888
1.6094379124341005,1.273732626735844
3.5263605246161616,3.3353611911119567
0.0,0.0
1.0986122886681096,1.4496724653157878
1.0986122886681096,0.9107718050860119
0.0,0.0
0.0,0.0
2.995732273553991,3.662715771035765
0.6931471805599453,0.9128588416637963
4.672828834461906,4.681140833243919
3.784189633918261,3.6537362822636594
0.0,0.0
2.5649493574615367,2.5476360259273623
5.056245805348308,4.734327603310524
2.302585092994046,2.2015898229088573
0.6931471805599453,0.9481010020644157
4.127134385045092,3.1512255124161395
0.0,0.0
0.0,0.0
0.0,0.0
0.0,0.0
0.0,0.0
0.0,0.0
2.302585092994046,2.2805985691581325
5.429345628954441,5.537710441802285
4.859812404361672,4.50940403003087
0.0,0.0
0.0,0.0
1.3862943611198906,1.4978878627992998
2.4849066497880004,2.3604315974973513
4.110873864173311,4.371778062472516
4.3694478524670215,4.273955004199792
0.0,0.0
0.0,0.0
2.302585092994046,2.512540140099767
0.0,0.0
2.639057329615259,2.5584500868118365
0.6931471805599453,1.1189394363683296
0.0,0.0
3.295836866004329,3.5443994954928466
0.0,0.0
0.0,0.0
4.430816798843313,4.087384602010514
1.6094379124341005,1.100080063528936
0.0,0.0
4.8283137373023015,4.172952055097723
0.0,0.0
0.6931471805599453,0.9444658232172783
0.0,0.0
3.1354942159291497,2.6908775867120527
0.0,0.0
0.0,0.0
0.6931471805599453,0.7751483701520536
0.0,0.0
0.0,0.0
5.755742213586912,4.449149972981117
0.0,0.0
0.0,0.0
4.5217885770490405,3.997914958089082
0.0,0.0
0.0,0.0
0.0,0.0
0.0,0.0
1.6094379124341005,0.9622592961746183
4.6443908991413725,4.55668321575461
4.110873864173311,3.8042142727465973
3.6635616461296463,1.6042210826177383
0.0,0.0
0.0,0.0
0.0,0.0
0.0,0.0
4.356708826689592,4.313899638886673
0.0,0.0
1.0986122886681096,1.0776793799667364
4.174387269895637,4.189340608160566
2.19722457733622,1.8754321475970814
1.0986122886681096,1.2181669547641933
0.0,0.0
0.0,0.0
1.6094379124341005,2.058176647501084
2.4849066497880004,2.061810090153857
0.0,0.0
5.298317366548036,5.342674023649441
2.5649493574615367,2.347344779174368
0.0,0.0
0.0,0.0
1.0986122886681096,1.5574301297601592
3.713572066704308,3.8325005842428586
0.0,0.0
0.0,0.0
4.356708826689592,4.2002140079595485
0.6931471805599453,0.8270274375921324
4.543294782270004,4.528048255302152
1.3862943611198906,1.2980766889440765
0.6931471805599453,0.8527866797273996
1.6094379124341005,2.2734171768978264
0.6931471805599453,1.0943725992453501
3.7612001156935615,3.805044650605037
0.0,0.0
0.0,0.0
3.367295829986474,4.053653148405484
1.0986122886681096,1.2000557413723256
0.6931471805599453,1.1533704259630284
0.0,0.0
3.4657359027997265,2.026275565506807
1.3862943611198906,0.8843097253833271
0.0,0.0
0.0,0.0
4.304065093204169,4.109075053103057
0.0,0.0
4.343805421853684,4.193794085844867
0.0,0.0
3.4339872044851463,3.544175568653875
0.0,0.0
4.248495242049359,4.030663388892147
1.0986122886681096,1.500939671100469
4.143134726391533,3.8368977959396706
0.0,0.0
4.77912349311153,4.517839467992485
0.0,0.0
4.23410650459726,4.166648813089642
1.3862943611198906,1.2476889508312698
0.0,0.0
0.0,0.0
0.0,0.0
0.0,0.0
2.833213344056216,3.0464900847963388
0.0,0.0
1.791759469228055,3.4417695721502124
0.6931471805599453,1.201459447127371
2.4849066497880004,2.3303228889530816
4.543294782270004,4.194722848560069
0.0,0.0
1.0986122886681096,1.87694353393331
0.0,0.0
3.58351893845611,3.575157041720581
0.0,0.0
0.0,0.0
1.6094379124341005,1.2381093107049468
0.0,0.0
0.0,0.0
0.0,0.0
0.6931471805599453,0.9393099746808568
0.0,0.0
0.6931471805599453,1.2317258829966276
4.61512051684126,4.853253968965991
0.0,0.0
0.6931471805599453,0.8795032735914939
4.007333185232471,4.074272228991761
1.0986122886681096,1.4711246254474561
1.0986122886681096,1.178984022025505
3.737669618283368,4.172205287923866
0.0,0.0
2.4849066497880004,2.4538572114642236
4.430816798843313,4.377005882481483
4.820281565605037,4.846180394931741
0.6931471805599453,1.0525848201073922
1.0986122886681096,1.104833137114515
0.0,0.0
1.0986122886681096,0.8741478071941313
1.3862943611198906,0.85763142210905
1.0986122886681096,0.9097042268525044
0.0,0.0
1.0986122886681096,0.9112516561416263
3.784189633918261,3.215256823911533
0.0,0.0
0.0,0.0
3.49650756146648,2.7020154471983004
3.5263605246161616,3.858234280377811
4.0943445622221,4.189843338312236
3.784189633918261,2.7485737134077732
0.0,0.0
4.852030263919617,4.9475659648177395
1.3862943611198906,1.1454502501666937
0.0,0.0
0.0,0.0
0.0,0.0
4.248495242049359,4.016429616835599
4.394449154672439,4.056443682673282
0.0,0.0
0.6931471805599453,1.061648630794273
0.0,0.0
0.0,0.0
0.0,0.0
2.302585092994046,3.532921033129292
1.3862943611198906,1.1875333809751418
0.0,0.0
3.970291913552122,3.806591954028587
0.0,0.0
5.1647859739235145,5.089586395066413
0.0,0.0
0.0,0.0
0.0,0.0
1.791759469228055,2.275064818922683
4.382026634673881,4.018176538164315
0.0,0.0
3.737669618283368,3.1659736683476796
3.218875824868201,3.3997982063170236
0.0,0.0
0.0,0.0
0.0,0.0
1.0986122886681096,0.970964392859011
2.3978952727983707,2.1965563120740312
0.0,0.0
0.0,0.0
0.6931471805599453,0.9100786177784269
2.995732273553991,3.1033824150066405
0.0,0.0
3.258096538021482,3.3033855814940476
0.0,0.0
3.9889840465642745,4.088745594323406
0.0,0.0
4.394449154672439,4.342654338582374
3.4657359027997265,3.69236417164414
4.174387269895637,4.300872464338467
0.0,0.0
2.4849066497880004,1.5434204716154378
2.079441541679836,2.5687384771670922
0.0,0.0
0.0,0.0
0.0,0.0
0.6931471805599453,1.0759048022904805
3.258096538021482,3.5631607143598525
0.6931471805599453,0.8285342794799082
0.0,0.0
0.0,0.0
2.3978952727983707,1.8027427336176995
1.0986122886681096,0.9571841585657165
0.0,0.0
0.0,0.0
0.0,0.0
0.0,0.0
0.0,0.0
1.3862943611198906,1.2308926490075371
0.0,0.0
0.0,0.0
0.0,0.0
0.0,0.0
0.0,0.0
0.6931471805599453,0.9468130124713716
0.0,0.0
1.6094379124341005,1.5026156312135521
0.6931471805599453,0.9738661349369069
3.9889840465642745,3.921136704121632
0.0,0.0
0.0,0.0
4.174387269895637,4.127940035912063
0.0,0.0
5.247024072160486,5.152997864894093
0.0,0.0
0.0,0.0
0.0,0.0
1.6094379124341005,1.505553790719411
0.0,0.0
1.6094379124341005,1.2766121160142982
2.079441541679836,1.4419772300319789
0.6931471805599453,0.8812654826414782
0.0,0.0
3.58351893845611,4.074453057009496
3.6635616461296463,3.8237498479216567
0.0,0.0
3.6635616461296463,3.427170537544398
0.6931471805599453,1.0236466618513596
4.330733340286331,4.182709545368474
0.0,0.0
0.0,0.0
0.0,0.0
2.302585092994046,2.072089503105719
0.0,0.0
0.0,0.0
3.332204510175204,3.625521455499778
0.0,0.0
0.0,0.0
0.0,0.0
4.653960350157523,4.542697831147435
0.6931471805599453,0.8834969529112119
0.0,0.0
0.0,0.0
0.0,0.0
4.691347882229144,4.549973997296091
0.0,0.0
0.6931471805599453,1.0063960048363416
0.0,0.0
3.6635616461296463,3.8466491708065123
0.0,0.0
1.6094379124341005,0.9495154132937579
0.0,0.0
0.0,0.0
5.087596335232384,5.4455993251755945
0.0,0.0
0.0,0.0
3.8712010109078903,4.387395251684957
0.6931471805599453,1.304654576139023
0.6931471805599453,0.9865871690825172
0.0,0.0
2.9444389791664403,3.104112428000202
4.290459441148391,3.584297703507242
3.332204510175204,3.1635444905608905
0.0,0.0
3.828641396489095,3.6557180188059686
0.0,0.0
0.0,0.0
0.0,0.0
4.204692619390966,4.1023366252828275
0.6931471805599453,0.8715758464623988
0.6931471805599453,0.8651016888736561
0.6931471805599453,0.9721698123123237
0.0,0.0
2.302585092994046,1.5523664420587684
0.0,0.0
0.0,0.0
0.0,0.0
0.0,0.0
4.304065093204169,4.3193059476823645
1.0986122886681096,1.1211628809075085
0.0,0.0
0.0,0.0
0.0,0.0
1.0986122886681096,1.6337432239389071
3.9318256327243257,3.955064773331892
1.0986122886681096,1.0050391346952194
0.0,0.0
0.0,0.0
5.2832037287379885,5.175346390241032
0.0,0.0
0.0,0.0
0.0,0.0
0.0,0.0
4.543294782270004,4.314024883625084
2.302585092994046,2.283269121030878
2.5649493574615367,2.027988890440904
0.0,0.0
2.19722457733622,2.3783073555026992
0.6931471805599453,1.466309685402564
0.0,0.0
0.0,0.0
0.6931471805599453,1.0668502553361776
0.0,0.0
3.7612001156935615,3.494572513516996
4.219507705176107,4.404682203389493
3.7612001156935615,3.551845143376766
0.0,0.0
2.639057329615259,1.6929209924934114
0.6931471805599453,0.8334652151100086
0.0,0.0
0.0,0.0
0.0,0.0
4.867534450455582,4.6949982167264555
4.07753744390572,4.022117435241619
0.0,0.0
3.784189633918261,3.583655960735196
0.0,0.0
0.6931471805599453,1.0741108892418512
1.3862943611198906,1.3388734966343847
4.3694478524670215,3.242299093071448
0.0,0.0
3.737669618283368,3.2446732654987556
2.995732273553991,2.9438819467322013
4.23410650459726,4.311729358967041
0.0,0.0
0.0,0.0
4.553876891600541,4.322798057051596
0.0,0.0
3.828641396489095,4.224611626744984
0.0,0.0
1.0986122886681096,1.6032284047428853
4.406719247264253,4.2776411804996375
0.0,0.0
1.791759469228055,1.4477767053427097
0.0,0.0
0.0,0.0
3.091042453358316,2.8231085623359373
4.465908118654584,4.538311030162426
2.3978952727983707,1.9198881064785132
0.0,0.0
1.0986122886681096,1.438437342620986
3.5263605246161616,4.237254753917969
0.0,0.0
1.0986122886681096,2.104234933038216
0.0,0.0
0.0,0.0
3.6635616461296463,4.079598040930712
0.0,0.0
3.737669618283368,3.950118773556456
2.70805020110221,2.343302522266946
0.0,0.0
1.0986122886681096,1.323862093538163
0.0,0.0
0.0,0.0
2.5649493574615367,2.2194195334493694
4.61512051684126,4.67339725164464
3.091042453358316,3.097709967681711
0.0,0.0
4.5217885770490405,4.753317293852146
1.0986122886681096,1.009204461163913
0.0,0.0
1.3862943611198906,0.7983022438388074
4.948759890378168,4.212300174275696
4.430816798843313,4.357714105601462
2.302585092994046,2.099624020956925
5.19295685089021,5.532960510246346
0.0,0.0
4.736198448394496,4.591024716055353
0.0,0.0
0.6931471805599453,1.7145820129932434
4.969813299576001,5.221620965951932
0.0,0.0
0.0,0.0
0.0,0.0
0.0,0.0
3.688879454113936,3.303697411414275
0.0,0.0
2.079441541679836,2.613960137542263
3.218875824868201,3.2994063405384657
2.8903717578961645,3.0882683723283226
3.4011973816621555,1.856505973706909
3.218875824868201,3.218528560658864
2.639057329615259,2.9390499933605447
0.0,0.0
4.912654885736052,5.221853930845655
0.0,0.0
3.367295829986474,3.280650591160178
0.0,0.0
0.0,0.0
0.0,0.0
0.0,0.0
3.80666248977032,3.5303083553689634
2.5649493574615367,3.5913595016754867
0.0,0.0
1.0986122886681096,1.202692908455819
3.737669618283368,3.3538451089182297
4.983606621708336,5.353121815695129
1.0986122886681096,1.0613198553503598
5.375278407684165,5.191784052863524
0.0,0.0
3.9318256327243257,3.315742862434646
0.0,0.0
3.49650756146648,3.1157011579625866
2.772588722239781,2.598096260643486
5.176149732573829,5.035549623641011
0.0,0.0
0.0,0.0
0.0,0.0
3.1354942159291497,1.57279227899264
0.0,0.0
0.0,0.0
1.0986122886681096,0.8112448521896088
0.0,0.0
0.0,0.0
4.8283137373023015,4.932437731087517
0.0,0.0
3.4657359027997265,3.954076865314513
0.0,0.0
1.0986122886681096,1.1567421633293944
3.6635616461296463,3.408445589985643
3.951243718581428,3.900374058580123
4.454347296253507,4.211141221842135
0.0,0.0
1.0986122886681096,1.2161232727159914
3.091042453358316,3.9604433314773746
3.4657359027997265,3.599912229669776
0.0,0.0
3.7612001156935615,3.8769404580299245
0.0,0.0
0.0,0.0
0.0,0.0
0.0,0.0
3.4657359027997265,3.6289043931974585
0.0,0.0
4.290459441148391,4.115588288766711
4.07753744390572,3.4700685626431933
0.0,0.0
4.060443010546419,4.122949606424973
1.0986122886681096,0.9629131065345878
0.0,0.0
2.079441541679836,2.3543480403602577
4.007333185232471,4.152118068410609
2.079441541679836,1.0830324014939905
0.6931471805599453,0.999658335730669
0.0,0.0
1.3862943611198906,0.8468805229067506
0.0,0.0
4.442651256490317,4.769135163205352
0.0,0.0
4.276666119016055,3.956554578668021
0.0,0.0
0.0,0.0
4.204692619390966,4.1135462717014635
1.0986122886681096,0.9656846218356298
0.0,0.0
2.8903717578961645,2.619899003841718
0.0,0.0
0.0,0.0
0.0,0.0
1.3862943611198906,1.4462687063950863
3.6635616461296463,3.5598875575628
0.0,0.0
3.367295829986474,3.4725115736816123
0.0,0.0
3.4339872044851463,3.6408759307067475
0.0,0.0
0.6931471805599453,0.9771319323033255
0.0,0.0
3.58351893845611,3.9062260414326913
0.0,0.0
4.02535169073515,3.946713151466328
0.0,0.0
0.0,0.0
0.0,0.0
1.0986122886681096,1.518296169660317
3.4657359027997265,3.1057287345499374
4.691347882229144,4.239951941741376
4.23410650459726,4.227521958011152
1.9459101490553128,2.2438757235609668
4.219507705176107,5.068299975547176
0.6931471805599453,1.0859435023801511
3.713572066704308,3.7070279242962583
0.0,0.0
4.61512051684126,4.439448181019701
0.0,0.0
0.0,0.0
0.0,0.0
5.298317366548036,4.5384656199718805
0.0,0.0
1.6094379124341005,1.4781317732149324
3.9889840465642745,4.1311261821109975
0.0,0.0
0.0,0.0
0.0,0.0
0.0,0.0
4.31748811353631,4.437961843395859
4.48863636973214,4.328001585073371
0.0,0.0
4.532599493153256,4.195514092591824
2.833213344056216,3.7563186640125767
4.04305126783455,4.205892545262659
4.418840607796598,4.842640399767148
3.367295829986474,3.328800182963766
4.304065093204169,4.143993820007464
0.0,0.0
0.0,0.0
3.218875824868201,3.3589711657745527
0.6931471805599453,0.9518218308475679
0.0,0.0
4.68213122712422,4.606595620000789
0.0,0.0
3.091042453358316,2.9612634772475546
5.4638318050256105,5.502206294092311
0.0,0.0
4.110873864173311,4.278349022091785
3.6635616461296463,3.901275515546859
0.0,0.0
0.0,0.0
3.784189633918261,3.9377086039313736
0.6931471805599453,0.8991422050161522
0.0,0.0
0.0,0.0
4.634728988229636,4.403349284385997
4.6443908991413725,4.6547087966038365
2.302585092994046,2.040387411697521
1.3862943611198906,1.4331628932713307
0.0,0.0
0.6931471805599453,1.1724869652362464
1.791759469228055,1.5538055430366526
0.6931471805599453,0.8526260539617182
4.77912349311153,4.686794027519606
0.6931471805599453,1.4601551698738873
3.828641396489095,3.495827566945823
0.0,0.0
0.0,0.0
0.0,0.0
0.0,0.0
0.0,0.0
1.0986122886681096,1.2989851126441143
0.0,0.0
5.484796933490655,5.555118478617981
4.68213122712422,4.215523954512507
4.276666119016055,3.998429823831217
5.181783550292085,4.8915584890598485
4.0943445622221,3.7584343164161735
1.0986122886681096,0.77329435716107
0.0,0.0
1.0986122886681096,0.8816371630610123
1.9459101490553128,0.974748074972445
0.0,0.0
0.0,0.0
0.0,0.0
0.0,0.0
0.0,0.0
0.0,0.0
0.0,0.0
0.0,0.0
5.613128106388071,5.439692363394326
0.0,0.0
0.0,0.0
1.791759469228055,2.0804510469334754
1.0986122886681096,1.4908785309181507
0.0,0.0
0.0,0.0
3.091042453358316,3.9637261465134266
4.0943445622221,4.090294314631398
0.6931471805599453,1.1015932977407956
0.0,0.0
0.0,0.0
4.890349128221754,4.241231419827475
2.5649493574615367,3.5675500854573285
3.4657359027997265,4.043756483218263
0.0,0.0
4.07753744390572,3.6337997124365757
4.3694478524670215,4.160624485417933
0.0,0.0
3.4339872044851463,3.505558284640466
4.543294782270004,4.024854860558742
3.49650756146648,3.397324560237582
2.8903717578961645,2.9630724246623674
0.0,0.0
1.0986122886681096,0.8875171839569211
0.0,0.0
3.80666248977032,4.038011259795899
3.044522437723423,1.8636543870063706
0.0,0.0
5.049856007249537,4.602277023550351
0.0,0.0
2.772588722239781,2.411398290155511
1.6094379124341005,2.884944952646214
2.833213344056216,2.0006505260415937
2.302585092994046,1.4182019485646649
0.6931471805599453,1.0695507697528577
0.6931471805599453,0.9620109828780734
0.0,0.0
4.6443908991413725,4.538431663957123
0.0,0.0
0.6931471805599453,1.304453978125687
5.198497031265826,4.557548104613507
0.0,0.0
0.0,0.0
4.890349128221754,4.754702824203112
1.3862943611198906,1.4755459787399383
4.5217885770490405,4.520718101312903
0.0,0.0
0.0,0.0
1.0986122886681096,0.9822210143865767
0.0,0.0
4.59511985013459,4.300726665276743
0.0,0.0
4.248495242049359,4.0684156480849705
2.639057329615259,2.8887851981224473
0.0,0.0
2.5649493574615367,2.6081837565528105
0.0,0.0
2.4849066497880004,3.258472334820242
5.267858159063328,5.222000118669508
0.0,0.0
0.0,0.0
0.0,0.0
0.0,0.0
4.787491742782046,4.6542058697745485
5.575949103146316,5.554227147244288
3.332204510175204,3.6175023088938643
3.091042453358316,2.7443749704544302
0.0,0.0
0.0,0.0
0.6931471805599453,0.9715913631554546
2.302585092994046,2.6569305697934595
0.0,0.0
0.0,0.0
0.0,0.0
3.7612001156935615,3.701446476703916
4.23410650459726,4.2433132408815535
2.833213344056216,3.5464154688955976
0.0,0.0
4.454347296253507,4.153446597363829
0.0,0.0
2.4849066497880004,2.9830288253709027
2.19722457733622,2.5747293683201713
3.610917912644224,3.635406638016568
0.0,0.0
0.6931471805599453,1.0746267877791262
3.555348061489413,3.672896663882345
0.0,0.0
0.0,0.0
1.791759469228055,0.941179712925136
0.6931471805599453,0.914110607175281
0.0,0.0
1.0986122886681096,1.1568502548074235
4.7535901911063645,4.612347689917937
0.0,0.0
4.442651256490317,4.497417560085687
5.068904202220232,4.841716556720137
1.3862943611198906,1.3779095932884866
4.248495242049359,3.8569527177646408
0.6931471805599453,0.8265637525350306
0.0,0.0
0.0,0.0
0.0,0.0
4.564348191467836,3.777788523612634
0.0,0.0
1.791759469228055,1.489684907996859
0.6931471805599453,1.5851165443817825
3.80666248977032,3.5387277927063825
4.02535169073515,3.7064015807732233
2.639057329615259,3.740249940771286
3.737669618283368,4.1007531081504505
0.0,0.0
0.0,0.0
0.0,0.0
0.0,0.0
0.0,0.0
0.0,0.0
3.044522437723423,3.37833526969796
1.0986122886681096,0.8866733542063103
0.0,0.0
0.0,0.0
1.0986122886681096,0.9615304508711557
1.3862943611198906,0.945096761865361
4.262679877041316,4.277190247327741
0.0,0.0
0.0,0.0
0.0,0.0
4.343805421853684,4.147981610098836
4.406719247264253,3.8744576930496324
0.0,0.0
0.0,0.0
0.6931471805599453,1.6524078958729875
1.0986122886681096,1.826018226630957
2.079441541679836,2.1801522565783014
0.0,0.0
3.044522437723423,3.305688305009777
0.0,0.0
4.158883083359672,4.434859213059256
0.6931471805599453,0.8763319565650266
0.0,0.0
4.007333185232471,3.748178131567041
4.919980925828125,4.3282656639558725
0.0,0.0
3.7612001156935615,3.5510375366709206
4.890349128221754,4.886131145464858
0.0,0.0
0.0,0.0
1.0986122886681096,1.2525033820155376
0.0,0.0
0.0,0.0
3.258096538021482,3.2111235030334253
1.6094379124341005,1.1868704863205932
0.6931471805599453,0.7233817341966448
0.6931471805599453,1.2083408501017288
0.0,0.0
3.8918202981106265,4.064068593411771
1.6094379124341005,1.6151947322145443
0.0,0.0
0.0,0.0
0.0,0.0
0.0,0.0
0.0,0.0
0.0,0.0
0.6931471805599453,0.8698597571243489
1.0986122886681096,0.9094474046312839
0.0,0.0
0.0,0.0
2.772588722239781,2.599830819606081
1.791759469228055,2.1029267078839804
4.007333185232471,4.20759056215042
4.77912349311153,4.522976081254336
2.833213344056216,2.7206581159335146
3.1354942159291497,3.0505215850526093
1.3862943611198906,1.0882071376898064
0.0,0.0
1.3862943611198906,1.4650317487824052
3.4339872044851463,3.916022487812666
3.828641396489095,3.7555021688380505
0.0,0.0
0.0,0.0
1.791759469228055,0.8739834431166319
0.0,0.0
0.0,0.0
0.6931471805599453,0.8347224103293559
0.0,0.0
0.0,0.0
0.6931471805599453,1.0483444165915266
5.308267697401205,4.463288228917628
5.153291594497779,5.2555078891878955
3.9318256327243257,4.1876312014651385
0.6931471805599453,0.713934720872483
0.0,0.0
0.6931471805599453,0.8934468864644216
3.970291913552122,4.059763910999802
0.0,0.0
0.6931471805599453,1.2220479576221175
4.07753744390572,3.316032213158924
0.0,0.0
4.564348191467836,4.5106669364323535
0.0,0.0
3.7612001156935615,4.549244402100112
3.688879454113936,4.263884357042444
3.1354942159291497,3.3554735629969175
0.0,0.0
0.0,0.0
4.691347882229144,4.752387900174438
0.6931471805599453,1.3198625987116128
3.912023005428146,3.9203454711594623
0.0,0.0
1.0986122886681096,1.7636144080207083
2.70805020110221,2.5353759724908103
0.0,0.0
0.0,0.0
0.0,0.0
3.1780538303479458,3.135376618905895
3.258096538021482,2.749415773536622
5.1298987149230735,5.18908608498677
0.0,0.0
1.0986122886681096,0.7682110922051315
0.6931471805599453,0.9870057628426292
5.267858159063328,5.226245989551968
0.0,0.0
4.454347296253507,4.784842684017644
4.356708826689592,4.170744745964544
0.6931471805599453,1.1235444123964082
3.8712010109078903,3.4223262020445357
3.1780538303479458,2.928909667053535
0.0,0.0
0.0,0.0
3.9318256327243257,4.0827402235065975
2.8903717578961645,3.144688771631755
0.0,0.0
0.0,0.0
1.6094379124341005,2.408839610917089
1.0986122886681096,1.143502750343215
3.8918202981106265,3.5450916633963185
4.653960350157523,4.488123121436021
0.0,0.0
1.0986122886681096,1.0758285486925505
2.4849066497880004,1.46879061867893
2.19722457733622,1.0359944801262335
0.0,0.0
3.784189633918261,3.6751155217635993
4.204692619390966,4.220732131618903
0.0,0.0
0.0,0.0
0.6931471805599453,0.8371513345449544
0.0,0.0
3.5263605246161616,3.3985695366601036
1.0986122886681096,1.0643787244836702
0.0,0.0
0.0,0.0
3.295836866004329,3.5507132045748846
2.19722457733622,1.5754008255442593
5.056245805348308,4.546278254223329
0.0,0.0
0.0,0.0
0.0,0.0
0.0,0.0
3.1354942159291497,3.281383213177579
2.833213344056216,2.6969957655851995
4.07753744390572,4.007552877217337
0.0,0.0
1.791759469228055,1.9870599203648232
0.6931471805599453,1.1387471428518294
4.007333185232471,3.534050812468968
3.58351893845611,3.7470337447655817
0.0,0.0
2.9444389791664403,2.852602776425048
1.0986122886681096,0.9775456193654719
3.4011973816621555,3.331495618258292
0.0,0.0
3.58351893845611,3.8505382181681282
0.0,0.0
1.6094379124341005,1.145595642814331
0.0,0.0
0.0,0.0
3.9889840465642745,3.5679364925970005
1.0986122886681096,0.973532494064917
0.6931471805599453,0.9716231160796487
0.0,0.0
3.6635616461296463,3.6461572206114634
0.0,0.0
4.787491742782046,3.957271558185431
1.0986122886681096,1.015579836754611
0.0,0.0
0.0,0.0
0.0,0.0
0.0,0.0
0.0,0.0
0.0,0.0
4.653960350157523,3.826303997563161
0.0,0.0
0.0,0.0
3.784189633918261,3.245707506321704
2.772588722239781,2.6442894041064595
0.0,0.0
0.6931471805599453,0.8141322318490792
1.791759469228055,1.3363772456553218
4.770684624465665,4.9848693859356
0.0,0.0
0.0,0.0
1.0986122886681096,1.2142189470092206
1.0986122886681096,0.9081042654815823
1.0986122886681096,0.8801694412937379
0.6931471805599453,0.9080399116193738
3.258096538021482,3.8187047681739346
2.302585092994046,1.752489538826297
0.0,0.0
3.784189633918261,3.795570988568152
4.553876891600541,4.540945993181328
0.0,0.0
5.241747015059643,5.255186080847202
4.406719247264253,4.401153814750685
1.3862943611198906,1.7105712491921827
1.0986122886681096,1.1156521592432949
0.0,0.0
5.0238805208462765,4.556406242333134
0.0,0.0
1.0986122886681096,1.0998560380645332
0.0,0.0
4.564348191467836,4.432352012048726
0.6931471805599453,1.0042204575173646
0.0,0.0
0.0,0.0
1.0986122886681096,1.336961748242534
0.0,0.0
4.02535169073515,4.253012437003243
3.713572066704308,4.222817801064807
4.248495242049359,4.317209549702273
0.0,0.0
0.0,0.0
0.0,0.0
0.0,0.0
0.0,0.0
0.6931471805599453,0.8819925102189393
0.0,0.0
0.0,0.0
3.951243718581428,3.871983442398471
0.0,0.0
3.951243718581428,4.065675725341618
0.0,0.0
0.0,0.0
0.6931471805599453,0.9667087786651146
0.0,0.0
0.0,0.0
0.0,0.0
0.0,0.0
0.6931471805599453,1.4240712517388192
0.0,0.0
0.0,0.0
3.367295829986474,3.3782224520563817
0.0,0.0
0.0,0.0
3.784189633918261,3.874106893959101
0.0,0.0
0.6931471805599453,0.9122907609802001
2.4849066497880004,1.4832917329703563
1.791759469228055,1.829951190009628
0.0,0.0
0.0,0.0
1.791759469228055,1.9805317189827147
2.9444389791664403,2.9836065962134075
0.0,0.0
0.6931471805599453,0.9270790302685534
0.0,0.0
0.0,0.0
2.772588722239781,2.350798179040275
0.0,0.0
3.6635616461296463,3.4184028654394574
2.8903717578961645,2.322507569776813
0.0,0.0
1.9459101490553128,2.8356145737330625
0.0,0.0
4.060443010546419,4.467125982357211
0.0,0.0
4.007333185232471,4.063567128199892
0.6931471805599453,0.9182694199610114
0.0,0.0
0.0,0.0
0.0,0.0
4.48863636973214,3.8488799542306085
0.0,0.0
1.791759469228055,1.6459323467170888
0.0,0.0
0.0,0.0
4.543294782270004,4.371900439102473
0.0,0.0
0.0,0.0
4.61512051684126,4.680730053735296
2.5649493574615367,2.046801195862894
0.0,0.0
0.0,0.0
1.0986122886681096,0.8750847214309577
0.0,0.0
0.0,0.0
0.6931471805599453,0.9298717420612712
1.6094379124341005,1.9943703559040693
0.6931471805599453,0.9329439038421635
0.0,0.0
3.8918202981106265,4.08731104066837
0.0,0.0
3.58351893845611,3.741420229486752
0.0,0.0
1.9459101490553128,1.9236985696574427
3.044522437723423,3.2842046691663427
0.0,0.0
0.0,0.0
2.639057329615259,2.6185263665866203
3.8712010109078903,4.157414380878012
0.0,0.0
0.6931471805599453,1.1305967551644218
2.772588722239781,1.9918492100208869
4.51085950651685,4.591936406741715
3.7612001156935615,3.932165145100842
3.58351893845611,3.4165460718337743
1.3862943611198906,1.2686680861098656
0.6931471805599453,1.0288332989600142
0.0,0.0
0.0,0.0
0.0,0.0
0.6931471805599453,1.0570115669825078
0.0,0.0
1.9459101490553128,2.2798870520235743
0.0,0.0
0.6931471805599453,0.7410274445364482
2.19722457733622,2.366473495923899
1.0986122886681096,1.080193840015013
0.0,0.0
0.6931471805599453,0.9055786790075442
0.0,0.0
0.0,0.0
1.0986122886681096,1.1031544494401562
0.0,0.0
1.0986122886681096,1.1880866773293162
0.0,0.0
2.079441541679836,1.3919340891399472
0.0,0.0
2.079441541679836,2.6510931179833723
0.0,0.0
0.0,0.0
3.5263605246161616,3.3819057381161115
2.639057329615259,3.3673256416906145
3.1780538303479458,3.3817742090270415
1.0986122886681096,1.006100365678581
0.0,0.0
2.19722457733622,2.2090559150597686
3.610917912644224,3.8179820756085086
0.0,0.0
0.0,0.0
2.5649493574615367,2.4164038620533264
0.0,0.0
0.0,0.0
4.248495242049359,4.15520234154283
3.49650756146648,3.9271261478389126
0.0,0.0
4.430816798843313,4.1475172943700205
0.0,0.0
0.0,0.0
0.0,0.0
0.0,0.0
0.0,0.0
0.0,0.0
0.0,0.0
3.737669618283368,3.5583382033086504
0.0,0.0
0.0,0.0
3.9889840465642745,3.929639305768581
0.0,0.0
0.0,0.0
3.8501476017100575,3.8489608120913976
0.6931471805599453,0.9853426384035179
3.295836866004329,3.5961602839891214
0.0,0.0
3.713572066704308,3.8499365902174323
0.0,0.0
2.9444389791664403,3.425073688789044
2.5649493574615367,1.9894186084815915
4.51085950651685,4.256256461000195
0.0,0.0
0.0,0.0
0.6931471805599453,1.0279139805417743
1.791759469228055,1.786139779727975
1.6094379124341005,1.6746255307627664
0.0,0.0
0.0,0.0
0.0,0.0
3.828641396489095,4.160827000625508
0.0,0.0
0.6931471805599453,1.263144209329956
0.0,0.0
0.0,0.0
4.330733340286331,4.488577797330613
2.9444389791664403,2.4949544698940285
2.302585092994046,3.4515418296975415
0.0,0.0
4.31748811353631,4.55962574207606
3.58351893845611,3.761003764646134
0.0,0.0
1.9459101490553128,2.12600485348417
0.0,0.0
0.6931471805599453,1.3167118616533708
2.4849066497880004,3.7872736182575846
0.0,0.0
1.0986122886681096,1.8649420481813686
0.0,0.0
0.0,0.0
0.0,0.0
3.555348061489413,3.464760156480417
3.951243718581428,3.7441852098268766
4.0943445622221,3.5309853072070068
0.0,0.0
0.0,0.0
2.995732273553991,2.9280544300802713
0.0,0.0
2.19722457733622,2.0436578070618054
4.219507705176107,4.250061986004068
0.0,0.0
3.610917912644224,3.87904166773864
0.6931471805599453,1.082942875533886
1.0986122886681096,0.9901196379275349
0.0,0.0
0.0,0.0
3.912023005428146,4.185442609713736
0.0,0.0
2.70805020110221,2.4898093593829183
2.079441541679836,1.5776429508604233
0.0,0.0
3.9318256327243257,3.615088307741147
0.6931471805599453,1.0065236974214482
4.477336814478207,4.680174957254294
0.0,0.0
0.0,0.0
4.174387269895637,4.285048763250276
0.0,0.0
0.0,0.0
0.0,0.0
0.0,0.0
4.304065093204169,4.027087104778897
0.0,0.0
3.1780538303479458,3.174326643350335
0.6931471805599453,0.8142435490060125
2.8903717578961645,2.94962188626283
1.0986122886681096,1.0717083178503608
4.304065093204169,3.838039646925266
3.8501476017100575,4.040748242972655
4.204692619390966,4.000255185954205
0.0,0.0
0.0,0.0
2.70805020110221,2.91305060220264
0.0,0.0
0.0,0.0
4.343805421853684,4.397167339682358
0.0,0.0
0.0,0.0
0.6931471805599453,1.9457760394238215
0.0,0.0
0.0,0.0
0.0,0.0
0.0,0.0
0.0,0.0
0.0,0.0
0.6931471805599453,1.4177529279352656
0.0,0.0
0.0,0.0
0.0,0.0
3.912023005428146,3.813226513956254
0.6931471805599453,1.0698446111941902
3.828641396489095,3.8620076474582636
0.0,0.0
0.0,0.0
1.0986122886681096,1.3035511116975236
4.04305126783455,3.868236680164512
0.0,0.0
0.0,0.0
0.0,0.0
2.302585092994046,2.2636571631813123
0.0,0.0
5.288267030694535,5.3987849286606515
0.0,0.0
4.330733340286331,4.156445625568239
4.418840607796598,4.557357335680366
0.0,0.0
4.430816798843313,4.18924690086494
2.19722457733622,2.1236322982932627
0.0,0.0
0.6931471805599453,1.1597968232381972
0.6931471805599453,0.9227455997479781
0.0,0.0
1.0986122886681096,1.3236727545214375
0.0,0.0
4.219507705176107,3.8701193482377065
1.0986122886681096,1.5192247015598808
0.0,0.0
0.0,0.0
0.0,0.0
0.0,0.0
1.0986122886681096,1.0951350562856492
0.0,0.0
3.8501476017100575,3.3029614945507597
0.0,0.0
0.0,0.0
0.0,0.0
0.0,0.0
0.0,0.0
3.4657359027997265,4.242597435063299
3.9318256327243257,4.092855490205929
5.480638923341991,5.3779001455454525
0.0,0.0
0.0,0.0
2.302585092994046,2.2097059457342203
0.0,0.0
0.0,0.0
0.0,0.0
0.0,0.0
3.1354942159291497,3.5494780650245064
4.127134385045092,3.959356588485127
1.0986122886681096,1.5708956776586291
1.0986122886681096,0.8673994161067436
3.4339872044851463,2.904378394018949
2.079441541679836,2.571266500806908
0.0,0.0
3.295836866004329,3.460036644146297
2.639057329615259,3.0060369635240716
0.0,0.0
0.6931471805599453,1.6106801956923524
4.007333185232471,4.434738119774889
0.0,0.0
4.875197323201151,4.799641189148776
5.117993812416755,5.3039442309933325
0.0,0.0
4.691347882229144,4.530174270633982
0.0,0.0
0.0,0.0
5.501258210544727,5.452988449895753
0.6931471805599453,2.0366659697994622
0.0,0.0
0.0,0.0
0.0,0.0
3.4339872044851463,3.760098961426037
4.543294782270004,4.171049868035095
0.0,0.0
2.079441541679836,1.5756831347796685
0.0,0.0
4.48863636973214,3.9586944212509056
0.6931471805599453,1.1530254043008528
5.402677381872279,5.191738420652813
3.7612001156935615,3.526580072152637
0.0,0.0
0.0,0.0
4.143134726391533,4.193204422871767
0.0,0.0
0.0,0.0
0.0,0.0
2.8903717578961645,3.300425819319258
0.0,0.0
0.0,0.0
0.0,0.0
1.6094379124341005,2.432848632464032
0.0,0.0
0.0,0.0
0.0,0.0
3.9318256327243257,3.8146953610577987
0.0,0.0
3.688879454113936,3.5411424580636606
1.0986122886681096,1.5169471443306861
0.0,0.0
3.8918202981106265,4.401470946595522
0.0,0.0
3.80666248977032,3.778709614484184
3.49650756146648,3.7642192734616584
0.0,0.0
4.110873864173311,3.8918786168507298
0.0,0.0
4.31748811353631,4.295132890281526
2.8903717578961645,2.089030585053761
4.262679877041316,4.624148077940027
2.079441541679836,1.6632451114410307
1.0986122886681096,0.9010803227404542
4.59511985013459,4.515940248720169
1.0986122886681096,1.408317056928341
3.4339872044851463,3.9794522802222287
0.0,0.0
2.5649493574615367,2.548129678403283
0.0,0.0
2.302585092994046,3.880940320523274
0.0,0.0
0.0,0.0
3.9889840465642745,4.119502603869344
0.0,0.0
3.8918202981106265,4.258522089602469
0.0,0.0
0.6931471805599453,1.363361323632352
0.0,0.0
4.6443908991413725,4.656615171653072
0.0,0.0
0.0,0.0
0.6931471805599453,0.8576102751715622
0.0,0.0
0.0,0.0
3.8712010109078903,3.475084297016687
0.0,0.0
3.1780538303479458,3.6916568234848652
0.0,0.0
0.0,0.0
5.030437921392435,4.501149652552054
0.0,0.0
0.0,0.0
4.68213122712422,4.597038633584344
4.406719247264253,4.707946950119479
0.0,0.0
1.6094379124341005,0.99301176956277
4.454347296253507,4.135119532140356
1.9459101490553128,2.2605206684416035
0.0,0.0
3.951243718581428,3.8361308870334963
0.6931471805599453,1.0432460716315535
1.0986122886681096,1.2005550306423536
1.6094379124341005,1.5644548226544865
0.0,0.0
0.0,0.0
3.828641396489095,4.030592300047631
3.1354942159291497,2.9702813981289196
2.4849066497880004,2.765060733233918
4.564348191467836,4.354942187196597
4.330733340286331,4.495037999766935
2.9444389791664403,3.4837974205295086
4.394449154672439,4.357462345652091
0.0,0.0
0.0,0.0
3.091042453358316,3.0318580577361205
4.23410650459726,4.238238739686479
0.0,0.0
0.0,0.0
3.58351893845611,3.175601061420986
0.0,0.0
0.0,0.0
0.0,0.0
4.04305126783455,3.6858104540770915
0.6931471805599453,0.9695532730864902
0.0,0.0
0.0,0.0
3.610917912644224,3.4411325964102293
2.639057329615259,2.8855467565466864
0.0,0.0
4.875197323201151,4.781636105809536
4.007333185232471,4.565891949026339
1.0986122886681096,1.4850444123129598
1.6094379124341005,1.330312693038342
0.0,0.0
0.0,0.0
3.218875824868201,2.8241193619923917
1.9459101490553128,1.901293623173748
0.0,0.0
4.442651256490317,3.7387688096681946
0.6931471805599453,0.8077814479811332
0.0,0.0
4.3694478524670215,4.0855285477404255
4.718498871295094,4.5867106612562045
4.51085950651685,4.218129353551945
1.791759469228055,1.8620290295105597
4.330733340286331,4.273104627623703
0.0,0.0
0.6931471805599453,1.265226234900323
4.844187086458591,4.699461159459667
0.0,0.0
0.6931471805599453,0.8785583866107807
4.110873864173311,4.312558512093014
2.639057329615259,2.5257643388016264
0.0,0.0
0.6931471805599453,1.274118248882419
2.3978952727983707,2.800609802610062
0.6931471805599453,0.9557390495873418
2.833213344056216,2.6843376502309666
2.9444389791664403,3.1837304170249108
1.0986122886681096,0.9717408517067121
1.0986122886681096,1.1193075825682959
3.044522437723423,3.4522854086206602
4.204692619390966,3.8232136522273152
0.0,0.0
0.0,0.0
0.0,0.0
4.653960350157523,3.821656584460487
4.605170185988092,4.573231089652669
0.6931471805599453,1.5778003956415083
0.0,0.0
2.772588722239781,2.72604353465476
1.0986122886681096,0.8556967032671335
1.6094379124341005,1.5850836957216674
1.3862943611198906,1.4081400424716997
0.0,0.0
0.0,0.0
4.189654742026425,4.009715746365577
4.127134385045092,4.210796512791195
0.0,0.0
1.0986122886681096,1.7656609825436524
3.295836866004329,3.3720761321610535
5.19295685089021,4.833847365951526
3.6375861597263857,3.8655185886117933
3.9318256327243257,3.9748434036291553
0.0,0.0
0.0,0.0
1.3862943611198906,1.1725894948050835
4.127134385045092,3.969836779066124
4.418840607796598,4.7296611043234655
0.0,0.0
0.0,0.0
1.9459101490553128,1.8445829962573561
4.787491742782046,4.586495687311512
0.0,0.0
0.0,0.0
1.0986122886681096,1.8336385971091749
0.0,0.0
2.4849066497880004,3.9171632006074653
5.2574953720277815,4.390759882851026
0.0,0.0
4.736198448394496,3.498450651930442
3.091042453358316,3.8151883940880675
0.0,0.0
1.9459101490553128,2.4384284649028216
2.772588722239781,3.2648148387368536
4.634728988229636,4.274152056438939
3.80666248977032,3.606925967996438
0.6931471805599453,0.8342811790743265
0.0,0.0
0.0,0.0
2.8903717578961645,2.907736969003182
3.784189633918261,4.271657066749821
0.0,0.0
5.332718793265369,5.070698947598019
3.9318256327243257,3.5914405932137976
0.0,0.0
0.0,0.0
0.6931471805599453,2.7503403247661127
0.0,0.0
0.0,0.0
2.995732273553991,2.805037913457048
3.4011973816621555,3.7348991614524163
3.044522437723423,3.1463241573300014
0.0,0.0
4.394449154672439,4.278590224582827
3.5263605246161616,3.824263016082282
4.382026634673881,3.270173631276965
0.0,0.0
2.639057329615259,2.375825540342963
4.276666119016055,4.263323327250438
1.0986122886681096,1.217003907555618
0.0,0.0
0.0,0.0
1.3862943611198906,1.0104370240296392
0.0,0.0
5.099866427824199,5.012396623549742
0.6931471805599453,1.007109510153412
2.079441541679836,2.277872310386115
0.0,0.0
0.0,0.0
1.3862943611198906,0.8756748430304055
0.0,0.0
0.0,0.0
0.0,0.0
3.713572066704308,4.098475165141176
3.295836866004329,3.3820424624535703
4.430816798843313,4.644719435031124
1.0986122886681096,0.9178283395039954
2.70805020110221,1.8114376175577247
3.6635616461296463,3.202717834949898
0.0,0.0
1.6094379124341005,1.5456266408662374
0.6931471805599453,0.8451233514185565
0.6931471805599453,1.0541833346710494
0.0,0.0
0.0,0.0
1.9459101490553128,2.585468270667272
4.61512051684126,4.746178504478442
0.0,0.0
3.4657359027997265,3.339328907389273
0.0,0.0
0.0,0.0
0.6931471805599453,1.9044610505450168
1.0986122886681096,1.2344814790239147
4.406719247264253,4.033821767122448
0.0,0.0
0.0,0.0
4.110873864173311,4.18880458322067
2.9444389791664403,2.6560656174965533
1.0986122886681096,1.4606089438424004
0.0,0.0
0.0,0.0
0.6931471805599453,1.4380123403342568
1.3862943611198906,0.8153489477824847
1.0986122886681096,0.9614594549653352
0.0,0.0
4.5217885770490405,4.199081130466773
0.0,0.0
2.079441541679836,1.7138979581371367
0.6931471805599453,1.3952504940716814
0.0,0.0
3.912023005428146,3.998760460304522
0.0,0.0
0.0,0.0
0.0,0.0
1.791759469228055,1.6754216232300003
0.0,0.0
0.0,0.0
1.0986122886681096,1.160442399263943
4.382026634673881,3.458766444969616
3.4339872044851463,3.7879067229495496
0.0,0.0
0.0,0.0
0.0,0.0
1.0986122886681096,0.9474452575634783
3.9889840465642745,4.002766201946622
0.0,0.0
4.820281565605037,4.3411764430858355
3.7612001156935615,3.7855350592911248
3.091042453358316,3.2270111262250647
0.0,0.0
3.8918202981106265,3.8507503490798896
0.6931471805599453,0.9331906669548427
0.0,0.0
0.0,0.0
1.791759469228055,1.4783030645211943
0.0,0.0
0.0,0.0
0.0,0.0
1.6094379124341005,0.9795749047182946
4.290459441148391,4.13466655044828
3.6635616461296463,3.479374298091883
2.639057329615259,2.9248032742743164
0.0,0.0
3.218875824868201,3.2783791393819204
2.8903717578961645,3.993033111610231
4.204692619390966,4.286527624500485
1.0986122886681096,0.9666306614036538
4.787491742782046,4.734818500771646
4.23410650459726,4.14645881535695
2.995732273553991,2.989247249038548
0.0,0.0
4.454347296253507,4.296950316707132
5.204006687076795,4.836810911145099
3.9889840465642745,4.06762482960281
1.0986122886681096,1.0255025227810517
0.0,0.0
0.0,0.0
1.0986122886681096,0.9720510178063535
0.0,0.0
0.0,0.0
3.8501476017100575,4.024016404717143
3.784189633918261,3.8906493256424852
0.0,0.0
0.0,0.0
0.0,0.0
0.0,0.0
1.791759469228055,1.6533698026614376
0.0,0.0
0.0,0.0
1.3862943611198906,0.8224778814934475
0.0,0.0
0.0,0.0
0.0,0.0
0.0,0.0
4.219507705176107,4.254449436811851
0.0,0.0
0.0,0.0
0.0,0.0
0.0,0.0
2.5649493574615367,2.6651581654167495
0.0,0.0
0.0,0.0
0.6931471805599453,0.9100300520605025
3.713572066704308,3.6863856788545535
3.784189633918261,4.3694269928734615
1.6094379124341005,1.3616863502275145
3.737669618283368,3.747005075795108
0.0,0.0
4.31748811353631,3.720079977742293
0.0,0.0
0.0,0.0
0.6931471805599453,0.7906288704428762
4.127134385045092,3.590780042550909
0.6931471805599453,0.978147964929329
3.688879454113936,4.013858526001533
4.553876891600541,4.546391566328907
2.079441541679836,3.12068211091262
3.828641396489095,3.7967357224423033
3.6635616461296463,3.6770339209046203
4.532599493153256,4.470202425870394
4.812184355372417,4.368496277681165
1.3862943611198906,1.5635395578282674
4.820281565605037,5.009178741751401
0.0,0.0
3.218875824868201,3.8095480782506677
0.0,0.0
0.0,0.0
0.6931471805599453,0.9903360709485642
3.6635616461296463,3.7510212018860987
2.302585092994046,2.641963161709216
4.0943445622221,3.708638261204458
4.990432586778736,4.589182027491398
0.0,0.0
0.0,0.0
4.23410650459726,4.2855470054407405
3.332204510175204,3.424167207567608
0.6931471805599453,0.9437245706544679
0.0,0.0
0.0,0.0
4.574710978503383,4.069733401769234
1.3862943611198906,1.1553845866096815
4.189654742026425,3.7818883021213456
2.19722457733622,2.4603001485606866
4.189654742026425,4.09002116041711
4.143134726391533,4.18984564356296
0.0,0.0
4.07753744390572,4.087318345463691
0.6931471805599453,0.8381539237405896
5.159055299214529,5.394065502245391
1.791759469228055,1.4075251387875423
0.6931471805599453,0.9615036642265204
0.6931471805599453,0.8092828644556351
0.0,0.0
0.0,0.0
0.0,0.0
0.0,0.0
4.110873864173311,4.303128512127061
3.58351893845611,3.9589773648324007
0.0,0.0
2.302585092994046,1.614054734660297
3.367295829986474,3.463793393468572
1.0986122886681096,1.0830603139205275
0.0,0.0
2.302585092994046,2.624035937633835
0.0,0.0
0.0,0.0
2.70805020110221,2.974044238432805
3.1780538303479458,3.6679384556070533
4.624972813284271,4.357012720626826
4.219507705176107,4.376100616228993
0.0,0.0
0.0,0.0
3.58351893845611,3.2086931594227672
3.912023005428146,4.137988661170912
0.0,0.0
0.0,0.0
1.3862943611198906,1.6256171592969624
0.0,0.0
4.304065093204169,3.5747529567260936
0.0,0.0
2.833213344056216,2.4535946502827906
2.995732273553991,2.903118885892973
0.6931471805599453,1.0123749208843398
2.639057329615259,2.5617522922020997
0.0,0.0
1.3862943611198906,1.1758276603418514
0.0,0.0
0.0,0.0
3.828641396489095,3.533664988518662
0.6931471805599453,0.8435783349770953
4.553876891600541,4.167529566421576
0.0,0.0
4.31748811353631,3.70726588257091
0.0,0.0
0.0,0.0
0.0,0.0
0.0,0.0
0.6931471805599453,0.966106975623669
0.0,0.0
0.0,0.0
0.0,0.0
0.0,0.0
3.970291913552122,3.468366318364313
0.0,0.0
4.060443010546419,3.647800660621206
0.0,0.0
0.0,0.0
4.465908118654584,4.29500706446445
3.295836866004329,3.6252393205950013
3.951243718581428,4.019832100046937
0.0,0.0
0.0,0.0
0.0,0.0
0.0,0.0
4.04305126783455,4.019953880370959
4.477336814478207,4.3967923017851165
0.0,0.0
3.044522437723423,3.4670910177281478
4.174387269895637,4.512826391638161
4.204692619390966,4.276775890384963
0.6931471805599453,1.4691016132481878
0.0,0.0
0.0,0.0
3.8712010109078903,4.339753716137285
0.0,0.0
2.772588722239781,2.3459153211936985
1.6094379124341005,1.8942703214704804
0.0,0.0
3.713572066704308,3.994824130830506
2.995732273553991,3.415807837734154
2.19722457733622,1.354837766734225
4.955827057601261,4.91012470558022
0.6931471805599453,1.5901194715402138
0.0,0.0
0.0,0.0
0.0,0.0
0.0,0.0
3.091042453358316,3.4368544674991184
3.6375861597263857,3.8929364152923487
1.9459101490553128,2.766596094282735
4.927253685157205,4.905521409710604
0.0,0.0
3.1354942159291497,2.813465128820939
5.220355825078325,4.628661778599234
0.0,0.0
5.337538079701318,4.130061685385632
0.0,0.0
0.0,0.0
5.010635294096256,4.974073130573718
0.0,0.0
4.007333185232471,4.000710390979676
4.04305126783455,3.656511822446351
0.0,0.0
3.610917912644224,4.071358665054255
5.41610040220442,4.452900174238483
0.0,0.0
0.0,0.0
3.912023005428146,3.37859719829478
0.0,0.0
4.430816798843313,4.813321066870093
0.6931471805599453,0.9993623875080153
4.31748811353631,4.1038801717826505
2.079441541679836,2.730065607089313
0.0,0.0
4.406719247264253,4.1961026343235375
0.0,0.0
2.639057329615259,2.6271939334266965
1.0986122886681096,1.0192320759640068
1.0986122886681096,0.8935073475562453
2.4849066497880004,2.659856634347918
0.0,0.0
3.044522437723423,3.4728119759098224
4.189654742026425,4.114476625652492
2.639057329615259,2.461556532471695
0.0,0.0
4.007333185232471,3.946818725826089
0.6931471805599453,1.0755113165473174
0.0,0.0
0.0,0.0
4.5217885770490405,4.579350197291192
0.0,0.0
3.295836866004329,3.882003077747661
0.0,0.0
0.6931471805599453,0.9586823938054883
0.0,0.0
4.0943445622221,3.7960712179175005
0.0,0.0
0.6931471805599453,1.037401561031036
1.3862943611198906,1.8979992061987145
1.0986122886681096,0.8557684692212529
0.0,0.0
4.442651256490317,4.497989773422628
0.0,0.0
0.0,0.0
0.0,0.0
1.0986122886681096,1.2142001812942869
5.37989735354046,5.536674402407197
0.0,0.0
0.0,0.0
0.0,0.0
0.0,0.0
3.688879454113936,3.9615346441621297
1.3862943611198906,1.206609475071585
0.0,0.0
0.0,0.0
0.0,0.0
0.0,0.0
0.0,0.0
3.49650756146648,3.8093637339343176
0.0,0.0
0.0,0.0
3.295836866004329,2.813120856816359
2.70805020110221,2.3276149042971643
0.0,0.0
0.0,0.0
4.060443010546419,3.8624308304519257
0.0,0.0
0.0,0.0
3.610917912644224,3.6392232557390964
3.295836866004329,4.40910000203553
1.3862943611198906,0.999665473898041
0.0,0.0
1.0986122886681096,1.308979344688043
1.9459101490553128,1.7041344209124545
3.58351893845611,2.706747384097861
3.4011973816621555,2.8827312557738156
0.0,0.0
0.0,0.0
3.1780538303479458,3.4931836478650165
0.0,0.0
0.0,0.0
4.343805421853684,4.221876796543801
0.6931471805599453,0.9804334197165886
3.5263605246161616,3.27971759845566
3.332204510175204,3.492667399662835
0.0,0.0
3.1780538303479458,3.803913645939723
4.418840607796598,4.536963600939559
0.0,0.0
0.0,0.0
0.0,0.0
0.0,0.0
0.6931471805599453,0.9314389077213232
0.0,0.0
3.218875824868201,3.1376775272152844
3.091042453358316,3.006368162379148
2.995732273553991,3.088141228157801
4.574710978503383,4.697367488186103
3.1354942159291497,3.105214418155177
3.091042453358316,3.1624439121045653
0.0,0.0
0.0,0.0
1.3862943611198906,1.194106583488754
0.0,0.0
4.859812404361672,4.5787662214358456
3.555348061489413,3.0871755775567924
3.9889840465642745,4.042997055107927
2.833213344056216,3.1990489188162377
0.0,0.0
2.9444389791664403,2.7935725378966576
0.0,0.0
0.0,0.0
0.0,0.0
0.0,0.0
0.0,0.0
5.017279836814924,5.139659104993484
0.0,0.0
0.0,0.0
0.0,0.0
0.0,0.0
0.0,0.0
2.8903717578961645,3.432440388197355
0.0,0.0
0.0,0.0
1.791759469228055,1.7318371998216546
2.70805020110221,2.3965098756862595
3.332204510175204,3.295319790158663
0.0,0.0
3.6375861597263857,3.8398946368352047
0.6931471805599453,1.5799719519959643
4.219507705176107,4.217098360158803
1.3862943611198906,1.1211856656910018
2.5649493574615367,2.024675837694044
0.0,0.0
0.0,0.0
1.3862943611198906,1.2990420204604263
1.3862943611198906,1.4470055441504803
0.6931471805599453,0.9550795470069905
4.584967478670572,4.58096722436714
1.0986122886681096,1.0066066894998016
0.6931471805599453,0.9000594490295641
0.0,0.0
0.0,0.0
2.772588722239781,2.211555190664013
0.0,0.0
0.0,0.0
4.02535169073515,3.8677851115638333
0.6931471805599453,1.5826401655869131
0.0,0.0
0.0,0.0
0.0,0.0
1.6094379124341005,1.4811648264512833
0.0,0.0
0.0,0.0
3.58351893845611,3.788079426474184
3.49650756146648,3.8981801571475865
5.501258210544727,5.583484860545045
4.941642422609304,4.811654042407307
0.0,0.0
3.044522437723423,1.4146345235579585
1.0986122886681096,0.9990742773153752
5.111987788356544,5.108147758495957
0.0,0.0
4.262679877041316,4.22011259677481
0.0,0.0
0.0,0.0
0.0,0.0
0.0,0.0
0.6931471805599453,1.1777019694209105
0.0,0.0
0.0,0.0
2.19722457733622,2.742331639292879
0.6931471805599453,1.2816446908290964
0.0,0.0
0.0,0.0
0.0,0.0
3.80666248977032,3.8028321329921617
5.017279836814924,5.483092512369909
0.0,0.0
3.49650756146648,4.039818145742899
4.158883083359672,4.189191638249398
3.912023005428146,4.187203224116917
2.19722457733622,2.564562448759817
0.0,0.0
4.158883083359672,4.21929351332068
0.0,0.0
1.0986122886681096,0.9104873251851155
2.302585092994046,2.345074453715588
0.0,0.0
4.787491742782046,4.941298188268743
1.0986122886681096,2.463022740699106
3.713572066704308,3.937562298087248
0.0,0.0
2.995732273553991,2.8711756353915847
2.772588722239781,2.5693944425045108
1.3862943611198906,1.131615351857326
2.772588722239781,2.5629657380246913
1.0986122886681096,1.312186178897348
0.0,0.0
4.727387818712341,4.6595975260072295
4.356708826689592,4.11738935049929
1.3862943611198906,1.0391351312086416
0.0,0.0
4.330733340286331,4.207991505528562
4.110873864173311,3.8844587234675862
2.70805020110221,2.758694853216241
3.1354942159291497,3.2235917210483653
3.9318256327243257,3.9642905462775833
0.0,0.0
0.0,0.0
3.7612001156935615,3.994430364738128
4.624972813284271,4.595447208479372
1.0986122886681096,1.0086484557338924
0.0,0.0
4.248495242049359,4.355650509635351
0.0,0.0
0.0,0.0
0.0,0.0
1.3862943611198906,0.8814696787645938
0.0,0.0
0.0,0.0
4.454347296253507,4.332991407476578
2.8903717578961645,2.7876569045425814
0.6931471805599453,1.2003171232805117
3.58351893845611,3.8180720756860653
3.58351893845611,3.811534307834452
0.6931471805599453,1.0020260372605805
0.0,0.0
3.713572066704308,3.5318025769980808
1.0986122886681096,0.9866939047109087
1.0986122886681096,0.9177874763938574
0.0,0.0
0.0,0.0
0.0,0.0
1.6094379124341005,1.0802875657942979
3.6635616461296463,3.877802445301556
0.6931471805599453,1.246549575575274
0.0,0.0
2.4849066497880004,2.6141902389750418
3.49650756146648,3.4243406731677637
0.6931471805599453,0.931230108947678
0.0,0.0
4.189654742026425,4.2220353206217585
0.0,0.0
0.0,0.0
5.3706380281276624,5.545855588328573
0.0,0.0
0.0,0.0
3.4011973816621555,3.4883102629003373
3.784189633918261,1.877443322932978
0.0,0.0
3.828641396489095,3.9170103646416408
0.0,0.0
1.0986122886681096,1.1611653317990855
3.610917912644224,3.8644721750567554
0.0,0.0
1.0986122886681096,0.8907675247533217
0.0,0.0
4.897839799950911,4.582996373466347
0.6931471805599453,1.3047314894376993
0.0,0.0
0.0,0.0
0.0,0.0
0.0,0.0
0.0,0.0
0.0,0.0
0.0,0.0
3.295836866004329,2.9548349796949696
4.406719247264253,4.369755322729052
1.3862943611198906,1.595188629357525
0.0,0.0
0.0,0.0
4.5217885770490405,4.854470095897616
0.0,0.0
1.0986122886681096,1.1399605070313596
2.772588722239781,2.9469296107009724
1.0986122886681096,1.0637985379825854
0.0,0.0
3.6635616461296463,4.365923567692386
0.0,0.0
0.6931471805599453,1.32768016534308
0.0,0.0
0.0,0.0
0.0,0.0
0.0,0.0
0.6931471805599453,1.2944517161803584
4.564348191467836,4.479129926485029
3.218875824868201,2.5280008045260214
1.791759469228055,1.1839964503263893
3.9889840465642745,4.056265027784129
3.4339872044851463,3.4333182683893186
0.0,0.0
1.791759469228055,2.5050567445633245
1.6094379124341005,1.071132084187996
0.0,0.0
0.0,0.0
3.7612001156935615,3.868434797052048
0.0,0.0
1.6094379124341005,1.0669603430970693
0.0,0.0
0.6931471805599453,0.7472282998093749
2.8903717578961645,1.6003498452052956
3.688879454113936,3.8353311889872055
0.0,0.0
0.0,0.0
0.0,0.0
0.0,0.0
0.6931471805599453,0.97351332572438
1.0986122886681096,1.7403546477193705
0.0,0.0
0.6931471805599453,1.4339101282873585
1.791759469228055,1.5934746821096204
0.0,0.0
4.418840607796598,4.172577752693154
4.68213122712422,4.488738842388438
0.0,0.0
0.0,0.0
0.0,0.0
0.0,0.0
0.0,0.0
4.406719247264253,4.21035998781
0.0,0.0
3.784189633918261,4.609861063136067
1.6094379124341005,1.0023006297772614
4.394449154672439,3.823229491863395
2.995732273553991,2.8625616709450203
2.639057329615259,2.327944394833155
0.0,0.0
3.8712010109078903,3.990472321286378
0.6931471805599453,1.230420690013038
4.304065093204169,3.9282620439875853
3.555348061489413,3.490544254386977
3.58351893845611,3.5984023515017087
4.290459441148391,4.360264690364101
1.0986122886681096,1.5115038569683585
0.0,0.0
0.0,0.0
4.007333185232471,3.8893067531180856
1.9459101490553128,3.7783469168988457
4.68213122712422,4.6034521996089435
5.170483995038151,4.4288447790727385
0.0,0.0
0.0,0.0
0.6931471805599453,1.1160320121298917
0.6931471805599453,0.7668713649878096
4.23410650459726,4.384572982109038
0.6931471805599453,1.3255524362291118
0.0,0.0
4.912654885736052,4.811385517782155
0.0,0.0
0.0,0.0
1.0986122886681096,1.0640106839338253
3.49650756146648,3.458422027133467
0.0,0.0
0.0,0.0
1.0986122886681096,2.019884389256263
0.0,0.0
0.0,0.0
5.25227342804663,4.445513893008869
4.276666119016055,4.062071173167356
0.0,0.0
0.0,0.0
0.0,0.0
0.0,0.0
0.0,0.0
1.0986122886681096,0.8147996059117324
1.6094379124341005,2.502799200563598
3.970291913552122,4.298852168287395
0.0,0.0
4.127134385045092,4.169852120627098
3.044522437723423,2.5199356341960186
0.6931471805599453,0.8662803859617124
3.9889840465642745,3.9329964027595916
2.3978952727983707,2.5316077554055307
0.0,0.0
0.0,0.0
0.0,0.0
2.19722457733622,1.6099537692181414
4.219507705176107,4.426377551773894
0.0,0.0
3.58351893845611,3.7098249385614097
1.9459101490553128,2.3899006621847136
4.653960350157523,4.340830207560637
4.605170185988092,4.451295274637398
0.0,0.0
0.0,0.0
0.0,0.0
1.3862943611198906,1.3914080660512789
0.0,0.0
2.70805020110221,2.378706519006155
0.0,0.0
5.666426688112432,5.52965188921764
1.0986122886681096,0.9006719174108211
0.0,0.0
1.9459101490553128,1.7492901070916813
0.0,0.0
0.0,0.0
0.0,0.0
0.0,0.0
0.0,0.0
0.0,0.0
4.110873864173311,3.7416337492430216
0.0,0.0
0.0,0.0
0.0,0.0
0.0,0.0
0.0,0.0
3.49650756146648,3.700539925125861
1.0986122886681096,1.523241221268596
0.0,0.0
0.0,0.0
0.0,0.0
3.610917912644224,3.95055265749723
0.0,0.0
0.6931471805599453,0.7143712974263587
0.0,0.0
0.0,0.0
0.0,0.0
3.044522437723423,3.155027466193295
0.6931471805599453,0.9997845163294902
0.0,0.0
3.5263605246161616,3.6549321889575497
0.6931471805599453,0.8671908302346252
0.0,0.0
0.0,0.0
1.0986122886681096,1.0226845798620205
0.0,0.0
1.6094379124341005,0.9487815338964228
0.0,0.0
0.0,0.0
0.0,0.0
0.0,0.0
0.0,0.0
1.3862943611198906,0.9697823933682183
0.0,0.0
3.7612001156935615,3.4938226904406506
0.0,0.0
1.3862943611198906,1.4920772285505086
0.0,0.0
0.0,0.0
0.0,0.0
0.0,0.0
1.3862943611198906,0.9508723916903528
0.0,0.0
0.0,0.0
0.0,0.0
0.0,0.0
0.0,0.0
4.927253685157205,3.6918763086117923
0.0,0.0
1.6094379124341005,1.616452467328289
0.0,0.0
0.6931471805599453,0.8495976188629846
2.3978952727983707,1.5126021351247738
1.3862943611198906,1.1076790553697826
1.3862943611198906,1.0154762877638166
3.80666248977032,3.7743727569507888
0.0,0.0
3.091042453358316,3.5285613419768267
3.091042453358316,2.792423150714207
1.3862943611198906,1.045498983300269
1.0986122886681096,1.2346201025199612
2.302585092994046,1.542082978527303
3.1780538303479458,2.9481687225611615
2.19722457733622,2.812640804397453
2.70805020110221,2.4392329885862396
3.737669618283368,3.5574755175549444
0.0,0.0
3.80666248977032,4.017027560293115
4.343805421853684,4.136472444907261
0.0,0.0
1.791759469228055,1.517584266892549
4.653960350157523,4.41434349833516
0.0,0.0
0.0,0.0
0.6931471805599453,1.2575920914304037
3.295836866004329,2.898102874325682
0.6931471805599453,1.867517770766743
3.7612001156935615,3.947971219337727
0.0,0.0
0.0,0.0
1.0986122886681096,2.1663061664094694
4.127134385045092,4.090822539121562
0.0,0.0
3.828641396489095,3.759224544827905
0.0,0.0
0.0,0.0
0.0,0.0
0.0,0.0
2.639057329615259,1.5972782384118887
0.0,0.0
0.0,0.0
0.0,0.0
1.0986122886681096,1.0338631626945893
2.772588722239781,2.78040771784404
2.5649493574615367,3.2594644763738394
0.0,0.0
0.0,0.0
0.0,0.0
3.4339872044851463,3.2809623168451805
0.0,0.0
2.3978952727983707,1.290785941438279
1.0986122886681096,0.9393394549665339
0.0,0.0
0.0,0.0
4.844187086458591,4.472689644365085
2.833213344056216,3.596452094412351
0.0,0.0
4.48863636973214,4.349304295118336
0.0,0.0
4.418840607796598,4.362449370262912
4.430816798843313,4.237911536092061
0.0,0.0
0.0,0.0
1.3862943611198906,1.3324624517853367
0.0,0.0
0.6931471805599453,0.830152414800028
0.0,0.0
0.0,0.0
0.0,0.0
0.0,0.0
2.8903717578961645,2.9390588846419274
4.394449154672439,3.7441888077057928
0.0,0.0
0.0,0.0
0.0,0.0
2.70805020110221,2.72213565184766
4.143134726391533,3.836927142057688
0.0,0.0
4.276666119016055,4.169368578201133
0.0,0.0
3.58351893845611,3.4031450671826997
0.0,0.0
0.0,0.0
2.079441541679836,1.6109931397491086
0.0,0.0
5.365976015021851,4.6425424650636655
3.8712010109078903,4.018481612136133
0.0,0.0
0.0,0.0
1.0986122886681096,1.5347538369143339
1.0986122886681096,0.8496481974181859
4.110873864173311,3.568342126246729
0.0,0.0
0.0,0.0
2.302585092994046,1.6583916208284146
4.406719247264253,4.10933733825702
0.0,0.0
0.0,0.0
1.0986122886681096,0.9776524998053481
0.0,0.0
0.6931471805599453,1.285530596051771
0.0,0.0
4.007333185232471,4.153621826451731
3.688879454113936,3.520442568851696
0.0,0.0
0.6931471805599453,1.076858007563947
0.0,0.0
0.0,0.0
2.9444389791664403,3.2733544599201543
3.555348061489413,3.532368081278715
3.4011973816621555,3.217914684760688
0.0,0.0
1.3862943611198906,2.1856361178999943
0.0,0.0
1.0986122886681096,1.4604299906755511
0.0,0.0
2.833213344056216,3.054885593817774
4.262679877041316,3.9352654709780164
4.430816798843313,4.332691791409513
0.6931471805599453,1.0394809268386895
4.564348191467836,4.639015913034091
1.9459101490553128,2.536280186960323
0.0,0.0
0.0,0.0
0.6931471805599453,0.8109826467182131
3.1354942159291497,3.0134063216290077
2.9444389791664403,3.87574742644217
1.9459101490553128,1.6049329913672066
1.9459101490553128,1.572864628308287
4.110873864173311,4.187555361118788
2.9444389791664403,2.9660812006661352
4.02535169073515,4.213715568130314
0.0,0.0
3.367295829986474,2.508554350041257
0.0,0.0
4.48863636973214,4.2695388314034695
1.3862943611198906,1.4786110340016763
0.0,0.0
0.0,0.0
4.584967478670572,4.801782495632552
0.0,0.0
0.0,0.0
0.0,0.0
2.302585092994046,2.3659991192969407
1.0986122886681096,2.136677081644737
0.0,0.0
0.0,0.0
4.02535169073515,3.8167048903314615
1.791759469228055,0.9296853221649797
0.0,0.0
1.9459101490553128,2.3667736804848576
0.0,0.0
0.0,0.0
0.0,0.0
0.0,0.0
4.02535169073515,4.058758618536121
4.290459441148391,3.711993299533008
1.6094379124341005,1.7614713034036356
4.499809670330265,4.5549825502581305
0.6931471805599453,1.1863516661679034
0.0,0.0
0.0,0.0
0.0,0.0
0.0,0.0
3.6375861597263857,3.499827292279095
0.0,0.0
2.19722457733622,3.4243760586192535
2.8903717578961645,3.688742175536786
0.0,0.0
0.0,0.0
2.5649493574615367,2.3527096768735163
1.3862943611198906,0.9818904449607447
4.262679877041316,3.7314287039335863
4.454347296253507,4.65545800885797
0.0,0.0
0.0,0.0
4.189654742026425,4.198735617233702
0.0,0.0
0.0,0.0
2.995732273553991,3.6391197414904344
3.1354942159291497,2.654734807323885
4.31748811353631,3.801849624424187
2.995732273553991,3.2773802338742537
3.7612001156935615,4.003528599522899
4.174387269895637,3.787763420462627
3.295836866004329,3.5205705566037007
3.713572066704308,4.1577708376542555
3.784189633918261,3.8947965151780837
0.0,0.0
3.713572066704308,3.620459361860459
0.0,0.0
0.0,0.0
4.060443010546419,4.130130763096461
0.0,0.0
0.0,0.0
4.574710978503383,4.55870369366856
0.0,0.0
0.0,0.0
0.0,0.0
3.610917912644224,3.563673667986958
4.820281565605037,4.638391758342306
3.951243718581428,3.8907843121890933
0.0,0.0
4.59511985013459,4.62746117594321
3.80666248977032,3.4303430147859535
0.0,0.0
0.6931471805599453,1.1261344069734234
0.6931471805599453,0.8756458109039726
4.127134385045092,4.147944418047294
5.3612921657094255,5.354354688531246
3.49650756146648,2.961265876478756
0.0,0.0
3.218875824868201,3.106822519786368
0.0,0.0
4.919980925828125,5.0529332660523325
5.424950017481403,5.327831608230021
4.3694478524670215,4.542546993555367
0.0,0.0
0.0,0.0
0.0,0.0
0.0,0.0
0.0,0.0
0.0,0.0
0.0,0.0
0.0,0.0
0.0,0.0
4.820281565605037,5.374121758307378
5.153291594497779,5.192123017721063
0.0,0.0
1.791759469228055,1.959394363541116
0.0,0.0
0.0,0.0
1.791759469228055,2.2917701649304747
0.0,0.0
0.0,0.0
0.0,0.0
4.23410650459726,4.114470570057181
0.0,0.0
0.0,0.0
0.0,0.0
0.0,0.0
3.737669618283368,3.8093032469999093
3.332204510175204,1.8744974421093312
3.4339872044851463,4.110191359127482
0.0,0.0
0.0,0.0
0.0,0.0
0.0,0.0
4.574710978503383,4.368254621115092
0.6931471805599453,0.984052574024597
0.0,0.0
3.610917912644224,3.9250514322677286
1.791759469228055,1.5319158900075613
0.0,0.0
0.0,0.0
0.6931471805599453,1.0099024039383777
3.218875824868201,3.223203565711208
1.0986122886681096,1.4416954350454534
0.6931471805599453,1.0857497898299575
3.555348061489413,3.329636734202932
0.0,0.0
0.6931471805599453,0.8792650399502225
4.976733742420574,4.969271615391454
5.14166355650266,4.718573595756383
0.0,0.0
2.19722457733622,2.391706198035675
1.6094379124341005,1.2914052055436145
0.0,0.0
0.0,0.0
0.0,0.0
0.0,0.0
0.0,0.0
0.0,0.0
0.0,0.0
0.0,0.0
0.0,0.0
0.0,0.0
1.6094379124341005,1.0679134769105882
0.0,0.0
1.0986122886681096,1.5202933051200527
0.0,0.0
4.499809670330265,4.391756594775932
0.6931471805599453,1.1325865203494083
4.969813299576001,4.315949317628678
0.6931471805599453,0.9993969708036738
2.639057329615259,2.4614095940892873
0.0,0.0
1.3862943611198906,1.6796567588432176
4.219507705176107,2.474954100165858
3.58351893845611,3.7282823249165915
1.3862943611198906,1.846069330164097
0.0,0.0
0.0,0.0
0.0,0.0
0.0,0.0
0.0,0.0
0.0,0.0
4.382026634673881,4.427284289671416
0.6931471805599453,0.900855072550647
0.0,0.0
4.663439094112067,4.377935915612214
0.0,0.0
4.7535901911063645,4.2509332792431795
5.170483995038151,5.338739594386758
0.0,0.0
3.970291913552122,4.466926051710285
1.6094379124341005,1.4883828995443715
4.736198448394496,4.997548012345016
0.6931471805599453,1.03034790229311
0.0,0.0
4.204692619390966,4.269612749308563
1.3862943611198906,1.6565915507967697
0.0,0.0
0.0,0.0
0.0,0.0
0.0,0.0
0.0,0.0
1.6094379124341005,1.4669637972885547
3.970291913552122,4.275677402201752
0.0,0.0
4.007333185232471,3.953977373199212
0.6931471805599453,1.005492374410364
0.6931471805599453,1.4840521991586084
1.3862943611198906,0.9990830457585845
0.0,0.0
3.912023005428146,4.154565344691713
0.0,0.0
4.219507705176107,3.662206168118694
0.0,0.0
3.044522437723423,3.3946888814999756
0.0,0.0
0.0,0.0
0.0,0.0
1.791759469228055,1.2819287850950818
0.0,0.0
0.0,0.0
3.49650756146648,3.3171422479207933
1.6094379124341005,1.8217316928477405
0.0,0.0
1.3862943611198906,0.9123395345925216
0.0,0.0
0.6931471805599453,0.9653719991194479
0.0,0.0
0.0,0.0
0.0,0.0
0.0,0.0
0.6931471805599453,0.8742656762071878
1.3862943611198906,1.1936136804405766
0.6931471805599453,0.9633607964402112
0.0,0.0
0.0,0.0
4.189654742026425,4.496160370153284
0.0,0.0
2.079441541679836,1.0913835849797695
0.0,0.0
3.688879454113936,3.761784229746348
3.4011973816621555,3.6553942863078817
1.6094379124341005,1.639348921745032
0.6931471805599453,1.0560225382168382
4.02535169073515,4.152104356973013
0.0,0.0
2.639057329615259,2.1797585709560012
0.0,0.0
2.772588722239781,2.728235294368616
0.6931471805599453,0.9482704641065896
0.0,0.0
0.0,0.0
3.912023005428146,3.5225209020676598
4.691347882229144,4.781750871205585
4.330733340286331,4.208429132409399
0.0,0.0
3.828641396489095,3.7800664869420175
0.0,0.0
3.951243718581428,3.979846410511358
1.9459101490553128,1.3773570455352322
0.0,0.0
0.0,0.0
0.0,0.0
0.0,0.0
0.0,0.0
3.091042453358316,2.793494603028386
1.9459101490553128,1.2113758321012529
3.555348061489413,3.8817859854991212
0.0,0.0
1.0986122886681096,1.0583773024532486
0.0,0.0
4.875197323201151,4.856317270973304
0.0,0.0
4.356708826689592,3.617964415864102
1.791759469228055,1.7929367414910395
2.079441541679836,2.167646510085407
3.49650756146648,3.996314300583706
1.3862943611198906,1.6697968175245677
0.6931471805599453,1.1367560487734485
4.174387269895637,4.067797159645527
1.0986122886681096,1.3562493867347598
0.0,0.0
0.6931471805599453,1.4595787878951887
0.0,0.0
0.0,0.0
0.0,0.0
1.0986122886681096,0.9785975366368882
0.0,0.0
4.060443010546419,3.5322173677626996
0.0,0.0
1.0986122886681096,1.3078637489530691
0.0,0.0
1.6094379124341005,1.2989028252385624
4.394449154672439,4.479923653409572
2.9444389791664403,2.453753470281316
0.0,0.0
0.0,0.0
0.0,0.0
1.3862943611198906,0.8715010333513777
0.0,0.0
0.0,0.0
0.0,0.0
0.0,0.0
0.0,0.0
0.0,0.0
0.0,0.0
0.0,0.0
1.0986122886681096,1.4925254858869628
2.5649493574615367,3.014429593448004
0.0,0.0
0.0,0.0
0.0,0.0
3.828641396489095,3.8136501813454844
5.438079308923196,5.245250231649322
2.19722457733622,2.2749538343138997
4.382026634673881,4.362786693214966
0.6931471805599453,0.8245855799692535
0.6931471805599453,4.234830771144651
3.1780538303479458,2.886777989085331
0.0,0.0
1.3862943611198906,1.4219118366107615
0.0,0.0
3.332204510175204,3.3317174150965667
4.927253685157205,5.017795963329036
0.0,0.0
0.0,0.0
4.454347296253507,4.329444542367174
0.0,0.0
4.304065093204169,3.630417842736421
0.0,0.0
1.9459101490553128,2.1919417661657215
0.0,0.0
4.007333185232471,4.127045147121248
4.304065093204169,4.255098705369253
1.3862943611198906,0.7815963886988461
3.9889840465642745,4.162082977797869
0.0,0.0
3.7612001156935615,3.4914864321906998
0.0,0.0
4.990432586778736,4.807589893445195
0.0,0.0
1.3862943611198906,1.5452488487112377
1.0986122886681096,0.9576593114376598
1.0986122886681096,1.1353431545119963
0.0,0.0
0.0,0.0
4.290459441148391,4.100518908212316
2.19722457733622,2.384410404036323
0.0,0.0
3.828641396489095,3.733331307870289
2.19722457733622,1.5012367119105159
0.0,0.0
4.23410650459726,4.012702400629099
0.0,0.0
0.0,0.0
1.0986122886681096,1.187218437918106
0.0,0.0
2.19722457733622,1.1264318711987293
0.0,0.0
0.0,0.0
0.0,0.0
0.6931471805599453,1.0017053631333634
0.0,0.0
0.0,0.0
4.110873864173311,4.227850018185954
0.0,0.0
0.0,0.0
0.0,0.0
0.6931471805599453,1.2345117131637349
0.0,0.0
0.0,0.0
0.0,0.0
0.0,0.0
0.0,0.0
0.0,0.0
2.639057329615259,3.9409863987116434
0.0,0.0
0.0,0.0
0.0,0.0
1.791759469228055,0.8920341847029711
3.8918202981106265,3.8046228752684743
4.290459441148391,4.360528558728459
0.0,0.0
4.290459441148391,4.182033970011932
0.0,0.0
4.5217885770490405,4.273740852803247
4.158883083359672,4.038428802266264
0.0,0.0
0.6931471805599453,1.279416645151599
0.0,0.0
2.9444389791664403,3.036518541429368
0.0,0.0
0.0,0.0
3.912023005428146,3.8836004020613246
4.465908118654584,4.465035855206045
0.0,0.0
5.262690188904886,5.218867061516547
0.0,0.0
0.0,0.0
0.0,0.0
3.295836866004329,3.4139336774952467
3.6375861597263857,3.6830787461766543
2.079441541679836,1.8545683941811786
0.0,0.0
0.0,0.0
1.3862943611198906,1.2141208875702012
0.0,0.0
0.0,0.0
0.0,0.0
4.836281906951478,4.4026579742967895
4.5217885770490405,4.746879148369976
3.9318256327243257,4.017831172767126
0.0,0.0
2.079441541679836,1.2223308833035613
0.0,0.0
0.0,0.0
0.0,0.0
0.0,0.0
4.48863636973214,3.851403202078873
4.060443010546419,4.016280692137539
0.0,0.0
0.0,0.0
4.406719247264253,3.8747393126655676
4.955827057601261,5.336275812240359
1.3862943611198906,1.6946070502806998
0.0,0.0
2.19722457733622,3.466635125520523
3.7612001156935615,4.021437149288309
0.0,0.0
4.574710978503383,4.6550218112190755
0.6931471805599453,0.9640906233091633
0.0,0.0
4.812184355372417,4.63121223282877
0.0,0.0
0.0,0.0
0.0,0.0
2.19722457733622,2.6730312349998515
5.220355825078325,4.345094963805573
0.0,0.0
4.77912349311153,4.325544013686625
4.276666119016055,4.138174893969704
4.454347296253507,4.365007874405974
0.0,0.0
0.0,0.0
1.9459101490553128,2.818484274016386
0.0,0.0
2.302585092994046,1.6394434768683366
0.0,0.0
0.0,0.0
3.58351893845611,3.8603362286695524
4.158883083359672,3.103605592599448
1.0986122886681096,1.981579186644874
0.0,0.0
0.0,0.0
3.58351893845611,3.033034113740895
1.3862943611198906,1.450837622264643
0.0,0.0
2.9444389791664403,3.5916051838317005
0.0,0.0
0.0,0.0
0.6931471805599453,0.8550946573504821
2.995732273553991,2.398236763406118
0.0,0.0
2.5649493574615367,1.4174149244498127
3.5263605246161616,3.604266574178201
0.6931471805599453,0.9991176146582278
0.0,0.0
2.19722457733622,1.6611996239999536
0.0,0.0
0.6931471805599453,0.8143667738199436
2.833213344056216,2.263929361984969
0.0,0.0
0.0,0.0
1.0986122886681096,2.4645256239622664
2.70805020110221,3.103838052928673
3.784189633918261,3.703174021263926
4.394449154672439,3.793587205616708
0.0,0.0
0.6931471805599453,0.85179506486614
0.0,0.0
4.6443908991413725,3.511222897222767
0.6931471805599453,1.2829031912725333
0.0,0.0
4.060443010546419,3.7519264140326927
3.218875824868201,1.8950480766978763
3.8712010109078903,4.152073783416361
0.0,0.0
0.0,0.0
3.6375861597263857,3.768123945144925
4.477336814478207,4.619768976918545
0.0,0.0
0.0,0.0
4.477336814478207,4.551471917176786
0.0,0.0
3.912023005428146,4.638713210734837
2.3978952727983707,2.41840986868475
2.833213344056216,3.4376413349896016
1.0986122886681096,1.0635194753309887
2.8903717578961645,3.269936794023933
2.639057329615259,2.564972268772396
3.713572066704308,3.644283424904953
0.0,0.0
4.477336814478207,4.248121716362767
2.772588722239781,3.00437089106105
0.0,0.0
0.0,0.0
0.6931471805599453,1.353064248471731
0.0,0.0
3.8918202981106265,3.7616917485286665
0.0,0.0
0.0,0.0
0.0,0.0
0.0,0.0
4.736198448394496,4.0693362802692725
0.0,0.0
1.791759469228055,2.0999431941969067
0.0,0.0
0.6931471805599453,0.9299498674075957
0.0,0.0
0.0,0.0
5.41164605185504,5.405134701332099
1.3862943611198906,1.4913593635881908
4.007333185232471,4.139721065299634
0.0,0.0
0.0,0.0
2.4849066497880004,3.398623531231889
0.0,0.0
3.8712010109078903,3.9477855605768344
3.258096538021482,2.6612494443370314
0.0,0.0
2.833213344056216,2.5105437613914905
2.302585092994046,1.8081200781571534
4.418840607796598,4.54870135986872
3.4657359027997265,3.556332497667757
0.0,0.0
4.290459441148391,3.9016977586709474
0.0,0.0
4.219507705176107,4.061652777474699
0.0,0.0
0.0,0.0
3.4339872044851463,3.478555403760259
3.1780538303479458,3.8577925314344355
0.0,0.0
0.6931471805599453,1.4424456680189175
4.663439094112067,4.523519138470008
0.0,0.0
0.0,0.0
0.0,0.0
2.772588722239781,2.0168595967295153
0.0,0.0
0.0,0.0
0.0,0.0
0.0,0.0
0.0,0.0
4.442651256490317,4.314994357948731
4.204692619390966,3.7990703428558557
3.912023005428146,4.08621987375213
3.044522437723423,3.099044815084685
0.0,0.0
0.0,0.0
0.6931471805599453,0.9497863978817481
4.174387269895637,3.995428259215696
