actual,predicted
2.079441541679836,1.4890853
0.0,0.010748638
0.6931471805599453,1.2052416
0.0,-0.00031059218
0.0,0.0010415391
0.0,-0.009549971
0.0,0.0064885714
3.5263605246161616,3.1578918
0.6931471805599453,1.1086634
4.465908118654584,4.2218137
3.970291913552122,4.143123
2.639057329615259,2.7379355
1.0986122886681096,1.326768
2.19722457733622,2.2914271
0.6931471805599453,0.8193029
0.0,-0.0019062196
0.0,-0.019014155
3.6635616461296463,3.7925832
3.9318256327243257,3.7253895
0.0,0.025958147
0.0,-0.007772103
4.68213122712422,4.6486416
1.9459101490553128,1.6502967
1.6094379124341005,1.3251127
0.0,0.067249626
0.0,0.05132694
0.6931471805599453,1.4952106
4.442651256490317,3.9332151
1.0986122886681096,1.1632559
4.219507705176107,4.1315527
0.0,-0.05357187
0.0,0.00022063448
1.791759469228055,1.2046406
0.0,-0.039776955
2.4849066497880004,1.3141583
0.0,-0.05709503
4.941642422609304,4.2922535
0.0,0.005199535
0.0,-0.055365775
0.6931471805599453,1.2443025
0.0,-0.007187401
0.0,0.013237315
0.0,-0.0030096201
0.0,0.015814178
4.727387818712341,4.3143487
1.0986122886681096,1.3848038
0.0,0.010952988
1.3862943611198906,1.3990778
1.0986122886681096,1.8198609
4.219507705176107,4.33583
0.0,0.0065753036
0.6931471805599453,0.9182915
3.951243718581428,3.6719704
3.218875824868201,3.814955
0.0,0.009720758
3.9889840465642745,3.6892276
1.0986122886681096,0.9936122
2.19722457733622,1.6843584
0.0,-0.012619036
0.0,-0.019833352
4.969813299576001,4.3439884
4.882801922586371,4.643043
1.0986122886681096,1.2851799
4.882801922586371,4.711845
3.4339872044851463,2.969926
0.0,-0.022375582
3.9318256327243257,3.7443717
0.0,0.013392076
0.6931471805599453,0.9521167
0.6931471805599453,0.8189661
0.0,0.024517333
3.737669618283368,4.1753807
4.672828834461906,4.0763693
0.0,-0.0019224446
4.6443908991413725,4.4501295
0.0,0.00873479
4.248495242049359,4.4237523
0.0,0.011565927
1.0986122886681096,1.0891659
0.0,0.017910652
0.0,0.0022402206
0.0,-0.00446386
0.0,-0.01814417
2.3978952727983707,2.6074455
0.0,-0.009989544
0.0,0.024717577
2.639057329615259,2.3338768
1.0986122886681096,0.95473635
0.0,0.01657746
0.0,0.078990124
0.0,0.0019035452
0.0,-0.026412247
0.0,-0.0016133417
0.0,-0.004206411
2.772588722239781,2.3203592
0.6931471805599453,1.5153362
0.0,-0.15121876
0.0,-0.009432098
0.0,0.014964666
0.0,-0.010413523
0.0,-0.010251515
4.060443010546419,4.144131
1.9459101490553128,1.4518828
4.110873864173311,4.3165083
4.060443010546419,3.6099045
0.0,-0.028636558
0.0,-0.003469173
0.0,0.0055509456
0.0,-0.047934365
0.0,0.017004328
3.1354942159291497,3.231155
1.0986122886681096,0.7008356
0.0,0.012049808
3.295836866004329,3.555599
0.0,-0.017947076
0.0,0.00018311731
0.0,0.008151493
4.060443010546419,4.087645
3.6635616461296463,3.6406078
0.6931471805599453,1.0943204
0.0,0.006783877
2.4849066497880004,1.8319507
0.0,-0.031823695
0.0,0.0018609193
5.771441123130016,5.2589865
5.049856007249537,5.203518
3.784189633918261,3.8990405
1.0986122886681096,1.0876276
4.584967478670572,4.6145153
0.0,0.00084477256
4.74493212836325,4.5087166
3.4657359027997265,3.3242252
0.6931471805599453,0.9919255
0.0,0.041002247
0.0,-0.004581472
3.044522437723423,2.496413
0.0,-0.0061995955
0.0,-0.0051453845
5.043425116919247,4.2871046
0.6931471805599453,2.0937245
1.3862943611198906,1.2656993
3.332204510175204,1.6136874
0.0,0.06966514
0.0,0.023957927
0.0,0.025531221
0.0,0.012971361
0.0,0.005847045
0.0,-0.005113388
0.0,-0.0018742648
2.3978952727983707,1.6711905
0.0,-0.070231505
4.700480365792417,4.5067086
0.0,0.0249385
5.049856007249537,4.3141437
0.0,0.009343266
4.51085950651685,4.670165
0.0,-0.0042865
0.0,-0.020862969
0.0,0.0019463508
4.859812404361672,4.745228
5.560681631015528,5.4934916
3.8918202981106265,4.0452275
0.0,0.056958005
0.6931471805599453,2.1170456
0.0,0.031817213
0.6931471805599453,0.9984415
0.0,-0.024438962
0.0,-0.008037918
0.0,0.009584027
3.951243718581428,4.121396
3.4657359027997265,3.326677
4.394449154672439,4.374355
0.0,0.01845502
3.713572066704308,3.1239934
0.0,-0.009032852
4.330733340286331,4.402492
3.044522437723423,3.169485
0.0,0.0017516017
0.0,0.11742731
0.0,-0.0022954347
0.6931471805599453,1.4988724
4.948759890378168,4.646979
3.688879454113936,4.035796
0.0,-0.010875673
0.6931471805599453,0.74716806
0.0,-0.0066947965
0.0,0.07468965
0.6931471805599453,1.0262992
3.9889840465642745,4.161115
0.6931471805599453,1.291683
1.3862943611198906,1.6054578
3.828641396489095,3.956673
0.0,-0.004459394
0.0,0.0026656776
1.0986122886681096,1.3917719
4.74493212836325,4.6832547
2.70805020110221,3.7910266
4.532599493153256,4.9223623
3.9889840465642745,4.2345157
2.833213344056216,3.1630294
0.0,-0.10762775
0.0,0.0057465173
0.6931471805599453,1.1512762
0.0,-0.010575031
0.0,-0.010774154
4.394449154672439,3.6160889
0.6931471805599453,0.72142583
3.6375861597263857,3.392452
0.0,0.03824272
0.0,0.009657639
0.0,0.0072733546
0.0,0.05012585
4.3694478524670215,4.3435254
0.6931471805599453,1.144517
1.0986122886681096,0.9020768
0.0,0.0069448794
3.091042453358316,3.6057396
2.5649493574615367,1.8397264
0.0,0.08034897
0.0,-0.017659932
0.0,-0.01664524
3.044522437723423,3.0774364
0.0,0.041196767
0.0,-0.0028086612
4.700480365792417,4.48925
1.0986122886681096,1.0174901
0.0,-0.003259969
0.0,0.0040343027
0.0,-0.0035054206
0.0,0.029681168
0.0,0.0017143884
1.791759469228055,2.0191712
2.70805020110221,2.4413016
0.0,-0.024207743
0.0,-0.08491418
0.0,-0.008710876
0.0,-0.011384295
4.48863636973214,4.0121417
2.9444389791664403,2.7059555
0.0,0.018629614
0.0,-0.03376472
0.0,-0.0021318004
3.091042453358316,3.0422738
1.0986122886681096,1.7909739
0.0,-0.0070317043
0.0,0.050748277
4.68213122712422,4.4302635
0.0,-0.024051227
0.0,-0.047618955
3.4011973816621555,3.767348
0.0,-0.029704086
1.0986122886681096,0.9206186
1.3862943611198906,1.201559
0.6931471805599453,1.3592601
0.0,-0.0947052
0.0,0.0034345116
0.0,-0.027045032
1.6094379124341005,1.9610007
0.0,-0.006736733
3.218875824868201,3.9973514
4.127134385045092,4.1485453
3.828641396489095,4.168186
0.0,0.009244155
0.0,-0.1001165
4.867534450455582,4.5033393
5.552959584921617,5.42826
0.0,-0.010738279
0.0,-0.01053704
1.0986122886681096,1.659531
4.330733340286331,4.2099886
0.0,0.018909387
0.0,-0.0066676787
0.0,0.09627974
5.093750200806762,5.1165686
0.0,-0.018147206
4.110873864173311,3.9271207
1.0986122886681096,1.2881948
0.0,0.013437895
0.0,-0.039616115
0.0,-0.01629843
4.110873864173311,4.1898546
0.0,-0.0016203457
0.0,-0.02173088
3.7612001156935615,4.0534368
4.219507705176107,4.337318
3.8501476017100575,4.056406
3.828641396489095,3.8023648
1.0986122886681096,0.63091
0.0,0.036051393
2.079441541679836,2.0514266
0.6931471805599453,1.097596
1.0986122886681096,1.6488628
0.0,0.03444599
2.639057329615259,3.2730005
0.0,-0.06897196
3.9889840465642745,3.6958787
1.6094379124341005,1.6852298
0.6931471805599453,1.1350399
3.332204510175204,3.75281
2.3978952727983707,1.4907042
0.0,-0.019164983
0.0,-0.002768121
0.0,-0.010813207
3.332204510175204,3.596303
3.218875824868201,3.1460063
4.304065093204169,4.4812226
0.6931471805599453,1.07184
4.709530201312334,4.1484756
0.0,-0.0022362228
4.189654742026425,4.079378
2.19722457733622,3.133242
0.0,0.011969687
4.07753744390572,4.2693906
1.0986122886681096,0.99835694
2.4849066497880004,2.2015278
2.8903717578961645,1.6990478
4.382026634673881,3.9921527
4.653960350157523,4.319376
4.51085950651685,4.3986683
3.091042453358316,4.196723
0.0,0.012735821
0.0,-0.008119219
3.4339872044851463,3.3082108
3.7612001156935615,3.7695649
3.044522437723423,3.7810233
0.0,-0.008986843
4.02535169073515,4.152597
0.0,-0.05773494
4.204692619390966,4.1993504
0.0,-0.00824046
0.0,-0.006750262
0.0,0.1158688
4.543294782270004,4.3201222
3.951243718581428,3.8952243
0.0,-0.01168882
0.0,0.0021285217
0.0,-0.0021356663
0.0,0.03526545
3.1354942159291497,3.5327218
1.0986122886681096,1.1691356
1.9459101490553128,1.9821153
0.0,-0.0024074367
2.3978952727983707,3.0245533
4.07753744390572,4.2951336
0.0,0.015362405
4.248495242049359,4.0427523
2.3978952727983707,1.7691524
1.3862943611198906,1.2233554
0.0,0.012984973
0.0,-0.02543101
3.555348061489413,3.6926973
1.9459101490553128,2.3667638
3.688879454113936,4.2839236
0.0,-0.0019780109
0.0,0.007857366
2.639057329615259,1.4509702
1.9459101490553128,2.2802851
4.430816798843313,4.5760474
0.0,0.00979203
1.791759469228055,2.6102605
4.882801922586371,4.7089195
4.343805421853684,4.1914907
0.0,0.018148074
1.3862943611198906,1.2787833
0.0,-0.0044308896
0.0,0.02055976
0.0,-0.003344316
0.0,-0.002836684
0.0,-0.01285407
2.639057329615259,2.3525844
0.0,0.0025424073
3.9889840465642745,3.6804354
0.6931471805599453,0.9464324
0.0,-0.031732917
1.0986122886681096,1.4297407
0.0,-0.0061309785
0.0,0.008787948
0.0,0.0032980347
2.772588722239781,2.6332946
0.0,-6.129101e-05
3.9889840465642745,4.1301627
0.0,0.016858818
0.0,0.10648918
2.639057329615259,2.5616505
4.330733340286331,4.322917
0.0,0.0031352038
0.0,-0.0129545005
0.0,-0.004819065
0.0,-0.009825089
0.0,-0.0036252877
4.787491742782046,4.418526
2.302585092994046,1.7674809
3.4339872044851463,3.5581024
0.0,0.02219649
1.3862943611198906,1.0388596
0.0,0.018179752
0.0,-0.034314055
0.0,0.00083750975
3.295836866004329,3.4756205
0.0,-0.021986948
3.4657359027997265,4.218471
4.31748811353631,4.2619767
0.0,-0.024928859
0.0,-0.017418982
3.4657359027997265,3.2197855
0.0,0.01571649
1.0986122886681096,1.5282006
0.0,0.0053306627
0.6931471805599453,0.8988689
0.0,-0.007724555
1.0986122886681096,1.0348718
3.258096538021482,3.392082
0.0,0.03315666
0.0,-0.0071161785
0.0,0.012017433
3.367295829986474,3.4985368
0.0,-0.008740159
1.791759469228055,2.4235861
4.465908118654584,4.521178
0.0,-0.0020044362
0.0,-0.0019658187
0.0,-0.013880861
4.709530201312334,4.577454
0.0,-0.011851714
0.0,0.0030501627
0.6931471805599453,1.3816596
1.9459101490553128,2.368286
1.9459101490553128,2.26035
4.143134726391533,4.1854596
0.6931471805599453,1.086149
0.0,-0.03638109
2.19722457733622,2.939179
0.6931471805599453,0.863963
0.6931471805599453,1.6259475
4.219507705176107,4.2815957
0.0,-0.013148816
3.6375861597263857,2.72094
0.0,0.0014699635
2.8903717578961645,3.4894502
1.6094379124341005,1.0633819
3.58351893845611,3.0829568
0.0,0.022934977
3.1780538303479458,3.8822591
0.0,-0.0144078005
2.19722457733622,1.5413544
0.6931471805599453,1.521555
0.6931471805599453,1.5133806
0.0,-0.0050852615
4.624972813284271,4.496769
0.0,-0.010949275
0.0,0.015161859
3.8712010109078903,3.1167977
3.828641396489095,3.8284686
0.0,-0.020026226
1.0986122886681096,0.9381826
3.80666248977032,3.6170933
0.0,-0.018238688
0.0,0.017297097
0.0,-0.020234453
4.007333185232471,4.1817617
0.0,-0.011313743
0.0,0.0026484502
3.258096538021482,2.996562
3.58351893845611,3.7707584
3.555348061489413,3.6894095
0.0,-0.013931975
1.3862943611198906,1.3618926
0.0,0.00436363
4.477336814478207,4.3108974
4.204692619390966,3.9885013
0.6931471805599453,1.1838984
0.0,0.0042515057
0.0,0.0017740605
0.0,0.009485739
0.0,-0.059992515
2.3978952727983707,1.6887197
2.079441541679836,1.3552847
0.0,-0.039792087
5.075173815233827,4.6858172
3.4339872044851463,3.8641152
3.784189633918261,3.8857248
0.0,0.051253032
3.970291913552122,4.000806
2.302585092994046,2.8751051
4.23410650459726,4.0995216
0.0,-0.019465793
0.0,0.0025204034
5.5909869805108565,5.4731736
0.0,0.0028715082
4.430816798843313,4.676219
0.0,-0.022683494
3.970291913552122,3.5230262
3.6635616461296463,3.6008577
1.0986122886681096,1.1023238
4.02535169073515,4.0122237
1.791759469228055,1.0305154
2.079441541679836,2.6312778
1.0986122886681096,0.938803
5.2574953720277815,5.2879257
0.0,0.009973218
4.454347296253507,4.4318824
3.258096538021482,3.8295815
2.079441541679836,1.8548244
0.0,0.00991347
0.0,-0.0028111592
0.0,-0.1428648
0.0,-0.035770778
0.0,-0.005362499
3.951243718581428,3.7753987
1.791759469228055,1.3301612
4.174387269895637,3.8146853
0.0,0.004819492
3.218875824868201,3.182117
4.007333185232471,4.357017
1.3862943611198906,0.795118
0.0,0.09217805
2.639057329615259,2.4291239
4.418840607796598,3.744546
4.189654742026425,3.6560066
3.828641396489095,4.0472646
2.3978952727983707,2.5303514
3.713572066704308,3.8731248
0.0,0.01866619
1.0986122886681096,1.2904587
0.0,0.052768737
3.970291913552122,3.8895767
2.772588722239781,3.0383759
2.302585092994046,1.5438323
3.091042453358316,2.5416324
0.0,0.0065950295
0.0,0.047085363
3.5263605246161616,3.9708698
3.912023005428146,4.125918
0.0,-0.0028393127
4.795790545596741,4.493205
0.0,0.004020644
5.0238805208462765,4.902291
4.0943445622221,4.2991285
0.6931471805599453,1.1460088
0.0,0.09704924
0.0,0.036683504
0.0,0.007925994
0.0,0.003508536
0.0,-0.012448339
4.875197323201151,4.3083477
0.0,-0.0006754203
1.0986122886681096,1.4529008
4.262679877041316,3.8749235
3.7612001156935615,3.8561463
3.218875824868201,2.800023
1.9459101490553128,2.4470837
3.6635616461296463,3.3866081
3.58351893845611,3.655939
0.0,-0.053163562
2.8903717578961645,2.741064
0.0,0.012113273
0.0,-0.042880837
1.0986122886681096,1.557445
4.406719247264253,3.8754601
0.0,-0.012399403
0.0,0.013724074
1.791759469228055,2.951816
3.367295829986474,3.6586971
5.272999558563747,5.019549
3.8918202981106265,4.221675
0.6931471805599453,1.0004668
0.0,0.0054542636
1.6094379124341005,2.3347847
0.0,0.013339137
0.0,0.016214449
0.0,0.0009596357
1.3862943611198906,1.8485968
2.639057329615259,2.9345386
0.0,-0.0112160705
0.0,0.019341972
0.0,-0.01941261
3.737669618283368,3.7640233
0.0,-0.010465053
0.0,0.011475665
0.0,-0.008722825
0.0,-0.008618457
0.0,0.017638907
3.044522437723423,2.5703833
0.6931471805599453,1.1651435
2.9444389791664403,2.4320006
4.04305126783455,3.701628
4.110873864173311,3.8790383
4.248495242049359,4.229558
1.9459101490553128,1.125618
5.003946305945459,4.653629
0.0,0.01466138
0.0,-0.0037302237
2.995732273553991,3.7266076
2.079441541679836,2.645844
4.499809670330265,4.477306
0.0,0.017305246
0.6931471805599453,1.7096703
0.0,-0.0049258647
2.5649493574615367,2.6750715
4.962844630259907,4.0539994
0.0,0.034997936
0.0,-0.01383805
4.343805421853684,3.7420256
1.3862943611198906,1.4150857
4.276666119016055,3.943386
3.912023005428146,3.8405533
0.0,-0.015426395
4.6443908991413725,4.1685824
2.639057329615259,2.796667
2.19722457733622,2.2924728
4.276666119016055,4.0732536
0.0,-0.003398693
0.0,-0.053880095
0.0,0.030590445
4.430816798843313,4.186727
0.6931471805599453,1.1345987
0.0,0.04494958
1.6094379124341005,1.5981191
0.0,-0.0063331127
4.174387269895637,4.129453
3.688879454113936,4.015951
0.0,0.009474608
4.709530201312334,4.497657
0.0,0.015675765
0.0,-0.018034818
0.0,-0.04152424
1.0986122886681096,0.80171615
4.204692619390966,3.8999057
2.302585092994046,1.2915756
3.8712010109078903,3.2597988
0.0,-0.0030415945
2.3978952727983707,1.5544208
0.0,0.04092058
0.0,-0.014580644
0.0,-0.0062088175
0.0,0.022617808
4.983606621708336,4.3562756
0.0,-0.01496008
3.80666248977032,4.209201
0.0,0.014032495
0.0,0.0044843666
4.219507705176107,3.810081
0.0,0.0035820089
0.0,0.0173621
4.330733340286331,4.4974484
1.0986122886681096,1.4965576
1.0986122886681096,0.8611774
0.0,0.028020667
0.0,-0.010697629
1.0986122886681096,1.5018185
5.049856007249537,5.0165052
2.4849066497880004,1.5686572
2.5649493574615367,1.682554
1.6094379124341005,1.6278172
0.0,-0.0059232456
0.0,0.003702425
1.0986122886681096,1.2536135
0.0,0.14086019
0.0,-0.027742935
2.8903717578961645,3.0885406
0.0,0.015598122
4.304065093204169,4.0350103
2.5649493574615367,1.6849861
0.0,-0.006656404
2.772588722239781,2.5629623
2.833213344056216,2.5696378
0.0,0.024463665
0.0,-0.0076471805
0.0,0.019320939
0.0,0.042773955
3.58351893845611,3.572737
2.9444389791664403,2.753342
0.0,0.0035199213
1.0986122886681096,1.8344591
0.0,-0.020830935
0.6931471805599453,1.2946984
4.262679877041316,4.0087175
3.8712010109078903,4.1631784
3.091042453358316,3.489875
4.418840607796598,4.40883
0.0,-0.011585611
2.19722457733622,2.890958
2.079441541679836,1.4607356
0.0,-0.0060026804
4.174387269895637,4.489731
0.0,0.021259513
3.6375861597263857,3.7422717
0.0,0.009531687
5.351858133476067,5.313585
0.0,0.08334908
2.70805020110221,3.0467634
0.0,0.0053974185
2.772588722239781,3.5185673
0.0,-0.02704072
0.0,0.0087919235
4.04305126783455,4.3347473
0.0,0.0041506295
4.406719247264253,4.3660507
0.0,0.01842713
0.6931471805599453,1.1407743
0.0,0.021389885
0.0,-0.01487738
1.791759469228055,1.941516
0.0,0.017361432
0.0,-0.0138074085
3.332204510175204,3.3545632
3.555348061489413,3.806839
3.610917912644224,3.733992
2.3978952727983707,2.5251262
5.0369526024136295,4.264027
0.0,0.0012722263
0.0,-0.01064663
0.0,-0.0067199464
3.6375861597263857,4.0730305
1.6094379124341005,1.4406041
0.0,0.013543257
2.19722457733622,3.1428645
0.0,-0.092549905
0.0,0.0017882263
2.995732273553991,3.3874447
0.0,-0.0059824637
1.9459101490553128,2.4147706
0.0,-0.012072251
0.0,-0.009860266
0.0,0.007906235
0.0,-0.058870405
0.0,-0.019886922
4.61512051684126,4.624406
3.1780538303479458,2.675933
3.49650756146648,4.171722
4.59511985013459,4.6241784
0.0,-0.01461015
0.0,0.037856568
3.091042453358316,3.1846375
4.127134385045092,3.9437838
3.970291913552122,3.6733692
0.0,-0.08394675
0.0,0.056041732
3.688879454113936,3.368542
4.204692619390966,4.0082994
4.5217885770490405,4.4309745
5.3230099791384085,5.1056213
4.23410650459726,4.189238
0.0,-0.0023714632
0.0,0.0038077738
2.8903717578961645,3.1734946
4.189654742026425,4.3692617
0.0,0.041946847
4.060443010546419,4.1618834
0.6931471805599453,0.8919687
4.158883083359672,4.0990257
3.258096538021482,3.5378745
4.219507705176107,3.7620864
0.0,0.017407052
4.465908118654584,4.058161
0.0,0.017158179
0.0,0.07575719
1.3862943611198906,1.166901
4.189654742026425,3.9498394
0.0,0.026830198
4.919980925828125,4.567817
0.0,0.023999164
3.737669618283368,3.8753157
0.0,-0.006193854
0.0,0.015482463
1.6094379124341005,1.5492388
0.0,0.0033233385
0.0,0.01489312
3.1780538303479458,2.7540023
3.218875824868201,3.1923168
0.6931471805599453,1.4488994
0.6931471805599453,1.1500932
4.0943445622221,4.313357
0.0,-0.0032957117
0.0,-0.011033198
0.0,0.0034635924
0.0,0.022927484
0.0,-0.030589104
0.0,-0.0023009859
3.4011973816621555,3.0315304
4.859812404361672,4.5605597
2.302585092994046,2.3299282
3.6375861597263857,3.7932487
1.0986122886681096,0.9556659
4.007333185232471,4.054819
0.0,-0.007830741
3.1354942159291497,3.3359156
0.0,0.051449295
1.0986122886681096,0.85427326
0.0,0.00977569
0.0,0.13482763
0.0,-0.08178518
0.6931471805599453,1.3613932
0.0,-0.019339297
0.0,-0.0050746193
0.6931471805599453,1.24613
3.610917912644224,4.002539
0.0,-0.010450768
0.0,0.0076251603
3.367295829986474,3.1460989
4.584967478670572,4.479744
0.6931471805599453,1.1732472
4.248495242049359,4.362677
0.6931471805599453,1.4492373
0.0,-0.0028396328
3.555348061489413,4.1409264
0.0,0.020696865
3.8712010109078903,4.0216956
2.079441541679836,1.639146
5.117993812416755,5.0320435
0.0,-0.016138613
4.3694478524670215,4.2082343
3.912023005428146,4.2277317
0.0,-0.010649482
0.0,0.0011584926
4.382026634673881,4.3367825
0.0,0.00029334208
1.791759469228055,2.627325
2.639057329615259,2.5343835
4.007333185232471,4.2415094
0.0,0.004977434
3.688879454113936,3.0366404
0.0,0.0071528386
0.0,-0.0016949761
3.610917912644224,3.1079414
4.624972813284271,5.1031923
3.828641396489095,3.7026162
0.0,0.0054875677
1.6094379124341005,1.2824225
0.0,-0.0062057986
0.0,0.016374545
0.0,0.021050557
2.5649493574615367,3.2023365
1.3862943611198906,1.5382426
0.0,0.009094223
0.0,-0.06845049
0.0,0.01484547
0.0,-0.0102924295
4.672828834461906,5.269538
0.0,0.014870786
0.0,-0.014978354
0.0,-0.007955521
4.219507705176107,4.134273
0.0,0.00015053022
0.0,0.05095361
3.49650756146648,3.9241486
4.477336814478207,4.6252675
2.8903717578961645,2.4480586
0.6931471805599453,0.6892071
3.828641396489095,3.6524832
0.0,-0.062437307
0.0,-0.018986937
3.5263605246161616,3.6074326
1.9459101490553128,2.010793
1.6094379124341005,1.6753415
0.0,0.05969366
2.772588722239781,3.1030443
0.0,-0.0029755067
4.0943445622221,3.881366
2.5649493574615367,2.5282624
0.0,-0.0369803
1.791759469228055,1.4459126
0.0,0.04728923
0.0,0.00523381
4.02535169073515,4.069001
2.3978952727983707,2.500583
4.406719247264253,4.197721
2.70805020110221,2.3673625
0.0,-0.01925174
4.356708826689592,4.2745867
4.060443010546419,3.9545763
0.0,-0.003741469
2.70805020110221,2.5714402
0.0,-0.016277334
2.70805020110221,2.4107113
4.204692619390966,3.8804765
0.6931471805599453,1.9466697
4.248495242049359,4.19768
0.0,-0.0029962177
2.3978952727983707,2.3885834
1.9459101490553128,1.1093047
0.0,-0.018014444
0.0,0.011248549
0.0,-0.0071490672
1.0986122886681096,1.5168234
2.9444389791664403,2.481417
3.091042453358316,2.9467444
0.0,0.012816621
0.0,-0.010282399
0.6931471805599453,0.9610343
0.0,-0.009702264
4.204692619390966,3.8587344
1.0986122886681096,1.2391847
0.0,-0.009436484
0.0,0.06102099
4.804021044733257,4.3833013
0.0,0.026115498
0.0,0.024355123
0.0,0.022437133
0.0,-0.0038329025
0.0,0.0028417485
0.0,0.0031814605
1.9459101490553128,1.4901451
3.555348061489413,3.3105822
3.9889840465642745,3.9346507
0.0,-0.0136020165
1.791759469228055,2.6997068
3.9889840465642745,4.090861
4.23410650459726,3.8546693
0.0,0.0016233237
0.6931471805599453,1.0454578
0.0,-0.008154121
0.0,-0.0077708215
0.0,-0.017191928
3.80666248977032,4.0421352
1.0986122886681096,1.2165145
0.0,0.032753956
1.3862943611198906,1.1141812
0.0,0.0024112305
0.0,0.004962218
0.0,-0.014342418
0.0,-0.0042459597
3.828641396489095,4.253191
1.0986122886681096,1.300848
3.610917912644224,3.9125533
0.0,-0.0044366005
0.0,-0.015124255
3.1354942159291497,3.6866276
0.0,-0.036037486
0.0,-0.002368042
0.0,-0.011498571
5.298317366548036,4.7584357
4.882801922586371,4.681801
4.454347296253507,3.6009152
0.0,-0.015395127
0.0,0.0282788
4.624972813284271,4.6403437
0.0,-0.0036105344
3.737669618283368,3.9412682
2.772588722239781,2.5443306
3.8501476017100575,3.5904744
0.0,-0.023835868
1.0986122886681096,1.1618075
0.0,0.0059002703
3.4011973816621555,3.4595459
0.0,-0.040770926
0.0,0.04907042
1.0986122886681096,1.4523686
1.3862943611198906,1.5608279
2.4849066497880004,2.6341298
0.6931471805599453,1.7162725
0.0,-0.05804515
1.0986122886681096,0.67628354
0.0,0.001970988
2.19722457733622,2.8767195
3.332204510175204,3.6096127
4.04305126783455,3.9576874
0.0,0.031860944
1.0986122886681096,1.2160165
1.0986122886681096,1.0493942
0.0,-0.013866301
4.007333185232471,3.8029788
0.0,0.08986842
0.0,-0.017056823
0.6931471805599453,0.9830969
0.0,0.003496698
0.0,-0.033329643
0.0,-0.0144541515
4.653960350157523,4.5833483
3.4339872044851463,3.8748846
0.0,0.05034777
4.394449154672439,3.9618402
0.0,0.00490755
0.0,0.014143385
0.0,0.04479419
0.0,0.01852721
3.9889840465642745,4.0197363
0.0,-0.011941014
3.1354942159291497,3.4525685
0.0,-0.014440681
0.0,-0.018341634
1.0986122886681096,1.7284184
3.737669618283368,4.2104144
4.787491742782046,4.4514112
0.0,0.021847034
0.0,0.01564733
4.174387269895637,4.323546
3.5263605246161616,3.3001125
0.0,-0.00072876713
0.0,-0.0062668063
1.9459101490553128,1.2333722
0.0,-0.018310333
2.995732273553991,3.4945972
4.564348191467836,4.3405366
0.6931471805599453,0.522098
0.0,0.016377067
0.0,0.06263111
1.9459101490553128,1.5106206
4.5217885770490405,3.7047827
5.081404364984463,5.229105
0.0,-0.0115305735
0.0,0.011316039
0.0,-0.047527365
0.0,0.054027565
0.0,-0.01789486
1.9459101490553128,2.5350113
1.0986122886681096,1.0911586
1.9459101490553128,2.0968804
0.0,-0.07916468
0.0,0.027745806
0.0,-0.00066197605
0.0,0.0081270635
0.0,0.009337696
1.791759469228055,1.4204878
0.6931471805599453,1.1202528
0.0,-0.0033320817
0.0,0.008188238
4.0943445622221,3.8102016
4.574710978503383,4.40134
4.382026634673881,4.030286
1.0986122886681096,1.2003548
1.791759469228055,1.2032868
0.0,0.0014893163
0.0,0.022085268
1.0986122886681096,2.220111
0.0,0.009732353
0.0,-0.03458919
0.0,0.008019558
2.995732273553991,2.590201
0.0,-0.019544628
0.6931471805599453,1.0722809
2.4849066497880004,2.5298588
3.80666248977032,4.0170918
0.6931471805599453,1.3611462
0.6931471805599453,1.1995298
0.0,0.010639476
0.0,-0.026033781
1.0986122886681096,2.3350894
3.091042453358316,3.1593463
4.304065093204169,4.125389
2.3978952727983707,2.0273018
0.0,-0.006313236
0.0,0.011791303
2.19722457733622,2.0512736
0.0,0.0023324925
0.0,0.01864105
1.0986122886681096,1.5673058
3.8712010109078903,3.7776926
0.0,0.0167741
4.912654885736052,4.564885
4.5217885770490405,4.0408506
3.688879454113936,3.5307465
0.0,-0.042518668
0.0,-0.011278228
1.3862943611198906,1.4967574
0.0,-0.04137485
0.0,-0.14083485
1.9459101490553128,1.6672922
4.74493212836325,4.4220724
1.3862943611198906,1.1438822
0.0,0.06971849
3.4011973816621555,4.0632143
3.295836866004329,2.9518244
3.737669618283368,3.791129
3.218875824868201,3.3017874
2.079441541679836,1.4203657
0.0,0.016411476
0.0,0.01256857
3.5263605246161616,3.5875027
0.0,-0.03777816
0.0,0.06957409
4.343805421853684,4.277576
0.0,0.029048622
0.0,0.017479984
0.0,-0.0019382368
4.248495242049359,4.129176
1.9459101490553128,1.5367863
4.143134726391533,4.3411536
4.836281906951478,4.942147
0.0,0.010710023
3.951243718581428,3.9812782
0.0,0.038124368
0.0,0.015828084
2.19722457733622,3.4284031
0.0,-0.034757327
4.59511985013459,4.717279
1.9459101490553128,1.5486264
0.0,-0.008170305
0.0,0.021212745
2.079441541679836,1.5372089
1.0986122886681096,1.4746404
0.0,-0.0108279865
3.1780538303479458,1.5488857
0.0,-0.0035167814
0.0,-0.0149534615
0.0,-0.008979727
0.0,0.013787801
3.713572066704308,2.724652
2.19722457733622,2.4987957
0.0,-0.010293623
0.0,0.0009679452
1.3862943611198906,1.0353972
0.0,0.0051540607
0.0,-0.01693217
3.4011973816621555,3.0419807
0.0,0.001508823
0.0,-0.012892507
3.912023005428146,3.7774358
0.0,-0.012539843
1.0986122886681096,1.1181251
2.302585092994046,2.4636757
3.4657359027997265,3.8079197
0.0,-0.0053119585
2.8903717578961645,2.638868
3.49650756146648,3.203504
0.0,0.014461293
0.0,0.006167432
0.0,-0.003543798
0.0,0.0033879871
0.0,0.0043859966
0.0,0.0013622859
4.983606621708336,4.3922257
1.9459101490553128,2.0067394
0.0,0.01254687
3.9889840465642745,3.6865222
0.0,-0.008696488
0.0,0.011066851
4.499809670330265,4.5628843
2.5649493574615367,2.4275694
0.0,0.018304193
0.0,0.0045135026
2.8903717578961645,2.9883869
0.0,-0.02113395
0.0,-0.009915019
0.0,-0.0039215717
0.6931471805599453,1.2441882
0.0,-0.017742977
2.8903717578961645,3.3943615
1.6094379124341005,1.5413775
1.0986122886681096,0.7757713
0.0,-0.013452096
0.0,0.008730096
0.0,0.021141646
0.0,0.02228148
4.68213122712422,4.260711
3.49650756146648,4.166822
0.0,-0.11191312
0.0,0.017532498
0.0,-0.020265568
1.6094379124341005,1.4593626
0.0,0.010464124
4.736198448394496,4.4491944
1.0986122886681096,1.5252014
1.9459101490553128,1.5144516
0.0,-0.0099080615
0.0,0.0136787975
1.0986122886681096,1.2498648
1.9459101490553128,1.2258334
1.0986122886681096,1.0459487
3.1354942159291497,2.859304
3.6375861597263857,3.8213954
3.7612001156935615,3.5007954
1.0986122886681096,1.4203845
4.31748811353631,4.5675197
2.9444389791664403,4.0703764
2.8903717578961645,2.1836188
4.941642422609304,4.3881893
0.0,0.009066594
0.0,0.012139767
0.0,0.0117160715
0.0,0.007655037
2.772588722239781,2.7627575
0.0,-0.017604442
3.8712010109078903,3.557802
1.3862943611198906,1.9603516
4.553876891600541,4.4314075
1.6094379124341005,2.309493
0.0,-0.020995311
4.02535169073515,4.1451106
4.532599493153256,4.2165
0.0,-0.0058331015
4.304065093204169,3.7070453
3.367295829986474,3.9481783
0.0,-0.007577003
0.6931471805599453,1.1472249
0.6931471805599453,0.84710544
2.9444389791664403,2.9853652
2.302585092994046,2.8453245
5.075173815233827,5.2571497
1.0986122886681096,1.6605532
0.0,-0.017104687
0.0,0.001168327
0.0,0.025535194
4.672828834461906,4.4592676
0.0,-1.6932288e-05
1.9459101490553128,1.6768028
0.0,-0.0044385293
0.0,0.0128293745
4.204692619390966,4.2425394
4.605170185988092,4.100708
0.0,0.0019507491
0.6931471805599453,1.1049986
0.0,0.008262755
0.0,0.014008408
0.0,-0.00010032617
0.0,-0.011838531
4.248495242049359,4.1869583
1.0986122886681096,0.92817944
0.0,-0.011260047
2.995732273553991,3.5535893
1.0986122886681096,1.2769392
3.688879454113936,4.0030756
0.0,0.10462199
1.0986122886681096,0.98954785
4.653960350157523,4.163517
0.0,-0.006038602
0.0,-0.020556383
1.0986122886681096,1.139476
3.912023005428146,3.9954088
4.844187086458591,4.7131033
0.6931471805599453,0.9119168
0.0,-0.00540145
4.532599493153256,4.472869
4.174387269895637,4.1825795
0.0,0.017777542
0.0,0.07954586
3.9889840465642745,3.747467
0.0,-0.01117701
0.0,0.017276958
4.465908118654584,4.242486
0.0,-0.0009993571
2.302585092994046,1.5606774
0.0,-0.0009610964
0.0,-0.0032363788
4.189654742026425,3.7748432
0.0,0.012161586
0.6931471805599453,0.9378534
2.4849066497880004,3.1274776
0.0,0.016016442
0.0,0.0031992593
0.0,-0.080417864
1.0986122886681096,1.1004053
2.833213344056216,2.4025755
3.912023005428146,3.7124352
4.795790545596741,4.518894
2.5649493574615367,2.7937665
0.0,0.009634805
3.970291913552122,3.9785628
1.3862943611198906,1.2103549
3.951243718581428,3.4057996
3.8712010109078903,4.3059616
1.9459101490553128,1.8230282
1.0986122886681096,1.5738864
3.6375861597263857,4.3742013
0.0,-0.009321964
0.0,-0.0017469075
0.0,0.011726691
0.0,-0.0029716382
4.174387269895637,3.4867525
4.219507705176107,4.2822204
3.58351893845611,3.18554
4.189654742026425,4.0381465
0.0,-0.00072766584
0.0,0.014574505
0.0,-0.05218055
0.0,-0.014751204
0.0,0.0010212562
0.0,-0.0057001007
0.0,-0.018906228
4.77912349311153,4.7054024
0.6931471805599453,1.2619045
3.4339872044851463,3.6997793
0.0,0.0115280235
3.258096538021482,3.1572318
4.219507705176107,4.0596476
2.079441541679836,2.7342167
0.0,-0.058131192
4.02535169073515,3.9982512
3.80666248977032,3.0864234
0.0,0.0005831686
0.0,-0.019054746
0.0,0.015086473
3.9889840465642745,4.204923
1.3862943611198906,1.6757594
4.343805421853684,4.2009687
0.0,0.0006103029
3.7612001156935615,3.683963
0.0,0.07330679
0.0,0.013673636
0.0,0.022353819
0.6931471805599453,0.8904175
4.07753744390572,3.5877113
3.4657359027997265,4.0303354
0.0,0.013898762
4.0943445622221,4.0248113
3.044522437723423,1.6747962
2.772588722239781,3.5266504
1.0986122886681096,1.2051482
1.0986122886681096,1.1347009
0.0,0.020497093
0.0,-0.010033252
4.532599493153256,4.567599
0.0,-0.09769261
3.688879454113936,3.501235
2.3978952727983707,2.6005828
4.812184355372417,4.637613
4.709530201312334,4.8267603
0.0,0.01615309
0.0,0.0031531712
0.0,-0.0013193499
4.3694478524670215,4.0339136
3.713572066704308,3.9392872
0.0,-0.0032439923
2.3978952727983707,2.823146
0.0,-0.007747354
0.0,0.01575228
3.80666248977032,3.9338827
0.0,-0.014800335
4.174387269895637,3.7769656
0.0,0.008808875
0.0,-0.025800586
0.0,0.008591306
0.6931471805599453,1.6002316
0.0,-0.040476188
1.3862943611198906,1.0483012
4.304065093204169,4.173317
0.0,-0.014896104
4.110873864173311,4.1800003
0.0,-0.052740466
4.718498871295094,4.6918864
0.0,-0.0011400648
3.4657359027997265,3.6234086
0.0,-0.00066864444
1.3862943611198906,1.1211172
2.3978952727983707,2.7030997
0.0,0.007197939
5.1647859739235145,5.060127
0.0,0.005467454
3.6635616461296463,2.7263012
4.532599493153256,4.1929193
4.912654885736052,5.016469
0.0,0.005360389
1.3862943611198906,0.8598077
4.158883083359672,4.046384
1.0986122886681096,1.1975706
0.0,-0.013854289
0.0,-0.004963792
4.634728988229636,4.499141
0.0,0.02752631
1.0986122886681096,1.5238345
4.330733340286331,4.24011
0.0,0.14298576
0.0,0.03054019
0.0,-0.0188508
0.0,-0.053293135
3.8918202981106265,3.7031765
0.0,-0.030066041
4.330733340286331,3.9421782
0.0,-0.00056693563
0.0,0.023258748
0.0,-0.01273662
0.0,-0.007743959
0.6931471805599453,1.2141353
3.58351893845611,4.276387
0.0,-0.07519992
0.6931471805599453,2.2842839
1.0986122886681096,1.1260769
0.0,-0.0068269237
2.639057329615259,2.6039257
3.58351893845611,3.5635993
0.0,0.031596374
3.1354942159291497,2.6790028
0.6931471805599453,1.2008941
4.976733742420574,4.5238347
0.0,0.0007231359
1.6094379124341005,1.4692996
0.0,-0.010513468
1.0986122886681096,1.1476388
2.302585092994046,1.7564644
0.0,0.01383723
1.3862943611198906,1.4154367
0.0,0.008935754
3.218875824868201,4.0858684
3.912023005428146,3.7785604
0.0,0.15372488
0.0,-0.022173155
1.3862943611198906,3.4122698
0.0,0.0150469905
0.0,0.12347696
4.02535169073515,4.1738224
3.688879454113936,3.9026418
1.3862943611198906,1.2274007
4.465908118654584,4.1110725
0.0,-0.047515877
0.0,0.013406737
0.0,0.032231435
4.5217885770490405,4.184057
0.6931471805599453,0.8643986
0.0,-0.02115079
3.688879454113936,3.9248495
3.610917912644224,3.5053518
0.0,-0.0201659
3.912023005428146,3.38514
0.0,0.02589471
1.0986122886681096,1.1553686
3.828641396489095,3.9796698
0.0,0.011713413
0.0,0.018079922
0.0,-0.015225843
3.80666248977032,3.9277918
0.0,0.04670387
5.303304908059076,5.285278
0.6931471805599453,1.087128
3.555348061489413,3.5358737
1.3862943611198906,0.86559683
0.0,-0.05730072
0.6931471805599453,1.406036
0.0,0.018127756
3.951243718581428,3.6463883
0.0,0.00039344194
4.110873864173311,4.1846485
0.0,-0.012651873
0.0,-0.0050596884
0.0,-0.046347935
0.0,0.010835738
0.0,-0.008620927
3.4657359027997265,3.2241182
0.0,0.011540072
0.0,-0.023525046
0.0,0.014672253
4.143134726391533,3.8675845
4.204692619390966,3.9319677
0.0,0.0048629832
0.0,-0.00057734037
3.4657359027997265,3.040601
0.0,0.010154264
0.0,0.04010824
0.0,0.030263944
0.0,-0.064536996
1.791759469228055,1.201984
0.0,-0.00034552725
3.555348061489413,4.104801
2.639057329615259,2.4448934
1.9459101490553128,1.2838049
3.610917912644224,3.9155116
1.0986122886681096,1.3681784
3.49650756146648,3.5241208
0.0,0.004771895
2.19722457733622,2.3170476
3.713572066704308,3.8062732
4.867534450455582,4.6664834
0.0,-0.016068157
1.3862943611198906,0.81212497
0.0,-0.00995118
0.0,-0.05490555
5.272999558563747,4.6358
2.19722457733622,3.145691
0.0,-0.039204378
1.6094379124341005,0.9616862
0.0,-0.007156198
0.0,-0.008938947
0.0,-0.010487801
0.0,0.02054962
0.0,0.01441277
0.0,-0.030159764
4.653960350157523,4.5965734
2.639057329615259,2.6807647
0.0,0.009026563
0.0,-0.011334312
0.0,-0.007955207
3.9889840465642745,3.7266226
0.0,-0.091996424
2.3978952727983707,2.607108
3.6375861597263857,4.295539
0.0,-0.004414156
0.0,-0.04541493
0.0,-0.0008883532
3.9318256327243257,3.700033
2.4849066497880004,2.2529767
4.663439094112067,4.311144
4.304065093204169,4.6080484
0.0,-0.0097485
1.6094379124341005,1.1736984
1.6094379124341005,1.7799401
0.0,-0.010071307
0.0,0.010814401
0.0,-0.008177861
4.330733340286331,4.525466
0.0,-0.025093146
0.6931471805599453,1.269975
0.0,0.018548656
3.8918202981106265,3.906956
3.912023005428146,3.8509135
0.6931471805599453,1.1486826
1.0986122886681096,0.8127854
4.007333185232471,1.9793382
0.0,0.0021577529
0.0,0.015242681
2.3978952727983707,1.8631805
4.110873864173311,3.7447972
0.0,0.02650123
0.0,0.013383062
1.0986122886681096,1.193072
0.0,0.022312982
1.3862943611198906,1.4790741
3.295836866004329,3.7613518
3.610917912644224,3.9539967
0.0,-0.0032328942
0.0,0.036551457
0.0,-0.039314624
0.0,0.0001159941
0.0,0.05663106
4.276666119016055,4.28098
3.6635616461296463,3.031168
3.1354942159291497,3.1947188
1.0986122886681096,1.6121349
0.0,-0.023051227
4.406719247264253,4.514125
0.0,-0.00840194
0.0,0.111629866
0.6931471805599453,1.1038285
0.0,-0.004644992
0.0,-0.005726172
0.0,0.02603237
0.0,0.008761535
0.0,0.0139725115
0.0,-0.02339972
3.912023005428146,4.0025377
4.382026634673881,3.9693885
0.0,0.010033848
0.0,0.008037241
1.791759469228055,2.4724967
2.079441541679836,1.5681854
4.624972813284271,4.4644732
0.0,-0.012484335
0.0,-0.010408301
4.553876891600541,3.941789
5.187385805840755,5.504915
3.6635616461296463,2.2338262
3.4339872044851463,3.2093344
0.0,-0.0016122701
0.0,0.10814304
0.0,-0.057821542
0.0,0.01831076
0.0,0.012051232
5.288267030694535,4.441909
3.332204510175204,3.3812551
0.0,-0.011352882
0.0,-0.01390148
0.0,-0.020547193
5.293304824724492,5.1017485
0.6931471805599453,1.0121009
0.0,0.010472315
4.653960350157523,4.4418178
2.9444389791664403,2.949397
2.639057329615259,2.0500598
4.07753744390572,3.6975434
0.6931471805599453,1.0126429
0.0,0.021232525
0.6931471805599453,1.1214659
3.7612001156935615,3.5836537
1.791759469228055,1.4873302
4.605170185988092,4.2369566
3.7612001156935615,3.5215409
0.0,-0.008977745
0.6931471805599453,1.1943657
0.0,0.00040890268
0.0,0.0052137394
0.0,-0.004495098
0.0,-0.024284422
4.584967478670572,4.183854
0.0,-0.0074200197
1.791759469228055,1.3403599
0.6931471805599453,1.334858
0.0,-0.0013230495
1.9459101490553128,1.037645
0.0,-0.012373333
4.31748811353631,4.1692133
2.639057329615259,2.07276
4.499809670330265,4.3609405
2.3978952727983707,1.9065392
0.0,-0.012503642
3.9889840465642745,3.6498132
0.0,0.0011854133
0.0,0.00053341326
4.262679877041316,4.0026183
1.0986122886681096,1.6107274
0.0,0.005615994
3.9318256327243257,3.2740076
1.0986122886681096,0.89565307
0.0,0.0047038947
0.0,0.017952554
0.6931471805599453,1.4814278
3.5263605246161616,3.2426178
5.181783550292085,5.224236
2.19722457733622,1.5372981
4.653960350157523,4.1672134
1.3862943611198906,1.0906892
3.8501476017100575,3.8885064
0.0,-0.11067735
2.302585092994046,2.4076817
0.0,-0.0122378785
1.3862943611198906,1.2478598
1.6094379124341005,1.5241604
0.0,0.09935794
1.0986122886681096,1.4410077
0.6931471805599453,1.2465509
0.0,0.017287247
1.0986122886681096,0.80988497
0.6931471805599453,1.1866117
2.3978952727983707,1.9928534
3.4339872044851463,3.6296694
3.1354942159291497,2.9461005
0.0,0.004562342
3.912023005428146,4.2316623
3.091042453358316,1.7245073
2.9444389791664403,3.0657504
4.736198448394496,4.42741
0.0,-0.0018913568
3.332204510175204,3.5357153
0.0,-0.13528122
4.248495242049359,4.0034986
1.3862943611198906,3.1134613
0.0,-0.07680697
0.0,0.001878703
0.0,-0.19889548
0.0,-0.017835958
4.663439094112067,4.6070957
0.0,-0.0016349249
1.6094379124341005,2.4734669
1.0986122886681096,1.1392576
3.218875824868201,3.0284662
0.6931471805599453,0.91799015
0.0,0.0041352557
1.3862943611198906,1.1829876
0.0,-0.07101704
4.7535901911063645,4.3242335
0.6931471805599453,1.1562674
0.0,0.015858887
0.0,0.014006658
0.0,-0.029750086
4.653960350157523,4.493142
4.795790545596741,4.321149
0.0,-0.0017207433
4.3694478524670215,4.0327883
0.0,0.022822972
0.6931471805599453,1.0662612
2.5649493574615367,2.6819286
0.0,-0.018562486
0.0,0.0069430918
1.3862943611198906,1.177575
0.0,0.002296515
0.0,-0.011881881
0.0,-0.00733736
0.0,-0.004901366
0.0,-0.09828952
0.0,-0.018406147
3.951243718581428,4.4206386
0.0,-0.013126278
3.7612001156935615,4.007178
3.8918202981106265,3.9281538
3.688879454113936,3.9881601
0.0,0.039512884
0.0,-0.0010269101
1.3862943611198906,1.2432015
1.0986122886681096,1.5977231
0.0,0.003214645
0.0,-0.022567837
0.0,0.01862821
0.0,-0.019541912
0.0,0.04350094
4.143134726391533,3.833382
0.0,0.01950144
0.0,-0.02171233
3.784189633918261,4.267421
0.0,-0.016884936
0.0,-0.015134432
0.0,-0.0105498545
0.0,0.017397359
3.828641396489095,3.764664
0.0,-0.0042707673
0.6931471805599453,1.5284832
0.0,0.023745347
2.70805020110221,3.3601992
5.181783550292085,5.1035147
0.0,0.025779681
2.8903717578961645,3.3696668
3.1780538303479458,2.47089
0.0,-0.038404785
5.010635294096256,4.699636
0.6931471805599453,0.9776002
2.995732273553991,2.861725
0.0,0.044845235
0.0,0.016202914
4.553876891600541,4.1903615
0.0,0.02046666
4.382026634673881,4.2591605
0.0,0.011536864
0.0,0.018357225
0.0,0.09491672
0.0,0.03158008
3.1354942159291497,3.125004
0.0,-0.009805819
3.367295829986474,3.6663747
0.0,0.02998666
1.3862943611198906,1.2942721
0.0,0.018335486
4.465908118654584,4.6514263
0.0,0.05748616
3.8918202981106265,3.823253
0.0,-0.006209432
0.0,-0.006323582
3.6635616461296463,3.268323
0.0,0.014392892
0.0,-0.09650412
1.791759469228055,1.4738944
5.111987788356544,4.6764717
1.3862943611198906,1.4917529
0.0,-0.0041808174
0.0,-0.0063039446
0.6931471805599453,1.3335701
0.0,-0.13240522
4.394449154672439,4.067479
0.0,-0.007030138
0.0,0.013101108
0.0,0.007146152
5.187385805840755,4.915588
2.302585092994046,3.5704236
4.127134385045092,3.6931326
4.330733340286331,4.40774
0.0,0.10464278
0.0,-0.005023992
2.079441541679836,1.5651722
1.0986122886681096,1.9292178
0.0,0.020575577
1.0986122886681096,1.1655946
4.990432586778736,4.957661
0.0,-0.034649618
2.8903717578961645,2.1973987
4.787491742782046,4.3312507
0.0,-0.004166155
2.302585092994046,2.347559
0.0,0.00026216087
0.6931471805599453,1.0864422
0.0,-0.030045439
0.0,0.019376978
0.0,-0.042217672
0.0,0.0062361974
0.0,0.053491335
0.6931471805599453,1.3969443
1.0986122886681096,1.1821798
0.0,0.0017068989
4.718498871295094,4.6780167
2.4849066497880004,1.6872905
0.0,-0.0143318055
4.290459441148391,3.9494889
0.6931471805599453,1.6929162
2.079441541679836,1.6785097
2.9444389791664403,1.4197507
1.0986122886681096,1.024061
0.0,-0.014392074
1.0986122886681096,0.99282575
4.060443010546419,4.1790996
2.5649493574615367,2.8934133
0.0,0.002531809
1.0986122886681096,1.0185425
0.0,-0.009438086
5.1647859739235145,4.9583945
4.0943445622221,4.5000606
5.1647859739235145,4.9078865
0.6931471805599453,1.0953358
0.6931471805599453,1.0954586
4.948759890378168,4.660251
0.0,-0.010253823
0.0,0.021488063
3.218875824868201,3.1138048
3.044522437723423,3.0353851
0.0,-0.030168483
2.5649493574615367,3.0381386
2.995732273553991,2.876724
4.6443908991413725,4.003978
0.0,-0.009481273
0.0,-0.0044459617
0.0,-0.011810835
3.951243718581428,4.000019
0.6931471805599453,0.95154184
1.9459101490553128,2.2478547
3.4657359027997265,3.6057577
0.0,-0.06602651
0.0,-0.009341903
0.0,0.005659244
0.0,0.0030776355
3.58351893845611,4.0597243
4.189654742026425,3.8740656
2.995732273553991,2.6530676
0.0,0.021760087
0.0,0.005330808
4.204692619390966,4.514083
0.0,-0.086227186
0.6931471805599453,1.659581
4.189654742026425,4.5381665
0.0,0.00701952
0.0,-0.019118212
0.6931471805599453,1.169334
0.0,-0.010719687
0.0,0.0067329607
4.04305126783455,3.7305744
0.0,0.020341475
4.23410650459726,4.705976
2.4849066497880004,2.3230994
4.634728988229636,3.9953725
3.4011973816621555,3.4674537
3.688879454113936,4.1365714
0.0,0.043839797
0.6931471805599453,1.0875305
4.23410650459726,4.290396
0.6931471805599453,1.1186498
0.0,-0.0114889415
3.6635616461296463,4.1031594
4.127134385045092,4.2762394
0.0,0.012044981
2.639057329615259,3.0580266
0.0,-0.032847397
0.0,-0.011314048
0.0,0.0065552397
0.0,-0.02093646
5.2574953720277815,5.0013256
0.0,0.12124048
3.6375861597263857,3.4136398
0.0,-0.001440026
1.3862943611198906,1.4623245
0.0,-0.04738337
0.0,-0.00079121534
4.127134385045092,4.1045237
3.4011973816621555,3.7356994
4.990432586778736,4.915421
0.0,-0.025497666
0.0,0.07268694
0.0,0.0018644113
0.0,-0.013018491
0.0,0.029719612
2.4849066497880004,2.5190048
0.6931471805599453,1.3410583
0.0,-0.0028374125
3.5263605246161616,3.8758416
1.3862943611198906,2.3079085
0.0,-0.059811372
0.0,-0.03455963
3.044522437723423,1.6553444
0.0,0.08988
3.258096538021482,4.055441
0.0,-0.0034148206
0.0,-0.010962251
0.0,0.0006365917
1.9459101490553128,1.8178911
3.5263605246161616,3.8813891
0.0,0.04075849
0.6931471805599453,1.1164223
0.0,0.011549146
1.791759469228055,2.248287
2.8903717578961645,3.372677
3.8501476017100575,4.0007014
4.343805421853684,4.0395083
0.0,0.012164828
1.791759469228055,1.1880637
2.772588722239781,2.415502
0.6931471805599453,1.0643762
2.302585092994046,2.3176963
1.0986122886681096,1.029846
3.1780538303479458,3.1394804
0.0,-0.0055833664
3.49650756146648,4.0526357
4.61512051684126,4.305938
0.0,0.0088796625
0.0,-0.002527625
4.304065093204169,4.288714
0.0,-0.0044637346
2.5649493574615367,2.6583912
5.37989735354046,5.0941052
0.0,0.0008917361
2.833213344056216,2.3851144
3.784189633918261,3.716789
0.0,0.009702633
3.258096538021482,2.6889398
1.0986122886681096,1.5816107
0.0,0.016594749
0.0,-0.06838118
0.0,0.019445274
1.0986122886681096,1.1263529
4.0943445622221,4.24013
0.0,-0.0060464623
1.6094379124341005,2.6346428
0.0,-0.03342645
0.0,0.014138294
3.044522437723423,2.8868282
3.295836866004329,2.7062137
0.0,0.0037295928
4.3694478524670215,4.2405777
1.0986122886681096,1.0498266
0.0,-0.0029897767
0.0,-0.020764397
0.0,-0.019425329
0.0,-0.0063206567
4.406719247264253,4.1577716
0.0,0.0014693425
0.0,-0.014726013
0.0,-0.017916126
3.610917912644224,3.934903
0.0,-0.011436825
4.23410650459726,4.0903606
0.0,-0.0030175622
3.367295829986474,3.6433587
0.0,0.030612495
0.0,0.00027311998
0.0,0.025093116
4.700480365792417,4.6250286
0.0,0.019916687
0.0,0.009348674
1.9459101490553128,1.6291107
0.0,-0.009655602
4.060443010546419,4.2789416
2.079441541679836,1.2543269
1.3862943611198906,1.2289352
0.0,0.024858104
3.784189633918261,3.7847822
3.8712010109078903,3.5555506
2.833213344056216,2.9261155
0.0,-0.0022544714
3.367295829986474,3.5823028
3.8712010109078903,3.7440033
0.0,-0.0052884934
4.564348191467836,4.2351165
0.0,-0.1288799
0.0,-0.4684108
0.0,-0.2255189
4.174387269895637,4.4051423
0.0,-0.0574238
3.80666248977032,3.4835656
0.0,-0.0019707398
4.060443010546419,3.7337422
0.0,-0.0020536792
3.8501476017100575,3.7727373
0.0,0.008037385
1.3862943611198906,1.3160173
0.0,0.006889711
1.0986122886681096,1.2608178
0.0,-0.004201312
0.0,-0.030638888
4.700480365792417,4.7742443
0.0,0.06380286
0.0,-0.010422441
0.6931471805599453,1.1819987
0.0,0.060471863
0.0,0.019850904
0.0,0.03233737
0.0,-0.0074667376
0.0,0.0042793816
2.302585092994046,1.8187125
2.3978952727983707,2.6843064
2.639057329615259,2.9282992
0.0,0.0006207548
0.0,-0.018156197
0.0,-0.043606717
0.0,-0.035173602
4.709530201312334,4.2226048
2.5649493574615367,2.6432896
0.0,0.012942822
4.553876891600541,4.305992
4.04305126783455,3.9424546
0.0,0.019637886
4.276666119016055,3.8611054
4.836281906951478,4.5819254
4.23410650459726,4.622057
0.0,0.0016558268
3.828641396489095,3.9763837
0.0,-0.021481307
0.0,0.000492477
5.616771097666572,5.2893677
4.219507705176107,3.7662961
2.4849066497880004,3.4288478
3.091042453358316,2.6733356
0.0,-0.052188568
0.0,0.022246594
2.639057329615259,2.2301078
2.639057329615259,1.5622852
0.0,0.0035659983
1.0986122886681096,1.118649
0.0,-0.007673783
1.0986122886681096,1.1632873
0.0,-0.019392816
0.0,0.0020009899
0.0,0.1005461
0.0,-0.025075821
4.727387818712341,4.8562384
4.07753744390572,4.1841207
1.0986122886681096,1.4457629
0.0,0.0014666821
4.584967478670572,4.5049753
0.0,-0.002725206
0.0,0.028368613
0.0,0.014330123
3.7612001156935615,3.8912494
0.0,0.018592825
0.0,0.006676455
4.795790545596741,4.6313376
1.0986122886681096,1.0781903
1.3862943611198906,1.3004501
2.19722457733622,1.2355303
0.6931471805599453,0.8133851
4.564348191467836,3.8308609
0.0,0.015838636
0.0,-0.013317681
0.0,-0.0057131015
0.0,0.029390147
1.0986122886681096,1.576163
0.0,0.005726992
1.9459101490553128,1.4436778
0.0,-0.0077142
4.770684624465665,4.402753
4.060443010546419,3.9199219
1.3862943611198906,1.0507519
0.0,-0.018008517
1.0986122886681096,1.6138427
0.0,-0.011611887
0.0,0.0056610485
2.19722457733622,1.5210336
0.6931471805599453,1.1842602
1.0986122886681096,1.147457
2.19722457733622,1.3145983
5.356586274672012,5.2084026
0.6931471805599453,1.0000019
0.6931471805599453,0.96272683
0.0,-0.0043580597
0.0,-0.014655166
0.0,-0.01539006
0.0,-0.00961766
0.0,-0.0057872683
0.0,-0.014238166
0.0,-0.007122367
4.060443010546419,3.9592807
3.784189633918261,3.6334755
0.0,0.013241153
0.0,-0.015176873
4.0943445622221,3.993541
1.0986122886681096,1.5931528
2.302585092994046,2.1078875
4.812184355372417,4.2539506
1.3862943611198906,1.2218586
3.49650756146648,3.8738005
0.0,-0.027817013
0.0,-0.0008665748
0.0,0.06352184
0.0,0.009354431
3.7612001156935615,3.5191817
0.0,-0.0056077074
1.3862943611198906,1.7226223
0.0,0.0043142424
0.6931471805599453,1.0761912
0.0,0.023097642
0.0,0.014316823
0.6931471805599453,1.5501174
0.0,0.020900019
4.02535169073515,3.6380424
0.6931471805599453,1.2163413
4.442651256490317,4.293196
0.0,0.0029973811
4.304065093204169,4.1265535
1.9459101490553128,1.4833342
0.0,-0.019999923
0.0,0.017522518
2.3978952727983707,2.2974935
0.0,-0.010966752
1.0986122886681096,1.5468975
0.0,-0.01991114
0.0,0.01152653
3.555348061489413,3.3260033
0.0,-0.01221121
1.0986122886681096,1.2723597
1.3862943611198906,1.300198
0.0,-0.03118517
0.0,-0.0071326806
0.0,-0.012162069
0.0,-0.0043209097
1.6094379124341005,1.5218736
0.0,0.0030242612
0.0,0.0011318116
0.0,0.0046278313
1.6094379124341005,1.656812
0.0,0.017664393
0.6931471805599453,1.237047
0.0,0.01139615
0.0,-0.036845922
3.6635616461296463,4.027964
1.0986122886681096,1.0038645
5.135798437050262,5.0213985
1.0986122886681096,1.2961485
3.80666248977032,3.6051824
0.0,-0.02134207
0.0,-0.015166336
0.0,-0.00974789
0.0,-0.0050803577
3.295836866004329,3.267445
0.0,0.0095615415
4.6443908991413725,4.4064083
1.0986122886681096,1.3102345
0.0,0.0495079
3.367295829986474,3.1377683
4.5217885770490405,4.392074
0.0,0.008826078
1.791759469228055,2.5530055
3.9318256327243257,3.2360458
1.0986122886681096,1.1689645
0.0,0.00544736
3.555348061489413,3.7341666
0.0,0.009408606
0.0,8.914294e-05
3.784189633918261,3.6628714
3.044522437723423,3.8281245
0.0,-0.00033437923
0.0,-0.004081092
4.584967478670572,4.1704063
4.204692619390966,4.134276
0.0,-0.09363176
0.0,0.012828841
1.0986122886681096,1.1284523
0.0,-0.019704089
3.7612001156935615,3.7230368
0.0,-0.0034909118
0.0,0.008000537
0.0,-0.0018138944
1.6094379124341005,2.5938623
4.477336814478207,4.1884966
3.5263605246161616,3.6796105
4.564348191467836,4.104611
2.70805020110221,3.593831
3.6375861597263857,3.6016738
0.0,-0.019233853
1.791759469228055,2.5710385
2.9444389791664403,2.7011635
1.0986122886681096,1.604173
2.833213344056216,2.6579971
4.983606621708336,4.468624
0.0,-0.012445366
0.6931471805599453,1.4335387
4.127134385045092,3.8498273
0.0,-0.0041021924
0.0,0.005769674
2.995732273553991,3.0931084
0.6931471805599453,1.0864558
3.828641396489095,3.2186983
4.442651256490317,4.1834326
2.995732273553991,2.602592
4.330733340286331,4.191087
0.0,-0.0050992225
2.302585092994046,1.9845737
0.6931471805599453,1.3557367
0.6931471805599453,1.0349323
0.0,-0.009622119
1.0986122886681096,1.2260519
0.0,-0.008689501
0.6931471805599453,0.9179041
0.0,-0.0071011055
4.219507705176107,4.0802298
3.8712010109078903,3.8796444
4.127134385045092,4.1032543
1.9459101490553128,1.6424506
0.0,-0.028958319
0.6931471805599453,1.0618736
3.49650756146648,4.003467
3.912023005428146,3.6627717
0.0,-0.008146138
0.6931471805599453,1.005855
3.8501476017100575,3.7203317
4.219507705176107,3.846349
0.0,0.03022374
0.6931471805599453,1.185515
0.0,0.0065786084
0.0,0.052299526
2.995732273553991,3.0346189
3.912023005428146,4.2629337
0.0,-0.006082319
1.0986122886681096,0.77102983
3.688879454113936,3.921541
2.19722457733622,2.6247845
4.304065093204169,4.2109165
4.454347296253507,4.5026617
4.948759890378168,4.369924
0.0,-0.13549368
0.0,-0.006054445
0.0,-0.0071443073
2.302585092994046,2.9311
3.80666248977032,3.6203878
0.0,0.07772074
0.0,-0.019913506
0.0,-0.009461797
4.143134726391533,4.0519314
0.0,-0.03531145
3.58351893845611,3.0357833
1.6094379124341005,1.1240714
5.117993812416755,4.3499746
0.0,0.036732096
1.3862943611198906,1.4120513
0.0,0.013837377
3.5263605246161616,3.5747178
4.219507705176107,4.0684237
0.0,-0.003108384
3.49650756146648,1.6137816
3.713572066704308,3.3234594
0.0,0.0071051256
2.772588722239781,3.4061882
4.304065093204169,4.244251
4.31748811353631,4.0955043
3.258096538021482,3.7299588
0.0,-0.016251622
1.6094379124341005,2.4325318
1.0986122886681096,1.6128024
1.0986122886681096,1.6124725
4.110873864173311,4.159793
0.0,-0.017487459
0.0,-0.010209037
1.0986122886681096,1.0752939
4.23410650459726,3.7765388
1.6094379124341005,1.6091065
4.844187086458591,4.7194486
0.0,-0.011880435
0.0,-0.26413745
2.8903717578961645,2.322138
3.9318256327243257,4.0112185
3.4339872044851463,3.800864
0.6931471805599453,0.9911084
0.0,-0.022609161
0.0,-0.0009656446
0.0,-0.0015926693
4.499809670330265,4.595123
0.0,0.0047617457
0.0,0.013003018
3.7612001156935615,4.479915
1.3862943611198906,1.0793099
4.700480365792417,4.048699
3.951243718581428,3.9294047
0.6931471805599453,1.068169
0.0,0.0036044952
4.262679877041316,4.1451607
0.6931471805599453,1.2563281
0.0,0.0132258665
1.0986122886681096,1.4642906
0.6931471805599453,1.4949577
3.737669618283368,3.962476
0.0,-0.026945665
0.6931471805599453,1.0288731
4.276666119016055,4.1637254
0.0,0.02055711
1.0986122886681096,1.5319262
3.218875824868201,2.6143467
3.9318256327243257,3.840463
2.70805020110221,3.187574
0.0,0.011602979
4.04305126783455,4.2301254
3.1780538303479458,3.6703582
0.0,-0.0103345085
4.653960350157523,3.8503032
0.0,-0.034705836
2.639057329615259,2.6912942
0.0,-0.057133544
0.0,0.0077873883
0.0,-0.009482276
3.784189633918261,3.4960203
0.0,0.009816256
0.0,-0.075169854
0.0,0.017497508
1.0986122886681096,0.64010483
1.791759469228055,1.4395396
1.3862943611198906,1.3891504
3.5263605246161616,3.6157758
0.0,0.0011025524
3.258096538021482,3.4971228
0.0,0.011436288
0.0,0.008378725
0.0,-0.0020643608
0.0,-0.038666736
2.639057329615259,2.9088886
0.0,-0.0010828581
0.0,0.005219695
0.0,-0.0059287613
0.0,-0.001718094
0.0,0.007447448
0.0,-0.05324594
0.0,-0.0978317
0.0,-0.004756824
0.0,-0.013954987
0.0,0.025476977
3.4657359027997265,2.0302982
0.6931471805599453,1.1762618
2.5649493574615367,2.4437716
3.828641396489095,3.9716158
3.8918202981106265,3.641062
2.19722457733622,2.504492
0.0,-0.012390047
5.10594547390058,4.9554124
3.828641396489095,3.8096488
1.3862943611198906,1.0931561
0.0,0.006821642
0.6931471805599453,1.7184607
0.0,0.0044149216
0.0,0.0145170335
0.0,0.0044347737
0.0,-0.0041300976
0.0,0.01149313
3.610917912644224,1.7293266
0.0,0.048976857
4.3694478524670215,4.037505
0.0,-0.011379917
0.6931471805599453,1.1567416
4.430816798843313,3.9422967
1.9459101490553128,1.5380996
0.0,-0.016872767
1.6094379124341005,1.4351693
4.356708826689592,3.7610373
4.04305126783455,3.9927456
0.6931471805599453,1.3921039
0.0,-0.009914581
3.332204510175204,3.1911092
3.295836866004329,3.5876763
3.7612001156935615,3.716052
4.04305126783455,3.7927601
0.0,-0.013180799
0.6931471805599453,1.0811577
0.0,-0.0066054156
5.003946305945459,5.1841607
0.0,-0.055496585
0.0,0.1766457
0.0,-0.013960501
0.0,0.022313163
0.0,0.03311402
0.0,0.0018732431
4.875197323201151,4.440874
1.0986122886681096,1.2895231
0.0,-0.10287485
4.51085950651685,3.9898787
5.010635294096256,4.4086494
0.0,0.0033440136
0.0,-0.01713098
1.3862943611198906,1.4331363
4.189654742026425,3.8268633
3.951243718581428,3.834496
3.8501476017100575,3.9986978
0.0,0.0014664822
0.0,0.0026762155
0.0,-0.017152973
3.610917912644224,3.8685846
0.0,-0.0027748705
0.0,-0.013481514
1.0986122886681096,1.0978009
0.0,-0.018298453
0.0,-0.06639842
0.0,0.013105844
3.713572066704308,3.7081366
1.3862943611198906,1.5398734
0.0,-0.03293764
0.0,0.026371073
0.0,0.0064351805
0.0,-0.019127652
4.060443010546419,4.210479
5.10594547390058,4.9342394
0.0,-0.0038251234
1.0986122886681096,1.460243
3.4339872044851463,4.0209103
3.091042453358316,3.9427774
0.0,0.006175404
0.0,-0.00068817195
2.70805020110221,2.1342435
0.0,-0.057234056
1.9459101490553128,1.1947056
0.0,-0.020663673
0.0,-0.035533085
0.0,0.0016721708
1.0986122886681096,1.9117385
0.6931471805599453,1.7725633
0.0,0.0034110842
0.0,0.0035503134
4.02535169073515,4.0248837
4.454347296253507,4.196671
0.0,-0.012575078
2.70805020110221,1.6874171
4.174387269895637,3.7126315
1.0986122886681096,1.0882303
1.0986122886681096,0.8689197
0.6931471805599453,0.980374
0.0,-0.10917105
0.0,0.04069143
3.737669618283368,3.84248
0.0,-0.027953716
1.3862943611198906,1.1604849
2.302585092994046,3.0480528
1.0986122886681096,0.953952
0.0,0.025938299
4.248495242049359,4.202903
3.4011973816621555,3.8134797
0.0,-0.00561326
0.0,0.03626896
3.610917912644224,2.8354747
4.499809670330265,4.3202243
0.0,-0.01261654
4.691347882229144,4.759717
0.0,0.0029959958
0.0,-0.024741875
1.791759469228055,2.3786519
0.0,-0.085733995
0.0,0.058578238
4.700480365792417,4.232178
0.0,0.037308704
0.0,-0.011922118
3.6375861597263857,3.9868202
4.304065093204169,3.9075139
0.0,-0.023164459
0.0,-0.0026214118
1.0986122886681096,1.1760567
3.044522437723423,3.2412388
0.0,-0.092912436
4.532599493153256,3.897589
0.0,0.031097796
0.0,-0.015204587
0.0,-0.0075736144
0.6931471805599453,0.9364652
1.9459101490553128,1.7499287
0.0,0.005855706
0.0,-0.029101936
2.4849066497880004,1.2106973
2.5649493574615367,4.139969
2.8903717578961645,2.510031
1.0986122886681096,1.6885418
2.995732273553991,3.2108483
0.0,-0.015314387
0.0,0.013683435
5.8522024797744745,5.4474926
4.454347296253507,4.681525
4.158883083359672,4.1544724
0.0,0.012762527
3.1780538303479458,3.2010207
4.976733742420574,4.8187633
0.0,-0.061642565
0.0,-0.0069084377
4.356708826689592,4.277366
2.5649493574615367,2.326188
4.6443908991413725,4.335799
0.0,-0.0038737727
1.0986122886681096,1.1566058
4.189654742026425,4.085743
0.0,0.003424748
1.6094379124341005,1.59935
5.062595033026967,4.6370234
0.0,0.0043167337
1.6094379124341005,1.0103375
3.367295829986474,2.759041
0.0,-0.010328202
4.262679877041316,4.1891246
4.07753744390572,3.8597286
3.6375861597263857,3.6442263
1.0986122886681096,1.3123535
5.351858133476067,5.2256165
3.6635616461296463,3.8802466
0.0,0.0063587544
3.5263605246161616,2.8839405
0.0,-0.0046013505
0.0,0.010952278
0.0,-0.013021689
4.262679877041316,4.213974
2.19722457733622,1.525403
0.0,0.01679933
1.791759469228055,2.3337796
0.0,0.0045116
3.713572066704308,3.3982053
0.0,-0.008815689
0.0,0.0028706407
5.645446897643238,5.3089004
0.0,-0.004648155
0.0,-0.019893007
0.0,0.027824003
1.9459101490553128,1.5950569
1.0986122886681096,1.2193269
0.0,0.043527458
1.0986122886681096,1.2404518
0.0,-0.002570324
1.9459101490553128,1.5286827
4.812184355372417,4.5908394
3.4339872044851463,3.70025
3.49650756146648,3.3082356
0.0,0.021675564
2.4849066497880004,2.0844526
0.0,0.121923946
0.0,0.20193404
0.0,0.030454624
2.3978952727983707,2.0674233
0.0,0.012077452
0.0,-0.005729504
0.0,-0.038103934
4.836281906951478,4.9172707
4.07753744390572,3.943603
1.0986122886681096,1.122162
0.0,-0.0065037026
0.0,0.0075194873
2.8903717578961645,3.7101288
3.828641396489095,3.5133927
4.060443010546419,3.8591347
2.833213344056216,2.579424
3.713572066704308,3.541034
5.170483995038151,4.899258
4.532599493153256,4.336723
3.5263605246161616,3.2531865
4.61512051684126,4.2649984
0.6931471805599453,1.8560855
1.0986122886681096,1.4932357
0.0,0.07424183
1.9459101490553128,1.3232015
0.0,0.0025446408
0.0,0.017003229
0.0,0.026165556
4.060443010546419,3.4869406
0.0,0.0021536283
0.0,-0.0068907673
0.0,0.03760059
0.0,-0.016245218
0.0,-0.014606869
4.653960350157523,4.453284
1.3862943611198906,1.2633889
0.0,-0.006665789
0.0,0.033151217
2.302585092994046,2.0753615
4.574710978503383,4.074174
3.8918202981106265,3.8378527
1.3862943611198906,0.8626229
3.912023005428146,4.2773423
1.3862943611198906,1.3295116
0.6931471805599453,1.7591788
0.0,-0.007891931
0.0,0.027409272
0.0,-0.004965811
0.6931471805599453,1.3741319
0.6931471805599453,0.931957
0.0,-0.0029750739
1.0986122886681096,1.6078975
0.0,-0.0030559856
1.3862943611198906,1.5696585
3.8712010109078903,4.042513
0.0,-0.07427594
5.488937726156687,5.0143743
3.8918202981106265,4.022339
0.0,-0.019631283
0.0,0.020626577
2.3978952727983707,2.1944091
0.0,-0.0016340902
0.0,-0.0055124927
0.0,0.0034432674
4.804021044733257,4.646164
4.7535901911063645,4.578928
0.0,-0.0018178548
3.258096538021482,3.3317828
0.0,-0.06356194
0.6931471805599453,0.98865086
1.3862943611198906,1.7709435
1.9459101490553128,1.7460121
0.0,0.019428853
0.0,0.1826524
0.0,0.037950475
4.110873864173311,3.4813857
0.0,0.010295115
1.0986122886681096,1.5427268
3.8501476017100575,3.6335266
3.1354942159291497,4.0885725
0.0,-0.060742598
0.0,-0.006300807
1.6094379124341005,1.4524736
0.0,0.004495045
0.0,-0.04361222
0.0,0.00481127
3.828641396489095,3.8096063
5.342334251964811,5.189351
0.0,-0.055967327
3.7612001156935615,4.0444603
0.6931471805599453,1.1352484
0.0,-0.018877463
0.0,-0.0016727585
3.4011973816621555,3.3280883
4.290459441148391,4.2894363
4.110873864173311,4.144297
0.0,-0.033602517
4.23410650459726,3.4314697
0.6931471805599453,0.81252736
0.0,0.012176919
4.605170185988092,4.333117
2.079441541679836,1.1385751
0.0,0.07815045
1.6094379124341005,1.4628284
0.6931471805599453,1.5001297
0.0,0.015013538
3.912023005428146,3.702271
0.0,-0.0012200214
0.0,0.007575447
3.80666248977032,3.6291246
2.5649493574615367,2.4984038
0.0,0.0019263772
0.0,0.07144001
4.61512051684126,4.231264
4.219507705176107,3.5232396
2.19722457733622,2.030051
0.0,0.011161117
1.0986122886681096,1.6607587
0.0,0.06824097
0.0,-0.017214017
3.555348061489413,3.823295
0.0,0.01332811
0.0,-0.06454969
3.49650756146648,3.7932575
4.189654742026425,4.025183
0.0,0.062425163
0.0,0.0046207076
0.0,0.006016941
0.0,0.084905416
0.0,-0.026756944
0.0,0.086630106
0.0,0.01009609
4.02535169073515,4.2880654
2.8903717578961645,2.0010517
0.0,0.0037992226
0.0,-0.0024136978
3.044522437723423,2.6075578
0.6931471805599453,1.323293
2.772588722239781,3.42737
3.044522437723423,3.0392146
2.19722457733622,1.8145419
1.791759469228055,1.6505504
0.0,0.03942993
0.0,-0.0036017792
0.0,-0.004913602
0.0,-0.0013882298
1.3862943611198906,1.668178
1.0986122886681096,1.4741634
2.9444389791664403,2.6597688
4.189654742026425,4.3976316
0.0,0.0054180934
4.276666119016055,4.1063094
0.0,-0.026628861
0.0,-0.09201119
3.555348061489413,3.3871622
0.0,-0.023736425
0.0,-0.005231031
0.0,-0.042764343
0.6931471805599453,1.9954213
0.6931471805599453,1.1248915
5.25227342804663,5.144281
0.0,-0.005283223
2.19722457733622,2.872024
0.0,0.01625593
0.0,0.0070482283
2.639057329615259,2.554393
1.3862943611198906,1.2130948
4.543294782270004,4.1554847
1.9459101490553128,1.7056521
2.19722457733622,2.1756282
0.0,-0.06487429
0.0,-0.035349738
3.8712010109078903,4.1371503
0.0,-0.0073138583
2.639057329615259,2.226506
0.0,0.004917531
0.0,0.038916413
4.882801922586371,4.404733
0.0,-0.0117313275
0.0,-0.02390168
1.3862943611198906,1.0776038
0.0,0.0044204737
0.0,-0.0712645
0.0,-0.001629521
2.079441541679836,1.8344171
0.0,-0.0011638647
0.0,0.005425881
0.0,-0.0039865635
0.0,-0.010409881
0.0,0.018672176
2.3978952727983707,2.8082287
3.091042453358316,2.6954937
0.0,0.00031580825
0.6931471805599453,1.0796123
4.543294782270004,4.6458454
4.727387818712341,4.235992
2.5649493574615367,1.8468485
0.0,-0.0036645397
0.0,0.030980714
0.0,0.0025294228
4.23410650459726,3.7478096
0.0,0.011180375
4.48863636973214,4.115994
0.0,0.06950135
1.791759469228055,1.3690339
1.3862943611198906,1.1378584
0.0,0.013726494
5.44673737166631,4.6254587
1.3862943611198906,1.2408063
4.007333185232471,3.7692132
0.0,0.008686786
0.0,0.0019025431
0.0,0.034050666
0.0,-0.0036090342
5.267858159063328,5.1639256
0.0,-0.0054901517
2.19722457733622,1.510365
4.04305126783455,3.6574678
4.5217885770490405,4.4239197
1.0986122886681096,1.2961421
0.6931471805599453,1.1515592
2.9444389791664403,2.9077306
0.0,0.0045644413
2.639057329615259,3.3864183
0.0,0.011612858
0.6931471805599453,0.64513284
4.584967478670572,4.2190413
0.0,-0.0050404947
0.0,0.07648918
0.6931471805599453,1.3205448
4.07753744390572,4.0460234
0.0,-0.02182243
0.0,-0.016204879
0.0,0.016108202
0.0,0.047951058
1.3862943611198906,1.339373
3.218875824868201,3.7871797
0.0,-0.0011238118
0.0,-0.002596152
5.117993812416755,5.0589747
0.0,0.012062091
4.532599493153256,4.5584273
0.0,0.016151143
4.499809670330265,4.1223736
1.791759469228055,1.1640263
0.6931471805599453,1.0830203
2.639057329615259,3.1423547
0.0,0.013296316
0.0,0.018948928
0.0,0.0951788
0.0,-0.0030841904
4.127134385045092,4.4982433
1.3862943611198906,1.6332704
0.6931471805599453,1.1352233
0.0,0.04765845
3.912023005428146,3.755789
4.418840607796598,4.4719443
1.6094379124341005,1.2002605
0.0,0.00055307534
4.418840607796598,4.0455976
4.948759890378168,5.0651584
3.6375861597263857,4.1315856
0.0,-0.013290941
4.262679877041316,3.5920296
0.0,-0.00052444974
0.0,0.017130217
4.955827057601261,3.992345
3.295836866004329,3.1387053
0.0,-0.012408196
0.0,-0.0034495848
1.0986122886681096,1.5335947
0.0,-0.007068417
0.0,-0.05527092
0.0,0.029671691
4.204692619390966,3.7887251
0.0,-0.011886821
0.0,0.014502484
4.430816798843313,4.3831306
0.0,-0.022770502
0.0,0.0025207244
1.0986122886681096,0.7745921
5.062595033026967,4.8626795
3.713572066704308,3.5286133
0.0,-0.004429541
0.6931471805599453,1.1334041
0.0,-0.0146012725
1.9459101490553128,1.7698885
5.068904202220232,5.3325963
0.0,-0.023253622
0.0,-0.008387603
0.0,0.04920846
0.0,0.059451893
4.61512051684126,3.9754846
3.610917912644224,3.3918335
0.0,-0.00053315074
1.791759469228055,1.4995897
0.0,0.012739481
0.0,-0.013838444
4.290459441148391,3.970616
1.0986122886681096,1.0240892
0.0,-0.012502087
0.0,-0.020712424
0.0,-0.0058867517
4.477336814478207,4.0021253
1.6094379124341005,1.6854374
4.543294782270004,4.22927
0.0,-0.0013205194
0.0,-0.040624578
0.0,0.013730662
0.0,0.018591385
1.9459101490553128,1.4901547
0.0,-0.0049470197
0.6931471805599453,1.2063153
1.0986122886681096,1.1177646
5.049856007249537,4.793244
0.0,-0.005118722
2.5649493574615367,2.2744262
5.049856007249537,5.1012278
0.0,-0.019437097
5.25227342804663,4.9168496
4.204692619390966,4.6291595
0.0,0.10582474
0.0,-0.06710482
0.0,-0.021745123
2.70805020110221,3.6412492
0.6931471805599453,1.4248583
4.189654742026425,4.292875
3.5263605246161616,3.8132265
2.3978952727983707,1.5690777
0.0,-0.006719366
1.3862943611198906,1.3739752
0.0,-0.017606774
0.0,-0.012232452
0.0,0.015343172
0.6931471805599453,1.2194276
0.0,0.0067224274
0.0,0.016890898
1.9459101490553128,1.8692424
5.204006687076795,5.313322
0.0,-0.007328609
0.0,-0.006644082
0.0,-0.037353206
2.772588722239781,2.3434978
2.833213344056216,2.4895508
4.406719247264253,4.186924
0.0,0.0037612254
4.127134385045092,3.9655356
1.791759469228055,1.6468772
5.209486152841421,5.1848516
1.0986122886681096,1.5072815
2.9444389791664403,2.7502995
0.0,0.0024608092
0.0,-0.003367701
2.5649493574615367,2.1625733
0.0,0.0032294511
0.0,0.03794657
1.0986122886681096,1.5275053
0.6931471805599453,1.2374604
1.0986122886681096,1.8992544
0.6931471805599453,1.1128116
0.0,-0.0037779077
1.0986122886681096,1.1147392
4.795790545596741,4.710891
0.0,-0.003864244
1.3862943611198906,1.4532969
0.0,0.013791731
4.219507705176107,3.7931366
4.356708826689592,4.0030556
0.0,0.002186996
0.0,-0.0088116955
3.951243718581428,4.0561457
0.0,-0.009032069
3.8918202981106265,4.0837836
0.0,-0.004810047
3.258096538021482,3.5225616
1.3862943611198906,1.2305968
0.0,-0.0069793817
0.0,-0.0018687748
4.07753744390572,4.2111874
0.0,0.017098984
3.6375861597263857,3.785444
1.0986122886681096,1.2094698
0.0,0.008472696
0.6931471805599453,1.6828948
0.0,-0.01546922
1.6094379124341005,3.309995
2.3978952727983707,1.5502073
1.3862943611198906,1.3814805
5.043425116919247,4.7613835
1.9459101490553128,0.94102496
5.1647859739235145,4.652998
0.0,0.0046054283
0.0,-0.0047110138
0.0,0.0063943295
0.0,-0.015225059
4.624972813284271,4.2389817
0.0,-0.003906216
0.0,0.005383446
5.225746673713202,4.7448897
0.0,0.008862281
0.0,-0.011464434
0.0,-0.0024833851
3.332204510175204,3.5537546
4.499809670330265,4.463062
1.0986122886681096,1.8496639
0.0,0.026793301
3.58351893845611,3.6984525
0.0,0.0054992656
4.844187086458591,4.4660945
4.204692619390966,4.026728
0.0,-0.0042874888
0.0,-0.036768943
0.0,0.005109097
5.575949103146316,5.5411544
3.091042453358316,3.0106714
0.0,0.0130145475
3.555348061489413,4.219255
0.0,0.1765387
0.0,0.0035451164
0.0,-0.054037247
0.0,-0.017657185
3.737669618283368,4.2231755
0.0,-0.0073827845
0.0,-0.07722173
3.218875824868201,3.9862704
0.0,0.011406117
0.0,0.043603208
0.0,-0.003429148
0.0,-0.009954778
1.6094379124341005,1.556249
0.0,0.040821325
0.0,-0.0071776714
0.0,0.0049971407
0.0,0.0072817327
0.0,-0.02038556
0.0,0.016938744
3.295836866004329,3.0044556
0.0,-0.010445074
0.0,-0.009704409
0.0,-0.005128087
0.0,-0.013660089
0.0,-0.0152694825
2.70805020110221,2.5810478
4.61512051684126,4.9191256
1.791759469228055,1.543082
0.0,0.0466798
0.0,0.024195738
4.276666119016055,3.947539
0.0,0.014653091
4.127134385045092,4.1654916
2.19722457733622,3.2642646
0.0,-0.015922014
0.0,-0.016542148
3.4657359027997265,3.0457025
0.0,0.027269239
4.290459441148391,4.2368517
0.0,-0.008578128
4.48863636973214,4.096514
0.0,-0.012426399
5.480638923341991,5.231015
0.0,-0.001979701
4.762173934797756,4.7888103
0.0,0.023000909
0.0,-0.0132470485
0.0,0.046023317
0.0,-0.0027369033
5.030437921392435,4.6962123
0.0,-0.018428601
2.079441541679836,2.0390286
0.0,-0.13857679
0.6931471805599453,1.0803797
0.6931471805599453,1.1098033
0.0,-0.009722852
4.304065093204169,4.096337
1.0986122886681096,1.0507396
4.897839799950911,4.829248
3.828641396489095,3.3536358
0.6931471805599453,1.1358061
3.49650756146648,3.676753
0.0,0.008861053
0.0,-0.00014080209
0.0,-0.0016980761
0.0,-0.15415634
3.5263605246161616,3.5656426
0.0,0.01761075
4.820281565605037,4.3176928
0.0,-0.03917196
0.0,0.0030520074
0.0,0.004491078
2.772588722239781,2.7429423
3.49650756146648,3.3767755
0.0,0.019316386
4.356708826689592,4.278002
1.9459101490553128,1.3853754
3.713572066704308,3.9572272
0.0,0.05769969
0.0,0.020453699
0.0,0.015311479
3.688879454113936,3.18303
0.0,0.01808228
4.174387269895637,4.4306126
0.0,-0.016059432
2.5649493574615367,2.391433
0.0,-0.0032791293
0.0,0.024903819
0.0,-0.07399891
0.0,0.006995803
3.1354942159291497,3.4118505
0.0,0.00534227
0.0,-0.005641006
0.0,-0.0076650414
0.0,0.009719132
1.3862943611198906,1.3421599
0.0,-0.0025395881
1.0986122886681096,1.1949655
2.4849066497880004,2.515892
4.553876891600541,4.2670374
0.0,-0.051411394
0.0,0.003946129
0.0,-0.006624032
0.6931471805599453,1.3101171
1.3862943611198906,1.7218422
0.0,-0.011691337
4.0943445622221,3.9520626
0.0,-0.008043017
2.079441541679836,1.6064491
2.19722457733622,1.1179204
3.044522437723423,3.1531267
3.332204510175204,3.656148
0.0,0.032721452
0.0,0.026755776
0.0,0.004966249
1.3862943611198906,1.569348
5.010635294096256,5.094234
4.07753744390572,3.9468062
0.0,-0.10629737
1.0986122886681096,1.2183293
3.8918202981106265,4.081923
1.3862943611198906,1.1775784
4.219507705176107,4.466057
2.70805020110221,2.038889
0.0,0.095276736
3.828641396489095,3.753289
0.0,0.0009914006
2.639057329615259,2.573023
1.791759469228055,1.5149512
0.0,-0.108210534
3.713572066704308,3.3912442
4.430816798843313,4.1055694
0.0,-0.04767197
2.5649493574615367,1.666861
1.0986122886681096,1.3422589
2.995732273553991,2.4523041
0.0,0.015958823
1.0986122886681096,1.4413354
0.0,-0.027024817
5.3981627015177525,5.1102934
0.0,-0.0037459454
0.0,-0.12609023
4.204692619390966,4.160114
0.6931471805599453,1.200872
0.0,-0.0012978648
0.0,0.000450115
3.8918202981106265,3.810323
0.0,0.02686589
3.80666248977032,4.160567
2.19722457733622,1.2210802
4.060443010546419,4.0708666
0.0,-0.038190458
4.59511985013459,4.284392
4.330733340286331,3.9530208
2.70805020110221,2.622824
0.0,0.022536714
0.0,0.04854756
0.0,0.010462167
4.941642422609304,4.827347
4.110873864173311,4.23832
1.791759469228055,1.3760419
0.0,-0.0071834805
0.0,0.053808022
1.0986122886681096,1.5755799
4.430816798843313,4.8423796
0.6931471805599453,1.5265368
0.0,0.0239646
1.0986122886681096,2.334655
4.204692619390966,3.6297007
0.6931471805599453,0.91005284
0.0,0.015176686
0.0,-0.0145993475
4.499809670330265,4.1563826
1.3862943611198906,1.2977451
0.0,-0.014946983
0.0,-0.018935423
3.258096538021482,3.1340525
4.795790545596741,4.729585
3.828641396489095,3.9715512
0.0,-0.3007917
0.0,0.022125296
4.158883083359672,3.9012363
1.9459101490553128,1.4847561
0.0,-0.00061527756
1.0986122886681096,1.5988808
0.0,-0.0056617334
0.0,0.010911963
0.0,0.064496584
1.9459101490553128,1.496501
0.0,0.048652176
3.610917912644224,3.6011763
0.0,-0.00936396
0.0,0.041741256
1.0986122886681096,1.3321453
4.158883083359672,3.9949884
4.418840607796598,4.2561026
1.0986122886681096,1.1728733
0.0,0.009208843
2.3978952727983707,2.6420672
0.6931471805599453,1.0426562
3.784189633918261,3.6383414
0.0,0.03686429
4.59511985013459,4.3268824
3.8918202981106265,4.1749287
0.0,-0.09345574
0.0,-0.000302023
3.5263605246161616,3.8405008
4.442651256490317,4.3092356
0.0,-0.005021054
0.0,-0.028835716
0.0,-0.008805596
0.0,0.018646322
3.970291913552122,3.9312112
0.0,-0.070048235
0.0,-0.00995118
4.574710978503383,4.092845
0.6931471805599453,1.1501591
0.0,-0.0076681073
3.8918202981106265,3.809968
2.772588722239781,3.4725301
0.0,-0.0020453637
1.791759469228055,1.7036693
3.80666248977032,3.3457785
1.0986122886681096,1.594563
0.0,0.032768317
4.499809670330265,4.168277
0.0,0.012715828
2.833213344056216,4.0219684
0.0,0.014529924
0.6931471805599453,0.91595984
1.9459101490553128,1.5368323
0.0,0.026759718
0.0,-0.041044533
0.0,0.01917927
4.787491742782046,4.6770325
2.9444389791664403,2.6521955
1.3862943611198906,1.6941518
1.0986122886681096,1.0683591
0.0,0.00069115893
4.248495242049359,3.9642208
4.465908118654584,3.8615496
1.791759469228055,1.3229668
2.70805020110221,2.9807343
1.791759469228055,1.52287
3.6635616461296463,4.291756
3.713572066704308,3.668538
3.970291913552122,4.1798396
1.0986122886681096,1.0660827
3.5263605246161616,3.633182
0.0,-0.003094236
3.80666248977032,4.3708196
0.0,0.019985374
0.6931471805599453,0.9736486
4.276666119016055,3.5856655
0.0,-0.0032659404
3.688879454113936,3.9776368
0.6931471805599453,1.1796731
3.49650756146648,3.481419
0.6931471805599453,1.124298
0.0,0.0035112102
0.0,-0.0255039
4.110873864173311,4.0360255
0.0,0.010184375
3.1354942159291497,2.6653116
0.0,0.0069070617
1.0986122886681096,1.4691443
2.9444389791664403,3.472405
2.639057329615259,3.4823475
4.787491742782046,4.672747
4.653960350157523,4.555163
2.8903717578961645,2.7465088
4.663439094112067,4.3577704
0.0,-0.0009134164
0.0,-8.427573e-05
2.639057329615259,2.308903
4.110873864173311,4.022734
3.218875824868201,3.6764913
4.330733340286331,3.9055488
1.6094379124341005,1.5170223
3.6635616461296463,3.4995394
0.0,0.012057959
0.0,-0.013401532
0.0,-0.024093091
3.1354942159291497,3.7039945
4.304065093204169,4.3922462
0.0,0.02270397
0.0,-0.0034951086
5.123963979403259,5.0655046
4.532599493153256,4.123633
0.0,0.0045039947
3.8712010109078903,4.0185995
3.970291913552122,3.512263
3.713572066704308,3.4592912
0.0,-0.07087723
0.0,-0.017623065
0.0,0.0029270535
0.0,-0.005348274
0.0,0.0074342666
0.0,-0.028848648
0.0,0.06327973
2.995732273553991,2.3751318
0.0,0.013125041
3.951243718581428,4.119996
0.0,0.0016352853
0.0,0.017780574
4.31748811353631,4.0766025
0.0,-0.019584829
2.833213344056216,2.4886546
4.812184355372417,4.591229
0.0,0.0032151658
1.0986122886681096,1.050967
0.0,-0.009046496
5.049856007249537,4.7185864
3.6635616461296463,3.829715
0.0,-0.0014555868
3.58351893845611,3.032024
2.5649493574615367,2.3664172
1.6094379124341005,2.3411036
2.3978952727983707,2.3400154
0.0,-0.0037106054
3.49650756146648,4.4190755
4.219507705176107,4.237254
0.0,-0.007809529
4.634728988229636,4.1560116
0.0,-0.024269149
0.0,0.011546261
0.0,-0.02026067
0.0,0.0041982573
3.8501476017100575,3.8922756
4.430816798843313,4.1155148
0.0,0.0065375823
0.0,-0.0022373572
0.0,0.11226278
0.0,-0.033197753
1.9459101490553128,2.4498186
1.3862943611198906,1.4874488
3.6375861597263857,3.1832685
0.0,0.006049711
0.0,0.082414225
0.0,-0.13317233
0.0,0.003321956
0.0,0.03706526
0.0,-0.027090443
3.367295829986474,3.7964644
0.0,-0.042795654
0.0,-0.0011963525
1.0986122886681096,1.348697
0.0,-0.012426871
0.0,0.0012806822
0.0,-0.0038124511
0.6931471805599453,1.8491763
0.0,-0.010877799
3.258096538021482,3.7398388
0.6931471805599453,0.75432074
0.0,-0.009203161
1.0986122886681096,1.0377963
1.0986122886681096,1.1900532
4.356708826689592,3.6916754
0.0,-0.06770356
0.6931471805599453,1.1616292
0.0,0.019479053
0.0,0.007458431
0.0,0.0065840194
0.0,-0.013850432
0.0,-0.00256938
1.3862943611198906,1.5479243
3.610917912644224,3.9355872
4.31748811353631,3.7083795
0.0,-0.009148935
0.0,-0.006030763
1.9459101490553128,1.2134281
0.0,0.00602728
1.3862943611198906,1.0921141
2.4849066497880004,1.5904453
1.3862943611198906,1.5642937
0.0,0.018028714
2.5649493574615367,1.5564353
0.0,-0.032130413
0.0,-0.065897115
0.0,0.0026166365
3.8501476017100575,4.0427375
2.4849066497880004,3.025699
0.0,-0.03202136
5.181783550292085,4.6123447
0.0,-0.007624267
1.3862943611198906,1.3913505
0.6931471805599453,1.2496365
4.189654742026425,3.8232849
0.6931471805599453,1.1528319
2.4849066497880004,2.4196436
4.624972813284271,4.526175
0.0,0.058627456
0.0,-0.028367445
0.6931471805599453,1.3020204
0.0,-0.06316328
5.062595033026967,4.566137
0.0,0.0026174048
4.962844630259907,4.8531485
0.0,-0.008285375
0.0,-0.06230371
2.3978952727983707,2.7974455
3.332204510175204,3.3948126
0.6931471805599453,1.3021362
0.6931471805599453,1.4098973
3.80666248977032,4.0064282
0.0,-0.04540223
4.060443010546419,3.2953863
0.6931471805599453,1.0110044
1.0986122886681096,1.2052172
0.0,-0.006249959
0.0,0.024401383
0.0,-0.021902055
4.543294782270004,4.358975
1.0986122886681096,1.4896958
0.0,0.025596157
0.0,0.01337009
4.02535169073515,3.886289
2.3978952727983707,2.1050642
1.3862943611198906,1.229098
0.0,0.0003481464
0.0,-0.0996194
0.0,-0.005621842
4.110873864173311,3.6926696
2.079441541679836,2.2554293
0.6931471805599453,1.0360924
0.0,0.003193429
0.0,-0.027628254
0.0,0.040323533
0.0,0.0013345013
0.0,0.007561577
1.0986122886681096,1.0934023
0.0,-0.03811955
0.0,0.028528865
1.6094379124341005,1.5718925
4.23410650459726,4.1038933
0.0,-0.014497435
3.332204510175204,3.548708
0.0,0.011681449
2.9444389791664403,2.6150045
4.5217885770490405,3.890659
4.394449154672439,4.5230274
3.4339872044851463,4.275041
3.4339872044851463,3.494221
0.0,0.0111804055
4.852030263919617,4.7411995
0.0,0.010659743
4.343805421853684,3.9717963
3.8501476017100575,3.488127
0.0,-0.01761219
0.0,0.009027129
4.276666119016055,4.322958
0.6931471805599453,1.3961284
4.532599493153256,4.0465107
1.0986122886681096,0.9825369
1.3862943611198906,2.908907
0.6931471805599453,1.3393054
0.0,-0.00048275822
3.6375861597263857,4.085654
0.0,0.0050206883
0.0,-0.013946136
0.0,-0.00998836
0.0,-0.067421794
0.6931471805599453,0.9322306
0.6931471805599453,1.0500541
4.859812404361672,4.6153784
0.0,0.0023674618
0.0,0.0023649845
0.0,-0.0071214098
0.0,0.00172886
0.0,-0.018288594
0.0,0.009447296
0.0,0.00026257368
0.6931471805599453,1.5307262
0.0,0.0031107706
0.0,-0.0017039563
4.158883083359672,3.9538321
0.0,-0.0108265625
2.70805020110221,2.035645
0.0,-0.007274699
0.0,-0.04754204
0.0,0.0013723512
0.0,-0.028456978
2.079441541679836,1.0984735
3.367295829986474,3.1845074
2.079441541679836,2.5344727
0.0,-0.020063462
4.343805421853684,4.164215
3.1354942159291497,3.569592
0.0,0.029090406
0.0,0.04712014
3.7612001156935615,3.386111
1.0986122886681096,1.155564
0.0,-0.004558522
0.0,0.023531958
0.0,0.027509384
0.0,0.0035052744
0.0,-0.00071844435
4.262679877041316,4.050542
0.6931471805599453,0.7566422
3.951243718581428,3.9060721
3.8712010109078903,4.1392384
3.9889840465642745,4.138261
4.919980925828125,4.663387
0.0,0.094838396
0.0,0.0023903581
0.0,0.007527866
3.367295829986474,3.1028676
4.204692619390966,4.260301
0.0,0.0018771751
0.0,-0.07600614
2.302585092994046,1.2593986
0.0,-0.01755709
0.0,-0.0060930536
0.0,0.023158042
0.0,-0.08814771
1.6094379124341005,1.2456422
0.0,-0.017368855
3.1354942159291497,2.8798928
2.3978952727983707,1.8245882
5.135798437050262,4.9115434
0.0,-0.005812856
0.0,0.010110579
0.0,0.06475912
3.912023005428146,3.8466887
0.0,-0.0025829023
0.0,0.035500232
4.330733340286331,3.9525836
4.477336814478207,4.1779165
0.0,0.005167621
2.079441541679836,1.572399
4.262679877041316,3.998588
0.0,-0.024540374
3.367295829986474,2.9093263
0.6931471805599453,0.9871928
0.6931471805599453,1.0029798
0.0,0.008481465
1.3862943611198906,1.6645211
0.6931471805599453,1.0704911
0.0,0.0054079895
0.0,-0.015008164
0.0,-0.0009157576
3.49650756146648,3.9047823
0.6931471805599453,1.4843972
0.0,0.000827136
0.0,0.040723186
3.784189633918261,4.2238417
4.07753744390572,4.1880116
0.0,0.063497275
2.8903717578961645,2.464206
0.0,0.0017350685
0.0,-0.009845117
3.367295829986474,3.008467
4.727387818712341,4.384014
0.0,0.011388056
1.791759469228055,1.2137814
0.0,0.061603732
1.0986122886681096,1.1307595
3.295836866004329,3.742531
0.0,-0.00027618854
0.6931471805599453,1.0319316
0.0,-0.009646248
0.0,-0.008740355
1.0986122886681096,1.4417661
0.0,0.024436323
0.0,-0.01264347
0.0,-0.003734583
0.0,-0.0099917725
1.9459101490553128,1.894946
2.19722457733622,1.5717062
3.295836866004329,3.6005564
0.6931471805599453,0.9304076
5.159055299214529,4.665833
0.6931471805599453,1.03061
1.0986122886681096,0.9779311
4.700480365792417,4.6410093
0.0,-0.00036191187
3.4339872044851463,3.845993
1.9459101490553128,1.4165537
0.6931471805599453,1.5267674
0.0,-0.00257891
1.9459101490553128,2.3069074
3.218875824868201,2.6672657
0.0,-0.00062992924
3.1780538303479458,3.0688677
4.465908118654584,4.2499924
0.0,0.014235909
2.3978952727983707,1.3509035
2.3978952727983707,1.5319473
2.9444389791664403,2.9242213
0.0,-0.005522789
0.0,-0.0057070693
1.3862943611198906,1.6978226
0.0,-0.07345472
4.804021044733257,4.4686604
1.0986122886681096,0.9339562
4.8283137373023015,4.630074
0.0,-0.0020745685
3.713572066704308,2.8930144
0.6931471805599453,1.072049
0.0,0.033776674
0.0,-0.027799536
0.0,-0.018284334
0.0,0.0056007574
0.0,0.024624359
0.0,-0.011210878
5.14166355650266,5.0512505
1.0986122886681096,1.3173224
0.0,0.0077338493
0.0,-0.026694598
0.0,0.0017938556
0.0,0.0040122503
0.0,-0.024610426
3.828641396489095,4.0230927
2.079441541679836,1.0997211
1.0986122886681096,0.9676502
2.833213344056216,2.7790282
2.772588722239781,1.8297529
2.5649493574615367,2.3923984
0.0,0.0004899291
2.70805020110221,2.4560885
0.0,-0.09066938
0.0,-0.0086729005
0.6931471805599453,1.9247625
0.0,-0.02610752
2.079441541679836,1.8087744
0.0,-0.005820709
0.0,-0.018778149
0.0,-0.004844332
1.6094379124341005,1.0862554
0.0,0.017665492
0.6931471805599453,1.0892886
0.0,0.0005377338
1.9459101490553128,2.5218906
0.0,0.0054034297
3.4011973816621555,3.581683
3.555348061489413,4.1489334
0.0,-0.010718358
3.091042453358316,3.1331139
1.791759469228055,2.6392462
2.8903717578961645,3.8040304
0.0,-0.008305213
4.770684624465665,4.6106086
4.672828834461906,4.6255918
1.0986122886681096,1.4255877
0.0,-0.031380136
3.091042453358316,3.2619803
0.6931471805599453,0.99834317
1.3862943611198906,1.5130932
4.394449154672439,4.1711936
0.0,0.0017123012
1.0986122886681096,1.4927582
4.262679877041316,4.489204
0.0,-0.014373092
0.0,0.030031968
0.0,-0.11575035
4.356708826689592,3.5614974
4.499809670330265,4.5636363
1.0986122886681096,1.6622815
0.0,-0.019156113
0.6931471805599453,1.1342574
0.0,-0.016309164
0.0,1.5567202e-05
1.0986122886681096,1.645816
3.218875824868201,3.156473
0.0,-0.011483616
1.0986122886681096,0.7200818
1.791759469228055,1.5251197
2.3978952727983707,1.7410765
0.0,-0.006827633
0.0,-0.062044185
0.0,-0.016774533
1.791759469228055,0.94838244
4.553876891600541,4.366505
1.791759469228055,1.3181449
3.044522437723423,3.288051
0.0,-0.015763946
1.6094379124341005,2.5842106
0.0,0.01081983
2.833213344056216,2.5805404
1.6094379124341005,1.4711872
2.5649493574615367,3.3067355
0.0,-0.012563754
1.791759469228055,2.687121
0.0,-0.019908583
1.0986122886681096,1.2127827
4.02535169073515,3.4337451
2.9444389791664403,2.4460893
0.0,0.014802865
0.0,0.06233421
1.0986122886681096,1.2776645
2.70805020110221,3.389756
1.6094379124341005,1.104431
3.044522437723423,2.2389235
0.0,-0.0039500506
0.6931471805599453,1.228504
4.663439094112067,4.5917745
1.791759469228055,1.966098
0.0,-0.017959546
3.713572066704308,4.2354083
0.0,-0.0039619473
0.0,-0.010812808
4.304065093204169,4.283664
0.0,-0.018534089
0.0,-0.032637198
0.0,0.038336657
1.6094379124341005,2.2124937
2.639057329615259,2.807646
2.70805020110221,2.7266896
0.0,0.010481564
0.0,-0.0346837
0.0,0.014559876
0.0,-0.025906254
0.0,0.02191672
3.610917912644224,3.4923625
0.0,-0.020444483
3.58351893845611,3.9214258
3.970291913552122,4.09297
0.6931471805599453,1.876253
0.0,0.015199142
4.442651256490317,3.8285923
3.1354942159291497,3.1470315
1.791759469228055,1.2799547
0.0,-0.08358895
0.0,-0.025937896
0.0,-0.01140862
0.0,-0.009160805
0.0,-0.010211355
4.7535901911063645,4.257405
4.532599493153256,4.3515105
0.6931471805599453,1.0943682
0.0,-0.0137114255
4.6443908991413725,4.226502
0.0,-0.0019810528
0.0,-0.029453913
0.0,-0.014805885
2.5649493574615367,1.6893941
0.0,0.012678954
3.610917912644224,3.920885
1.6094379124341005,1.2902356
1.791759469228055,1.0846572
0.0,0.0024335932
0.0,0.023670426
1.0986122886681096,1.512146
2.302585092994046,2.323661
3.8712010109078903,3.804571
0.0,0.002516614
0.0,-0.0052219518
4.564348191467836,4.285826
2.833213344056216,2.7788632
4.605170185988092,4.36017
4.3694478524670215,3.9677203
0.0,-0.0034103787
0.6931471805599453,0.92633533
0.0,0.0451362
3.332204510175204,3.053691
1.0986122886681096,1.0325373
3.713572066704308,3.6009662
2.079441541679836,2.3384833
0.0,0.056387156
0.6931471805599453,1.0007042
0.0,-0.004634273
0.0,0.005919015
0.0,0.024651214
0.0,0.006725181
4.189654742026425,4.1229343
1.3862943611198906,1.0645396
1.0986122886681096,1.077278
0.0,-0.019976502
3.367295829986474,2.9272904
0.0,0.0332202
0.0,0.0010351728
4.110873864173311,3.7381308
0.0,0.0072582746
1.0986122886681096,0.72886896
0.0,0.04086957
0.0,0.1899246
0.0,0.04625204
0.0,-0.04964367
2.70805020110221,2.7291324
3.295836866004329,3.1802568
0.0,-0.10953586
0.0,0.0037453263
0.0,0.002089317
2.3978952727983707,1.5270501
0.0,0.00032678506
0.0,0.010221774
0.0,-0.01382135
0.0,0.020757154
1.6094379124341005,1.9060557
0.0,0.014223072
0.0,-0.018992016
2.3978952727983707,2.3540566
0.0,-0.049613554
2.639057329615259,2.3109503
0.0,0.0001125588
3.1780538303479458,3.1467931
0.0,0.022677058
0.0,-0.0026629008
0.0,-0.01786894
0.6931471805599453,1.4353043
0.0,-0.039241593
3.4657359027997265,3.6734602
4.02535169073515,3.6675665
0.0,0.03525159
4.969813299576001,4.303622
1.3862943611198906,1.0739348
4.499809670330265,4.439345
0.0,-0.012656283
0.0,-0.0006445168
0.0,0.03573918
4.394449154672439,4.4654803
0.6931471805599453,1.0003493
0.0,0.00687849
0.0,-0.014448045
0.0,0.0047084712
2.4849066497880004,2.4570425
3.295836866004329,3.0642297
0.0,0.0001465487
0.0,-0.0095586935
0.0,-0.010426092
0.0,0.011775197
0.0,0.022952592
1.9459101490553128,1.6014959
5.342334251964811,4.798891
0.0,0.0069834148
0.0,-0.0042938907
4.584967478670572,4.270639
0.6931471805599453,1.2434385
0.6931471805599453,1.5520142
0.0,-0.0053183944
4.584967478670572,3.8878143
1.6094379124341005,1.604267
0.0,-0.024517378
1.3862943611198906,1.1080728
0.0,0.053725105
5.1298987149230735,4.8449683
1.0986122886681096,1.4523667
0.6931471805599453,1.1641997
0.0,-0.006842496
0.0,-0.003090074
3.295836866004329,3.2195766
2.9444389791664403,2.07178
1.6094379124341005,2.8351123
1.0986122886681096,1.2770115
0.6931471805599453,1.128244
3.332204510175204,3.5785456
4.02535169073515,4.1856217
3.951243718581428,3.5486858
2.079441541679836,1.4285954
1.0986122886681096,1.1601624
1.791759469228055,1.2321159
0.0,-0.0005496831
0.0,0.0044576144
1.0986122886681096,0.9768252
3.4339872044851463,3.8421726
0.0,-0.037004724
0.6931471805599453,1.5412669
0.0,-0.009218759
3.4657359027997265,3.573345
0.0,-0.010508925
0.0,-0.0601722
0.0,-0.082850866
0.0,-0.021396872
0.0,-0.0057382556
0.6931471805599453,1.4606599
0.0,0.015996441
2.9444389791664403,2.955331
0.0,-0.017432854
0.0,-0.004397493
2.302585092994046,2.7982585
0.0,-0.0014000703
4.174387269895637,4.7746854
0.6931471805599453,1.1571777
0.0,0.0048103346
2.772588722239781,2.4249835
0.0,-0.029969852
0.0,-0.029246535
1.0986122886681096,1.2900815
1.3862943611198906,1.1061137
4.343805421853684,4.170761
4.795790545596741,4.4234076
0.0,-0.013785066
3.4011973816621555,3.6396039
0.0,0.009838894
0.0,-0.023595717
0.0,0.047421295
4.51085950651685,4.2016006
1.3862943611198906,1.2066175
0.0,-0.014144511
0.6931471805599453,0.9035243
4.852030263919617,4.6029773
4.290459441148391,4.123183
0.0,0.022393122
0.0,0.012071114
0.0,-0.010278335
0.6931471805599453,1.141963
0.0,-0.004306674
0.0,-0.018752236
4.48863636973214,4.3015933
0.0,-0.023851547
0.0,-0.00067696813
0.0,0.0136133935
0.0,-0.11553906
2.4849066497880004,3.449698
0.6931471805599453,0.9644414
0.0,-0.0028857011
4.31748811353631,4.3876243
1.6094379124341005,1.5509758
1.9459101490553128,1.215913
0.0,-0.010127992
1.0986122886681096,1.2272189
0.0,0.03890461
4.330733340286331,4.399554
0.0,-0.00781413
0.6931471805599453,1.0071987
4.330733340286331,4.3068757
0.0,-0.01654374
0.0,0.0049250624
0.0,-0.0008002786
0.0,-0.040089417
0.0,0.05958172
4.912654885736052,4.29357
4.605170185988092,3.8606832
2.19722457733622,1.5974407
1.0986122886681096,1.4607104
2.833213344056216,3.0474212
2.8903717578961645,3.1781483
4.543294782270004,4.475984
0.0,0.00065392186
0.0,-0.022897158
3.737669618283368,3.2191257
4.700480365792417,4.6072693
0.0,0.024913004
1.6094379124341005,1.1905175
0.6931471805599453,1.1357193
0.0,0.06533746
0.0,0.003637095
0.0,-0.010002267
0.6931471805599453,1.0381421
3.49650756146648,3.6300824
4.060443010546419,4.073044
0.0,-0.30163383
1.6094379124341005,1.6767157
0.0,0.049036134
0.0,0.0004963438
0.0,-0.11745065
4.454347296253507,4.1992464
2.9444389791664403,3.1240046
0.0,-0.09378719
4.983606621708336,4.514097
3.713572066704308,4.026609
4.499809670330265,4.2753873
2.3978952727983707,2.8730602
0.0,-0.009951074
0.0,-0.061264396
0.0,-0.029297516
4.941642422609304,4.589212
0.0,0.0019374314
0.6931471805599453,0.9852513
0.0,0.030085092
0.0,-0.013551382
2.3978952727983707,2.504065
0.0,0.010974281
2.9444389791664403,2.869596
0.0,0.021920262
0.0,-0.0155260395
1.9459101490553128,2.7608085
0.0,0.0039080386
2.19722457733622,2.3776553
0.6931471805599453,1.4387115
0.0,0.003366855
0.0,0.010210468
0.0,-0.017499598
4.189654742026425,3.5690656
1.0986122886681096,1.1684442
4.158883083359672,4.1924067
0.0,-0.008350648
3.6635616461296463,1.84792
0.6931471805599453,1.8720967
1.3862943611198906,1.999289
3.6375861597263857,3.036613
0.0,-0.025374148
1.9459101490553128,1.8037432
1.0986122886681096,1.065835
3.688879454113936,3.6885762
0.6931471805599453,1.0798466
2.079441541679836,2.472744
3.80666248977032,4.1808624
4.762173934797756,4.2749157
0.0,-0.010829001
0.0,0.00044512234
0.0,-0.08755609
0.0,0.0071593863
1.0986122886681096,0.903528
2.5649493574615367,3.2377436
4.0943445622221,4.3840446
0.6931471805599453,1.1029471
4.02535169073515,3.9994898
0.0,0.041242637
0.0,-0.058157675
0.0,0.06490585
3.951243718581428,3.8891144
2.8903717578961645,2.6686375
1.3862943611198906,1.6326976
3.1780538303479458,3.0265808
0.0,0.0024538678
4.02535169073515,3.948034
4.61512051684126,4.6634746
0.6931471805599453,1.2155672
0.0,-0.025537886
5.247024072160486,4.6897745
4.762173934797756,4.738479
0.0,0.010116541
0.0,0.0012882593
3.970291913552122,3.9506238
0.0,-0.00843486
0.0,-0.012801776
4.276666119016055,4.376189
0.0,-0.006474242
4.31748811353631,4.2302976
0.0,-0.032737985
0.0,-0.09390642
0.0,0.0041476674
0.0,-0.0055690496
3.8501476017100575,4.167292
1.0986122886681096,0.9947958
2.833213344056216,3.1908736
0.0,0.0011580599
1.6094379124341005,1.3378906
3.044522437723423,2.9400089
4.553876891600541,4.0609546
3.1354942159291497,3.3553016
0.0,0.018695952
0.0,0.12973408
0.0,-0.29057723
3.58351893845611,3.857594
3.218875824868201,3.712607
0.0,-0.0011239143
4.406719247264253,4.7875376
4.454347296253507,4.454436
4.990432586778736,4.9157915
0.6931471805599453,1.2211106
4.189654742026425,3.820429
4.174387269895637,4.5162177
0.0,-0.0028494457
0.0,-0.013648293
5.198497031265826,4.732598
4.0943445622221,4.1346183
3.4339872044851463,3.6263888
3.713572066704308,3.5252483
4.219507705176107,3.563489
4.174387269895637,4.0252433
0.0,-0.043680374
3.688879454113936,3.9261312
0.0,0.002092484
4.663439094112067,4.3002157
4.02535169073515,3.9203954
2.19722457733622,2.1739607
0.0,0.03912337
4.07753744390572,3.6048431
0.0,-0.023932276
0.6931471805599453,1.1309043
0.0,0.0234742
3.5263605246161616,3.4100957
1.0986122886681096,1.3843228
0.0,-0.008898694
1.0986122886681096,0.8775717
4.394449154672439,4.5776386
0.0,-0.06791618
0.0,-0.11277008
0.0,-0.03269561
2.302585092994046,1.5296836
3.258096538021482,4.0534883
0.0,-0.0077152057
0.0,0.014684938
3.9318256327243257,3.3076906
0.0,-0.030962668
4.934473933130692,4.8127646
0.0,0.007894797
3.9889840465642745,3.9152563
0.0,-0.017929172
2.4849066497880004,2.8885128
4.454347296253507,4.36303
1.0986122886681096,0.9338157
2.639057329615259,1.4516753
0.0,-0.008250259
3.951243718581428,4.4340467
0.0,0.0155991595
0.0,-0.011759518
0.0,0.00097163185
0.0,0.016677856
0.0,-0.052775525
0.0,0.021335762
1.0986122886681096,1.2256796
0.0,-0.021169884
4.219507705176107,3.660478
3.912023005428146,3.4878314
1.3862943611198906,0.90736973
0.0,-0.017251851
1.791759469228055,1.4966892
4.060443010546419,3.9078512
4.343805421853684,4.3768864
5.017279836814924,4.662464
4.248495242049359,3.4510403
0.0,0.07783375
4.727387818712341,4.373583
0.0,-0.00971381
0.0,-0.013753245
3.4657359027997265,3.7605622
0.6931471805599453,1.0424327
0.6931471805599453,1.1433632
0.6931471805599453,0.8758705
1.3862943611198906,1.5956988
0.0,0.00061710144
4.143134726391533,4.105346
2.4849066497880004,2.2919323
2.4849066497880004,2.20329
0.0,-0.015141441
0.0,0.02246744
4.653960350157523,4.555418
1.0986122886681096,1.141676
1.0986122886681096,0.97605693
3.4657359027997265,3.743621
3.9318256327243257,3.772741
0.0,0.025559725
0.6931471805599453,0.67308706
3.912023005428146,3.953792
0.0,-0.008280968
0.0,0.0011166263
4.672828834461906,4.6299143
3.737669618283368,3.5787783
3.912023005428146,3.836136
4.795790545596741,4.819002
0.0,-0.013164287
0.0,-0.0055964254
0.0,0.0011300679
1.0986122886681096,0.9655067
0.0,0.0025773265
0.0,-0.024096716
4.430816798843313,4.350817
2.3978952727983707,3.474582
0.0,-0.00021411882
0.0,0.03795597
0.6931471805599453,1.0964245
4.941642422609304,4.5663943
4.912654885736052,4.3606386
5.003946305945459,4.7300406
4.158883083359672,4.543411
0.6931471805599453,2.9202368
4.605170185988092,4.1099157
0.0,-0.012543069
0.0,0.0056607486
0.0,0.008921396
1.9459101490553128,2.1934245
0.0,-0.02653958
4.204692619390966,4.2845263
3.912023005428146,3.736588
0.0,-0.026787885
0.0,0.018069131
0.0,-0.032040868
1.3862943611198906,1.3294792
3.970291913552122,3.9917157
4.248495242049359,4.141356
0.0,0.005491907
0.0,0.0047096517
4.955827057601261,4.885341
4.997212273764115,4.9203806
3.295836866004329,3.266301
0.0,-0.049403828
0.0,0.022799006
0.0,0.017957684
4.700480365792417,4.0156755
0.0,0.0204077
0.0,-0.010822895
0.0,-0.0063749454
4.356708826689592,4.5239916
1.6094379124341005,2.8686855
0.6931471805599453,1.6107929
2.079441541679836,2.4813445
0.0,-0.00059443875
1.9459101490553128,2.6544564
0.0,-0.0043177535
0.0,-0.027554974
3.80666248977032,3.6109204
2.4849066497880004,3.5146983
0.0,-0.019355446
0.0,0.009008972
4.499809670330265,4.3326063
2.833213344056216,2.780325
3.332204510175204,1.6349815
0.0,-0.01004735
0.0,0.0052856263
3.6375861597263857,3.7877946
0.0,0.008335774
4.820281565605037,4.2376137
0.0,-0.015825909
3.4657359027997265,3.5972455
0.0,0.0029722194
0.0,-0.04981711
1.0986122886681096,1.2760978
0.0,-0.01849622
0.0,-0.013632032
0.0,-0.008754756
0.0,0.0357521
0.0,-0.0006719305
5.5053315359323625,4.814727
0.0,0.0014498436
0.0,0.04183676
0.0,0.0061505195
0.0,-0.003315812
0.6931471805599453,0.879519
0.0,0.0002522835
4.382026634673881,4.6789894
0.0,-0.0012261663
4.110873864173311,4.1055374
0.6931471805599453,1.4296968
0.0,0.00578004
2.833213344056216,2.2285016
0.0,0.014187466
4.553876891600541,4.686244
1.0986122886681096,1.3185977
3.555348061489413,3.364615
4.605170185988092,3.6966176
0.0,0.00010370559
0.6931471805599453,1.0304989
1.3862943611198906,1.2198728
1.9459101490553128,1.9101181
0.0,0.008528163
3.091042453358316,3.782841
2.4849066497880004,3.963325
0.0,0.055254478
0.6931471805599453,0.8874991
0.6931471805599453,1.341893
0.6931471805599453,1.3237026
0.0,0.0050242012
0.0,-0.049333997
4.394449154672439,4.3204255
3.218875824868201,3.5289679
4.382026634673881,3.9152026
3.9889840465642745,4.1448655
2.8903717578961645,2.5995145
0.0,0.011749404
3.332204510175204,3.959302
0.6931471805599453,1.284102
0.0,-0.013401115
1.0986122886681096,1.2389331
0.0,0.013279879
0.6931471805599453,0.9658187
0.0,0.0011854133
2.302585092994046,2.8695633
0.0,-0.022594498
3.9889840465642745,3.646637
0.0,-0.041357372
0.0,-0.004779836
0.0,-0.043091577
0.0,-0.008763708
4.442651256490317,4.1419644
1.6094379124341005,1.1291684
3.970291913552122,4.1283073
0.0,-0.032452762
0.0,-0.0119175995
1.6094379124341005,1.6523566
0.0,-0.015048034
0.0,0.009884173
0.0,0.015624494
2.4849066497880004,2.7812576
2.639057329615259,3.0019116
0.0,-0.022558501
4.820281565605037,4.3927174
0.0,-0.06700546
0.0,0.038768757
0.0,0.003371758
0.0,-0.010699392
0.0,-0.0058393516
0.0,-0.017077576
0.0,0.039098606
0.0,0.039987344
2.4849066497880004,2.764725
3.8712010109078903,3.39975
4.3694478524670215,4.498366
0.0,-0.019907553
1.0986122886681096,1.1183338
0.0,-0.014309899
0.0,-0.0022797699
4.23410650459726,3.9015794
0.0,0.020668264
0.0,0.0128923
4.110873864173311,4.190265
4.330733340286331,3.6291945
0.6931471805599453,2.7381186
1.0986122886681096,1.5667918
0.0,0.017610764
0.0,-0.024610525
0.0,0.015419223
1.0986122886681096,1.1582626
4.07753744390572,4.1532435
0.0,0.015290081
4.04305126783455,4.1340237
4.51085950651685,4.4912853
1.791759469228055,1.3051088
3.610917912644224,3.3118567
0.0,0.014682798
0.0,-0.016953666
0.6931471805599453,1.06919
5.075173815233827,4.9171963
0.0,-0.006399441
0.0,0.0015705602
0.0,0.0069569726
1.791759469228055,1.2978061
3.49650756146648,3.8422725
2.833213344056216,2.3544548
0.0,-0.07231299
0.0,0.0050515104
4.007333185232471,4.05612
3.688879454113936,3.8495438
3.828641396489095,4.2335997
3.295836866004329,3.3456004
3.49650756146648,3.347773
0.0,-0.0043128515
0.0,-0.072926804
3.1354942159291497,3.8113544
3.258096538021482,3.6815636
4.430816798843313,4.469091
1.0986122886681096,1.052905
5.017279836814924,4.4384704
0.0,-0.014211718
0.0,0.01378586
4.290459441148391,3.8494751
0.0,0.014141877
2.302585092994046,3.2020288
1.0986122886681096,1.1043967
4.007333185232471,3.9930263
0.0,0.02987171
1.0986122886681096,1.6936696
3.610917912644224,3.9772701
1.3862943611198906,1.0192541
3.713572066704308,4.157514
0.0,-0.00328816
3.1354942159291497,1.9406621
1.0986122886681096,1.1029733
0.0,0.0026043807
0.0,-0.0053700055
0.0,0.0010441117
0.0,0.003893511
0.0,-0.021782655
3.555348061489413,2.9513676
3.5263605246161616,3.5825005
3.5263605246161616,3.7236018
0.0,-0.017233778
4.48863636973214,4.306064
2.833213344056216,2.4272323
4.07753744390572,3.7332633
4.343805421853684,4.1776614
3.737669618283368,3.6728935
3.4339872044851463,3.9341226
4.110873864173311,4.243449
0.6931471805599453,1.253234
4.007333185232471,3.2627814
0.0,0.0866861
0.0,-0.00878936
2.995732273553991,3.878254
2.70805020110221,2.6535811
2.772588722239781,2.465184
0.0,0.026999913
2.639057329615259,3.3490055
1.6094379124341005,2.2820926
3.4657359027997265,3.1662917
4.465908118654584,4.260418
1.6094379124341005,1.9237565
1.0986122886681096,0.8777108
0.0,-0.0061491993
0.6931471805599453,1.1311836
3.044522437723423,2.5261497
1.0986122886681096,0.8743339
0.0,-0.09415306
0.0,-0.02477649
1.0986122886681096,1.408949
4.430816798843313,4.2635794
0.0,0.017515386
0.0,-0.015039647
2.9444389791664403,3.2194943
0.0,0.041599598
0.0,-0.010375118
0.0,0.02058101
0.0,0.0034461706
2.5649493574615367,2.2916727
0.0,-0.08195644
2.079441541679836,1.7122918
0.6931471805599453,1.5752782
1.3862943611198906,1.8444426
0.0,-0.019538477
0.0,0.014373477
2.3978952727983707,3.2962415
0.0,-0.0014642291
0.0,-0.01727209
0.0,-0.008544784
0.0,0.0010910516
0.0,-0.037441853
3.332204510175204,2.840854
0.0,-0.02272613
0.0,-0.03508583
2.3978952727983707,1.576265
1.0986122886681096,1.2873967
5.476463551931511,5.74645
0.0,0.02024755
3.6375861597263857,3.720198
0.0,0.009520366
4.189654742026425,4.318818
4.127134385045092,3.8848002
0.0,-0.021564845
4.060443010546419,3.937109
0.0,-0.014245726
0.6931471805599453,1.4185249
1.3862943611198906,1.5676186
0.0,-0.036017995
4.060443010546419,4.146737
0.0,0.0051803556
0.0,-0.0048871976
3.1780538303479458,3.3680446
4.262679877041316,3.9259167
0.0,0.02387469
0.0,-0.11143863
0.0,-0.017288918
0.0,0.0075415545
1.6094379124341005,1.5589782
2.639057329615259,2.5425012
0.0,-0.03227325
0.0,0.0015108021
3.9318256327243257,3.9917264
4.127134385045092,4.173924
4.859812404361672,5.023134
1.6094379124341005,2.727218
4.343805421853684,4.027155
0.0,0.0058760885
0.0,-0.038149208
1.3862943611198906,0.9551495
0.0,-0.020984923
0.0,-0.030092953
5.525452939131784,4.2473516
0.0,0.00871012
0.0,0.006919239
0.0,0.002130286
0.0,-0.0017171701
4.770684624465665,4.829577
0.0,-0.06505885
0.0,-0.020456709
0.0,0.023828678
2.70805020110221,2.8843803
4.442651256490317,4.6388783
0.0,0.020605877
0.0,0.013793898
1.9459101490553128,1.3148717
0.0,0.008218381
0.0,0.011625351
2.5649493574615367,2.9822538
0.0,-0.006286738
0.6931471805599453,1.1199812
0.0,-0.01457041
4.543294782270004,4.0068736
1.6094379124341005,1.4628304
2.995732273553991,2.551222
4.248495242049359,4.12522
0.0,0.021223025
0.0,0.009772892
0.0,-0.006975159
0.0,-0.011630273
0.0,0.0050188187
0.6931471805599453,1.6885538
0.6931471805599453,1.1476148
0.0,-0.01165672
0.0,0.00084668235
0.0,-0.01721198
0.0,-0.012173296
3.713572066704308,3.2557406
0.0,0.033936575
4.02535169073515,4.327671
0.0,-0.021265851
0.0,0.0015656956
3.5263605246161616,3.7099206
2.995732273553991,2.8842657
1.3862943611198906,1.3074918
4.143134726391533,4.4917994
1.0986122886681096,1.5998648
0.0,-0.0028539875
0.0,-0.0053836675
0.0,-0.021953203
2.5649493574615367,2.0632782
2.19722457733622,2.0912151
0.0,-0.0028016942
0.0,-0.013496225
5.442417710521793,5.488434
4.624972813284271,4.202369
0.0,0.009768565
1.3862943611198906,1.2066845
5.043425116919247,4.9264216
0.6931471805599453,1.0932202
0.0,-0.025894875
1.3862943611198906,1.085244
1.6094379124341005,1.056457
3.8712010109078903,3.908514
0.0,-0.0048487927
4.07753744390572,4.079182
0.0,-0.0044869534
1.3862943611198906,0.93196476
4.110873864173311,3.896312
0.0,-0.0034146195
0.6931471805599453,2.5568342
0.0,0.0046656467
2.4849066497880004,2.7328916
0.6931471805599453,1.1053741
0.0,0.0029534646
1.3862943611198906,1.4655331
2.302585092994046,1.7362589
1.3862943611198906,1.1942948
0.0,-0.003620606
1.6094379124341005,1.3193
0.0,-0.009887419
3.6375861597263857,3.9018083
0.0,-0.05900795
0.0,0.012388351
0.0,-0.020398995
2.079441541679836,2.5842202
0.0,0.007234555
0.0,0.019302057
0.0,-0.007942045
3.951243718581428,3.6702125
3.4011973816621555,2.9103973
0.0,0.00990235
1.6094379124341005,1.481924
0.0,-0.036441248
4.3694478524670215,4.3284607
3.713572066704308,3.7711394
3.218875824868201,3.2316153
4.709530201312334,4.283907
4.127134385045092,3.9958549
3.4011973816621555,2.6006508
0.0,-0.073479034
1.3862943611198906,1.4912937
4.61512051684126,4.7150364
0.0,0.025208548
0.0,0.020281319
4.553876891600541,4.128862
0.0,8.2883256e-05
0.0,-0.011316226
2.3978952727983707,3.4386475
1.0986122886681096,1.180656
0.0,0.0032588933
4.248495242049359,3.6511018
2.4849066497880004,2.3788214
0.0,-0.013590924
1.3862943611198906,1.248278
0.0,0.022655347
0.0,-0.015271947
0.0,-0.02168941
0.0,-0.086045735
0.0,0.000824932
0.0,-0.0071902773
2.70805020110221,2.8721445
2.19722457733622,3.4241073
0.0,-0.027474238
2.9444389791664403,3.3412988
5.003946305945459,5.14613
0.0,0.024101533
0.0,-0.017538391
0.0,0.0120439865
4.634728988229636,4.2971535
1.0986122886681096,1.0547674
0.0,-0.016140187
0.0,-0.03330911
3.4657359027997265,3.4139125
4.158883083359672,4.2765994
0.0,-0.0066901376
3.4011973816621555,2.555506
2.302585092994046,2.5250106
1.0986122886681096,1.681213
0.0,0.013831851
5.225746673713202,5.282827
0.0,0.0014620521
2.302585092994046,2.488546
0.0,0.0115749
3.555348061489413,3.398312
0.0,0.051965147
2.4849066497880004,2.060062
4.356708826689592,4.249808
0.0,-0.06730847
0.6931471805599453,1.0725513
3.1780538303479458,2.8661783
2.079441541679836,2.0367742
3.5263605246161616,3.3154073
3.951243718581428,4.3582764
0.0,0.0048951367
0.6931471805599453,1.3725613
0.0,-0.010562691
0.0,0.012242944
0.0,0.027040051
0.0,-0.0012929117
0.0,-0.017727152
2.772588722239781,2.4775505
0.0,-0.008489051
0.6931471805599453,0.7812017
0.0,5.8888138e-05
4.430816798843313,4.32679
0.0,-0.0873171
0.0,0.004919166
3.9889840465642745,3.665341
1.3862943611198906,1.1353614
0.0,0.00681688
3.044522437723423,2.649245
1.0986122886681096,2.1614609
4.442651256490317,3.8310893
4.51085950651685,4.230338
0.0,-0.09677108
0.0,0.0048649176
1.3862943611198906,1.1344231
4.727387818712341,4.116773
2.5649493574615367,2.5912056
0.0,-0.013151344
1.6094379124341005,2.849512
4.442651256490317,4.056894
0.0,-0.005567699
0.0,0.009384285
0.0,0.018096691
0.0,0.011271103
1.0986122886681096,1.3650768
4.330733340286331,3.9747875
0.0,0.01976341
0.0,-0.059639208
3.6375861597263857,4.5489445
0.6931471805599453,1.1162105
0.0,-0.03872672
0.0,-0.10345952
0.6931471805599453,1.5206325
3.80666248977032,3.9397037
2.833213344056216,2.9385443
4.787491742782046,4.1656713
1.3862943611198906,1.3258842
3.295836866004329,3.7836576
0.0,0.0064129964
0.6931471805599453,1.1949326
0.0,0.0039933557
4.477336814478207,4.3787055
1.0986122886681096,1.0178182
0.0,0.0014587491
0.0,0.0043050316
1.0986122886681096,1.7278699
2.639057329615259,3.1308246
1.0986122886681096,1.1724572
0.0,-0.094004594
0.6931471805599453,2.1090553
0.0,-0.002161424
0.0,-0.0055678664
4.584967478670572,4.6860237
0.0,-0.0064007
3.218875824868201,2.6723359
0.6931471805599453,1.0254475
0.6931471805599453,1.006573
4.007333185232471,4.1644406
4.276666119016055,4.361386
0.0,-0.002584168
0.6931471805599453,1.0155659
3.6635616461296463,3.7112472
0.6931471805599453,1.1308672
5.225746673713202,5.3769174
4.007333185232471,3.711839
0.0,-0.017694067
4.634728988229636,4.379185
0.0,0.000275613
1.0986122886681096,1.2655028
2.5649493574615367,2.106051
0.0,-0.005627497
1.0986122886681096,1.4412905
0.0,0.05076786
4.204692619390966,3.9303648
4.290459441148391,4.38312
1.3862943611198906,2.4179251
4.997212273764115,4.679565
0.0,0.013797535
0.0,-0.01108
0.6931471805599453,1.2135289
1.3862943611198906,1.1410992
0.6931471805599453,1.233268
0.0,-0.02208224
3.091042453358316,2.6911724
0.0,-0.018661965
0.0,-0.0007737898
1.6094379124341005,1.3118099
1.0986122886681096,1.5834516
4.343805421853684,4.2221727
0.0,-0.00973849
0.0,-0.06117029
3.688879454113936,3.9193037
0.0,-0.0059952047
0.0,0.00611427
0.0,-0.009155663
1.6094379124341005,1.0324441
0.0,0.004607773
3.332204510175204,3.1859832
2.19722457733622,1.5970044
3.555348061489413,3.60566
1.0986122886681096,1.2079766
0.6931471805599453,1.1758938
0.0,-0.0014394573
0.0,-0.0068846084
0.6931471805599453,1.6546861
3.828641396489095,3.6923692
3.9318256327243257,4.62754
1.0986122886681096,1.0902098
0.0,-0.00032418277
3.4657359027997265,3.7844481
0.0,0.020025207
0.0,-0.0139832795
0.0,0.041330624
0.0,0.004465957
4.770684624465665,4.65183
0.0,-0.06977538
3.367295829986474,3.3850355
3.258096538021482,3.9460175
0.0,-0.005981486
0.0,-0.0024592637
3.091042453358316,2.7173674
0.0,0.057961475
0.0,0.012371422
3.6375861597263857,3.8274345
0.0,-0.012376476
1.0986122886681096,1.3331321
5.327876168789581,4.769853
3.610917912644224,3.6569934
0.0,-0.0530933
0.0,0.015701585
0.0,-0.023005981
0.0,-0.09157139
4.605170185988092,4.2171397
0.0,-0.013481065
0.0,0.010429029
0.0,0.00064482493
1.0986122886681096,0.9402582
2.70805020110221,3.6185842
0.0,0.0047023976
0.0,0.001311922
0.0,-0.026671348
3.828641396489095,3.988383
4.23410650459726,4.029945
0.0,-0.080579564
0.0,-0.012807476
0.0,0.002788315
0.0,0.073308915
1.3862943611198906,1.2119248
3.4011973816621555,3.6335292
0.0,-0.0020832678
0.0,-0.035139058
0.0,-0.025727356
0.0,-0.024826761
4.709530201312334,4.218721
0.6931471805599453,1.3324664
2.833213344056216,3.482827
0.0,-0.005557692
0.0,0.046267837
1.0986122886681096,1.0124365
3.1354942159291497,3.402318
0.0,-0.020837178
0.0,-0.022795008
0.0,-0.001816947
0.6931471805599453,1.8849944
4.820281565605037,4.7481213
0.0,-0.0032222655
0.0,-0.0064028143
1.3862943611198906,2.3182886
1.0986122886681096,1.8708576
0.0,-0.050424356
0.0,0.0054658693
3.1354942159291497,3.172125
4.934473933130692,5.1340017
4.304065093204169,3.8189232
0.0,-0.0012820471
4.955827057601261,4.6904616
4.727387818712341,4.6527996
2.4849066497880004,1.535116
2.079441541679836,2.3472114
0.0,-0.0010360529
0.0,0.02389238
1.9459101490553128,1.6240889
4.584967478670572,4.303487
0.0,-0.0068643
0.0,-0.009291045
4.912654885736052,4.901106
0.6931471805599453,1.5331639
0.0,-0.0068658027
3.218875824868201,3.313347
1.9459101490553128,1.7504777
3.258096538021482,3.3825758
0.0,0.04940828
0.0,-0.009912296
1.3862943611198906,1.3075037
3.58351893845611,3.595906
3.970291913552122,3.6909258
3.49650756146648,3.5132313
3.8918202981106265,4.0306406
4.709530201312334,4.983881
2.70805020110221,1.6048237
1.0986122886681096,0.95235837
4.454347296253507,3.8975258
4.189654742026425,4.3266563
5.087596335232384,5.1803446
0.0,0.021361517
0.0,-0.0004559048
4.330733340286331,4.498061
0.0,0.007275158
0.0,0.013122919
0.0,0.024288846
3.80666248977032,3.9683485
3.295836866004329,3.7841842
0.0,0.025030896
3.912023005428146,3.733052
1.6094379124341005,0.9629499
3.80666248977032,3.8724222
2.3978952727983707,2.665351
4.543294782270004,4.35393
0.0,0.009866477
0.6931471805599453,1.164638
0.0,-0.026733004
1.791759469228055,1.1868687
0.0,0.009589506
0.0,0.008788486
4.382026634673881,3.9965107
4.07753744390572,4.380893
0.0,0.014327506
2.995732273553991,2.3663888
5.75890177387728,5.3997273
0.0,-0.006163173
0.0,-0.032545395
4.02535169073515,3.767479
0.0,0.0025461786
2.19722457733622,2.7704985
0.0,-0.0010002324
2.302585092994046,2.7757704
4.762173934797756,4.247763
0.0,-0.0028467583
0.0,0.024018925
0.0,0.004025301
0.0,-0.005095003
0.0,-0.0077239373
0.0,0.016704941
0.0,-0.015074787
0.0,-0.0032692016
0.0,-0.0015926693
2.4849066497880004,2.0221977
4.5217885770490405,4.385333
3.1780538303479458,3.2809608
0.0,0.0056477515
1.0986122886681096,1.2019124
4.430816798843313,3.962616
1.0986122886681096,1.0951493
0.6931471805599453,0.9667721
0.0,-0.0038430397
2.302585092994046,2.4308586
0.0,-0.078122914
1.0986122886681096,1.2299763
3.4339872044851463,3.5199108
0.0,-0.06905099
0.0,0.0036084992
4.276666119016055,4.351147
4.276666119016055,4.340666
0.0,-0.006391732
0.0,-0.00639286
2.9444389791664403,3.7185538
2.4849066497880004,2.237044
0.0,0.029773144
4.736198448394496,4.582782
3.737669618283368,3.806758
3.1354942159291497,3.3271725
2.079441541679836,2.714811
0.6931471805599453,1.1474375
1.3862943611198906,1.535257
0.6931471805599453,1.0129646
1.0986122886681096,0.81579834
1.9459101490553128,2.4006913
0.0,-0.018466135
2.302585092994046,2.3051193
3.8918202981106265,4.3485575
0.0,0.046139345
0.0,0.0050257877
0.0,-0.03057769
4.356708826689592,4.0614057
0.0,-0.014040298
0.0,-0.0042740097
0.0,0.021470334
4.127134385045092,4.5043426
4.553876891600541,4.507193
1.0986122886681096,1.1231704
4.499809670330265,4.4143205
0.6931471805599453,1.1041692
0.0,-0.0014670053
0.0,0.009441464
1.791759469228055,1.0845704
0.0,0.019990088
0.0,-0.008242283
0.0,-0.011524281
0.0,-0.016454954
1.3862943611198906,1.1158433
0.0,-0.012243275
0.0,0.01507079
0.6931471805599453,1.1878848
0.0,0.011607645
4.262679877041316,1.5263872
1.0986122886681096,1.7112477
2.3978952727983707,1.7913709
5.342334251964811,4.6347213
0.0,-0.004905641
0.0,0.021037934
2.639057329615259,1.9734759
1.3862943611198906,1.4460157
5.236441962829949,5.3864646
1.0986122886681096,1.0828687
0.0,0.0074295094
0.0,0.0017721553
2.3978952727983707,2.0990896
4.709530201312334,4.7537823
0.0,-0.044412665
0.0,-0.003596123
3.8712010109078903,3.8392425
0.0,0.006295449
0.0,-0.0038201192
1.0986122886681096,1.6769096
0.0,0.17230067
1.6094379124341005,1.1333418
0.0,-0.005173357
0.0,-0.012157472
4.804021044733257,4.575058
2.3978952727983707,3.425126
0.0,-0.01813583
0.0,-0.02073621
1.791759469228055,1.5641127
0.0,0.009123652
0.0,0.017144598
4.48863636973214,4.688149
2.639057329615259,3.5948024
1.791759469228055,1.8651427
0.0,-0.114694305
0.0,0.00046643894
2.833213344056216,3.739611
0.0,-0.009315951
4.204692619390966,4.1840887
0.0,-0.013545597
0.0,-0.0037117174
0.0,0.013688802
1.6094379124341005,1.0000107
3.8918202981106265,3.790685
2.639057329615259,3.2351635
0.0,0.012883352
2.19722457733622,1.5486265
0.0,0.01052788
1.9459101490553128,1.8488275
3.1780538303479458,3.319673
0.0,0.0022796444
4.532599493153256,4.3910594
2.079441541679836,2.5537684
2.19722457733622,2.0787487
4.634728988229636,4.2704806
4.430816798843313,4.182278
0.0,-0.005835621
4.31748811353631,4.211686
2.3978952727983707,2.310791
3.6635616461296463,3.6906812
0.6931471805599453,1.0014762
4.0943445622221,3.6375942
4.59511985013459,4.0222964
1.9459101490553128,1.832083
4.672828834461906,4.1669254
3.951243718581428,4.3359427
0.0,0.07598586
3.1354942159291497,3.7073896
2.639057329615259,2.2633748
4.477336814478207,4.5279264
4.406719247264253,4.1446385
0.0,0.013897501
4.23410650459726,4.319004
3.9318256327243257,3.65464
3.912023005428146,3.9594204
0.0,-0.10945039
1.0986122886681096,0.9561415
0.0,0.06386462
3.80666248977032,4.1736894
0.0,-0.032126267
4.248495242049359,4.184676
0.0,0.0018339268
4.955827057601261,4.6829605
0.0,0.03032308
0.0,-0.014817701
0.0,0.0026601665
4.007333185232471,4.09376
0.0,-0.013408894
1.6094379124341005,2.1816673
0.0,-0.009512826
0.0,-0.015593391
3.58351893845611,3.2601275
0.0,-0.073958404
0.0,-0.0154535035
1.9459101490553128,2.8815818
0.0,-0.01751059
5.062595033026967,4.5728455
1.6094379124341005,1.6286597
3.4011973816621555,3.8378415
4.574710978503383,4.660327
0.0,-0.050714195
0.6931471805599453,0.89782715
0.0,-0.011843281
0.0,0.022475626
0.6931471805599453,1.8515016
0.0,-0.0014794006
0.0,-0.0042871293
0.0,0.013600106
1.0986122886681096,1.0192263
0.0,-0.028614415
4.219507705176107,4.751877
4.174387269895637,3.8288736
3.784189633918261,4.1178107
3.49650756146648,3.6084964
3.58351893845611,3.4882445
3.8918202981106265,3.9791257
0.0,0.14882866
0.6931471805599453,1.1455411
0.6931471805599453,1.1448156
0.0,-0.006012927
3.713572066704308,3.9149902
0.6931471805599453,1.0730946
4.969813299576001,4.4572988
3.5263605246161616,3.8049328
0.0,0.009997455
3.58351893845611,4.0539484
0.6931471805599453,1.0479826
1.9459101490553128,1.3704057
3.9318256327243257,3.4522426
0.0,-0.0017113666
1.0986122886681096,1.1401509
4.59511985013459,4.4034123
4.532599493153256,4.5524487
0.0,-0.021753125
0.0,0.006510214
4.262679877041316,3.6733952
4.51085950651685,4.7177396
1.791759469228055,1.5075208
1.3862943611198906,1.4147063
0.0,-0.026325267
0.0,0.0079429485
0.0,-0.00023636431
0.0,-0.019438893
1.3862943611198906,1.7099618
1.791759469228055,2.4058084
4.02535169073515,3.8766541
2.3978952727983707,1.1155778
0.0,0.02639254
0.0,-0.01421026
0.0,-0.030405719
1.0986122886681096,1.5855354
0.0,0.004124897
0.0,0.043763626
2.9444389791664403,3.495356
0.0,-0.009784377
0.0,-0.023274137
4.219507705176107,3.278041
4.02535169073515,3.85734
0.0,-0.011339718
0.6931471805599453,1.0136213
4.736198448394496,4.5443254
0.0,0.0052057668
0.0,-0.0060879467
1.0986122886681096,2.596824
3.713572066704308,3.1890562
1.0986122886681096,1.5998244
2.639057329615259,3.3076653
0.0,-0.0068146135
0.0,-0.015382863
1.6094379124341005,1.9540243
3.970291913552122,3.6293206
0.0,0.007763115
3.713572066704308,3.7110941
0.0,0.0013884499
2.833213344056216,2.567291
4.934473933130692,5.039393
0.6931471805599453,1.0322298
3.4657359027997265,3.8638742
4.290459441148391,3.8483377
0.0,0.0019033785
0.0,-0.009196397
1.3862943611198906,1.351691
0.0,0.026794689
0.0,0.00025382693
0.0,0.0076705483
0.0,-0.0017913973
0.0,0.0066288803
4.3694478524670215,3.9980574
2.639057329615259,2.0362175
0.0,-0.00979864
0.0,0.002980004
0.0,-0.0020696204
0.0,0.00475148
0.0,0.010150539
5.030437921392435,4.6210294
2.5649493574615367,2.5438976
0.6931471805599453,1.1863413
0.0,-0.013211574
3.4339872044851463,3.4042938
3.951243718581428,3.4485571
1.0986122886681096,1.142721
3.4339872044851463,3.5785568
1.6094379124341005,1.0741951
0.0,0.012717267
0.0,-0.015357507
0.0,0.0075464295
0.0,-0.039387297
1.0986122886681096,1.3877361
1.9459101490553128,1.7728513
1.6094379124341005,1.6308875
1.0986122886681096,1.0921726
1.0986122886681096,1.153198
3.713572066704308,3.3493695
0.0,-0.0022131032
2.5649493574615367,2.8013065
0.0,-0.04592525
0.0,-0.011134925
0.0,0.006921998
0.0,-0.05556624
0.0,0.021156965
0.0,-0.017189762
0.6931471805599453,0.9707802
0.0,0.009298637
2.3978952727983707,1.9006284
3.6635616461296463,2.9572873
0.6931471805599453,1.1473624
0.0,-0.010601092
4.442651256490317,4.1182175
3.4657359027997265,3.6777933
1.791759469228055,1.9098874
0.0,-0.008946256
4.394449154672439,4.5975823
0.0,-0.004740516
0.6931471805599453,1.0587122
0.0,0.052678276
0.0,-0.005762898
0.0,0.0025164497
0.0,-0.016530331
0.0,-0.001932158
0.0,-0.031155908
5.068904202220232,4.912487
2.70805020110221,2.3202894
4.02535169073515,4.316304
0.6931471805599453,1.1185015
1.3862943611198906,1.5414197
0.0,0.011968185
0.0,0.021214794
0.0,0.023318503
0.0,-0.009570226
1.0986122886681096,1.1154653
3.80666248977032,3.9882796
0.0,-0.0015166426
2.639057329615259,2.5977895
5.58724865840025,4.971145
3.4339872044851463,3.975739
4.605170185988092,4.1435385
0.0,-0.10507876
0.0,0.021121081
0.0,-0.011958842
0.0,0.0066697905
0.0,0.0029372212
1.3862943611198906,1.5551223
4.418840607796598,4.6606073
0.0,-0.015234008
4.48863636973214,4.2354155
0.0,0.021210847
0.0,0.011423014
0.0,-0.00068812876
4.3694478524670215,4.5366015
0.0,-0.011582332
0.0,0.0026800216
4.499809670330265,4.1964917
4.276666119016055,4.1570077
0.0,0.0018001135
2.639057329615259,2.640535
0.0,-0.017568205
0.0,0.002057439
0.0,-0.013345703
0.0,-0.00587486
4.343805421853684,4.0028214
2.639057329615259,3.3325176
4.8283137373023015,4.153188
4.454347296253507,3.9486825
1.3862943611198906,1.4675527
4.110873864173311,4.1771603
0.0,0.012111539
0.0,0.007840017
0.0,-0.0042712064
0.0,-0.008019598
0.0,0.025460219
0.0,-0.010645705
3.4339872044851463,3.4241455
4.23410650459726,4.346217
0.0,-0.011095542
0.0,-0.00016181721
3.49650756146648,3.0935946
0.6931471805599453,0.8342324
3.218875824868201,3.73551
0.0,0.0029254425
1.6094379124341005,1.6079328
1.0986122886681096,1.1253178
1.0986122886681096,1.1816552
0.0,0.0035127746
0.0,-0.0071149613
0.0,-0.01427975
0.0,-0.014208629
1.0986122886681096,1.5598171
0.0,0.021383703
0.0,0.016500954
4.394449154672439,4.4170666
0.0,0.012904243
0.0,0.036863
0.6931471805599453,1.0507597
2.5649493574615367,3.559357
2.772588722239781,2.5589604
0.0,0.019508561
0.0,0.009769016
0.0,-0.0019678408
0.0,-0.020501882
3.912023005428146,3.7726762
4.553876891600541,4.319411
3.044522437723423,3.1372428
4.04305126783455,3.8891327
0.0,-0.022114573
0.0,0.003401704
0.0,0.07510869
0.0,-0.008234737
2.9444389791664403,3.0140412
0.6931471805599453,1.2447375
0.0,0.0008215036
4.31748811353631,3.2656896
3.258096538021482,3.5710464
3.8918202981106265,3.506214
4.770684624465665,5.1038065
0.0,0.001885092
0.0,-0.010833685
3.828641396489095,4.015865
0.6931471805599453,0.98509365
0.0,-0.012015155
0.0,0.014780948
4.3694478524670215,4.584974
0.0,0.049306203
0.0,-0.013985837
1.791759469228055,1.3726367
4.477336814478207,4.254272
0.0,-0.007226388
4.356708826689592,4.245342
0.0,0.0067257937
0.0,-0.031014917
0.0,0.05504681
4.955827057601261,4.8681602
0.0,0.004228264
0.0,0.0055374266
0.0,0.017213533
1.3862943611198906,1.2558584
3.828641396489095,3.400589
0.0,-0.004604067
0.0,-0.0338043
0.0,0.0038896643
0.0,0.002211985
0.0,0.0065522697
0.0,-0.0010095639
0.0,-0.014774379
2.995732273553991,2.7036927
0.6931471805599453,1.3302302
3.091042453358316,3.2603965
3.737669618283368,3.9574485
0.0,0.0015822181
0.6931471805599453,1.0627389
0.0,0.025150783
0.0,-0.0006876779
0.0,0.0030837005
0.0,-0.026795506
0.0,-0.063566096
4.356708826689592,4.4156637
4.934473933130692,4.2571626
0.6931471805599453,0.7958312
3.4657359027997265,3.5940163
0.0,0.008770091
4.804021044733257,4.1758046
0.0,-0.021901691
3.4339872044851463,3.4450827
0.0,-0.016984567
1.0986122886681096,1.1035573
0.0,0.04084508
4.204692619390966,4.120539
0.0,-0.0029802693
0.0,-0.035248112
0.0,0.0010840333
4.672828834461906,4.368774
0.0,-0.038406286
0.0,0.0022605017
0.0,-0.0046046725
1.3862943611198906,0.9269883
1.0986122886681096,1.1552548
3.8712010109078903,3.9517374
0.0,0.042067695
0.0,0.010351719
0.0,0.062184427
0.0,0.0059387675
1.0986122886681096,0.61344504
3.49650756146648,3.6752234
0.0,-0.04686488
3.7612001156935615,3.643025
0.0,-0.027398473
0.0,-0.063364916
0.0,-0.0013381758
0.0,0.02988915
0.0,0.023962947
0.0,0.018057272
1.0986122886681096,1.8721758
0.0,0.09232243
0.0,-0.007874329
4.5217885770490405,4.17163
0.0,0.0021742226
0.0,-0.0031253255
0.0,-0.019314945
1.791759469228055,1.2953894
4.219507705176107,4.494212
0.0,-0.012875751
0.0,0.0016790377
3.828641396489095,3.36896
4.204692619390966,4.256286
3.044522437723423,2.9563916
0.0,-0.0037433882
5.10594547390058,4.633874
4.143134726391533,3.8601155
3.8501476017100575,4.009328
0.0,-0.02472788
3.737669618283368,3.81997
1.0986122886681096,0.61728966
0.6931471805599453,1.2148169
0.0,0.0062673786
1.791759469228055,1.4184484
1.0986122886681096,1.0143731
0.0,0.015523005
3.784189633918261,4.0620174
4.04305126783455,4.2759886
0.0,0.0060363035
2.5649493574615367,1.5508342
4.727387818712341,5.0026274
0.0,-0.0017626757
3.9318256327243257,3.4635062
2.8903717578961645,2.6930265
0.0,0.036476202
2.19722457733622,2.4616039
0.0,0.010030324
4.718498871295094,4.1499114
3.258096538021482,3.2630668
2.8903717578961645,2.8494925
0.0,0.002985642
0.0,0.00090608315
1.0986122886681096,1.557034
0.0,-0.006037867
1.0986122886681096,1.2792642
0.0,0.0062438403
0.0,-0.049817204
0.0,0.0005247869
4.897839799950911,4.8326097
2.19722457733622,1.5208606
2.833213344056216,2.7418642
2.8903717578961645,2.1997163
4.553876891600541,4.364507
0.6931471805599453,0.9626447
0.0,-0.0014134677
0.0,0.012153592
1.3862943611198906,1.5852213
0.0,0.0063484157
2.639057329615259,2.5905144
4.07753744390572,4.0393353
0.0,0.0084179845
4.859812404361672,4.4251165
2.833213344056216,1.8047417
3.6375861597263857,3.706359
4.060443010546419,3.6719463
0.0,0.010837306
0.6931471805599453,1.0623802
0.0,-0.0012054595
0.0,-0.021354219
0.0,-0.01034937
0.0,-0.019647134
3.828641396489095,3.7129977
0.0,0.011384771
3.044522437723423,2.377863
0.0,-0.0065614255
0.0,-0.09553966
0.0,0.020015033
0.0,-0.05629714
4.77912349311153,4.118238
0.0,0.01149232
3.8501476017100575,3.899624
1.0986122886681096,1.9534135
0.0,0.013213505
5.356586274672012,5.337645
0.0,0.004240051
3.6635616461296463,3.4654617
1.0986122886681096,1.0397536
0.0,-0.02386299
4.465908118654584,4.347555
3.7612001156935615,3.3994534
0.0,-0.0030682946
3.258096538021482,3.5413709
3.9318256327243257,3.8918433
0.0,-0.039793674
0.0,-0.004660236
0.0,-0.013148307
4.158883083359672,4.5864806
4.51085950651685,3.827648
1.3862943611198906,1.1556621
4.897839799950911,4.979275
0.0,-0.0007586698
0.0,-0.0025084696
0.0,0.010022113
2.9444389791664403,3.0355167
1.0986122886681096,1.3927116
2.639057329615259,2.3277292
0.0,0.009145068
0.0,0.0067276484
0.0,-0.012201212
3.610917912644224,4.013218
3.218875824868201,3.3923275
3.610917912644224,3.7938154
2.70805020110221,3.0420237
4.204692619390966,3.9580834
0.0,-0.002544347
1.3862943611198906,1.1365219
3.5263605246161616,3.703772
0.0,0.0018370021
0.0,0.0020420474
1.9459101490553128,1.4858518
1.6094379124341005,1.6351936
1.0986122886681096,0.99923843
0.0,0.010332015
0.0,-0.029631816
0.0,0.00065488205
3.7612001156935615,4.045315
0.0,-0.008058109
3.258096538021482,3.1836436
4.060443010546419,3.8676207
4.912654885736052,4.61096
4.189654742026425,4.056107
0.0,-0.021130426
4.59511985013459,4.178289
1.9459101490553128,1.6988899
0.0,-0.004311125
4.0943445622221,4.1404433
0.0,-0.013022796
0.0,-0.061150584
0.0,0.010736229
3.5263605246161616,3.9067261
4.59511985013459,4.571483
0.6931471805599453,0.78657585
3.6635616461296463,3.994558
4.762173934797756,4.6029944
4.127134385045092,3.6726103
0.0,-0.014549598
0.0,-0.019699844
4.418840607796598,3.8848448
1.0986122886681096,0.96612865
0.6931471805599453,1.6898414
0.0,-0.021302454
4.584967478670572,3.975361
0.0,0.011532758
0.0,0.020752277
0.0,-0.06150944
0.6931471805599453,1.1077552
1.6094379124341005,1.355305
4.532599493153256,4.1164474
4.07753744390572,4.11607
0.0,0.021391694
1.791759469228055,1.4930272
0.0,-0.0059802537
3.6635616461296463,3.684543
0.0,-0.010717357
0.0,0.053814422
4.343805421853684,3.5967298
0.0,0.011557833
1.0986122886681096,1.6014909
2.8903717578961645,1.9614342
4.060443010546419,3.3664443
4.718498871295094,4.618728
0.6931471805599453,1.1615824
0.0,0.01274364
2.639057329615259,2.519385
1.0986122886681096,1.0097154
0.6931471805599453,1.4383023
0.0,-0.023889372
0.0,-0.099457234
1.6094379124341005,1.8845677
3.295836866004329,4.224653
2.079441541679836,2.2478747
3.784189633918261,3.836947
2.079441541679836,2.3542857
0.0,0.01851514
0.0,0.008328213
1.9459101490553128,2.2476182
0.0,0.011413881
0.0,0.025054708
0.0,-0.07011164
0.6931471805599453,0.8245131
0.0,-0.021597767
4.890349128221754,4.516349
4.330733340286331,3.7700992
2.302585092994046,1.4341823
0.0,0.040665302
0.0,-0.012789431
0.0,0.046757884
0.0,0.013255982
0.0,0.006437968
2.079441541679836,1.5252125
3.8712010109078903,3.851604
3.367295829986474,3.0741022
2.079441541679836,2.0957422
2.3978952727983707,2.996859
2.772588722239781,2.90717
4.934473933130692,4.6905746
0.0,-0.030360114
1.0986122886681096,1.0534029
3.218875824868201,3.4330676
0.0,-0.016381385
0.0,-0.017044548
0.0,0.030598873
0.0,0.0043941443
0.0,-0.0009324094
2.833213344056216,3.241186
0.0,-0.028771792
1.0986122886681096,1.1309869
4.343805421853684,4.1411257
0.0,-0.09520778
2.3978952727983707,2.3553073
0.0,0.02951299
1.3862943611198906,1.5018446
2.833213344056216,3.5657213
1.0986122886681096,3.242553
1.0986122886681096,1.2184932
4.77912349311153,4.7902927
0.0,0.0036632803
1.9459101490553128,1.6888039
0.6931471805599453,1.290066
0.0,-0.037870478
0.6931471805599453,1.0822507
1.9459101490553128,1.9080354
0.0,0.02622631
0.0,0.011960668
4.174387269895637,3.7823672
2.639057329615259,2.4651413
3.49650756146648,3.9000766
4.51085950651685,4.527311
3.6375861597263857,3.5320013
0.0,0.007964095
2.3978952727983707,1.3881679
0.6931471805599453,1.0430839
0.0,0.026783083
4.290459441148391,4.585641
0.0,-0.0032304248
0.0,0.023900999
4.574710978503383,4.623829
4.127134385045092,3.690079
5.327876168789581,4.698558
1.6094379124341005,1.213685
0.0,-0.01297
4.672828834461906,4.243611
3.49650756146648,2.8880825
0.0,-0.020936174
3.218875824868201,3.2992506
0.0,-0.19187881
0.0,0.037838962
4.465908118654584,3.8531349
0.0,0.017467415
0.0,-0.07321443
0.0,0.0040674536
0.0,-0.015373341
1.791759469228055,1.8191656
0.0,-0.00033098535
0.0,0.021418659
3.044522437723423,3.49933
3.58351893845611,4.055171
0.0,-0.0031127962
1.0986122886681096,1.1325754
2.3978952727983707,2.5395446
0.0,-0.018520217
0.0,-0.016275585
0.0,-0.010756992
0.0,-0.03307107
1.0986122886681096,1.4293661
4.060443010546419,3.9924407
0.0,-0.05481099
0.0,0.0075447173
4.290459441148391,4.4973507
3.80666248977032,3.285615
0.0,-0.10715053
3.218875824868201,2.5076358
1.0986122886681096,0.95123196
3.332204510175204,3.688452
4.812184355372417,4.039909
1.791759469228055,1.7445847
0.0,0.009400131
0.0,-0.010232917
1.0986122886681096,0.9401329
5.545177444479562,4.8712506
4.3694478524670215,4.463197
0.0,-0.0888856
0.6931471805599453,0.94095343
4.61512051684126,4.4109664
4.51085950651685,4.396865
0.0,-0.012485489
4.02535169073515,4.1484895
4.897839799950911,4.4042826
0.0,0.012793036
0.6931471805599453,1.2173961
3.555348061489413,3.1439657
0.0,0.0055693383
0.0,-0.013390254
0.0,-0.052345354
0.0,-0.007909923
4.59511985013459,4.443762
0.0,-0.009979156
3.610917912644224,4.0405083
4.442651256490317,3.7834878
0.0,-0.01204693
3.4657359027997265,2.9037063
0.0,-0.014818758
0.0,-0.32235703
0.0,-0.0058040647
4.304065093204169,4.176563
3.1780538303479458,3.232065
0.0,-0.005218707
4.532599493153256,4.200922
4.31748811353631,4.808883
0.0,0.014468843
0.6931471805599453,1.2851048
0.0,0.00034969105
0.0,-0.037115064
0.0,-0.009237092
0.0,-0.010180538
0.0,0.019593436
0.0,0.002531475
0.0,-0.0041793785
1.6094379124341005,1.588289
0.0,-0.0002598839
4.276666119016055,4.169243
4.430816798843313,4.5050406
0.0,0.0006837674
2.4849066497880004,1.9288174
4.110873864173311,1.6601621
0.6931471805599453,1.0476859
0.0,-0.03539169
0.6931471805599453,1.1650069
0.0,0.05296238
0.0,0.020125752
3.218875824868201,2.8932488
1.0986122886681096,1.6097541
3.6635616461296463,3.6393626
4.007333185232471,4.0983047
0.0,-0.013030177
0.0,-0.011252788
0.0,0.011678909
0.0,0.0069399592
3.044522437723423,3.6153874
0.0,-0.02284064
0.0,-0.042481337
1.0986122886681096,1.7275928
4.653960350157523,4.685258
4.406719247264253,4.055822
4.859812404361672,4.3769646
2.4849066497880004,2.5085452
4.543294782270004,4.4740705
0.0,0.15335377
0.0,0.016681915
2.639057329615259,1.7981275
4.59511985013459,4.3623633
1.791759469228055,1.6944287
1.3862943611198906,0.8144902
0.0,-0.0009133138
0.6931471805599453,1.1943563
4.983606621708336,4.663821
4.343805421853684,4.100878
3.951243718581428,4.106881
4.02535169073515,3.994347
0.0,0.022745129
0.6931471805599453,0.8176564
3.1354942159291497,3.6242797
0.0,0.0052067917
0.0,0.013646184
0.0,0.005023234
0.0,0.0043286793
2.19722457733622,1.9362711
0.0,-0.01552014
0.0,0.016008759
4.574710978503383,4.5145082
4.07753744390572,4.0009413
0.0,0.007371961
0.0,-0.053191345
3.713572066704308,3.7345946
0.0,0.006711074
0.0,-0.007650937
2.302585092994046,2.443175
0.0,-0.05759615
0.0,0.07123562
0.0,0.0016099656
0.6931471805599453,1.2713118
0.6931471805599453,1.0822273
3.912023005428146,4.0532575
0.0,0.0036430573
0.0,-0.04578076
3.970291913552122,4.1044965
0.0,-0.011783527
0.0,-0.019799966
0.0,-0.01856396
0.0,-0.012712883
3.9889840465642745,4.053997
3.7612001156935615,3.3966444
5.480638923341991,4.6356163
3.4011973816621555,3.7088428
4.406719247264253,4.0925574
4.90527477843843,4.7102723
1.9459101490553128,1.6280117
0.0,0.0013097174
2.9444389791664403,3.5918665
2.079441541679836,2.7382412
1.3862943611198906,1.4857211
0.0,-0.0019894505
0.0,-0.015717866
1.791759469228055,2.3087883
0.6931471805599453,1.1036109
2.70805020110221,3.32749
0.0,-0.0078007393
4.59511985013459,4.4487433
0.0,-0.045921378
4.343805421853684,4.210088
0.0,-0.014089919
3.9889840465642745,4.203136
4.727387818712341,4.9570594
0.0,-0.004581904
0.0,-0.0036254898
0.0,0.0053715208
0.0,-0.0039603943
3.7612001156935615,4.529107
0.0,-0.008299375
1.3862943611198906,1.4985536
3.367295829986474,3.2976284
2.079441541679836,3.2015
0.0,-0.007242908
5.049856007249537,4.5727353
5.476463551931511,5.366127
2.4849066497880004,3.6664925
1.0986122886681096,1.3698153
0.6931471805599453,1.4651802
4.51085950651685,4.790581
4.304065093204169,4.2430596
0.0,0.0123129375
0.0,-0.027926773
4.418840607796598,4.2087674
3.49650756146648,3.9298732
0.0,-0.015852159
0.0,-0.011124075
1.3862943611198906,1.0305511
1.0986122886681096,1.1185169
0.0,0.0029040058
0.0,0.019178234
0.0,-0.02759598
0.0,0.020696383
0.0,-0.009328157
3.091042453358316,2.3368142
4.31748811353631,4.4839644
0.6931471805599453,1.3548465
3.8918202981106265,3.8376677
3.8501476017100575,3.4999232
0.0,-0.013149629
0.0,-0.012750414
4.356708826689592,4.307381
1.3862943611198906,1.1424805
1.6094379124341005,1.4574256
0.0,-0.012021425
0.0,-0.025803773
0.0,-0.02784393
0.0,0.008060445
1.791759469228055,2.390806
3.9318256327243257,4.2372203
0.0,-0.0050717616
3.688879454113936,3.829888
0.0,-0.020725647
0.0,-0.0063874642
3.610917912644224,3.2873182
4.406719247264253,4.2876415
0.0,0.003513421
1.3862943611198906,1.5367053
4.07753744390572,4.086005
0.0,0.029688725
0.0,-0.008370574
3.4657359027997265,3.2433283
0.6931471805599453,1.4762017
0.0,0.0071384185
5.068904202220232,4.8073874
0.0,0.007875341
0.0,-0.006261649
0.6931471805599453,1.4580833
0.0,0.005659026
0.0,0.0018808887
0.0,-0.024413794
4.634728988229636,4.0716205
2.772588722239781,3.2300742
0.0,0.007497556
0.6931471805599453,1.0785815
0.0,-0.010403013
3.044522437723423,2.2979753
0.0,-0.005550979
4.262679877041316,4.0480437
0.0,0.016543303
1.6094379124341005,1.0697682
4.290459441148391,4.2944283
0.0,0.018624533
0.0,0.0013624385
0.6931471805599453,1.1561843
0.0,0.0012346236
0.0,-0.13797744
0.0,-0.014869911
2.3978952727983707,2.6147885
0.0,0.0141137
0.0,0.0017854049
0.0,0.022051822
0.0,-0.0068717427
0.0,-0.013786391
0.0,0.0076472335
2.4849066497880004,2.1240847
3.951243718581428,4.2710943
4.90527477843843,4.3640623
1.3862943611198906,1.2944164
0.6931471805599453,0.9080277
0.0,-0.008155502
4.844187086458591,4.2340584
0.6931471805599453,1.056047
0.0,-0.062493805
4.5217885770490405,4.43559
0.0,0.0062195654
3.4339872044851463,3.457951
3.1780538303479458,3.180446
1.3862943611198906,1.4086457
0.0,-0.0070542064
0.0,0.039915662
0.0,-0.03902159
0.0,-0.010367136
0.0,0.015541733
0.0,-0.011862582
0.0,0.024060046
0.0,-0.008720949
0.0,-0.013628798
1.9459101490553128,1.5380214
0.0,-0.009097255
0.0,0.054258034
0.0,-0.011357715
1.0986122886681096,1.0931416
1.0986122886681096,1.1343458
0.0,-0.018185047
0.0,0.0009284493
4.060443010546419,3.694946
3.9889840465642745,3.9336994
0.0,-0.07025337
4.605170185988092,4.053282
0.0,0.008526347
0.6931471805599453,1.43107
0.0,-0.006176583
0.0,-0.0033361365
4.356708826689592,4.4945154
0.0,-0.0070204968
4.691347882229144,4.6691437
4.564348191467836,4.1452975
2.639057329615259,1.832254
0.0,-0.0006450744
0.0,-0.000553185
0.0,0.017954625
0.6931471805599453,1.1319022
1.0986122886681096,1.1143228
0.0,-0.007673783
1.3862943611198906,2.1683605
4.0943445622221,4.0952735
0.0,-0.008636402
2.4849066497880004,2.7471762
0.0,0.00010132906
4.343805421853684,4.367968
0.0,0.00090489537
3.332204510175204,3.4282503
2.19722457733622,1.3924099
0.0,-0.0029814185
0.0,0.023955075
0.0,-0.0042132284
1.0986122886681096,1.0818913
0.0,-0.0051095164
0.0,-0.0064815255
2.70805020110221,2.4949906
4.276666119016055,3.6738267
3.4339872044851463,3.73145
0.0,-0.006199669
0.0,0.060409267
0.0,-0.011411393
1.0986122886681096,1.4771055
0.0,0.01300043
1.0986122886681096,0.8596107
0.0,-0.016478378
3.9318256327243257,4.046797
4.23410650459726,4.2032485
0.0,0.017059699
0.0,-0.01508853
4.330733340286331,4.0286508
0.0,-0.00807833
0.0,0.008577895
0.0,0.006939219
3.951243718581428,3.912512
4.158883083359672,3.5992255
0.0,-0.019886117
4.23410650459726,4.229961
0.0,-0.009747861
0.0,-0.070669815
1.6094379124341005,1.0018613
0.0,0.010401667
2.772588722239781,2.4216235
4.204692619390966,4.0061045
0.0,0.04798414
3.5263605246161616,3.054789
0.0,0.19756536
3.332204510175204,3.488377
0.0,0.0014896484
0.0,-0.019815614
0.0,-0.04155273
3.9889840465642745,3.8760195
4.477336814478207,4.321603
4.382026634673881,3.9304225
3.912023005428146,2.758945
0.0,0.0012178164
0.0,-0.021259395
1.6094379124341005,1.653664
0.0,-0.002118878
0.0,-0.063978285
0.0,-0.009233981
1.3862943611198906,1.0938396
0.0,0.045757424
4.219507705176107,4.1058087
1.3862943611198906,1.2922877
0.0,-0.007286821
0.6931471805599453,1.2186534
0.0,-0.014870204
0.0,0.013086067
3.828641396489095,3.7559717
2.079441541679836,1.5932292
0.0,-0.06799229
4.219507705176107,3.985206
4.844187086458591,4.4134393
0.0,-0.00867292
1.0986122886681096,0.844737
0.0,-0.0025648833
0.6931471805599453,1.7064152
2.4849066497880004,2.5325775
3.4011973816621555,3.1284964
1.0986122886681096,1.0645845
0.0,-0.0038627642
1.6094379124341005,2.3098173
0.0,-0.052473456
0.0,-0.03163003
1.0986122886681096,1.0411104
4.5217885770490405,3.9865575
2.302585092994046,3.2426937
0.0,-0.010606261
4.48863636973214,4.573075
0.0,0.005360536
1.0986122886681096,1.2788706
0.6931471805599453,1.1933626
3.555348061489413,3.8174753
0.0,-0.01131117
0.0,-0.016908104
0.0,-0.009212088
1.3862943611198906,1.8447471
1.6094379124341005,2.046007
0.0,-0.018691147
0.0,-0.02154022
0.0,-0.016646132
0.0,-0.03129478
0.0,-0.006759703
0.0,-0.010427174
0.0,-0.0139350295
0.0,0.004772881
2.772588722239781,2.52708
0.0,0.021022836
0.0,0.061654847
1.0986122886681096,1.2246349
2.4849066497880004,2.4709463
0.0,-0.03850107
2.4849066497880004,2.5053232
0.0,0.012194681
4.189654742026425,3.9202616
4.61512051684126,3.707013
0.6931471805599453,1.0117236
3.4011973816621555,3.68299
4.605170185988092,4.5245695
3.80666248977032,3.624119
4.844187086458591,4.786069
2.639057329615259,2.5193071
0.0,-0.11952983
0.0,0.011376999
0.0,0.02545292
0.0,0.011679785
3.6635616461296463,3.757346
1.9459101490553128,1.838953
0.0,-0.016299877
2.8903717578961645,2.93905
4.7535901911063645,4.538693
0.0,0.008087612
5.087596335232384,4.9909763
4.59511985013459,4.235061
0.0,0.013795445
1.9459101490553128,2.1608047
0.0,0.00021548718
0.0,0.0027832142
3.828641396489095,4.0646205
4.23410650459726,3.7204294
1.3862943611198906,1.3418235
1.3862943611198906,1.6004982
0.0,-0.009355849
5.241747015059643,5.122281
2.5649493574615367,1.6201451
0.6931471805599453,1.0612222
1.3862943611198906,1.3544606
2.3978952727983707,2.1012926
0.0,0.10562816
0.0,0.028690668
3.1354942159291497,4.023081
1.6094379124341005,1.1596433
1.0986122886681096,1.0588211
1.6094379124341005,1.777405
4.262679877041316,4.013524
0.0,-0.007980282
0.0,-0.012977565
4.127134385045092,4.1679606
4.356708826689592,3.9228332
1.3862943611198906,1.2350682
4.0943445622221,3.7132137
4.727387818712341,4.621824
4.07753744390572,4.691043
0.0,0.007061772
1.3862943611198906,1.0116152
4.110873864173311,4.3100815
4.110873864173311,4.2561173
0.6931471805599453,1.5109164
4.394449154672439,4.046531
5.10594547390058,4.359613
0.0,-0.016338058
3.367295829986474,4.28314
0.0,-0.006215042
0.0,-0.006916031
2.639057329615259,2.2764902
0.0,-0.0020307729
5.099866427824199,4.8463707
1.3862943611198906,1.0664229
4.605170185988092,4.533603
0.0,-0.0111321155
0.6931471805599453,0.72792906
5.3471075307174685,5.2243958
0.0,-0.0013422089
0.0,0.020683229
0.0,0.03353762
0.0,-0.03534614
0.0,0.021113489
1.0986122886681096,1.6403617
0.0,-0.005607621
2.19722457733622,2.0077517
0.0,-0.00594913
2.8903717578961645,2.7858503
2.639057329615259,3.5204065
0.6931471805599453,1.4891293
0.0,0.0054000616
4.672828834461906,4.735369
5.84354441703136,5.315598
0.0,0.00031204722
0.6931471805599453,0.7075545
3.828641396489095,3.471735
0.0,0.11532809
0.0,0.005417566
1.3862943611198906,1.1773142
0.0,-0.0042164787
4.174387269895637,4.3009496
2.833213344056216,2.7109323
0.0,-0.017402127
3.49650756146648,3.526235
1.9459101490553128,1.5732079
0.0,0.0031348993
0.0,0.0015141306
1.791759469228055,1.1013453
0.6931471805599453,1.1595863
0.0,0.02062492
3.951243718581428,4.199317
3.258096538021482,3.235742
0.0,-0.0024359783
3.9318256327243257,4.0945725
4.304065093204169,4.3738112
0.0,0.00310507
0.6931471805599453,1.168416
1.0986122886681096,1.1876118
0.0,-0.014484337
1.3862943611198906,1.852018
0.0,0.010794113
1.3862943611198906,1.3133849
4.290459441148391,3.9818723
3.091042453358316,3.367668
0.0,-0.009579389
2.70805020110221,2.9034746
0.6931471805599453,1.0921481
5.2574953720277815,5.1090856
1.6094379124341005,1.6428314
0.0,0.021810079
5.442417710521793,5.3107295
2.9444389791664403,2.8863246
1.3862943611198906,2.4631588
0.0,0.024619946
0.0,-0.012317557
0.0,-0.005305087
3.4339872044851463,3.8179555
1.791759469228055,1.3705367
0.6931471805599453,1.2948538
4.02535169073515,3.9803717
1.0986122886681096,1.1499178
0.0,0.016689768
1.3862943611198906,2.0164757
1.0986122886681096,1.3388516
0.0,0.021803007
0.0,-0.0010604451
0.0,-0.026019145
2.3978952727983707,2.6684914
0.0,-0.014679914
0.0,0.018576367
1.6094379124341005,1.1667019
0.0,0.0617049
3.58351893845611,3.6721883
1.6094379124341005,1.1515402
0.0,0.009627951
0.0,-0.005260141
0.0,-0.00060834736
0.0,0.014750409
4.553876891600541,4.187404
1.6094379124341005,1.2347032
3.4011973816621555,3.4487002
0.6931471805599453,1.6568267
3.1780538303479458,3.7424774
3.8712010109078903,3.2672837
1.0986122886681096,1.6182181
4.812184355372417,4.632575
3.970291913552122,3.596312
0.0,-0.0145983985
4.812184355372417,4.336114
0.0,-0.006121296
0.0,0.067709036
1.9459101490553128,3.5755477
4.060443010546419,4.2540026
0.0,0.009883584
0.0,-0.008890702
5.214935757608986,5.273644
0.0,0.00042065722
0.0,0.005800561
0.0,-0.1677571
1.6094379124341005,1.5213369
0.0,0.058009297
0.0,-0.015020503
0.0,0.03028949
2.302585092994046,2.6663086
3.4011973816621555,3.053127
3.8712010109078903,4.1469097
3.044522437723423,2.4283965
0.0,-0.014349616
4.262679877041316,3.7728841
1.3862943611198906,1.5991379
6.035481432524756,4.9979143
2.772588722239781,1.7716675
0.0,0.014903674
0.0,-0.020138638
0.0,-0.013559219
5.111987788356544,3.6929474
0.0,-0.025174258
0.0,0.018706646
0.6931471805599453,1.5551164
0.0,0.012598212
0.0,-0.0047874637
2.772588722239781,2.6747637
0.0,-0.01122859
3.49650756146648,2.8318365
4.477336814478207,4.268166
3.784189633918261,3.8327582
4.143134726391533,3.869222
0.0,0.004563415
0.0,0.050143294
0.0,0.01174689
2.5649493574615367,2.424368
0.0,0.0053978106
3.688879454113936,3.8601325
0.6931471805599453,1.0563066
4.276666119016055,4.2862854
0.6931471805599453,1.120625
4.330733340286331,4.1538754
0.6931471805599453,1.0112228
0.0,-0.0021879459
1.3862943611198906,1.5218931
0.6931471805599453,1.4466622
3.8712010109078903,3.6237466
0.0,-0.028605998
5.062595033026967,4.482269
1.791759469228055,1.7923256
0.0,0.0144923385
0.0,-0.0103946375
0.0,-0.0059250062
0.0,-0.025868451
1.0986122886681096,1.020867
0.6931471805599453,1.3627149
1.0986122886681096,1.134411
0.0,-0.028000388
4.204692619390966,3.7277057
0.0,-0.011867251
3.58351893845611,3.5425243
0.0,-0.016319
1.0986122886681096,1.0666561
3.737669618283368,3.3751223
0.6931471805599453,1.4470434
3.367295829986474,4.763516
0.6931471805599453,1.2061269
2.5649493574615367,2.6372259
0.0,-0.004039921
0.0,-0.017996607
0.6931471805599453,1.5076967
0.0,0.0025238998
2.772588722239781,2.967351
0.0,0.1077503
0.0,-0.010561974
4.48863636973214,4.2783732
2.8903717578961645,3.1243758
0.0,-0.07058034
0.0,-0.005030128
5.225746673713202,4.7706213
2.9444389791664403,2.8241014
0.0,0.015471538
4.219507705176107,4.1516366
0.0,-0.0030131273
2.079441541679836,2.7683904
3.6635616461296463,3.325032
4.189654742026425,3.7435968
3.4339872044851463,3.602887
0.0,0.019587649
0.0,0.017148165
0.0,0.006597425
0.0,-0.072871625
3.6635616461296463,3.7246425
1.0986122886681096,1.0192567
0.0,-0.0018568335
3.737669618283368,3.8987987
2.079441541679836,3.4705768
0.0,-0.010608769
0.0,0.028122071
3.8918202981106265,3.868252
3.6635616461296463,3.5986273
0.0,-0.017757151
4.787491742782046,4.5387497
4.330733340286331,4.090729
0.0,-0.023337228
0.0,0.05045524
0.0,0.009538336
0.0,0.005080499
0.0,-0.024674857
0.0,-0.013654709
0.6931471805599453,1.2026461
0.0,-0.0048685046
3.1354942159291497,2.8996537
0.0,-0.016599772
2.5649493574615367,1.71712
0.0,-0.015358856
0.0,-0.01709558
5.056245805348308,5.1574574
0.0,-0.026634706
4.248495242049359,4.147536
0.0,-0.04610035
2.5649493574615367,2.6591303
0.6931471805599453,1.2088814
2.302585092994046,1.6977538
2.3978952727983707,2.6616373
0.0,0.029861514
0.0,0.00029680497
0.0,-0.008895556
0.0,0.004484344
4.812184355372417,4.233022
4.709530201312334,4.641732
0.0,-0.05688018
0.0,-0.0013444105
4.912654885736052,4.454069
2.079441541679836,1.5930145
0.0,-0.024533505
0.0,-0.003232562
3.258096538021482,3.0209894
4.962844630259907,4.867036
2.19722457733622,2.3097215
1.0986122886681096,0.94679654
4.919980925828125,4.216514
0.0,0.0025846683
0.0,-0.00075978227
0.0,0.013918038
0.0,-0.04799302
4.330733340286331,3.8649309
3.4339872044851463,3.6244938
0.0,-0.009593882
2.833213344056216,1.5327573
4.955827057601261,4.202494
0.0,0.29598838
3.9318256327243257,4.168522
0.0,-0.0050952607
4.158883083359672,3.8190372
0.6931471805599453,0.80504423
0.0,-0.0033643667
4.110873864173311,4.194638
0.0,-0.0065647215
0.6931471805599453,1.0038136
0.0,-0.011133703
0.0,0.09045554
2.19722457733622,2.3894691
0.6931471805599453,1.141044
0.0,0.012569943
0.6931471805599453,1.0096637
0.0,0.009795918
0.0,-0.005808135
0.0,0.013754656
0.0,0.019999998
0.0,0.00551657
0.6931471805599453,0.82194465
0.6931471805599453,1.0780241
0.0,0.01711542
0.0,0.22941387
3.367295829986474,3.541484
5.54907608489522,5.3894315
4.290459441148391,3.9459515
1.6094379124341005,1.1783571
0.6931471805599453,1.3304336
3.713572066704308,3.7052178
4.158883083359672,3.9304993
4.3694478524670215,4.591762
2.70805020110221,3.5608375
0.0,0.014422285
4.499809670330265,3.8921049
4.343805421853684,3.8681083
0.0,0.011207843
2.4849066497880004,2.3659434
0.0,0.00097432756
0.0,-0.008736566
4.110873864173311,4.374572
0.0,0.0066637765
4.574710978503383,4.9981623
0.0,-0.005739151
4.204692619390966,4.014406
3.367295829986474,4.1918836
1.0986122886681096,2.2449603
1.0986122886681096,1.1023029
3.828641396489095,4.445301
0.0,0.00019251916
0.0,-0.013507969
3.951243718581428,3.9798589
3.9889840465642745,3.5742319
0.0,-0.019696934
0.0,-0.00914693
0.0,0.006706451
0.0,0.024368584
0.0,-0.0013238118
0.0,-0.27989462
0.0,-0.011483623
3.218875824868201,2.8254313
3.58351893845611,3.6292434
0.0,0.046041314
0.0,0.09000702
1.9459101490553128,1.2543583
2.3978952727983707,3.5831254
0.0,0.14430384
0.0,0.0015485926
0.0,-0.036343664
0.0,0.05705993
4.382026634673881,3.9943578
0.0,0.0077160005
0.0,0.019270405
4.653960350157523,4.2593966
0.0,-0.09919981
4.5217885770490405,4.3823233
1.3862943611198906,1.2593874
0.0,-0.03745181
0.0,-0.024820909
4.499809670330265,3.9527626
0.0,0.0072476566
0.6931471805599453,1.0963962
0.0,0.0030659281
0.0,0.104261495
0.0,0.042997416
0.0,-0.0018160561
0.0,0.021720931
3.4011973816621555,3.4809306
0.0,0.00068088947
0.0,0.003973468
0.0,-0.0106081115
0.0,-0.0114293
3.80666248977032,3.780696
1.6094379124341005,1.355933
0.0,0.013322775
4.31748811353631,4.3237376
4.31748811353631,3.9194458
2.302585092994046,2.42971
1.0986122886681096,0.6977705
3.5263605246161616,3.0226934
2.19722457733622,3.2063248
0.0,-0.035756405
2.9444389791664403,2.555898
0.0,-0.008453979
4.465908118654584,4.312107
3.9889840465642745,3.4464645
0.6931471805599453,1.114189
2.302585092994046,2.4327593
0.0,0.00032229538
0.6931471805599453,1.049642
0.0,0.0020750063
3.688879454113936,3.6729794
0.0,0.0039628376
0.0,0.014724767
0.0,0.012496789
0.0,-0.003374159
0.6931471805599453,1.2888927
3.218875824868201,2.5047748
0.0,0.022172354
0.0,0.023899674
2.772588722239781,3.3499072
0.0,0.0019564033
4.727387818712341,4.3505273
2.19722457733622,2.6974535
2.772588722239781,2.6821568
2.3978952727983707,2.6341567
0.0,-0.0012322549
3.912023005428146,4.033168
4.110873864173311,4.313887
4.276666119016055,4.241698
0.0,-0.009602189
0.0,-0.010202376
4.382026634673881,4.41185
4.672828834461906,4.6435523
0.6931471805599453,1.7453617
0.0,-0.00856007
4.574710978503383,4.815554
0.0,0.010301619
3.8501476017100575,4.120192
1.791759469228055,1.5943955
0.0,0.0039980807
4.605170185988092,4.2811584
3.4339872044851463,3.771207
0.0,0.0012111637
1.0986122886681096,1.9533108
0.6931471805599453,0.93106043
0.0,-0.0415541
1.0986122886681096,1.2255459
0.0,-0.021915795
0.0,-0.030476924
2.3978952727983707,2.462953
3.091042453358316,2.8958018
0.0,0.03273242
0.0,-0.0046391594
0.0,-0.024705552
4.976733742420574,4.8155107
4.406719247264253,4.592204
0.0,-0.004308139
1.9459101490553128,2.6615348
0.0,0.028501196
0.0,-0.054471023
0.0,0.021127155
0.6931471805599453,1.0738477
0.0,0.042941276
0.0,-0.019972019
4.454347296253507,4.237643
0.0,-0.10494675
4.770684624465665,4.422896
0.0,-0.0030877253
0.0,0.018088399
3.610917912644224,3.604118
4.770684624465665,4.407522
0.0,-0.018632088
4.532599493153256,4.5264173
0.6931471805599453,1.5884123
0.6931471805599453,1.295649
0.0,-0.056196343
4.219507705176107,4.608086
1.3862943611198906,1.2558323
4.948759890378168,4.441875
0.0,0.038407583
2.833213344056216,3.554631
4.59511985013459,4.343504
0.0,-0.006459223
5.030437921392435,5.4145284
0.6931471805599453,1.200647
4.955827057601261,5.158379
1.0986122886681096,1.1719694
4.02535169073515,3.3805609
1.9459101490553128,1.5682561
1.3862943611198906,1.6139058
2.19722457733622,2.261689
2.8903717578961645,3.2746534
4.430816798843313,4.2013917
4.836281906951478,4.4003725
0.0,0.002179549
2.19722457733622,1.7726693
0.0,-0.0010546527
4.762173934797756,4.7504783
0.0,0.014146085
2.4849066497880004,1.7219903
2.4849066497880004,2.2560723
0.0,-0.011958892
4.174387269895637,4.2418303
0.0,-0.00081185414
4.897839799950911,4.3025417
0.0,0.007635518
4.382026634673881,4.3419743
0.0,-0.05864552
2.833213344056216,3.5188255
0.6931471805599453,1.0195665
0.6931471805599453,2.1991634
3.49650756146648,3.018781
1.0986122886681096,1.8161129
4.48863636973214,3.982072
0.0,-0.014166177
0.0,0.020569213
0.0,0.0035449613
0.0,-0.005074271
0.0,-0.006784599
0.0,0.0013390259
0.0,-0.027086038
0.0,0.073449574
0.0,-0.007536847
1.0986122886681096,0.7883317
0.0,-0.0030160374
3.6375861597263857,4.1449943
2.9444389791664403,2.7768166
5.459585514144159,5.298954
0.0,-0.0031858901
0.0,-0.027411453
0.0,0.0019824938
4.07753744390572,4.295006
0.0,-0.0020853311
0.0,0.0017360081
1.0986122886681096,1.5263456
3.258096538021482,2.6873295
0.0,-0.009764175
4.634728988229636,4.8024063
4.204692619390966,4.289849
2.3978952727983707,2.3282323
2.995732273553991,2.8280435
0.0,-0.017182307
3.688879454113936,3.4019656
0.0,-0.0028599778
0.0,0.032708883
4.51085950651685,4.4411435
4.574710978503383,4.0923133
0.0,0.010100127
0.0,0.00088827533
4.189654742026425,4.1196947
4.174387269895637,4.0428033
0.0,0.0026601665
3.044522437723423,2.4831133
2.772588722239781,2.9179254
0.0,-0.01052995
0.0,0.046990328
0.0,0.04668572
1.0986122886681096,1.5570778
4.897839799950911,4.417337
3.784189633918261,3.638267
0.0,-0.029506942
5.10594547390058,5.1899085
3.610917912644224,3.2583132
3.970291913552122,4.175974
2.4849066497880004,3.1144726
3.258096538021482,3.8959227
0.0,-0.02625507
1.0986122886681096,1.2206595
1.3862943611198906,1.0136802
4.304065093204169,4.221963
3.1780538303479458,3.0190644
0.0,0.0044024354
0.0,-0.019962873
0.0,0.00030359734
0.0,-0.016064547
0.6931471805599453,1.1631488
4.812184355372417,4.5723467
0.0,0.004421712
4.290459441148391,4.0314217
4.356708826689592,4.1558313
4.605170185988092,4.3397083
1.3862943611198906,1.0848424
0.0,-0.03851551
0.6931471805599453,3.3557339
0.0,-0.0001000475
4.605170185988092,4.0121527
0.0,0.007934255
0.0,0.021560224
1.0986122886681096,1.2765791
0.0,-0.058684967
4.820281565605037,4.7806644
0.0,0.014227461
0.0,0.021482714
5.231108616854587,4.878587
0.0,-0.0010573702
0.0,-0.018306654
3.951243718581428,3.9908702
0.0,0.03096619
0.0,-0.011640745
0.6931471805599453,0.9513836
4.820281565605037,4.8574452
0.0,0.045330778
0.0,0.011139919
4.553876891600541,4.225154
0.0,0.015673531
0.0,-0.004517917
4.262679877041316,3.8861237
1.3862943611198906,1.2748717
0.0,0.005305931
0.0,-0.01962179
2.079441541679836,1.5062522
1.791759469228055,2.3705666
1.0986122886681096,1.0849799
3.58351893845611,2.0633924
0.0,-0.046442617
3.6635616461296463,3.7461696
0.6931471805599453,1.2817134
3.332204510175204,3.207911
3.8501476017100575,3.729726
0.0,0.011135701
0.6931471805599453,1.4599702
0.0,0.0064742453
0.0,0.002371294
3.828641396489095,4.0396957
1.6094379124341005,1.3043023
0.0,-0.024229288
0.0,-0.020837693
1.6094379124341005,1.6812634
2.70805020110221,2.723921
1.3862943611198906,2.5703044
1.0986122886681096,1.1609405
1.3862943611198906,1.0923784
0.0,-0.0033614314
0.0,0.014666015
0.0,0.049238615
0.0,0.05685703
0.6931471805599453,1.0795242
2.079441541679836,1.5273111
5.209486152841421,5.1161947
4.955827057601261,4.484903
0.0,0.010523656
4.189654742026425,4.211009
1.6094379124341005,1.6185057
0.0,-0.028027758
5.1647859739235145,5.097605
0.0,-0.04071517
0.0,0.010535141
1.0986122886681096,1.080884
2.4849066497880004,2.020492
5.075173815233827,4.650998
0.0,-0.0002675819
0.0,0.07907609
4.304065093204169,4.1308656
3.4339872044851463,3.1651008
0.0,0.03543423
0.0,0.019785108
0.0,-0.01949449
2.833213344056216,3.5058444
0.0,0.019983938
1.0986122886681096,1.2388846
4.477336814478207,4.00266
0.0,-0.004146355
0.0,-0.0014663779
4.110873864173311,4.0174513
4.90527477843843,4.8773456
0.0,0.029302087
4.762173934797756,4.5063515
0.0,0.012750655
2.5649493574615367,1.7393043
0.0,-0.02289275
1.3862943611198906,1.173983
1.3862943611198906,1.1798939
4.158883083359672,4.232103
0.0,-0.010109617
0.0,0.007314445
0.0,-0.003959647
0.0,-0.0037322466
2.8903717578961645,2.5072927
4.605170185988092,4.2020297
0.0,0.040823888
0.0,0.019101905
1.6094379124341005,1.3305161
3.1780538303479458,3.676331
3.5263605246161616,3.6435769
0.0,-0.004395623
1.9459101490553128,1.7149316
0.0,-0.008209446
4.290459441148391,4.3274407
0.0,-0.06718547
0.0,-0.098828964
4.060443010546419,4.0945573
3.258096538021482,3.124599
0.0,0.19845195
2.079441541679836,1.7098861
3.912023005428146,4.010654
4.653960350157523,4.195173
0.0,-0.0015492052
0.0,-0.006840606
0.0,-0.021693625
0.0,-0.0025276672
1.6094379124341005,1.2064412
3.610917912644224,3.1980147
0.0,-0.01854428
3.295836866004329,2.5795877
4.276666119016055,4.4613657
4.442651256490317,4.14669
0.0,0.022535995
3.951243718581428,3.8325706
4.02535169073515,3.9697754
0.0,-0.03246337
0.0,-0.022529809
0.0,0.011969594
0.0,-0.005353465
2.639057329615259,2.4701734
5.198497031265826,5.125824
0.0,0.0020465117
2.995732273553991,2.5798883
4.48863636973214,4.1562138
0.0,-0.0126261655
1.0986122886681096,1.0788057
4.948759890378168,4.4969044
2.9444389791664403,3.5093546
1.0986122886681096,1.2241888
4.672828834461906,4.4456415
0.0,-0.021449124
5.332718793265369,5.366527
3.49650756146648,2.4941654
4.663439094112067,4.0566053
0.0,0.0024223705
4.174387269895637,4.299453
0.0,0.0023537793
3.610917912644224,3.7058852
1.791759469228055,2.214745
1.3862943611198906,2.1609888
2.19722457733622,2.5193207
4.499809670330265,4.2639036
4.454347296253507,4.72032
3.218875824868201,2.83024
4.499809670330265,4.2717705
3.951243718581428,3.8799217
3.49650756146648,3.6930635
3.7612001156935615,3.9402995
0.0,-0.024789333
0.0,0.0071274512
0.0,-0.010109514
0.6931471805599453,1.4523041
4.007333185232471,3.9779208
0.0,0.061374683
4.897839799950911,4.876019
0.0,-0.060966637
0.6931471805599453,1.2731738
0.0,0.023395052
0.6931471805599453,1.3215871
0.0,-0.008706943
1.0986122886681096,1.1176289
0.0,-6.478999e-05
0.0,-0.010759294
0.0,-0.07019278
4.574710978503383,4.644786
1.3862943611198906,1.2392783
0.0,0.0040501556
0.0,0.0054667466
5.0369526024136295,4.9231
4.736198448394496,4.3995047
4.189654742026425,3.7587526
4.962844630259907,4.967311
0.0,-0.0033783629
0.0,0.014956251
2.70805020110221,2.2933567
4.605170185988092,4.357728
0.0,-0.010960481
3.4339872044851463,3.4698699
0.6931471805599453,0.8799015
0.0,-0.0053856345
0.0,0.021554645
0.0,-0.006873532
0.0,0.00041960125
0.0,-0.03732277
0.0,0.006771959
0.0,-0.0075110816
1.0986122886681096,1.4604002
4.02535169073515,3.8123267
3.258096538021482,3.3312795
0.0,-0.0048388443
0.0,0.0005329064
3.784189633918261,3.6006565
3.8501476017100575,3.392473
0.0,-0.00052741345
2.772588722239781,2.674446
1.3862943611198906,1.12681
2.3978952727983707,1.800005
0.0,0.091834165
0.6931471805599453,1.4902841
0.6931471805599453,1.1553164
0.0,0.016133986
0.0,-0.043253656
0.0,0.024029415
1.0986122886681096,1.4819572
0.0,0.011542667
0.0,-0.008803316
4.276666119016055,4.1095943
1.3862943611198906,1.4520766
0.0,-0.016711777
2.19722457733622,1.6577233
0.0,0.002826179
3.828641396489095,4.059253
0.0,-0.016203254
0.0,0.0037348687
0.0,0.013367383
5.010635294096256,5.2285085
0.0,0.0622631
0.0,0.02127391
0.0,-0.02385949
2.19722457733622,2.0820882
0.0,-0.031687893
0.0,0.041302368
0.0,0.008345423
3.737669618283368,4.065724
0.0,-0.045145392
0.0,0.0217047
0.6931471805599453,0.9105862
0.0,-0.018974615
0.0,-0.0004166445
1.791759469228055,1.5400131
0.0,0.012620461
5.187385805840755,5.05988
3.4657359027997265,3.8018498
3.295836866004329,3.792471
5.703782474656201,5.372143
0.0,0.01680046
2.19722457733622,2.8661067
0.0,0.014778753
0.0,-0.004163184
0.0,0.0019000479
3.970291913552122,4.2586536
0.0,0.0090879025
0.0,-0.007296836
3.1780538303479458,3.2507415
2.995732273553991,3.184539
3.4011973816621555,4.0451407
0.0,0.065017566
3.044522437723423,3.3012576
0.0,0.06856688
0.0,-0.02169321
2.995732273553991,3.6165502
0.0,-0.010758709
1.3862943611198906,1.1045499
3.8712010109078903,3.7477238
0.0,-0.011271704
0.0,0.0143849235
0.0,-0.04853653
3.912023005428146,4.192051
2.302585092994046,1.3837627
0.0,0.010669452
4.736198448394496,4.721374
0.0,0.017882202
0.0,-0.010263356
4.634728988229636,4.614484
0.0,-0.023419017
0.6931471805599453,1.2595823
3.1354942159291497,3.560708
3.49650756146648,4.0011444
4.158883083359672,4.3139505
0.0,-0.020495288
0.0,0.012536297
0.0,0.030094884
0.0,0.019938176
4.634728988229636,4.113374
0.0,0.10026645
0.6931471805599453,1.1285957
0.0,0.0053723413
4.700480365792417,3.9300888
1.0986122886681096,0.9399055
1.6094379124341005,1.5525839
2.772588722239781,2.5440683
3.610917912644224,2.9266925
0.0,0.0032581948
0.0,0.0027868238
4.564348191467836,4.438352
2.70805020110221,2.204981
0.6931471805599453,1.4861063
0.0,0.025892485
4.382026634673881,4.282321
1.0986122886681096,1.3427035
3.332204510175204,2.97951
0.0,0.009733605
4.442651256490317,4.435313
0.0,0.04326105
0.0,-0.011489157
0.0,-0.0031946276
0.0,0.003434967
4.304065093204169,4.5889816
0.0,-0.023285696
0.0,0.011051303
4.189654742026425,3.929489
4.394449154672439,4.1515365
0.0,0.060118604
0.0,0.0002526877
1.6094379124341005,2.0888877
1.6094379124341005,1.7803091
0.0,0.011453881
0.0,0.005260284
1.3862943611198906,1.0549809
3.5263605246161616,2.774963
0.0,-0.0021644684
0.0,0.011883793
0.0,0.01584044
0.0,0.033581663
3.218875824868201,3.1385717
0.0,-0.001945263
0.0,0.0038410497
0.0,-0.0033381053
0.0,0.0022638536
0.6931471805599453,1.4893004
4.48863636973214,4.265207
3.295836866004329,2.8940399
0.0,-0.0016318326
3.5263605246161616,2.8142164
0.0,0.00056396134
0.0,-0.004058339
0.0,0.019429006
2.5649493574615367,3.4174337
0.0,0.018302642
0.0,0.004592773
3.80666248977032,4.028409
3.9889840465642745,3.9621177
0.0,-0.017831035
3.218875824868201,3.2621562
0.6931471805599453,0.8077402
0.0,0.011576555
2.4849066497880004,2.4240766
2.8903717578961645,2.9387844
3.80666248977032,3.6222167
0.0,0.015002176
0.6931471805599453,1.3315694
0.0,-0.00285666
0.0,0.0052455547
0.0,-0.010248128
0.0,-0.01570299
0.0,-0.01099719
1.6094379124341005,2.2058747
2.8903717578961645,2.4220746
0.0,-0.0046835877
2.19722457733622,2.4402971
0.0,0.086566254
0.0,-0.0010927261
0.0,-0.009946232
1.791759469228055,1.5159254
4.060443010546419,4.242687
0.0,-0.007397937
3.9318256327243257,3.7263591
2.772588722239781,3.4623077
0.0,-0.14389805
0.6931471805599453,1.2422433
0.0,-0.0077214986
3.258096538021482,3.394489
4.219507705176107,4.0123844
4.110873864173311,3.6913595
0.0,0.007927446
4.330733340286331,4.031374
0.0,0.10280532
1.0986122886681096,0.9844266
4.969813299576001,4.4106736
1.0986122886681096,1.0587051
0.0,0.01974657
0.0,0.004661749
0.0,0.01782149
4.04305126783455,4.3458776
1.791759469228055,1.4303651
4.897839799950911,5.121244
0.0,0.0070955977
0.0,-0.028335616
3.5263605246161616,3.1396334
1.791759469228055,1.5343882
1.6094379124341005,0.94927764
3.9889840465642745,3.9067194
3.8918202981106265,3.9950857
3.5263605246161616,3.2043803
0.6931471805599453,1.2092193
0.0,0.013576192
0.0,0.05073134
3.970291913552122,3.5889363
0.0,0.010399771
4.962844630259907,4.4491725
1.0986122886681096,1.4763072
0.0,-0.0031314464
2.70805020110221,2.371297
1.6094379124341005,1.7604231
4.158883083359672,3.878648
3.044522437723423,2.7063277
4.290459441148391,4.042928
0.0,0.028920097
3.7612001156935615,4.021741
0.0,-0.049592495
0.0,0.0071191355
0.0,-0.03950931
4.248495242049359,4.1461525
4.02535169073515,3.8153834
4.382026634673881,3.8290439
3.9318256327243257,3.0223424
3.58351893845611,3.476542
4.454347296253507,4.591142
0.0,0.0060211956
4.248495242049359,3.943231
3.4657359027997265,3.7491148
4.718498871295094,4.5111337
0.0,-0.005612391
1.9459101490553128,1.465007
3.5263605246161616,3.1552734
2.3978952727983707,1.7046448
0.0,-0.05466842
1.3862943611198906,1.6769203
4.276666119016055,4.3872
0.6931471805599453,1.1165442
4.356708826689592,3.7864683
0.0,0.0024361413
0.0,0.004946346
1.3862943611198906,1.4914294
0.0,-0.0030613225
1.3862943611198906,1.1820582
3.091042453358316,4.230034
3.9318256327243257,4.310239
2.70805020110221,2.6067
4.543294782270004,3.9178612
1.791759469228055,1.2556958
1.0986122886681096,1.4112337
0.0,0.060125634
0.0,0.008497203
0.0,-0.01057377
0.0,0.009782686
0.0,-0.0029782504
3.091042453358316,3.5428684
0.0,0.03319131
1.6094379124341005,1.5579283
3.4657359027997265,3.8656504
0.6931471805599453,0.7589762
3.951243718581428,3.6619163
3.5263605246161616,3.2380233
0.0,0.031895917
0.0,0.03101902
1.0986122886681096,1.3868276
0.0,-0.010946135
3.6375861597263857,3.6776514
4.477336814478207,4.2553916
4.204692619390966,4.124435
0.6931471805599453,0.98880947
4.343805421853684,3.9761736
0.0,0.049376566
0.6931471805599453,1.1736816
5.049856007249537,4.363906
0.0,-0.007628469
1.6094379124341005,1.7041384
0.0,0.004164217
0.0,0.0769193
0.0,-0.031037489
2.8903717578961645,3.6354992
2.833213344056216,3.2007606
0.0,-0.018935423
0.0,-0.028829908
0.0,0.019388545
0.0,-0.011553799
3.4339872044851463,3.955947
4.060443010546419,3.987911
0.0,-0.0071975845
4.356708826689592,4.139396
0.0,0.02635515
0.6931471805599453,0.8129449
0.0,0.048356928
4.31748811353631,4.07257
1.6094379124341005,1.5104159
0.0,-0.01776607
0.0,0.045927018
3.1354942159291497,2.8161404
4.219507705176107,3.8884242
4.804021044733257,4.5541415
0.0,0.013494565
0.0,-0.0021682372
3.1354942159291497,3.3456876
4.59511985013459,4.0519295
3.6375861597263857,2.8339684
0.0,0.007936832
4.262679877041316,4.130071
2.772588722239781,3.4960878
3.044522437723423,3.5443425
5.568344503761097,5.474254
0.0,0.006591893
0.0,0.0057078754
0.6931471805599453,0.95966274
1.3862943611198906,1.1408248
5.068904202220232,4.2586894
0.0,0.0051633487
4.634728988229636,4.6823416
3.295836866004329,3.7190714
0.0,-0.0044750203
4.04305126783455,4.2153
0.6931471805599453,1.7229781
0.0,0.093277425
4.290459441148391,4.2999907
0.0,0.008823383
5.225746673713202,3.6594577
0.0,0.045665704
0.0,0.0012580741
4.007333185232471,3.9988046
0.0,-0.0010301024
0.0,-0.0033061712
0.0,-0.0065329345
0.0,-0.018831192
0.0,0.033667885
0.0,-0.013350689
0.0,0.002517275
0.0,0.13130964
0.0,0.0023035528
3.4011973816621555,2.9100442
4.787491742782046,4.1181912
0.0,0.004554787
0.0,0.03309174
4.31748811353631,4.2160587
1.3862943611198906,1.4511437
5.170483995038151,4.8736453
3.091042453358316,2.891368
6.066108090103747,4.988864
0.0,0.009471485
0.0,0.008722659
0.0,0.007510929
0.0,-0.07124596
0.0,0.020098027
0.0,-0.022878593
0.0,-0.0036896616
3.610917912644224,4.021611
0.0,-0.0014770023
0.6931471805599453,1.0364543
4.691347882229144,3.7034438
0.0,-0.019771839
4.158883083359672,3.7910767
2.9444389791664403,2.6832948
0.0,-0.0029538258
0.0,0.0041150763
0.0,-0.010166419
0.0,-0.02791916
1.3862943611198906,1.0242826
0.0,-0.005732682
0.6931471805599453,1.1018132
0.0,0.06899458
3.332204510175204,3.3239
4.110873864173311,4.1184297
0.6931471805599453,0.99758935
1.0986122886681096,1.3569982
3.828641396489095,3.9103432
3.713572066704308,3.4839594
0.0,-0.007656637
1.3862943611198906,1.4280002
3.784189633918261,3.541814
3.8501476017100575,3.2574112
0.0,0.008340419
3.295836866004329,3.777326
0.6931471805599453,1.4649175
0.0,0.014163114
0.0,-0.040927634
0.0,0.034565438
0.6931471805599453,1.1607474
4.127134385045092,4.1504908
0.0,0.008528947
0.0,-0.02064121
5.659482215759621,5.219443
5.313205979041787,4.991581
0.0,-0.00034625223
0.6931471805599453,0.76099485
3.688879454113936,4.186549
0.0,0.040517405
4.007333185232471,4.177916
4.564348191467836,4.169164
5.2574953720277815,5.1362596
1.0986122886681096,1.125005
0.6931471805599453,0.61930835
0.0,0.014110511
4.454347296253507,4.082649
4.127134385045092,4.1758575
5.123963979403259,3.9603376
3.218875824868201,3.2560277
0.6931471805599453,1.2605754
0.0,0.12454216
0.0,-0.017385153
3.8918202981106265,3.754992
1.3862943611198906,1.4388114
0.0,0.011630437
1.0986122886681096,1.0865877
0.0,-0.0076405127
3.912023005428146,4.121492
2.079441541679836,0.93754077
0.0,-0.0112406155
0.0,-0.001244201
1.6094379124341005,1.1768284
0.0,-0.053365283
0.0,-0.0016283523
2.19722457733622,2.3372467
0.0,-0.027218636
0.0,0.004022892
0.0,-0.050834965
5.056245805348308,5.0966034
0.0,0.0053066984
2.079441541679836,2.3217313
2.19722457733622,3.0543005
0.0,0.0062862635
1.0986122886681096,1.0618106
0.0,-0.026016604
4.418840607796598,4.132974
3.688879454113936,4.195097
0.0,-0.0402827
0.6931471805599453,0.9276365
5.170483995038151,4.8890963
0.0,0.0014637347
2.639057329615259,3.7770162
0.0,0.11689499
2.5649493574615367,2.6730459
0.0,0.015569343
2.833213344056216,3.3265545
0.6931471805599453,1.0358794
0.0,-0.024437083
3.8501476017100575,4.1522903
0.0,-0.005515656
4.174387269895637,3.9462042
2.772588722239781,3.0608563
1.0986122886681096,1.4521838
0.0,-0.0032810473
3.091042453358316,2.5801086
2.4849066497880004,2.4540305
0.6931471805599453,1.2212775
0.0,0.011286906
3.555348061489413,3.7394092
0.0,0.012728382
1.0986122886681096,1.633052
3.4657359027997265,3.5133843
0.0,0.019731302
0.0,-0.0004415948
1.791759469228055,1.3146088
0.0,0.1123208
0.0,-0.008431809
0.0,-0.036303427
3.555348061489413,3.3806994
0.0,0.00878932
0.0,-0.006470061
3.4011973816621555,3.9515715
3.1780538303479458,3.6061184
0.0,0.005129839
0.0,0.0013103783
0.0,0.0061533167
3.58351893845611,4.053001
4.356708826689592,4.42344
1.0986122886681096,1.0888174
1.0986122886681096,1.1109555
0.0,0.073162295
0.0,-0.015351816
1.6094379124341005,1.3069868
3.713572066704308,3.8685083
0.0,0.004429266
0.6931471805599453,1.6632683
1.6094379124341005,1.0936565
1.0986122886681096,1.4773009
2.19722457733622,1.8412956
2.5649493574615367,3.3322716
3.737669618283368,3.885218
4.890349128221754,4.7451563
4.867534450455582,4.2283726
2.833213344056216,2.8207128
0.0,-0.015614278
2.3978952727983707,3.3110368
3.295836866004329,3.9004626
0.0,0.049427472
0.0,-0.019553604
0.0,0.012084341
0.0,0.030323444
0.0,-0.0039529977
2.833213344056216,2.291655
0.0,-0.0016546986
0.6931471805599453,1.03244
5.25227342804663,5.327424
1.791759469228055,1.4927841
1.0986122886681096,2.0208764
0.0,0.0026449761
0.0,-0.01893504
0.6931471805599453,0.96848553
3.9889840465642745,4.266099
0.0,-0.02885035
4.248495242049359,4.213287
0.6931471805599453,1.0810353
4.23410650459726,3.6369536
0.0,0.0035455576
2.302585092994046,3.3013718
0.6931471805599453,1.2143768
4.23410650459726,3.9621196
0.0,0.011994757
0.0,-0.091858506
0.0,-0.020841952
0.0,0.00863496
3.688879454113936,2.7403853
1.6094379124341005,1.5195053
4.356708826689592,3.861321
2.9444389791664403,3.3258524
1.0986122886681096,1.0808065
0.6931471805599453,1.0513067
0.6931471805599453,1.0863444
4.418840607796598,3.98595
0.0,0.03305171
0.6931471805599453,1.0717446
0.0,-0.0093905255
0.0,0.022668902
0.0,-0.051341705
2.9444389791664403,2.8691742
1.0986122886681096,1.0315127
4.564348191467836,4.591856
0.0,-0.014602719
0.0,-0.0017925855
1.0986122886681096,1.023145
0.0,-0.07264073
1.791759469228055,1.6884197
4.262679877041316,4.3287973
0.0,-0.009880591
4.110873864173311,3.9008334
2.833213344056216,2.1512003
1.3862943611198906,1.4484339
0.0,0.030730521
0.0,0.010348447
2.3978952727983707,2.341188
0.0,-0.033812832
2.3978952727983707,2.3801987
0.0,-0.0082584955
0.0,-0.005277194
0.0,-0.036765017
1.3862943611198906,1.4346033
0.0,-0.0042648697
0.0,0.024697313
0.0,0.040730115
5.241747015059643,4.7031775
2.639057329615259,1.465178
5.003946305945459,4.7440624
0.0,0.04829932
0.0,0.029749501
5.288267030694535,4.789101
0.0,-0.002818131
0.0,0.021960909
3.6635616461296463,3.4159281
0.0,-0.001985946
2.995732273553991,3.051466
0.0,-0.017116621
5.170483995038151,5.5353274
0.0,0.024757858
0.0,0.022471173
0.0,-0.008513737
0.0,-0.011536682
0.0,0.038462397
0.0,-0.0138901165
4.330733340286331,3.4277174
0.0,0.011894068
0.0,0.0950074
0.0,0.038007457
1.0986122886681096,1.1307213
0.0,-0.07218829
4.23410650459726,4.0308876
3.5263605246161616,4.056476
0.0,-0.004534107
3.7612001156935615,3.4905772
4.262679877041316,4.189711
4.532599493153256,5.1627955
0.0,-0.0017630637
0.0,0.009707819
3.4339872044851463,2.8131294
0.0,-0.03509677
0.0,0.04805052
0.0,0.010438937
2.079441541679836,1.9364824
0.0,0.007821683
2.9444389791664403,2.8204787
4.976733742420574,4.360692
0.0,-0.018937182
0.0,-0.009672922
1.0986122886681096,1.4230324
4.997212273764115,4.5648375
0.0,-0.01997503
3.555348061489413,3.838263
0.0,-0.0028359531
4.304065093204169,4.586917
2.639057329615259,2.894469
3.091042453358316,3.651004
0.0,0.02558613
0.6931471805599453,0.98159164
0.0,0.010557039
4.736198448394496,4.299407
2.70805020110221,2.998637
0.0,0.012798458
0.0,-0.0051098573
3.091042453358316,2.4169846
4.442651256490317,4.2154446
0.0,-0.27372548
0.0,-0.0049750824
2.302585092994046,3.7294004
4.356708826689592,4.3270454
0.0,-0.0034222058
0.0,-0.011586741
3.970291913552122,4.097111
1.6094379124341005,1.0625702
0.0,-0.014557436
3.4011973816621555,3.733978
1.9459101490553128,2.023575
0.0,0.010570422
0.0,0.020881884
0.0,-0.027533405
0.0,-0.0070286817
0.0,-0.0009518337
2.302585092994046,1.4641284
0.0,0.01980322
1.9459101490553128,3.4301956
0.0,0.06536643
3.688879454113936,2.7477725
3.6375861597263857,4.5288706
0.0,-0.013689429
3.332204510175204,2.9563305
4.852030263919617,4.1428747
0.0,0.01342809
2.772588722239781,1.7639943
0.0,-0.00078516675
4.382026634673881,4.5210967
0.0,-0.0011011916
3.49650756146648,3.53198
0.0,0.017611975
0.0,0.00771054
2.5649493574615367,3.7504945
0.0,0.0155107435
5.081404364984463,4.9437222
0.0,-0.011522547
0.0,-0.027934564
3.218875824868201,3.853466
4.290459441148391,4.4778085
0.0,0.0028293114
0.0,0.008514827
0.0,-0.033898696
0.0,-0.017441668
0.0,-0.026198447
0.6931471805599453,1.2361107
0.0,0.014072511
0.0,0.0017204137
4.787491742782046,4.0455914
4.454347296253507,4.2929974
0.0,0.02106384
1.0986122886681096,3.7602496
0.0,-0.012964016
0.0,-0.003480961
0.6931471805599453,0.9418279
2.833213344056216,2.8163784
4.262679877041316,4.010179
4.672828834461906,3.8943634
1.0986122886681096,1.0209576
1.9459101490553128,0.9470238
0.6931471805599453,1.1689943
4.356708826689592,1.8023124
0.0,-0.0045822207
1.3862943611198906,1.0393339
0.0,-0.057741348
4.727387818712341,4.688841
0.0,-0.0070647607
1.3862943611198906,1.6125524
1.3862943611198906,1.7096409
0.0,0.0018155193
0.0,-0.01902686
0.0,0.001613017
0.0,-0.01238625
0.0,-0.010456331
0.0,-0.013904456
0.6931471805599453,1.2094442
0.0,-0.0052629868
1.3862943611198906,1.2748369
0.0,0.019013401
1.0986122886681096,1.5034547
4.442651256490317,4.529348
4.060443010546419,3.4206908
0.6931471805599453,0.9629405
3.367295829986474,3.6327834
3.218875824868201,3.6373172
0.6931471805599453,0.88945293
0.0,-0.016240848
0.0,0.0014791412
0.0,0.010802997
0.0,-0.010351242
0.0,0.008367953
2.9444389791664403,2.9726934
2.70805020110221,2.3266852
0.0,-0.005811187
0.0,-0.011571212
3.688879454113936,2.7922716
0.0,0.0067392564
0.0,-0.0027382758
0.0,-0.01768316
0.0,-0.014249264
0.0,0.023996918
0.0,-0.12394694
0.0,0.013530193
5.075173815233827,5.0908456
0.0,-0.014985676
0.0,-0.0054912823
0.6931471805599453,1.0285658
3.912023005428146,3.634541
4.430816798843313,4.568045
2.4849066497880004,2.8229883
0.0,0.02273903
0.0,0.0031776244
0.0,-0.00021472885
1.791759469228055,1.9568226
0.0,0.0043111984
0.6931471805599453,1.0036643
4.276666119016055,3.7537541
0.0,-0.0077100936
1.0986122886681096,1.1353668
0.0,0.006174983
3.4011973816621555,2.9785597
3.9889840465642745,4.206223
1.791759469228055,2.0472054
0.0,0.006262218
0.0,0.011773932
0.0,0.006331052
0.0,0.0010565716
1.6094379124341005,1.6013626
3.828641396489095,3.6096923
1.9459101490553128,2.4148986
4.653960350157523,4.740893
1.6094379124341005,1.5755072
0.0,-0.06801096
3.58351893845611,3.1601396
4.90527477843843,4.726612
1.9459101490553128,1.1203266
0.0,-0.017292544
5.099866427824199,4.851842
0.0,-0.017541835
0.0,-0.05050976
0.0,0.022248097
3.1354942159291497,3.0280867
4.882801922586371,5.0912166
0.0,-0.012783274
0.0,0.00097363663
0.0,-0.004160249
2.772588722239781,2.720335
3.295836866004329,3.5291715
0.0,0.004578751
1.6094379124341005,1.0660543
0.0,-0.01960849
0.0,0.0001836686
0.0,-0.0017083352
1.3862943611198906,0.95789385
0.0,0.020985948
1.0986122886681096,1.415772
4.356708826689592,4.12068
0.0,0.017372293
0.0,-0.010159953
0.0,-0.00050848396
0.0,0.026127195
4.219507705176107,3.951866
3.6375861597263857,3.712393
0.0,0.0028391907
0.0,-0.013173816
4.394449154672439,4.181267
0.0,0.0125187775
0.0,-0.0069567873
1.3862943611198906,1.2616491
3.737669618283368,3.8827252
0.0,0.011373355
1.3862943611198906,1.2346419
2.995732273553991,2.9828928
3.737669618283368,4.0169516
0.0,0.010675093
0.0,-0.018135194
0.0,0.09570653
0.0,0.023262974
5.068904202220232,5.437037
3.784189633918261,3.7413998
0.0,0.010677465
0.0,0.009953658
2.772588722239781,3.1073587
0.0,-0.017435478
0.6931471805599453,1.0049992
0.0,-0.022892034
3.9889840465642745,3.5209591
3.5263605246161616,3.8803508
1.9459101490553128,1.5300635
4.31748811353631,4.400924
0.0,-0.042227436
4.465908118654584,3.842042
0.0,-0.0026605478
0.0,-0.019996976
0.0,-0.050248627
0.0,-0.016326822
1.0986122886681096,1.2778974
0.6931471805599453,1.3505191
4.804021044733257,4.2869062
0.0,0.025036601
3.828641396489095,3.7374651
0.0,0.03916127
0.0,-0.00475268
4.174387269895637,3.7548015
0.0,-0.01774329
0.6931471805599453,1.0154642
0.6931471805599453,1.2279129
4.248495242049359,4.1276937
0.0,0.016726026
3.9318256327243257,3.9605215
0.0,-0.004666795
2.079441541679836,1.471399
3.688879454113936,3.0155346
0.0,-0.023478517
0.0,0.017034521
3.091042453358316,3.1236198
0.0,0.006608873
3.828641396489095,3.362164
0.0,-0.004074178
0.0,-0.00897503
4.330733340286331,3.970144
0.0,-0.02982056
3.555348061489413,3.4668152
3.80666248977032,4.154322
3.091042453358316,3.1591253
2.639057329615259,2.8309133
3.5263605246161616,4.385392
0.0,0.0049655163
0.0,-0.0011199228
0.0,0.0013032015
0.0,0.026207745
0.0,-0.009662119
0.0,-0.049523886
4.04305126783455,4.6290936
0.0,-0.012372381
1.791759469228055,1.4508818
0.0,-0.05844068
1.3862943611198906,1.3684146
3.58351893845611,3.838909
2.5649493574615367,1.7824863
0.0,0.13329327
2.772588722239781,2.7375402
0.6931471805599453,1.4472905
2.639057329615259,2.3997524
1.0986122886681096,1.4569244
0.6931471805599453,0.90713596
2.302585092994046,2.0613816
3.8501476017100575,3.4423084
0.0,0.002768965
0.0,-0.014653093
2.079441541679836,2.4174259
0.0,-0.006783332
3.091042453358316,1.7498934
2.4849066497880004,3.328088
2.833213344056216,2.6000416
0.0,0.121796705
0.0,-0.026128246
0.0,0.004174892
0.0,-0.048928928
0.0,-0.11603467
0.6931471805599453,1.1284798
2.995732273553991,3.3242595
0.0,-0.04400797
4.007333185232471,3.8179994
4.23410650459726,4.418071
1.3862943611198906,0.98246694
2.3978952727983707,2.5527725
0.0,-0.0073021976
0.0,0.0074946266
0.0,0.021483878
0.0,0.016828837
0.0,-0.008272448
0.6931471805599453,1.598092
0.0,-0.01152338
5.313205979041787,5.374037
1.6094379124341005,1.7118986
0.0,4.2139436e-07
4.477336814478207,4.6523895
0.0,-0.009220854
0.0,0.017800512
0.0,-0.017734978
4.844187086458591,4.3829875
2.3978952727983707,1.4864087
3.4339872044851463,3.5975027
2.19722457733622,1.3001455
4.127134385045092,4.307169
0.0,-0.078673124
0.0,-0.0019898787
0.6931471805599453,1.1848327
0.0,-0.02127567
4.890349128221754,4.4253163
0.0,-0.012481218
3.332204510175204,3.0291233
0.0,-0.0074542076
2.19722457733622,2.738775
1.0986122886681096,1.5674943
0.0,-0.017194638
0.0,-0.005212318
3.4657359027997265,3.8688974
2.995732273553991,3.239678
5.075173815233827,4.5402536
0.0,0.018378794
4.0943445622221,4.011384
4.219507705176107,4.5132623
0.0,-0.01370976
0.0,0.00096403447
0.0,0.03184045
0.6931471805599453,1.0376935
3.8501476017100575,4.0768533
4.770684624465665,4.6338463
5.541263545158426,4.7424693
0.0,-0.0045931763
0.0,0.011273915
0.0,-0.025141934
0.0,0.006454583
4.700480365792417,3.858712
0.0,-0.0011100098
0.6931471805599453,1.1372677
4.762173934797756,4.707569
0.0,0.012919701
0.0,-0.024059271
3.828641396489095,4.17264
5.84354441703136,5.5728526
4.143134726391533,4.2747703
3.610917912644224,3.953093
0.0,-0.027280528
3.713572066704308,3.9475632
5.135798437050262,5.1437526
0.0,0.00883175
5.135798437050262,4.4803047
0.6931471805599453,1.0580317
0.0,0.012689134
4.624972813284271,4.0563865
0.0,-0.0012200214
4.31748811353631,3.7618768
0.0,0.0022683735
0.0,-0.012501213
0.6931471805599453,1.1296829
0.0,0.014902883
1.791759469228055,1.5952089
4.127134385045092,3.7056057
2.5649493574615367,1.5154599
0.0,0.0051588286
1.6094379124341005,1.496564
0.0,0.007101034
0.0,0.01423502
1.0986122886681096,1.2910877
0.0,0.06567234
0.0,-0.016619097
2.19722457733622,1.4891262
0.0,-0.049467
3.7612001156935615,3.96951
0.6931471805599453,1.2288494
1.3862943611198906,1.8534855
0.0,-0.003204097
0.0,-0.0044710017
4.204692619390966,4.118376
4.477336814478207,3.978373
0.0,-0.0020255386
4.060443010546419,3.8408499
0.0,-0.010838888
0.0,-0.025071736
4.330733340286331,4.3703203
2.079441541679836,2.3367157
4.51085950651685,4.519138
3.951243718581428,3.6207147
2.639057329615259,2.33795
0.0,-0.016744778
0.0,0.0008663747
0.0,-0.00024288992
4.976733742420574,4.71762
0.0,0.012545541
3.295836866004329,3.2309017
0.0,-0.0094450805
2.995732273553991,3.115928
0.0,-0.0002081367
0.0,-0.022798961
0.6931471805599453,1.6317947
3.4011973816621555,2.945625
1.3862943611198906,2.121048
2.639057329615259,2.5269084
4.672828834461906,4.01475
0.6931471805599453,2.2518017
3.4339872044851463,2.5594697
0.0,-0.0029801338
0.0,0.007827677
4.127134385045092,4.049215
0.0,0.006702876
1.0986122886681096,1.0685138
1.3862943611198906,1.39154
4.07753744390572,4.3685813
1.6094379124341005,1.462104
4.418840607796598,3.7177384
0.0,0.020630993
0.0,-0.016008522
4.51085950651685,4.6395054
3.828641396489095,3.8256674
0.6931471805599453,1.5943072
3.8501476017100575,3.61407
3.9889840465642745,3.9880245
0.0,-0.0034727813
0.0,-0.0060423813
0.0,-0.008750093
0.0,-0.04505904
1.6094379124341005,1.1456144
0.0,-0.010500163
0.0,-0.0006131702
2.9444389791664403,2.9303236
0.0,-0.048801232
3.8501476017100575,3.9051197
0.0,0.0013872177
3.8918202981106265,3.6303012
0.0,0.07498714
0.0,-0.027243763
1.6094379124341005,1.6305676
0.0,-0.008369377
0.0,-0.0060473424
3.1354942159291497,3.5803792
0.6931471805599453,1.1981258
0.0,-9.931161e-05
3.80666248977032,4.282836
3.784189633918261,3.8476832
0.0,-0.047040198
0.0,-0.0031011326
3.555348061489413,3.6282835
0.0,0.030253017
0.0,-0.010603758
3.80666248977032,4.3250284
1.791759469228055,2.142323
0.0,0.07258582
0.6931471805599453,1.2580041
4.143134726391533,3.8421686
0.6931471805599453,1.0155617
0.0,0.06044545
0.0,0.012311475
0.0,0.00088827533
0.0,-0.019804753
0.0,0.00039151564
0.0,-0.016649975
0.0,0.04051849
4.0943445622221,4.031531
4.5217885770490405,4.168446
0.0,-0.026153283
4.219507705176107,4.1457133
2.8903717578961645,2.2891872
1.3862943611198906,2.3916302
0.0,0.0129539715
0.0,-0.016124954
3.970291913552122,3.812919
0.0,0.025365772
2.4849066497880004,2.4933183
4.060443010546419,4.102473
0.0,-0.004331276
0.0,-0.037047707
0.0,-0.075658165
3.58351893845611,3.6286416
2.639057329615259,3.4523172
5.117993812416755,4.5867963
0.0,-0.013913529
5.056245805348308,4.882604
0.0,-0.056755498
4.127134385045092,3.8927352
0.0,0.0006247717
1.9459101490553128,1.4062558
3.912023005428146,4.0556335
5.25227342804663,5.1456037
0.0,-0.031954993
0.0,0.009566209
0.0,-0.06994973
0.0,0.0115659265
0.0,-0.030028734
0.0,-0.029875748
4.605170185988092,4.675656
1.0986122886681096,1.1073177
3.9318256327243257,4.0275054
3.784189633918261,3.8672478
0.0,0.015134295
0.0,-0.007594805
0.6931471805599453,0.9950628
3.784189633918261,3.8594432
4.955827057601261,4.605641
1.0986122886681096,1.3872775
3.80666248977032,4.24295
2.833213344056216,2.411176
0.0,-0.0053832782
3.5263605246161616,3.7030296
0.0,-0.07323325
4.564348191467836,4.3409867
0.0,0.018160872
3.8712010109078903,3.834013
1.0986122886681096,1.0169852
3.4657359027997265,3.6981094
0.0,-0.012605452
5.327876168789581,5.1918464
0.0,-0.009857987
0.0,-0.01498413
0.0,-0.034676354
0.6931471805599453,0.9734913
0.0,-0.013125497
1.0986122886681096,1.0642985
4.248495242049359,4.0004435
0.0,0.027930163
4.77912349311153,4.423011
4.672828834461906,4.3907857
0.0,-0.020416565
1.0986122886681096,0.8617169
4.962844630259907,5.125087
0.0,-0.019750828
5.365976015021851,4.74355
0.0,0.01763648
4.0943445622221,4.2631135
0.0,-0.023805015
4.394449154672439,4.110366
4.290459441148391,4.0594215
0.0,0.0025505004
0.0,-0.0086087305
1.791759469228055,1.1600161
3.295836866004329,3.1884058
0.0,0.0010907769
0.0,-0.009939369
0.6931471805599453,1.0666494
2.772588722239781,3.5231159
0.0,-0.015715882
0.0,-0.000114444556
0.0,0.0594587
0.0,0.08482945
0.6931471805599453,0.87300724
4.442651256490317,4.51747
2.8903717578961645,2.7241132
4.605170185988092,4.405382
4.276666119016055,3.8758988
0.0,0.0031362935
0.0,0.040277578
4.31748811353631,4.286868
3.7612001156935615,3.2848248
2.4849066497880004,2.643166
4.7535901911063645,4.762848
0.0,0.013791139
0.0,-0.006876423
0.6931471805599453,1.1228666
3.951243718581428,3.7021556
0.0,-0.004789861
0.0,-0.012983244
0.0,-0.015390402
1.3862943611198906,1.3593593
0.0,0.010284168
4.3694478524670215,4.35737
0.0,-0.011945016
2.079441541679836,1.420989
3.6635616461296463,3.4237998
0.0,0.014484143
3.1354942159291497,3.5193622
0.0,-0.010377947
0.0,-0.004063451
1.6094379124341005,2.2015417
0.0,0.0026977572
3.6375861597263857,3.8927448
0.0,-0.0490012
1.9459101490553128,1.559398
4.23410650459726,2.7960143
3.8712010109078903,3.8686182
4.127134385045092,3.9354076
0.0,-0.008968845
3.7612001156935615,4.1008854
0.0,0.02351487
5.0369526024136295,5.002029
0.0,-0.023576051
0.0,0.0075421175
3.713572066704308,3.8349648
2.639057329615259,2.271648
1.6094379124341005,1.9641503
0.0,-0.019463541
0.0,-0.0049338485
4.919980925828125,4.81324
0.0,-0.008326283
0.0,0.0018156661
0.6931471805599453,1.1104585
3.4011973816621555,3.7267377
2.19722457733622,2.658847
0.0,0.011145513
1.6094379124341005,1.8189293
2.9444389791664403,3.6898751
0.0,0.020183837
0.0,-0.026247447
5.2832037287379885,5.035651
0.0,-0.0025617527
3.49650756146648,3.3962495
1.9459101490553128,2.335398
4.204692619390966,4.39057
2.639057329615259,2.6602938
0.0,0.001389525
0.6931471805599453,2.1641681
1.9459101490553128,2.1447744
2.5649493574615367,3.19716
0.0,0.0045735785
3.295836866004329,3.4113858
0.6931471805599453,1.3106233
0.0,-0.018638846
4.060443010546419,3.6890006
0.0,0.03214034
0.0,0.00437024
4.007333185232471,3.1819725
3.1354942159291497,3.4040544
3.970291913552122,3.8770165
5.159055299214529,4.6749463
1.0986122886681096,1.2499683
1.3862943611198906,1.0582577
1.0986122886681096,1.5990009
2.19722457733622,1.3170224
3.6375861597263857,3.4487977
3.1780538303479458,2.041784
3.7612001156935615,3.504461
1.3862943611198906,1.0780634
4.158883083359672,3.986371
0.0,0.0010127575
2.302585092994046,1.7391136
4.394449154672439,4.588046
2.5649493574615367,2.5990982
0.0,-0.11220369
0.0,-0.0076006292
1.0986122886681096,0.95332426
0.0,0.0015594168
1.9459101490553128,2.342011
0.6931471805599453,1.0018051
0.6931471805599453,1.0989605
0.0,-0.0015349693
3.1354942159291497,2.823831
0.0,-0.03223185
0.0,0.040849004
0.6931471805599453,1.2995765
0.0,0.02890292
4.6443908991413725,4.116326
4.127134385045092,3.6676877
3.9318256327243257,3.7157326
0.0,-0.13339913
2.70805020110221,3.0304983
4.543294782270004,4.060634
0.0,-0.011967539
4.442651256490317,3.9889534
0.0,-0.017606927
0.0,-0.0151498355
4.02535169073515,3.606784
1.3862943611198906,1.1799351
0.0,0.06689085
0.0,0.01523645
0.0,0.010633004
0.0,0.017380685
0.0,-0.012044293
4.418840607796598,4.3532987
0.0,0.025007203
4.543294782270004,4.02479
0.0,-0.024817074
0.0,0.0033845922
1.3862943611198906,1.0078069
3.332204510175204,3.8131275
4.356708826689592,4.132545
4.477336814478207,4.61348
0.6931471805599453,1.1849464
0.0,-0.0024378041
0.0,0.0017367253
0.0,0.020004887
0.0,0.030358031
0.0,-0.029900353
3.610917912644224,4.0375266
3.737669618283368,3.6565547
0.0,0.03849372
2.3978952727983707,3.415727
0.0,0.012417493
0.0,0.28724083
0.0,0.00029179198
0.6931471805599453,0.9658017
3.713572066704308,3.6402135
0.0,0.00171377
0.0,-0.0034894722
0.6931471805599453,1.2229364
0.0,-0.0073261894
0.0,0.00016402235
0.6931471805599453,1.0614985
0.0,0.0061802035
1.3862943611198906,1.5534028
0.0,0.011798527
4.624972813284271,4.196186
2.19722457733622,1.0833654
0.0,0.080808155
4.110873864173311,4.3908634
0.0,-0.008986843
4.736198448394496,4.6494846
0.0,-0.007195094
4.700480365792417,4.323857
0.0,-0.03944765
0.0,-0.014792185
0.0,-0.12467399
1.9459101490553128,1.1731017
0.0,-0.0035709918
3.258096538021482,3.5943534
0.0,-0.015914496
0.0,-0.047964383
0.6931471805599453,1.0850718
3.6375861597263857,3.8332045
2.19722457733622,3.7837794
1.791759469228055,1.5745478
0.0,0.053241286
3.784189633918261,3.2878292
2.5649493574615367,2.4807742
0.0,0.027396018
0.0,0.019936072
2.079441541679836,1.335708
3.218875824868201,3.804601
1.9459101490553128,1.417439
0.0,-0.0016755074
0.0,-0.0155928135
0.0,-0.022432927
1.9459101490553128,1.7806327
0.0,-0.04037681
0.0,-0.013700157
0.0,0.005862461
0.0,-0.05752548
3.912023005428146,4.0207496
0.0,0.012364705
1.0986122886681096,0.7408804
0.0,0.030603204
0.6931471805599453,1.1768104
0.0,0.017651916
0.0,0.010467876
0.0,-0.0022753482
2.302585092994046,1.9969695
4.007333185232471,3.7338693
5.513428746164983,4.988357
4.51085950651685,4.380563
0.0,-0.00598959
4.653960350157523,4.2306285
0.0,-0.0029574858
0.0,0.0035127578
0.0,0.006142659
4.406719247264253,3.7815974
0.0,0.038682215
0.0,-0.0010605878
4.709530201312334,4.152804
0.6931471805599453,1.3477206
3.9889840465642745,4.22138
4.007333185232471,3.824114
1.3862943611198906,1.2207894
0.0,-0.0033015977
3.828641396489095,3.5872848
0.6931471805599453,1.5573636
0.0,0.070073985
0.0,0.0007412437
2.772588722239781,2.3812091
0.0,-0.0034881704
0.0,-0.04104527
0.0,-0.21024017
0.0,-0.022537962
0.6931471805599453,1.0690304
0.6931471805599453,1.3068972
0.0,0.01397414
0.0,-0.07421559
1.791759469228055,1.9541003
0.0,0.016894503
0.0,0.012889651
2.3978952727983707,1.1123389
3.367295829986474,3.530848
5.0369526024136295,4.8746705
0.0,-0.00033857604
0.0,-0.007954655
0.0,0.022465473
4.691347882229144,4.096501
2.3978952727983707,2.7061431
0.0,-0.0115854535
0.6931471805599453,1.0293303
0.0,-0.006582619
4.110873864173311,4.055416
0.0,0.041103292
0.6931471805599453,1.1318163
4.727387818712341,4.275786
1.0986122886681096,1.0265286
4.624972813284271,4.1093326
2.079441541679836,2.6409512
0.0,0.11319947
0.0,-0.0055198935
4.430816798843313,4.3721905
0.0,-0.008811223
4.663439094112067,4.0001235
4.465908118654584,4.4290776
0.0,-0.08805864
0.0,-0.022241382
0.0,-0.014709457
0.0,-0.0064591146
2.3978952727983707,2.4231534
0.0,0.01369044
4.394449154672439,4.487942
3.7612001156935615,3.862686
4.174387269895637,4.3458505
1.0986122886681096,1.2432268
0.6931471805599453,1.1795534
0.6931471805599453,1.0092287
0.6931471805599453,1.2246747
0.0,0.018943187
0.0,0.042068545
3.4339872044851463,4.4045653
0.0,0.033478815
3.688879454113936,3.7791517
4.04305126783455,3.7230642
0.0,-0.005361509
2.9444389791664403,3.4940212
0.0,-0.0065986547
0.0,-0.0029594619
0.0,-0.0046893395
1.791759469228055,1.6913818
0.0,-0.06890923
0.0,-0.013035534
3.4339872044851463,3.9431152
3.737669618283368,3.5041735
4.499809670330265,4.207069
0.0,0.0034668231
0.0,-0.006740506
0.0,0.02707804
3.970291913552122,3.8226523
3.8501476017100575,4.0803847
1.0986122886681096,0.97324467
1.6094379124341005,1.6598852
2.833213344056216,2.7750914
0.0,-0.004995028
1.6094379124341005,1.0334251
0.0,0.021618046
0.0,-0.011129939
1.0986122886681096,1.2894914
5.030437921392435,4.7125144
0.0,0.10868883
0.0,0.010816074
4.624972813284271,4.6135106
0.6931471805599453,1.1395494
3.80666248977032,4.0128074
0.6931471805599453,1.1149986
1.6094379124341005,1.1616342
0.6931471805599453,1.2651925
1.0986122886681096,1.7101991
2.8903717578961645,2.489837
0.0,0.0065653194
3.49650756146648,3.5558534
0.0,0.012820074
4.867534450455582,4.5417023
0.0,0.044349223
0.0,0.04110361
0.0,0.005975422
0.6931471805599453,1.4842752
0.0,-0.0020821816
0.0,0.017936211
0.0,0.00705573
4.02535169073515,4.301052
3.044522437723423,2.5467021
0.0,0.005399764
4.174387269895637,4.2638083
3.58351893845611,3.8340354
3.7612001156935615,3.5335476
4.990432586778736,4.539692
0.0,-0.0061702286
0.0,-0.0066624456
0.0,0.0037501177
0.6931471805599453,0.97789073
1.3862943611198906,1.3481407
0.0,0.002834747
0.0,-0.021251107
0.0,-0.0009529124
4.90527477843843,4.4298205
0.0,-0.029158652
2.079441541679836,2.4141471
0.6931471805599453,0.98770803
1.791759469228055,1.2609702
0.0,0.005053787
0.0,-0.003710633
0.0,-0.009756435
0.0,0.0027573463
0.0,-0.020043254
0.0,-0.15725455
0.0,-0.015761295
0.0,0.017676443
0.0,-0.004608098
0.0,0.03433764
0.0,-0.008489498
4.23410650459726,4.0194955
2.995732273553991,3.3949363
1.3862943611198906,1.4711645
0.0,-0.08789408
0.0,-0.03994563
0.0,0.011639412
0.0,-0.04311709
4.624972813284271,4.547368
3.610917912644224,3.5752308
4.04305126783455,4.3127365
0.0,0.10503241
0.6931471805599453,1.1799653
0.0,0.09413858
3.5263605246161616,3.6289093
3.8918202981106265,3.4824455
2.079441541679836,2.0367785
3.332204510175204,3.3045545
0.0,0.06087549
0.0,0.028910786
3.258096538021482,2.787977
0.0,0.010096705
0.0,-0.09148192
0.0,-0.006670594
4.07753744390572,4.1955924
0.0,-0.009222493
1.0986122886681096,0.9562112
5.10594547390058,4.2001157
2.079441541679836,2.8160279
0.6931471805599453,0.9686209
0.0,0.016919263
4.127134385045092,3.8223984
0.0,0.0068345903
0.0,-0.022034513
4.465908118654584,4.3382154
0.0,0.040446427
4.663439094112067,4.2738676
3.258096538021482,3.3671305
0.0,0.057825383
2.4849066497880004,2.8743215
4.343805421853684,4.2788773
5.087596335232384,4.919021
0.0,-0.009188507
3.044522437723423,3.1901689
0.0,-0.02053102
0.0,-0.07804642
3.688879454113936,3.3724313
0.0,0.03981503
2.639057329615259,2.393132
0.6931471805599453,0.6466733
0.0,-0.00030436763
4.51085950651685,4.1591415
4.330733340286331,4.202748
3.091042453358316,3.2679367
3.1780538303479458,1.5932703
1.0986122886681096,1.6416799
0.0,-0.039452955
0.0,0.03649522
3.737669618283368,3.5219223
3.6375861597263857,3.634599
0.0,-0.0055409484
0.0,-0.0961706
0.0,0.055009145
0.0,0.013646106
1.0986122886681096,0.92841685
0.0,-0.005872448
4.127134385045092,4.3887486
0.0,-0.028297434
0.0,0.008378873
0.6931471805599453,0.71864223
4.174387269895637,3.9318163
0.0,0.10908918
0.0,0.020699646
4.060443010546419,4.0050483
0.0,0.016498988
0.0,-0.0057432326
3.49650756146648,3.4218488
0.0,-0.0141000105
0.0,-0.004179987
0.6931471805599453,1.0657158
4.51085950651685,4.6007266
3.8501476017100575,3.975596
0.0,-0.0009503568
1.791759469228055,1.6178123
4.709530201312334,4.3150954
0.0,0.048452683
1.0986122886681096,0.9569735
1.3862943611198906,2.004322
0.0,0.01076903
3.713572066704308,3.4422243
1.3862943611198906,1.2877582
4.499809670330265,4.5367193
5.60947179518496,5.4021807
0.0,-0.010864652
0.0,0.0005231956
3.295836866004329,2.6568153
4.330733340286331,4.2501006
4.23410650459726,4.298728
2.9444389791664403,3.172185
3.737669618283368,4.1916857
0.0,-0.009408452
1.791759469228055,1.4623754
3.49650756146648,2.7651637
0.0,-0.0032614684
1.0986122886681096,1.5471997
2.70805020110221,2.8185017
0.0,0.013499351
1.0986122886681096,1.4682635
0.0,0.01790557
0.6931471805599453,1.2483557
3.8918202981106265,3.7563605
0.6931471805599453,1.1269189
0.0,0.04905408
4.060443010546419,3.7672472
3.737669618283368,3.9040089
0.0,-0.019927325
0.0,-0.0069451714
0.0,0.02368962
4.02535169073515,4.022281
3.4339872044851463,3.3252754
0.0,0.0006685953
0.0,-0.01102182
0.0,-0.017405588
0.6931471805599453,1.317694
1.0986122886681096,1.1016105
1.791759469228055,1.8391745
0.0,0.010022819
4.127134385045092,3.858576
1.0986122886681096,1.5272491
0.6931471805599453,0.90656406
0.0,0.03664406
0.0,-0.008987995
0.0,0.011908278
2.079441541679836,2.0793595
5.043425116919247,5.0343018
1.3862943611198906,1.2154443
0.0,-0.0076042507
1.0986122886681096,1.0511773
0.6931471805599453,1.4116168
0.0,-0.026900379
0.0,-0.0026131044
0.0,-0.05538404
1.0986122886681096,1.0454617
0.0,0.039517406
5.123963979403259,5.1230187
3.8712010109078903,3.6904936
4.897839799950911,4.5528545
4.007333185232471,3.8497443
4.74493212836325,4.6089406
0.0,0.060549784
0.0,0.027886517
0.0,-0.040249407
4.499809670330265,4.2836833
3.4339872044851463,3.5079508
2.70805020110221,3.139286
3.218875824868201,2.692947
0.0,0.023212535
2.70805020110221,2.6292565
0.0,-0.0019708332
0.0,-0.02246444
4.02535169073515,3.628336
3.044522437723423,3.1913247
0.0,0.009694246
0.0,-0.008874032
0.0,0.0070647
4.007333185232471,3.9158437
0.6931471805599453,1.1151097
1.9459101490553128,1.6915282
0.0,-0.011418013
3.218875824868201,3.1366706
0.0,0.014407448
2.5649493574615367,2.652353
4.406719247264253,4.2971606
2.3978952727983707,2.400744
0.0,-0.01346833
1.6094379124341005,1.0795252
1.0986122886681096,0.9188435
0.0,-0.007697175
0.0,0.070968
0.0,-0.0027279935
0.0,-0.019154761
0.0,0.00016989713
2.5649493574615367,1.9375415
4.0943445622221,4.07718
0.0,-0.012202838
1.6094379124341005,1.7511137
4.204692619390966,4.2489944
1.0986122886681096,1.2103359
0.0,-0.027119918
0.0,-0.00787503
4.564348191467836,4.841176
0.0,0.022293456
0.0,-0.02267683
0.0,-0.013617956
3.784189633918261,4.30822
4.477336814478207,4.321538
0.0,0.038982738
0.0,-0.0054209675
1.0986122886681096,1.1203275
0.0,-0.022406053
1.9459101490553128,1.8050373
1.6094379124341005,1.2514381
3.828641396489095,3.7448716
1.6094379124341005,1.4625735
0.0,0.009602344
3.912023005428146,3.5605063
0.0,-0.018421315
2.995732273553991,3.00195
5.14166355650266,5.053443
1.0986122886681096,1.0625179
1.0986122886681096,1.4107099
0.0,0.004599145
1.0986122886681096,1.2173297
2.19722457733622,2.6739736
0.0,-0.016619775
3.7612001156935615,3.3168123
0.0,0.0067959526
3.7612001156935615,3.2607133
0.0,0.013800019
1.0986122886681096,1.1574343
3.828641396489095,3.961797
0.0,0.00077375525
0.6931471805599453,0.9789148
2.3978952727983707,1.4354403
2.19722457733622,2.6348376
5.170483995038151,4.8479104
2.079441541679836,1.4171498
0.0,-0.010053143
0.0,-0.031570002
0.0,-0.013826857
0.6931471805599453,1.0681131
4.5217885770490405,3.9103997
3.828641396489095,3.536431
4.0943445622221,4.148473
0.0,-0.010758857
4.691347882229144,4.3654737
0.0,-0.034456696
3.332204510175204,3.7327223
4.394449154672439,4.589896
3.8712010109078903,3.6219876
0.0,-0.008485936
4.941642422609304,4.795392
0.0,0.015481806
0.0,-0.0094383685
0.0,-0.016076358
0.0,0.020408228
2.995732273553991,3.3330414
3.912023005428146,3.7440898
0.0,-0.027332744
1.3862943611198906,1.0774035
0.0,0.006490566
4.394449154672439,3.7684968
0.0,-0.007522511
0.0,0.00032862494
3.828641396489095,3.5893133
0.0,-0.006893158
0.0,-0.014126795
3.58351893845611,4.050175
2.302585092994046,2.3088555
4.127134385045092,4.039076
4.174387269895637,3.9728742
2.995732273553991,3.2280445
0.0,0.0022029025
0.0,0.0061857603
4.691347882229144,4.3137827
0.6931471805599453,1.3200978
1.3862943611198906,1.2384839
3.367295829986474,3.6069024
0.0,-0.011897963
0.0,0.014521485
0.0,-0.004427359
4.532599493153256,5.3077188
0.0,0.012303012
0.0,0.040655278
1.6094379124341005,2.3839183
4.875197323201151,4.375023
1.0986122886681096,1.3847214
0.0,0.048894204
0.0,-0.020469174
0.0,0.0002706947
0.0,-0.08951662
0.0,-0.0106673725
5.2832037287379885,5.116059
0.0,0.0043653664
1.9459101490553128,1.4091864
0.0,0.0027121196
0.0,-0.015683532
0.0,0.013525538
1.9459101490553128,1.2558695
0.0,-0.010415667
0.6931471805599453,1.5141207
1.3862943611198906,0.9717516
0.0,-0.0028844571
5.963579343618446,5.3700414
0.6931471805599453,0.9058388
3.295836866004329,3.544414
0.6931471805599453,0.9001766
0.6931471805599453,1.4933736
4.276666119016055,4.1333547
0.0,-0.016517008
4.110873864173311,4.317923
0.6931471805599453,1.6625692
0.0,-0.005036552
0.0,-0.012518819
0.0,-0.01977312
0.0,-0.006685399
2.079441541679836,2.6118693
0.0,0.007993668
0.0,0.0066252043
0.0,-0.011894858
1.0986122886681096,1.2124381
2.5649493574615367,2.6033616
5.049856007249537,4.9596343
0.0,-0.001880616
3.4339872044851463,3.08314
4.983606621708336,4.36843
4.48863636973214,3.989128
3.688879454113936,3.424867
5.117993812416755,4.9103265
4.61512051684126,3.859085
0.0,-0.003838359
0.0,0.05561872
0.0,-0.09810452
4.499809670330265,4.4219246
4.927253685157205,4.6155806
0.0,-0.012621121
1.0986122886681096,1.5197868
1.0986122886681096,1.5033152
0.0,0.032014523
3.6375861597263857,4.099402
0.0,0.0027420647
3.9318256327243257,4.328781
0.0,-0.0020454247
0.0,0.03539445
4.59511985013459,4.585966
2.833213344056216,2.8343956
0.0,-0.0071215965
0.0,-0.017164938
2.079441541679836,1.0550336
0.6931471805599453,1.0465469
0.0,0.009934877
0.0,-0.06789603
0.0,-0.038883526
0.0,-0.0054956977
0.0,-0.0063727414
1.3862943611198906,1.394337
0.0,0.054720223
1.6094379124341005,1.6805677
0.0,0.0154787665
0.0,0.00422009
4.189654742026425,4.407744
0.0,-0.017827816
3.4011973816621555,3.1724756
0.0,-0.00088705576
0.0,-0.007931956
0.0,0.06449878
0.6931471805599453,1.0528245
0.0,-0.024089755
0.0,-0.003063667
4.394449154672439,4.325073
0.0,0.009696753
0.6931471805599453,1.0976422
1.0986122886681096,1.5710928
4.343805421853684,4.027267
0.6931471805599453,1.6701769
2.3978952727983707,2.5329282
0.6931471805599453,1.3519658
0.0,-0.11980996
1.0986122886681096,1.2611982
0.0,-0.014637429
0.0,0.07329361
4.248495242049359,4.649388
0.0,-0.020359056
0.0,-0.020820525
1.0986122886681096,1.3678938
0.6931471805599453,1.1563268
0.0,-0.00369516
0.0,0.050530866
0.0,0.0027454589
0.0,0.0072410884
3.6635616461296463,3.9246724
0.0,-0.030910105
3.49650756146648,3.3810875
0.0,-0.024064252
4.852030263919617,4.4093885
3.951243718581428,3.72966
0.0,0.016842045
0.0,-0.030014623
0.0,-0.003466994
0.0,-0.0961782
2.3978952727983707,3.1005316
4.605170185988092,4.3526945
0.0,0.020305006
3.58351893845611,3.7187467
4.276666119016055,3.9521112
0.0,-0.00034954638
0.0,-0.0032694016
0.0,0.0025916444
0.0,0.019188805
0.0,-0.024543094
4.007333185232471,3.618533
0.0,0.009009827
1.6094379124341005,1.0377836
0.0,0.02532959
0.6931471805599453,1.162655
3.737669618283368,4.0246916
0.6931471805599453,0.8486264
0.0,-0.026779689
4.406719247264253,4.475853
1.0986122886681096,1.3891473
0.0,-0.0029521398
0.0,0.012902572
0.0,-0.024747651
1.0986122886681096,0.74875414
0.0,0.01949238
1.3862943611198906,1.0457153
1.0986122886681096,1.1959847
0.0,-0.039548602
2.079441541679836,1.6245221
0.0,-0.0017813302
0.0,-0.013095319
2.639057329615259,2.909306
2.19722457733622,3.1134174
0.0,-0.020870958
4.248495242049359,4.179651
0.0,-0.0036227203
0.0,0.0015440749
1.791759469228055,1.4746965
3.295836866004329,3.1956508
0.0,-0.001999306
0.0,-0.00834836
0.0,0.0037210977
0.0,0.030424807
2.079441541679836,1.9514192
0.0,0.0022795056
4.110873864173311,4.218241
0.0,-0.022549454
2.3978952727983707,2.481971
0.0,0.015940197
4.919980925828125,4.994538
0.0,-0.02631911
0.0,-0.003606143
3.828641396489095,3.7647505
2.639057329615259,3.3966987
0.0,-0.021541229
0.0,-0.00928845
5.683579767338681,5.3067026
0.0,-9.540326e-05
1.0986122886681096,1.3173686
4.262679877041316,4.5855966
0.0,-0.0101621635
0.0,0.0441763
1.9459101490553128,2.2088523
1.3862943611198906,1.7519811
3.9318256327243257,3.1554403
3.9889840465642745,3.803838
0.0,0.012239149
0.0,0.067998104
2.3978952727983707,3.3958063
2.079441541679836,2.3959873
0.0,0.007707506
2.079441541679836,2.5599093
0.6931471805599453,1.1331366
2.995732273553991,2.8466258
3.555348061489413,3.9347494
0.6931471805599453,0.95918494
1.0986122886681096,0.99258035
0.0,0.007475241
0.0,0.010090106
0.0,0.0026103891
0.0,0.012990399
0.0,-0.07506879
1.0986122886681096,1.6207789
0.0,0.07909125
0.0,-0.002506463
2.302585092994046,1.5410492
3.8712010109078903,4.189067
2.079441541679836,2.6720572
0.6931471805599453,1.0362388
0.0,0.03700428
1.791759469228055,1.211361
4.219507705176107,4.201857
0.6931471805599453,0.97298765
3.6635616461296463,3.632588
4.382026634673881,3.9736505
0.0,0.017692488
0.0,0.09174255
4.477336814478207,4.292228
1.791759469228055,1.495535
0.6931471805599453,1.0843889
4.74493212836325,4.539352
0.0,-0.036354072
3.218875824868201,3.0612254
0.0,-0.027888939
0.0,0.012911703
2.995732273553991,3.4748733
0.0,-0.012817574
3.784189633918261,4.272963
1.6094379124341005,1.7781671
2.8903717578961645,2.5871444
0.0,0.0021038586
2.833213344056216,2.5855699
0.6931471805599453,1.1250756
0.0,-0.001588954
1.6094379124341005,1.4644871
2.19722457733622,2.435669
0.0,-0.0020364195
4.158883083359672,4.240918
0.0,-0.036310077
0.0,-0.024106927
4.74493212836325,4.4142823
3.295836866004329,3.3090606
0.0,-0.0012431039
4.248495242049359,4.12773
0.0,0.0034875537
3.970291913552122,3.6773505
0.0,-0.0023891283
4.962844630259907,4.9309444
4.7535901911063645,3.886335
0.0,0.0019289646
0.0,0.056045797
0.0,0.023074511
0.0,-0.0031524159
0.0,0.007273418
2.8903717578961645,2.5145042
0.0,-0.007932175
4.007333185232471,3.8958483
0.0,0.008289896
1.0986122886681096,1.201117
0.6931471805599453,1.1053672
3.8918202981106265,3.7388167
0.0,0.008424486
0.0,-0.08060355
0.6931471805599453,1.9641702
4.418840607796598,4.1098886
0.6931471805599453,1.605653
0.6931471805599453,0.8991391
1.791759469228055,1.2559698
1.3862943611198906,1.1523101
5.37989735354046,5.247126
5.525452939131784,5.1108966
1.6094379124341005,2.1324985
0.6931471805599453,1.1121975
3.951243718581428,3.6178305
4.51085950651685,4.1835895
0.0,0.00949134
2.995732273553991,3.2306445
3.912023005428146,3.7552176
0.0,-0.004558892
0.0,0.013469817
0.0,0.030124182
4.867534450455582,4.767049
0.6931471805599453,1.0417633
0.0,0.021595774
4.127134385045092,3.6885936
1.0986122886681096,1.7148552
3.295836866004329,3.3283753
0.0,-0.012834659
0.0,-0.01726421
3.258096538021482,3.6640086
0.6931471805599453,1.1264329
0.0,-0.024869781
0.0,-0.00034463775
3.80666248977032,3.667899
0.6931471805599453,1.0038294
3.5263605246161616,3.3628685
0.0,-0.06252541
0.0,-0.0007411239
4.290459441148391,4.0659633
4.23410650459726,4.265097
0.0,-0.04201633
3.737669618283368,3.27756
0.0,-0.007427149
1.6094379124341005,1.1405232
0.0,-0.0034938497
0.0,0.005153006
1.0986122886681096,1.1903367
0.6931471805599453,0.9472403
0.0,-0.017787786
5.1647859739235145,5.30031
0.0,-0.0033897273
0.0,-0.010679867
4.219507705176107,3.8662887
2.079441541679836,1.1517403
4.454347296253507,4.066285
4.07753744390572,4.1918693
4.634728988229636,4.187328
0.0,-0.024032997
4.110873864173311,4.158272
0.0,0.02429301
0.0,-0.053746905
0.0,0.013749142
0.0,-0.004106077
4.709530201312334,4.5137696
0.0,-0.075106256
0.0,0.03172237
0.0,0.014624976
3.7612001156935615,4.1415505
0.0,-0.012573045
1.0986122886681096,1.2360884
0.0,-0.020854725
5.442417710521793,5.9576206
0.0,-0.0043497835
0.0,0.0020337703
0.0,0.030903358
0.0,-0.0057782996
0.0,0.018843522
0.0,-0.023447292
1.0986122886681096,1.1022881
0.0,-0.02598763
0.0,-0.013852122
1.0986122886681096,1.011489
3.4011973816621555,3.8246844
3.4011973816621555,4.4266305
1.6094379124341005,2.4925997
0.0,0.040140573
0.6931471805599453,0.9246597
5.147494476813453,4.980237
0.0,-0.004527515
3.80666248977032,2.7871304
0.0,-0.022996638
3.218875824868201,3.2938523
0.0,-0.014131455
0.0,0.041608084
0.0,0.006743477
1.791759469228055,1.482618
0.0,0.0015414897
1.3862943611198906,2.5696383
0.0,0.008331667
2.9444389791664403,3.4456139
0.6931471805599453,1.1445545
0.0,0.025341265
2.3978952727983707,2.3106196
0.0,0.024220178
4.02535169073515,4.0003214
0.0,-0.04484952
0.0,0.010678477
0.0,0.059714742
4.859812404361672,3.9312496
0.0,0.006893979
1.0986122886681096,1.4891922
0.0,0.0035621845
5.030437921392435,4.82993
0.0,0.012428907
1.9459101490553128,1.8921477
0.0,-0.05236611
0.0,-0.01219926
0.0,-0.0028350602
3.5263605246161616,3.5960312
2.079441541679836,2.6732545
3.555348061489413,3.4749413
0.0,0.0045372196
0.0,-0.0031439106
0.0,-0.026345903
3.49650756146648,4.029376
3.4339872044851463,4.1636934
0.0,-0.003680456
0.0,-0.011625459
1.9459101490553128,2.2386925
3.295836866004329,3.692344
4.394449154672439,3.969942
1.0986122886681096,1.4418528
0.6931471805599453,1.2575692
0.0,-0.03310517
0.0,-0.00795144
1.3862943611198906,1.7430767
0.0,-0.033725437
0.0,0.041548178
0.0,0.0024576061
4.653960350157523,4.290437
0.0,0.0968192
2.639057329615259,2.2618823
0.0,0.06073947
0.0,0.030366853
3.6375861597263857,4.2784243
2.772588722239781,3.5986245
0.0,0.0056979945
0.6931471805599453,1.4495941
0.0,0.0076230955
4.158883083359672,4.207712
4.442651256490317,3.9203382
0.0,-0.02428892
1.0986122886681096,1.465446
1.0986122886681096,1.1053535
2.4849066497880004,3.0482268
0.0,-0.0011089301
0.0,-0.0033722548
3.367295829986474,3.7607675
0.0,-0.0008911175
0.0,0.088115536
0.0,-0.03852175
0.0,0.008823825
0.0,-0.008116687
0.0,-0.015783994
0.0,-0.010484565
1.791759469228055,2.3313205
4.770684624465665,3.964928
0.0,0.00431755
0.6931471805599453,1.1447507
1.0986122886681096,1.104595
0.0,-0.071738705
1.3862943611198906,1.1120893
0.0,-0.008133639
4.465908118654584,4.366754
3.1780538303479458,3.258645
0.0,0.015953971
0.0,0.0060536168
0.0,-0.00729735
1.0986122886681096,1.4085516
0.0,0.004890508
0.0,0.018768411
4.07753744390572,3.9455833
4.6443908991413725,4.379041
3.8918202981106265,4.5929246
2.70805020110221,2.653052
0.6931471805599453,0.86534476
0.0,-0.061027013
4.174387269895637,3.7758093
0.0,0.036307406
0.0,-0.000529735
0.0,0.02390571
1.0986122886681096,2.238365
0.0,-0.007921218
0.0,0.01271251
1.3862943611198906,0.71751356
2.833213344056216,2.464039
4.02535169073515,3.9238954
0.0,-0.0120849935
3.6635616461296463,3.6953652
3.367295829986474,3.9139924
3.4011973816621555,3.168264
3.688879454113936,3.60616
4.343805421853684,3.9860125
0.0,-0.007490174
0.0,-0.08381197
2.4849066497880004,2.4319193
2.3978952727983707,1.4927768
3.044522437723423,3.851906
4.04305126783455,2.5130277
0.0,-0.002753648
1.0986122886681096,1.0424504
0.0,-0.010864545
2.19722457733622,1.4284548
0.0,-0.1529483
3.367295829986474,3.5343714
0.0,-0.006311144
3.80666248977032,3.9240072
0.0,0.00032493364
0.0,-0.004176654
3.8918202981106265,4.0875654
4.304065093204169,4.315405
0.0,0.0008506562
0.0,-0.013385616
2.70805020110221,2.5427556
0.0,-0.011363691
0.0,0.0147913415
1.6094379124341005,1.1479859
0.0,-0.14532416
0.0,0.02671596
1.0986122886681096,0.94379884
3.610917912644224,1.7830867
0.0,-0.005313059
0.0,0.003816429
0.0,-0.034386113
0.0,0.023704205
5.176149732573829,4.9935355
0.0,0.004419183
0.0,-0.008718149
1.6094379124341005,1.553543
4.624972813284271,4.324759
0.6931471805599453,1.0738249
0.0,-0.0023578517
0.0,-0.016230198
1.0986122886681096,1.4493095
0.0,0.028168702
4.532599493153256,4.294854
0.0,-0.017354593
2.772588722239781,2.9798603
0.0,-0.01460858
0.6931471805599453,1.2122633
0.0,-0.012680833
0.0,-0.0022646305
0.0,0.003052689
0.0,0.0053402483
1.6094379124341005,1.255149
0.0,-0.015157879
0.0,0.0067755706
1.6094379124341005,1.0714108
0.0,-0.013867759
2.5649493574615367,3.097666
0.0,-0.00021241701
0.0,-0.012093478
0.0,-0.06422287
0.6931471805599453,0.8404877
0.0,0.008540092
0.0,0.005355411
0.0,0.0056780498
4.969813299576001,4.347827
0.6931471805599453,1.0672749
1.6094379124341005,1.7266736
3.5263605246161616,3.6013663
0.0,-0.012284335
1.0986122886681096,1.4572661
1.0986122886681096,1.0470986
0.0,-0.013351433
0.0,0.0004927219
2.995732273553991,3.7248359
0.6931471805599453,1.0321505
4.672828834461906,4.5653
3.784189633918261,3.6582987
0.0,-0.010313008
2.5649493574615367,2.5624404
5.056245805348308,4.9552393
2.302585092994046,2.2578092
0.6931471805599453,0.8361579
4.127134385045092,3.3364556
0.0,0.009893173
0.0,0.033224918
0.0,-0.028132658
0.0,-0.010194471
0.0,-0.012977731
0.0,0.057333827
2.302585092994046,2.1390812
5.429345628954441,5.440642
4.859812404361672,4.6821404
0.0,-0.008346384
0.0,-0.07769094
1.3862943611198906,1.4487655
2.4849066497880004,1.9639122
4.110873864173311,4.307523
4.3694478524670215,4.2997303
0.0,-0.0014272504
0.0,0.030328413
2.302585092994046,2.3995564
0.0,-0.005718376
2.639057329615259,2.5288095
0.6931471805599453,1.2486311
0.0,-0.025652414
3.295836866004329,3.424255
0.0,0.0072810436
0.0,0.0032888146
4.430816798843313,4.023593
1.6094379124341005,1.2236184
0.0,-0.023687938
4.8283137373023015,4.082442
0.0,-0.022648664
0.6931471805599453,1.3340721
0.0,-0.06825864
3.1354942159291497,2.8006659
0.0,0.047358643
0.0,0.01361777
0.6931471805599453,0.71219164
0.0,0.025980676
0.0,-0.18183497
5.755742213586912,4.331834
0.0,0.006892918
0.0,-0.0051582535
4.5217885770490405,3.9058988
0.0,-0.007243548
0.0,-0.013536041
0.0,-0.027647443
0.0,0.005877065
1.6094379124341005,1.169531
4.6443908991413725,4.4479504
4.110873864173311,4.184664
3.6635616461296463,1.9559228
0.0,0.049412645
0.0,-0.030239126
0.0,-0.0028140964
0.0,0.019516796
4.356708826689592,3.9910727
0.0,0.06948851
1.0986122886681096,1.1054394
4.174387269895637,4.083264
2.19722457733622,1.4735895
1.0986122886681096,1.3139043
0.0,0.033314414
0.0,0.00800131
1.6094379124341005,2.2319567
2.4849066497880004,2.0067148
0.0,-0.0023548473
5.298317366548036,5.1730123
2.5649493574615367,2.0134635
0.0,-0.00066020025
0.0,-0.10131979
1.0986122886681096,1.5296632
3.713572066704308,3.7001033
0.0,0.006343354
0.0,-0.040593896
4.356708826689592,3.9064932
0.6931471805599453,0.74803543
4.543294782270004,4.5685673
1.3862943611198906,1.0806515
0.6931471805599453,0.9792079
1.6094379124341005,2.493107
0.6931471805599453,1.0223824
3.7612001156935615,3.8599296
0.0,0.017517667
0.0,0.017949129
3.367295829986474,3.973725
1.0986122886681096,1.3111626
0.6931471805599453,1.0419155
0.0,-0.051377833
3.4657359027997265,1.8158554
1.3862943611198906,1.0466108
0.0,-0.018026961
0.0,-0.0064020585
4.304065093204169,4.1013575
0.0,-0.025680196
4.343805421853684,3.9916983
0.0,0.00026011746
3.4339872044851463,3.3607552
0.0,0.03322136
4.248495242049359,4.291724
1.0986122886681096,1.3668491
4.143134726391533,4.035039
0.0,-0.0015450013
4.77912349311153,4.202816
0.0,-0.016241424
4.23410650459726,4.012288
1.3862943611198906,1.4957862
0.0,-0.017804913
0.0,0.018701956
0.0,0.016838118
0.0,0.055459376
2.833213344056216,2.5818796
0.0,0.0025791433
1.791759469228055,3.140124
0.6931471805599453,1.0632482
2.4849066497880004,2.47316
4.543294782270004,4.188975
0.0,-0.011478296
1.0986122886681096,1.7510415
0.0,-0.0040023965
3.58351893845611,3.9077618
0.0,0.0026462947
0.0,-0.005699933
1.6094379124341005,1.5044692
0.0,-0.0101463115
0.0,-0.035188515
0.0,0.010796133
0.6931471805599453,0.9365728
0.0,0.03579499
0.6931471805599453,1.1769816
4.61512051684126,4.636335
0.0,0.016035749
0.6931471805599453,1.2266706
4.007333185232471,3.8475757
1.0986122886681096,1.4923066
1.0986122886681096,1.1819712
3.737669618283368,4.14966
0.0,0.00018530685
2.4849066497880004,2.2990937
4.430816798843313,4.258383
4.820281565605037,4.793341
0.6931471805599453,0.978389
1.0986122886681096,1.1657641
0.0,0.0003968155
1.0986122886681096,0.55766904
1.3862943611198906,0.9388242
1.0986122886681096,0.79685223
0.0,0.17304613
1.0986122886681096,1.1065111
3.784189633918261,3.2710583
0.0,-0.080173306
0.0,0.020038491
3.49650756146648,2.4499207
3.5263605246161616,3.8960152
4.0943445622221,3.9340441
3.784189633918261,3.024762
0.0,-0.0076907263
4.852030263919617,5.164025
1.3862943611198906,0.9245072
0.0,-0.00088368496
0.0,0.008846356
0.0,-0.016018488
4.248495242049359,3.8858035
4.394449154672439,3.9294958
0.0,-0.01791453
0.6931471805599453,1.0621774
0.0,-0.015007592
0.0,0.03831047
0.0,-0.025639826
2.302585092994046,3.3032622
1.3862943611198906,1.3632689
0.0,-0.008011211
3.970291913552122,3.9714332
0.0,-0.0017981137
5.1647859739235145,5.014592
0.0,-0.013574875
0.0,-0.08775677
0.0,-0.031038925
1.791759469228055,2.2624683
4.382026634673881,4.0965753
0.0,-0.018987894
3.737669618283368,2.6770072
3.218875824868201,3.7267706
0.0,-0.13113742
0.0,-0.042933285
0.0,0.016121915
1.0986122886681096,1.1196907
2.3978952727983707,2.3856547
0.0,0.032453455
0.0,0.0067093074
0.6931471805599453,1.012107
2.995732273553991,2.9439166
0.0,0.003294137
3.258096538021482,3.0469375
0.0,-0.0008036711
3.9889840465642745,3.5599663
0.0,-0.004742593
4.394449154672439,4.455022
3.4657359027997265,3.7954595
4.174387269895637,4.180667
0.0,0.015563964
2.4849066497880004,1.5066702
2.079441541679836,2.6298397
0.0,0.15183932
0.0,0.01926743
0.0,-0.009921918
0.6931471805599453,1.094674
3.258096538021482,3.470068
0.6931471805599453,1.1163104
0.0,0.004014716
0.0,0.0004121746
2.3978952727983707,2.2811227
1.0986122886681096,0.992811
0.0,-0.0065508937
0.0,0.004260722
0.0,-0.0025902018
0.0,-0.01409991
0.0,0.05818952
1.3862943611198906,1.0690734
0.0,-0.017916175
0.0,0.009946293
0.0,0.018046973
0.0,0.0050703934
0.0,-0.0062286016
0.6931471805599453,1.1830598
0.0,0.002026237
1.6094379124341005,1.485793
0.6931471805599453,1.043576
3.9889840465642745,3.682801
0.0,-0.0033876544
0.0,-0.002721121
4.174387269895637,3.9883804
0.0,-0.06947101
5.247024072160486,5.2045016
0.0,0.09792738
0.0,-0.010001362
0.0,-0.013338249
1.6094379124341005,1.5790329
0.0,0.01121501
1.6094379124341005,1.1160483
2.079441541679836,1.6567186
0.6931471805599453,0.99988043
0.0,-0.081796594
3.58351893845611,4.06296
3.6635616461296463,3.856552
0.0,-0.010967734
3.6635616461296463,3.9789624
0.6931471805599453,1.1300864
4.330733340286331,3.9790652
0.0,-0.0028748838
0.0,-0.0037004214
0.0,-0.0013642276
2.302585092994046,2.1441855
0.0,-0.005158619
0.0,0.0005855954
3.332204510175204,3.909507
0.0,0.002818205
0.0,-0.10727095
0.0,-0.020734517
4.653960350157523,4.555571
0.6931471805599453,0.9182992
0.0,-0.012995832
0.0,0.0070888456
0.0,-0.108062945
4.691347882229144,4.5916257
0.0,-0.016818294
0.6931471805599453,1.1201252
0.0,0.0004778329
3.6635616461296463,3.71454
0.0,0.026936403
1.6094379124341005,1.1449733
0.0,-0.012933383
0.0,-0.0007735207
5.087596335232384,5.297268
0.0,0.1164114
0.0,-0.002571738
3.8712010109078903,4.2741413
0.6931471805599453,1.2683287
0.6931471805599453,0.8792531
0.0,-0.023340078
2.9444389791664403,2.9725773
4.290459441148391,3.6069355
3.332204510175204,3.050855
0.0,-0.0048372727
3.828641396489095,3.4193456
0.0,0.012996638
0.0,0.003003415
0.0,0.025855383
4.204692619390966,4.164665
0.6931471805599453,1.0060593
0.6931471805599453,0.97816396
0.6931471805599453,1.2520727
0.0,0.01981233
2.302585092994046,1.5664055
0.0,0.083288334
0.0,0.02827762
0.0,0.28299913
0.0,-0.0071861236
4.304065093204169,4.317949
1.0986122886681096,1.4680448
0.0,0.008430523
0.0,0.021045268
0.0,-0.040975034
1.0986122886681096,1.5093898
3.9318256327243257,4.0774407
1.0986122886681096,1.0524946
0.0,-0.03134534
0.0,0.010253042
5.2832037287379885,4.925927
0.0,-0.002408735
0.0,0.010783426
0.0,-0.0032218315
0.0,-0.008280968
4.543294782270004,4.335441
2.302585092994046,2.1860416
2.5649493574615367,1.8894571
0.0,-0.0103866225
2.19722457733622,2.4254143
0.6931471805599453,1.4800133
0.0,-0.0150625035
0.0,0.024786694
0.6931471805599453,1.0344744
0.0,0.0015549366
3.7612001156935615,3.405136
4.219507705176107,4.328154
3.7612001156935615,3.5027428
0.0,-0.055412572
2.639057329615259,1.6649336
0.6931471805599453,1.1569524
0.0,0.0046787495
0.0,0.019771293
0.0,0.013552034
4.867534450455582,4.5560436
4.07753744390572,3.9837375
0.0,0.18251964
3.784189633918261,3.473215
0.0,0.0014286247
0.6931471805599453,1.0452076
1.3862943611198906,1.4302739
4.3694478524670215,3.1812685
0.0,0.012123351
3.737669618283368,3.064177
2.995732273553991,3.0012534
4.23410650459726,4.35302
0.0,-0.0011822428
0.0,0.038342424
4.553876891600541,4.3208785
0.0,0.0011511069
3.828641396489095,3.885698
0.0,-0.008210095
1.0986122886681096,1.5360206
4.406719247264253,4.2713037
0.0,-0.007364119
1.791759469228055,1.4983913
0.0,0.0079108905
0.0,-0.0025478126
3.091042453358316,3.1326027
4.465908118654584,4.496883
2.3978952727983707,2.005618
0.0,-0.020643871
1.0986122886681096,1.2700337
3.5263605246161616,3.8398492
0.0,0.0016100255
1.0986122886681096,1.7718534
0.0,0.011634212
0.0,0.0009596357
3.6635616461296463,3.6854112
0.0,-0.0148506295
3.737669618283368,4.0312386
2.70805020110221,2.4005966
0.0,-0.021852119
1.0986122886681096,1.2041525
0.0,0.06287262
0.0,-0.0029477063
2.5649493574615367,2.0780993
4.61512051684126,4.3422446
3.091042453358316,2.9248745
0.0,-0.0016248996
4.5217885770490405,4.6359024
1.0986122886681096,1.199112
0.0,-0.007319458
1.3862943611198906,1.3690118
4.948759890378168,4.0199785
4.430816798843313,4.268392
2.302585092994046,2.29039
5.19295685089021,5.19372
0.0,-0.025096884
4.736198448394496,4.9103975
0.0,0.028129824
0.6931471805599453,1.5386986
4.969813299576001,5.2219524
0.0,0.0145756155
0.0,0.005433689
0.0,-0.018149672
0.0,-0.043214343
3.688879454113936,3.5263896
0.0,0.010008555
2.079441541679836,2.6415071
3.218875824868201,3.2489176
2.8903717578961645,3.164182
3.4011973816621555,1.615417
3.218875824868201,3.338074
2.639057329615259,2.4171293
0.0,-0.008169822
4.912654885736052,5.125676
0.0,-0.0126031125
3.367295829986474,3.2717533
0.0,-0.06313297
0.0,0.020941494
0.0,-0.0011231452
0.0,-0.016740918
3.80666248977032,3.6203225
2.5649493574615367,3.288112
0.0,-0.0012973126
1.0986122886681096,1.2490047
3.737669618283368,3.0869727
4.983606621708336,4.9648824
1.0986122886681096,1.1438882
5.375278407684165,5.1075363
0.0,0.05295233
3.9318256327243257,3.3515544
0.0,-0.000871683
3.49650756146648,2.9394238
2.772588722239781,2.6694932
5.176149732573829,4.901651
0.0,0.009773845
0.0,-0.027649151
0.0,-0.018390492
3.1354942159291497,1.6059396
0.0,0.028149264
0.0,0.022321824
1.0986122886681096,1.374372
0.0,-0.028068904
0.0,0.067279145
4.8283137373023015,4.834188
0.0,-0.00028537546
3.4657359027997265,4.266778
0.0,0.014465843
1.0986122886681096,1.0361944
3.6635616461296463,3.5372
3.951243718581428,3.6199539
4.454347296253507,4.1198697
0.0,0.0011747623
1.0986122886681096,1.5683334
3.091042453358316,3.7541113
3.4657359027997265,3.6256187
0.0,0.002234001
3.7612001156935615,3.7587535
0.0,-0.006061149
0.0,0.18864837
0.0,-0.0122183915
0.0,-0.0030741582
3.4657359027997265,3.7816684
0.0,0.015051434
4.290459441148391,4.2243
4.07753744390572,3.4853177
0.0,-0.00068740733
4.060443010546419,4.118211
1.0986122886681096,1.111657
0.0,0.0042442223
2.079441541679836,2.3891895
4.007333185232471,4.0255013
2.079441541679836,1.2851108
0.6931471805599453,0.9917867
0.0,0.035393585
1.3862943611198906,1.046916
0.0,-0.00049163116
4.442651256490317,4.6254625
0.0,-0.02797104
4.276666119016055,4.31851
0.0,-0.02812753
0.0,0.003713069
4.204692619390966,4.3025184
1.0986122886681096,1.2180121
0.0,0.00030941467
2.8903717578961645,2.721627
0.0,-0.006424976
0.0,-0.016183328
0.0,-0.026427424
1.3862943611198906,1.3227195
3.6635616461296463,3.8472755
0.0,0.01606347
3.367295829986474,3.2363958
0.0,0.017875798
3.4339872044851463,3.697528
0.0,-0.033154313
0.6931471805599453,1.2258666
0.0,0.0047381995
3.58351893845611,3.7236867
0.0,0.008997661
4.02535169073515,4.030205
0.0,0.0014595072
0.0,-0.008679375
0.0,-0.01889758
1.0986122886681096,1.5330288
3.4657359027997265,2.9076679
4.691347882229144,4.002671
4.23410650459726,4.27493
1.9459101490553128,2.5141563
4.219507705176107,4.6760993
0.6931471805599453,1.099026
3.713572066704308,3.4330623
0.0,0.033832904
4.61512051684126,4.4543614
0.0,0.026534917
0.0,0.012880527
0.0,0.008863414
5.298317366548036,4.462533
0.0,-0.033169907
1.6094379124341005,1.6548017
3.9889840465642745,4.30085
0.0,0.011388778
0.0,0.008870981
0.0,0.06442245
0.0,-0.004417697
4.31748811353631,4.452376
4.48863636973214,4.5187883
0.0,-0.07823342
4.532599493153256,4.2132964
2.833213344056216,3.6080425
4.04305126783455,4.0565224
4.418840607796598,4.7214217
3.367295829986474,3.1657062
4.304065093204169,4.0724077
0.0,-0.088088326
0.0,-0.008429918
3.218875824868201,3.5028226
0.6931471805599453,0.94152415
0.0,-0.12432427
4.68213122712422,4.701477
0.0,-0.0046210154
3.091042453358316,2.658785
5.4638318050256105,5.403803
0.0,-0.020049622
4.110873864173311,4.149306
3.6635616461296463,3.8391306
0.0,-0.02465447
0.0,-0.06078
3.784189633918261,4.154574
0.6931471805599453,1.2875557
0.0,0.04050778
0.0,-0.016651437
4.634728988229636,4.4295077
4.6443908991413725,4.8597875
2.302585092994046,2.5326722
1.3862943611198906,1.2508769
0.0,0.0066961455
0.6931471805599453,1.2395327
1.791759469228055,1.816562
0.6931471805599453,0.8770408
4.77912349311153,4.586325
0.6931471805599453,1.543989
3.828641396489095,3.5668504
0.0,-0.00071067875
0.0,-0.016947303
0.0,-0.04896489
0.0,0.093239844
0.0,0.04715465
1.0986122886681096,1.2005852
0.0,-0.013193537
5.484796933490655,5.340189
4.68213122712422,3.9965653
4.276666119016055,3.8649273
5.181783550292085,4.6994615
4.0943445622221,3.664692
1.0986122886681096,1.1260278
0.0,0.025048044
1.0986122886681096,1.0493134
1.9459101490553128,1.1913518
0.0,0.09440367
0.0,-0.00872005
0.0,-0.020028153
0.0,-0.017471487
0.0,0.056633357
0.0,-0.01615874
0.0,-0.001955569
0.0,0.0507786
5.613128106388071,5.3166046
0.0,-0.008568284
0.0,-0.007022327
1.791759469228055,1.7736886
1.0986122886681096,1.3413589
0.0,-0.0019594487
0.0,0.013666602
3.091042453358316,3.9369173
4.0943445622221,3.9639976
0.6931471805599453,1.284625
0.0,-0.09346524
0.0,0.005672801
4.890349128221754,4.4063435
2.5649493574615367,3.5728092
3.4657359027997265,3.973378
0.0,0.006583452
4.07753744390572,3.9252312
4.3694478524670215,4.364762
0.0,-0.0482176
3.4339872044851463,3.746294
4.543294782270004,4.0931406
3.49650756146648,3.1081738
2.8903717578961645,2.7494304
0.0,0.002940731
1.0986122886681096,1.2076073
0.0,-0.029943306
3.80666248977032,3.9526994
3.044522437723423,1.563802
0.0,0.11597195
5.049856007249537,4.264321
0.0,-0.053458795
2.772588722239781,2.7744122
1.6094379124341005,3.1178074
2.833213344056216,1.8608046
2.302585092994046,1.6883429
0.6931471805599453,1.1084269
0.6931471805599453,1.1330516
0.0,-0.009190955
4.6443908991413725,4.792662
0.0,-0.011590137
0.6931471805599453,1.6762416
5.198497031265826,4.349817
0.0,0.0067146774
0.0,-0.011722596
4.890349128221754,4.8265514
1.3862943611198906,1.5033526
4.5217885770490405,4.3176107
0.0,-0.011313633
0.0,-0.0002589123
1.0986122886681096,1.1105599
0.0,0.0053848494
4.59511985013459,4.364058
0.0,-0.053184185
4.248495242049359,4.062945
2.639057329615259,3.3233435
0.0,-0.044517267
2.5649493574615367,2.9274747
0.0,-0.015936518
2.4849066497880004,3.1521566
5.267858159063328,4.8987
0.0,0.019744962
0.0,-0.021989485
0.0,0.041690502
0.0,0.015972506
4.787491742782046,4.7231336
5.575949103146316,5.220749
3.332204510175204,3.525786
3.091042453358316,2.643507
0.0,0.025012732
0.0,-0.00816915
0.6931471805599453,1.1012586
2.302585092994046,2.6663976
0.0,0.015149032
0.0,-0.0032449113
0.0,-0.015196332
3.7612001156935615,3.6014287
4.23410650459726,4.5084405
2.833213344056216,3.6574943
0.0,-0.0626553
4.454347296253507,3.8069375
0.0,0.0012769676
2.4849066497880004,3.0951648
2.19722457733622,2.6505234
3.610917912644224,3.8026853
0.0,-0.059946906
0.6931471805599453,1.0357672
3.555348061489413,3.4205317
0.0,0.015640425
0.0,0.018487856
1.791759469228055,1.0349137
0.6931471805599453,1.078563
0.0,-0.011676582
1.0986122886681096,1.2270389
4.7535901911063645,4.614846
0.0,-0.0069931014
4.442651256490317,4.5088525
5.068904202220232,4.4588547
1.3862943611198906,1.3354913
4.248495242049359,4.1220407
0.6931471805599453,0.8750722
0.0,-0.008445324
0.0,-0.056330632
0.0,0.00798269
4.564348191467836,3.996173
0.0,-0.00069145404
1.791759469228055,1.6633378
0.6931471805599453,1.1626793
3.80666248977032,3.547894
4.02535169073515,3.6069946
2.639057329615259,3.696595
3.737669618283368,4.422692
0.0,-0.017053446
0.0,-0.044614393
0.0,-0.00592331
0.0,-0.0070589087
0.0,-0.028189661
0.0,0.001228835
3.044522437723423,3.2670064
1.0986122886681096,1.0694973
0.0,-0.0070336703
0.0,-0.03128811
1.0986122886681096,1.174037
1.3862943611198906,1.1412499
4.262679877041316,4.124183
0.0,-0.0076218187
0.0,-0.006809001
0.0,-0.009186379
4.343805421853684,3.9496522
4.406719247264253,3.88305
0.0,0.015470919
0.0,0.051549338
0.6931471805599453,1.6745429
1.0986122886681096,1.6811562
2.079441541679836,2.4028127
0.0,0.016630566
3.044522437723423,3.2346969
0.0,0.0029632435
4.158883083359672,4.1472163
0.6931471805599453,1.422521
0.0,-0.0072333375
4.007333185232471,3.694333
4.919980925828125,4.3124104
0.0,-0.008491222
3.7612001156935615,3.7274413
4.890349128221754,4.8034225
0.0,0.0049422793
0.0,-0.017786497
1.0986122886681096,1.2639871
0.0,-0.005471536
0.0,0.0210125
3.258096538021482,3.325218
1.6094379124341005,1.2367285
0.6931471805599453,0.87914425
0.6931471805599453,1.1791792
0.0,-0.041147996
3.8918202981106265,4.2964783
1.6094379124341005,1.6397051
0.0,0.00834484
0.0,0.008258829
0.0,0.008118961
0.0,0.0016852845
0.0,0.019192576
0.0,-0.0010342455
0.6931471805599453,1.0144619
1.0986122886681096,1.0059164
0.0,-0.008604064
0.0,0.062114693
2.772588722239781,3.3166823
1.791759469228055,1.6982623
4.007333185232471,4.2804446
4.77912349311153,4.503197
2.833213344056216,2.610434
3.1354942159291497,2.770119
1.3862943611198906,1.3459955
0.0,0.008937428
1.3862943611198906,0.83378303
3.4339872044851463,4.1437287
3.828641396489095,3.544182
0.0,-0.00941561
0.0,-0.009236872
1.791759469228055,1.0851305
0.0,7.1000395e-05
0.0,-0.022767674
0.6931471805599453,0.8801325
0.0,0.029378401
0.0,-0.030738298
0.6931471805599453,1.1662056
5.308267697401205,4.4275956
5.153291594497779,5.135311
3.9318256327243257,3.8899083
0.6931471805599453,1.1432235
0.0,-0.00040469243
0.6931471805599453,1.0914549
3.970291913552122,4.247579
0.0,-0.011574722
0.6931471805599453,1.3393322
4.07753744390572,3.2675385
0.0,0.0015444121
4.564348191467836,4.6107626
0.0,0.028753515
3.7612001156935615,4.4277363
3.688879454113936,4.1895785
3.1354942159291497,3.3075018
0.0,-0.007705876
0.0,-0.028107565
4.691347882229144,4.5519066
0.6931471805599453,1.1502196
3.912023005428146,3.9959276
0.0,0.030314632
1.0986122886681096,1.6334282
2.70805020110221,2.3224716
0.0,-0.08516241
0.0,-0.07906922
0.0,-0.01508141
3.1780538303479458,2.816988
3.258096538021482,2.671687
5.1298987149230735,4.8640513
0.0,-0.03517915
1.0986122886681096,0.62304157
0.6931471805599453,1.038132
5.267858159063328,5.1451
0.0,0.061521083
4.454347296253507,4.6324134
4.356708826689592,4.241207
0.6931471805599453,1.0346096
3.8712010109078903,3.7770364
3.1780538303479458,2.7024667
0.0,-0.002238443
0.0,0.0046916916
3.9318256327243257,4.1529384
2.8903717578961645,3.3389795
0.0,0.005312811
0.0,-0.018141741
1.6094379124341005,2.550937
1.0986122886681096,1.1448224
3.8918202981106265,3.2465832
4.653960350157523,4.3303895
0.0,0.004416345
1.0986122886681096,1.1153055
2.4849066497880004,1.4560262
2.19722457733622,1.4463797
0.0,-0.015357822
3.784189633918261,3.4225955
4.204692619390966,4.0253487
0.0,0.019572355
0.0,-0.008071657
0.6931471805599453,0.8275921
0.0,0.022779789
3.5263605246161616,3.2873871
1.0986122886681096,1.225682
0.0,-0.03172142
0.0,-0.004184161
3.295836866004329,3.508284
2.19722457733622,1.5246
5.056245805348308,4.3737373
0.0,-0.020552741
0.0,-0.029688176
0.0,0.015564616
0.0,-0.02488414
3.1354942159291497,3.0360003
2.833213344056216,2.3682141
4.07753744390572,4.224125
0.0,0.04198023
1.791759469228055,1.9865947
0.6931471805599453,1.190925
4.007333185232471,3.2359166
3.58351893845611,3.878354
0.0,0.0032607666
2.9444389791664403,2.9683182
1.0986122886681096,1.0220215
3.4011973816621555,3.2107246
0.0,-0.011996011
3.58351893845611,3.914905
0.0,-0.052108876
1.6094379124341005,1.2200159
0.0,0.0185871
0.0,0.0047439463
3.9889840465642745,3.690875
1.0986122886681096,0.90754056
0.6931471805599453,1.1187788
0.0,-0.004427529
3.6635616461296463,3.7744513
0.0,-0.024757093
4.787491742782046,4.012542
1.0986122886681096,1.1237353
0.0,0.020210542
0.0,-2.2512351e-05
0.0,-0.017182874
0.0,-0.0009389528
0.0,-0.0083215935
0.0,0.0013029317
4.653960350157523,3.9242325
0.0,0.021433668
0.0,-0.013378645
3.784189633918261,3.1504364
2.772588722239781,2.581557
0.0,-0.02719594
0.6931471805599453,0.872666
1.791759469228055,1.3492937
4.770684624465665,4.963341
0.0,0.016218808
0.0,-0.0070119314
1.0986122886681096,1.1086626
1.0986122886681096,1.1941569
1.0986122886681096,0.9288829
0.6931471805599453,0.8107695
3.258096538021482,3.8778946
2.302585092994046,1.7462288
0.0,-0.007662379
3.784189633918261,3.5925329
4.553876891600541,4.498114
0.0,-0.020063704
5.241747015059643,5.233532
4.406719247264253,4.2577024
1.3862943611198906,1.6621107
1.0986122886681096,1.0939841
0.0,0.00895581
5.0238805208462765,4.307424
0.0,-0.008737284
1.0986122886681096,1.1199635
0.0,-0.0010342455
4.564348191467836,4.285058
0.6931471805599453,1.3752521
0.0,0.01262718
0.0,0.0012890768
1.0986122886681096,1.3950514
0.0,-0.0053861164
4.02535169073515,4.153951
3.713572066704308,3.7697864
4.248495242049359,4.366348
0.0,-0.010153168
0.0,-0.018951965
0.0,0.013494417
0.0,-0.004011801
0.0,-0.0032646016
0.6931471805599453,1.0067923
0.0,0.020177886
0.0,-0.002439496
3.951243718581428,3.8169255
0.0,0.09088121
3.951243718581428,3.9994752
0.0,0.021452371
0.0,0.036853846
0.6931471805599453,1.2360939
0.0,-0.002266316
0.0,0.0027112528
0.0,-0.05862488
0.0,0.037061647
0.6931471805599453,1.537256
0.0,0.06366955
0.0,0.11400233
3.367295829986474,3.4805806
0.0,0.0039681448
0.0,-0.011454649
3.784189633918261,3.855623
0.0,-0.010044158
0.6931471805599453,1.0678627
2.4849066497880004,1.7362231
1.791759469228055,1.9366922
0.0,-0.003772235
0.0,-0.008910187
1.791759469228055,2.684603
2.9444389791664403,3.4492817
0.0,0.01658323
0.6931471805599453,0.9662857
0.0,0.01903397
0.0,-0.008419222
2.772588722239781,2.065411
0.0,-0.011926553
3.6635616461296463,3.0513644
2.8903717578961645,3.3743544
0.0,-0.017300284
1.9459101490553128,2.5797272
0.0,-0.009374588
4.060443010546419,4.407017
0.0,-0.0029578435
4.007333185232471,4.0433187
0.6931471805599453,1.0585508
0.0,0.054220095
0.0,-0.009824421
0.0,0.07886572
4.48863636973214,4.021648
0.0,0.006764758
1.791759469228055,1.5136863
0.0,0.06794883
0.0,-0.0022591949
4.543294782270004,4.0083547
0.0,0.014651416
0.0,0.030520722
4.61512051684126,4.6135135
2.5649493574615367,2.5984297
0.0,0.008871541
0.0,0.079997405
1.0986122886681096,1.5623686
0.0,0.00763847
0.0,0.022001335
0.6931471805599453,1.1302592
1.6094379124341005,1.6698738
0.6931471805599453,1.0126024
0.0,-0.0029088294
3.8918202981106265,4.133022
0.0,0.017886233
3.58351893845611,3.9271271
0.0,-0.0019764968
1.9459101490553128,1.856564
3.044522437723423,3.158912
0.0,0.035870254
0.0,0.00889778
2.639057329615259,2.6274207
3.8712010109078903,4.0689883
0.0,-0.0105235865
0.6931471805599453,1.4294056
2.772588722239781,1.9856079
4.51085950651685,4.356166
3.7612001156935615,3.7504768
3.58351893845611,3.3428488
1.3862943611198906,1.4692608
0.6931471805599453,1.1248032
0.0,-0.056138664
0.0,0.0016132707
0.0,-0.03718839
0.6931471805599453,1.354753
0.0,-0.0073197535
1.9459101490553128,1.9272467
0.0,0.13603157
0.6931471805599453,1.0079082
2.19722457733622,2.0135677
1.0986122886681096,1.1530421
0.0,0.00031262447
0.6931471805599453,0.97254294
0.0,-0.0033538272
0.0,0.011698179
1.0986122886681096,1.1175022
0.0,0.0015190002
1.0986122886681096,1.235139
0.0,0.00218072
2.079441541679836,1.5199015
0.0,-0.002945611
2.079441541679836,2.6060767
0.0,0.06932916
0.0,0.01120942
3.5263605246161616,3.263849
2.639057329615259,3.3872445
3.1780538303479458,3.3193195
1.0986122886681096,1.1257955
0.0,0.017547345
2.19722457733622,2.3347256
3.610917912644224,3.8418682
0.0,0.016658893
0.0,0.03849809
2.5649493574615367,2.4496653
0.0,0.056935053
0.0,0.07246722
4.248495242049359,3.9807653
3.49650756146648,3.9605598
0.0,0.005218921
4.430816798843313,3.8336217
0.0,0.002806052
0.0,-0.0025340882
0.0,-0.02228434
0.0,-0.06603077
0.0,0.013635855
0.0,0.028252942
0.0,0.007487615
3.737669618283368,3.675183
0.0,0.0076090298
0.0,0.03756388
3.9889840465642745,3.9757323
0.0,-0.008380745
0.0,0.045141507
3.8501476017100575,3.6493495
0.6931471805599453,1.0364739
3.295836866004329,3.8649583
0.0,-0.015624709
3.713572066704308,3.921634
0.0,-6.4478736e-05
2.9444389791664403,3.4397068
2.5649493574615367,1.9953038
4.51085950651685,4.488595
0.0,-0.019996002
0.0,0.013385577
0.6931471805599453,0.9605712
1.791759469228055,1.9557551
1.6094379124341005,1.3898798
0.0,5.5389624e-05
0.0,0.00603859
0.0,-0.0130749745
3.828641396489095,4.2783976
0.0,0.056923192
0.6931471805599453,1.2140205
0.0,0.004859853
0.0,0.019174092
4.330733340286331,4.5280566
2.9444389791664403,2.5516257
2.302585092994046,3.2260785
0.0,0.008776222
4.31748811353631,4.5123553
3.58351893845611,3.8222625
0.0,0.00029361443
1.9459101490553128,2.0705962
0.0,0.13776517
0.6931471805599453,1.3089312
2.4849066497880004,3.5928028
0.0,0.003960598
1.0986122886681096,1.6816858
0.0,-0.006889857
0.0,0.005601637
0.0,-0.0036726363
3.555348061489413,3.2889543
3.951243718581428,3.8576345
4.0943445622221,3.7630978
0.0,0.013377012
0.0,-0.07471266
2.995732273553991,2.8126147
0.0,-0.016391167
2.19722457733622,2.4877043
4.219507705176107,4.2076783
0.0,0.009044685
3.610917912644224,3.8994591
0.6931471805599453,0.92899525
1.0986122886681096,1.133496
0.0,-0.06458372
0.0,-0.024344953
3.912023005428146,4.007362
0.0,0.009726937
2.70805020110221,2.311314
2.079441541679836,1.5513656
0.0,-0.0020192438
3.9318256327243257,3.6670861
0.6931471805599453,1.2706864
4.477336814478207,4.626264
0.0,-0.0037011798
0.0,-0.017446838
4.174387269895637,4.2040024
0.0,-0.01028833
0.0,-0.034233183
0.0,-0.0685619
0.0,-0.013095319
4.304065093204169,3.9062464
0.0,0.0023224098
3.1780538303479458,2.9098632
0.6931471805599453,0.9301574
2.8903717578961645,2.8045192
1.0986122886681096,1.0289834
4.304065093204169,4.139752
3.8501476017100575,4.12476
4.204692619390966,3.9705765
0.0,-0.009396806
0.0,-0.04148865
2.70805020110221,2.6909397
0.0,-0.016199779
0.0,-0.05380707
4.343805421853684,4.2412844
0.0,0.00055818516
0.0,-0.0043281266
0.6931471805599453,1.8923991
0.0,0.014891675
0.0,0.011945321
0.0,-0.04290586
0.0,0.018987922
0.0,-0.012645559
0.0,-0.0043511917
0.6931471805599453,0.8890623
0.0,-0.0038854883
0.0,-0.008551492
0.0,-0.002995176
3.912023005428146,3.6908238
0.6931471805599453,0.97556895
3.828641396489095,4.044849
0.0,0.0027596299
0.0,0.0778308
1.0986122886681096,1.1513482
4.04305126783455,3.8663714
0.0,0.005194128
0.0,0.063563965
0.0,-0.011074268
2.302585092994046,2.4069896
0.0,-0.012197709
5.288267030694535,5.2396245
0.0,-0.0006078796
4.330733340286331,4.1892495
4.418840607796598,4.586935
0.0,0.011247957
4.430816798843313,4.156663
2.19722457733622,2.0656877
0.0,0.005533544
0.6931471805599453,1.2753814
0.6931471805599453,1.0377245
0.0,0.06434235
1.0986122886681096,1.237822
0.0,-0.0014446946
4.219507705176107,3.8485422
1.0986122886681096,1.4668064
0.0,-0.010149141
0.0,-0.055886816
0.0,-0.012697618
0.0,-0.0019355828
1.0986122886681096,1.2892396
0.0,-0.017753622
3.8501476017100575,3.2424033
0.0,0.0026219445
0.0,0.010582721
0.0,-0.003487041
0.0,0.0020170072
0.0,-0.010117326
3.4657359027997265,4.1852527
3.9318256327243257,4.0131083
5.480638923341991,5.2631536
0.0,0.08820119
0.0,0.05568306
2.302585092994046,1.991798
0.0,0.042284336
0.0,-0.011170936
0.0,-0.01613107
0.0,0.004337216
3.1354942159291497,3.427335
4.127134385045092,3.92995
1.0986122886681096,1.594001
1.0986122886681096,0.8999819
3.4339872044851463,2.3696554
2.079441541679836,2.5315075
0.0,-0.020608788
3.295836866004329,3.3399785
2.639057329615259,2.64663
0.0,-0.0019489591
0.6931471805599453,1.5982374
4.007333185232471,4.6948924
0.0,0.024195738
4.875197323201151,4.541699
5.117993812416755,5.198252
0.0,-0.0018026689
4.691347882229144,4.2287745
0.0,-0.020871509
0.0,0.0060677533
5.501258210544727,4.524566
0.6931471805599453,1.7725661
0.0,-0.009137044
0.0,0.027263438
0.0,-0.009996795
3.4339872044851463,3.6773136
4.543294782270004,4.022879
0.0,-0.0067170975
2.079441541679836,1.6286223
0.0,0.005325416
4.48863636973214,3.9066386
0.6931471805599453,1.0555923
5.402677381872279,5.199993
3.7612001156935615,3.7542827
0.0,-0.03044228
0.0,0.031212907
4.143134726391533,4.299585
0.0,0.0014154162
0.0,0.0038594801
0.0,0.01356824
2.8903717578961645,3.7560976
0.0,-0.0011310067
0.0,-0.011168152
0.0,0.0037855615
1.6094379124341005,2.0087707
0.0,-0.014243914
0.0,0.02867239
0.0,0.0036082116
3.9318256327243257,3.7061644
0.0,-0.0046034064
3.688879454113936,3.886554
1.0986122886681096,1.6805905
0.0,-0.0038011095
3.8918202981106265,4.2496786
0.0,0.016039558
3.80666248977032,3.7994704
3.49650756146648,3.9463775
0.0,-0.00411615
4.110873864173311,3.785124
0.0,-0.019552298
4.31748811353631,4.0937343
2.8903717578961645,2.0068235
4.262679877041316,4.4528656
2.079441541679836,1.5435416
1.0986122886681096,1.1102719
4.59511985013459,4.588661
1.0986122886681096,1.4507837
3.4339872044851463,3.862123
0.0,-0.03674864
2.5649493574615367,2.0875573
0.0,-0.00090991193
2.302585092994046,3.8924057
0.0,0.094591014
0.0,-0.005787884
3.9889840465642745,4.0581427
0.0,-0.00121004
3.8918202981106265,4.1896486
0.0,0.0011463893
0.6931471805599453,1.5419037
0.0,0.020144368
4.6443908991413725,4.6971745
0.0,-0.02265619
0.0,-0.0013909595
0.6931471805599453,1.0728496
0.0,-0.0008658314
0.0,0.009745365
3.8712010109078903,3.1475024
0.0,0.009609156
3.1780538303479458,3.5378325
0.0,-0.014898235
0.0,0.00086777157
5.030437921392435,4.44726
0.0,-0.007368309
0.0,-0.007835599
4.68213122712422,4.7417026
4.406719247264253,4.6732755
0.0,-0.039857015
1.6094379124341005,1.1387824
4.454347296253507,4.284188
1.9459101490553128,1.933148
0.0,0.077473655
3.951243718581428,3.837134
0.6931471805599453,1.2166818
1.0986122886681096,1.145452
1.6094379124341005,1.6173031
0.0,-0.00033352402
0.0,-0.016092675
3.828641396489095,3.5714033
3.1354942159291497,2.9078853
2.4849066497880004,2.569005
4.564348191467836,4.10033
4.330733340286331,4.147632
2.9444389791664403,3.568674
4.394449154672439,4.441798
0.0,0.05726901
0.0,0.034803852
3.091042453358316,3.352423
4.23410650459726,4.2122817
0.0,-0.00045239873
0.0,-0.028341312
3.58351893845611,3.7388017
0.0,0.009094191
0.0,-0.033296555
0.0,-0.0036092235
4.04305126783455,3.9826639
0.6931471805599453,1.1885446
0.0,-0.012921505
0.0,-0.0017915947
3.610917912644224,3.3706393
2.639057329615259,2.7837007
0.0,-0.04014116
4.875197323201151,4.4374757
4.007333185232471,4.4854636
1.0986122886681096,1.3732767
1.6094379124341005,1.1126695
0.0,-0.02573545
0.0,0.00072933384
3.218875824868201,3.090032
1.9459101490553128,1.9214758
0.0,0.00170358
4.442651256490317,4.159542
0.6931471805599453,1.0844655
0.0,-0.006400882
4.3694478524670215,4.0362263
4.718498871295094,4.768343
4.51085950651685,4.024454
1.791759469228055,1.4824635
4.330733340286331,4.388454
0.0,-0.0128858695
0.6931471805599453,1.2871252
4.844187086458591,4.5469947
0.0,-0.0020060104
0.6931471805599453,1.1007148
4.110873864173311,4.224223
2.639057329615259,2.5857208
0.0,-0.014618915
0.6931471805599453,1.2342991
2.3978952727983707,3.365235
0.6931471805599453,0.95551175
2.833213344056216,2.8312342
2.9444389791664403,3.187683
1.0986122886681096,1.1441185
1.0986122886681096,1.3527331
3.044522437723423,3.847913
4.204692619390966,3.8270943
0.0,0.17746414
0.0,0.0066415477
0.0,-0.0122283
4.653960350157523,3.650923
4.605170185988092,4.6152463
0.6931471805599453,1.4464182
0.0,0.008453898
2.772588722239781,2.51659
1.0986122886681096,1.0836849
1.6094379124341005,1.4438543
1.3862943611198906,1.5564389
0.0,-0.008003097
0.0,-0.011204388
4.189654742026425,4.1208925
4.127134385045092,4.0682273
0.0,-0.0044375993
1.0986122886681096,1.5869824
3.295836866004329,3.039554
5.19295685089021,4.811952
3.6375861597263857,3.8549984
3.9318256327243257,4.2034726
0.0,-0.0058913697
0.0,-0.047471248
1.3862943611198906,1.1442379
4.127134385045092,3.8719873
4.418840607796598,4.5035768
0.0,0.1859305
0.0,-0.01631718
1.9459101490553128,1.742797
4.787491742782046,4.209406
0.0,-0.08599873
0.0,0.0052919583
1.0986122886681096,1.6652257
0.0,-0.0035287677
2.4849066497880004,3.5948818
5.2574953720277815,4.615066
0.0,0.008698367
4.736198448394496,3.6967576
3.091042453358316,3.7466118
0.0,-0.010952712
1.9459101490553128,2.5080864
2.772588722239781,3.0395095
4.634728988229636,4.187657
3.80666248977032,3.721195
0.6931471805599453,0.92069227
0.0,0.05119243
0.0,-0.0264589
2.8903717578961645,2.9994783
3.784189633918261,4.3415384
0.0,0.023259839
5.332718793265369,4.7873287
3.9318256327243257,3.721939
0.0,-0.00026520473
0.0,-0.0058088554
0.6931471805599453,3.2464404
0.0,0.0005671256
0.0,-0.015285887
2.995732273553991,2.9276724
3.4011973816621555,3.410975
3.044522437723423,2.9909601
0.0,-0.072918646
4.394449154672439,3.9777262
3.5263605246161616,3.7328444
4.382026634673881,3.5353963
0.0,-0.010000933
2.639057329615259,2.4430184
4.276666119016055,4.1793303
1.0986122886681096,1.4786818
0.0,0.0024171004
0.0,0.052991316
1.3862943611198906,0.80031526
0.0,-0.006319794
5.099866427824199,4.8716903
0.6931471805599453,1.212435
2.079441541679836,2.3621237
0.0,0.004507236
0.0,0.013528868
1.3862943611198906,0.96989983
0.0,-0.08225417
0.0,0.0067075794
0.0,0.02349201
3.713572066704308,4.034318
3.295836866004329,3.3394752
4.430816798843313,4.6224737
1.0986122886681096,1.2655793
2.70805020110221,1.7718008
3.6635616461296463,3.304665
0.0,-0.014490057
1.6094379124341005,1.2277437
0.6931471805599453,1.3676012
0.6931471805599453,1.0378548
0.0,0.024550665
0.0,0.006570929
1.9459101490553128,1.9342465
4.61512051684126,4.5399327
0.0,0.013405693
3.4657359027997265,3.211824
0.0,0.00879701
0.0,-0.006561457
0.6931471805599453,1.7342072
1.0986122886681096,1.2206384
4.406719247264253,4.1209984
0.0,-0.015568321
0.0,0.011906093
4.110873864173311,3.7588902
2.9444389791664403,2.5688505
1.0986122886681096,1.4775487
0.0,0.014442167
0.0,0.009056572
0.6931471805599453,1.5428739
1.3862943611198906,1.002882
1.0986122886681096,1.3204085
0.0,0.022013903
4.5217885770490405,4.0007687
0.0,-0.0010099838
2.079441541679836,1.7443067
0.6931471805599453,1.5077596
0.0,-0.0050208266
3.912023005428146,4.0417085
0.0,0.011365842
0.0,-0.009188795
0.0,0.017256858
1.791759469228055,1.5432799
0.0,-0.014825432
0.0,0.013255873
1.0986122886681096,0.8117181
4.382026634673881,3.7853582
3.4339872044851463,3.8104749
0.0,-0.013552908
0.0,0.0075641866
0.0,-0.0038499846
1.0986122886681096,1.0804235
3.9889840465642745,4.21293
0.0,-0.017416274
4.820281565605037,4.4549136
3.7612001156935615,3.7927747
3.091042453358316,3.2858827
0.0,0.039670512
3.8918202981106265,3.5735362
0.6931471805599453,1.0581471
0.0,-0.005714791
0.0,0.015334738
1.791759469228055,1.4148039
0.0,0.0014567006
0.0,0.011048841
0.0,-0.002836274
1.6094379124341005,1.5157436
4.290459441148391,4.3022685
3.6635616461296463,3.2842498
2.639057329615259,2.531401
0.0,0.016607461
3.218875824868201,3.0430076
2.8903717578961645,3.8382065
4.204692619390966,4.421122
1.0986122886681096,1.1272284
4.787491742782046,4.4180293
4.23410650459726,3.9413035
2.995732273553991,2.774308
0.0,-0.016532557
4.454347296253507,4.3721137
5.204006687076795,4.8530345
3.9889840465642745,3.909237
1.0986122886681096,1.1805032
0.0,-0.010346162
0.0,0.017032323
1.0986122886681096,1.2391434
0.0,0.014837645
0.0,0.00069789775
3.8501476017100575,3.8517246
3.784189633918261,3.8553743
0.0,-0.36033106
0.0,-0.006079687
0.0,0.010206335
0.0,0.015750969
1.791759469228055,1.4620718
0.0,-0.008648918
0.0,-0.015903708
1.3862943611198906,1.3251257
0.0,-0.004582009
0.0,-0.019208932
0.0,-0.088794895
0.0,0.044488806
4.219507705176107,4.082956
0.0,0.020814626
0.0,-0.04225934
0.0,0.006111581
0.0,0.014904163
2.5649493574615367,3.0865622
0.0,0.02000825
0.0,0.006002386
0.6931471805599453,0.86109984
3.713572066704308,3.756203
3.784189633918261,4.2936873
1.6094379124341005,1.5688727
3.737669618283368,3.6590881
0.0,0.024469707
4.31748811353631,3.5976403
0.0,0.007924207
0.0,0.016862065
0.6931471805599453,0.76039225
4.127134385045092,3.6074243
0.6931471805599453,0.8735326
3.688879454113936,4.033235
4.553876891600541,4.4670653
2.079441541679836,3.151303
3.828641396489095,3.7117503
3.6635616461296463,3.8352616
4.532599493153256,4.416567
4.812184355372417,4.0818477
1.3862943611198906,1.4799632
4.820281565605037,4.972069
0.0,-0.016439475
3.218875824868201,3.9514785
0.0,0.0097554065
0.0,-0.04095431
0.6931471805599453,1.066419
3.6635616461296463,3.6788714
2.302585092994046,2.819244
4.0943445622221,3.4581652
4.990432586778736,4.5829926
0.0,0.0064607435
0.0,0.003085252
4.23410650459726,4.161864
3.332204510175204,3.1180334
0.6931471805599453,1.0349169
0.0,0.012056499
0.0,-0.045803893
4.574710978503383,3.9982877
1.3862943611198906,1.1134689
4.189654742026425,3.766841
2.19722457733622,2.4871268
4.189654742026425,3.9302275
4.143134726391533,3.971123
0.0,-0.01377749
4.07753744390572,4.1443515
0.6931471805599453,1.1183832
5.159055299214529,5.376493
1.791759469228055,1.3810234
0.6931471805599453,1.1657298
0.6931471805599453,1.2914988
0.0,-0.01344661
0.0,0.0017961557
0.0,-0.0019065021
0.0,0.0009637198
4.110873864173311,4.1630187
3.58351893845611,3.9024012
0.0,0.0015414387
2.302585092994046,1.3645542
3.367295829986474,3.5605907
1.0986122886681096,0.8240794
0.0,-0.009541107
2.302585092994046,2.1965265
0.0,-0.003903608
0.0,0.010865685
2.70805020110221,3.0902088
3.1780538303479458,3.7016761
4.624972813284271,4.4090796
4.219507705176107,4.486538
0.0,0.008150173
0.0,-0.0048272638
3.58351893845611,3.2115335
3.912023005428146,4.1836996
0.0,-0.00019269387
0.0,0.1428554
1.3862943611198906,1.7957674
0.0,0.01671035
4.304065093204169,3.7601554
0.0,0.010358375
2.833213344056216,2.191311
2.995732273553991,2.883394
0.6931471805599453,1.6722269
2.639057329615259,2.4538445
0.0,-0.08348703
1.3862943611198906,1.5633106
0.0,-0.021246208
0.0,0.011412849
3.828641396489095,3.782947
0.6931471805599453,1.2690885
4.553876891600541,4.2472653
0.0,0.059434924
4.31748811353631,3.8901231
0.0,-0.0024440696
0.0,-0.0025295797
0.0,0.004856221
0.0,-0.034799192
0.6931471805599453,0.94851243
0.0,-0.0022367155
0.0,-0.013598484
0.0,0.0007633534
0.0,0.037514847
3.970291913552122,3.4265416
0.0,-9.158881e-05
4.060443010546419,3.7489147
0.0,-0.035760764
0.0,0.0062419362
4.465908118654584,4.1889377
3.295836866004329,3.7415276
3.951243718581428,3.880719
0.0,0.0069760145
0.0,-0.008876302
0.0,0.012558752
0.0,-0.019314002
4.04305126783455,4.1079845
4.477336814478207,4.2077875
0.0,0.061631095
3.044522437723423,3.4639668
4.174387269895637,4.2831655
4.204692619390966,4.3083944
0.6931471805599453,1.2787477
0.0,0.020145444
0.0,-0.018912315
3.8712010109078903,4.2301993
0.0,-0.0073121344
2.772588722239781,2.240435
1.6094379124341005,1.6268494
0.0,0.048021335
3.713572066704308,4.0321546
2.995732273553991,3.5175316
2.19722457733622,1.3996203
4.955827057601261,4.8423815
0.6931471805599453,1.5441656
0.0,0.017815338
0.0,-0.002178741
0.0,-0.011621334
0.0,-0.0016248996
3.091042453358316,3.4477355
3.6375861597263857,4.0302415
1.9459101490553128,2.0629163
4.927253685157205,4.712003
0.0,0.005047128
3.1354942159291497,3.0127158
5.220355825078325,4.606114
0.0,-0.0020036045
5.337538079701318,3.9753149
0.0,0.003567188
0.0,0.03538744
5.010635294096256,4.807913
0.0,-0.059983727
4.007333185232471,4.080189
4.04305126783455,3.9486825
0.0,-0.008696765
3.610917912644224,4.1580405
5.41610040220442,4.672455
0.0,-0.012551442
0.0,0.003207623
3.912023005428146,3.3803189
0.0,-0.0040392834
4.430816798843313,4.676844
0.6931471805599453,0.98584926
4.31748811353631,3.992541
2.079441541679836,3.0253422
0.0,-0.026612518
4.406719247264253,3.9946077
0.0,-0.004986424
2.639057329615259,3.1098466
1.0986122886681096,1.2244792
1.0986122886681096,1.0100461
2.4849066497880004,2.684696
0.0,0.006584229
3.044522437723423,3.072618
4.189654742026425,4.0733933
2.639057329615259,2.7247448
0.0,-0.007584215
4.007333185232471,3.9616816
0.6931471805599453,1.1916215
0.0,0.040670663
0.0,0.0057312506
4.5217885770490405,4.468958
0.0,-0.04296912
3.295836866004329,3.6555154
0.0,0.011499003
0.6931471805599453,1.1178837
0.0,-0.041120894
4.0943445622221,3.8994057
0.0,0.0014167433
0.6931471805599453,1.0760328
1.3862943611198906,1.3553382
1.0986122886681096,0.9280291
0.0,-0.005337353
4.442651256490317,4.5285273
0.0,0.0036282253
0.0,-0.019517267
0.0,-0.04460663
1.0986122886681096,1.2462771
5.37989735354046,5.502292
0.0,-0.016711798
0.0,-0.01206303
0.0,-0.0027730432
0.0,0.018863466
3.688879454113936,4.035256
1.3862943611198906,1.3325162
0.0,0.010078089
0.0,-0.060913026
0.0,0.025759973
0.0,0.010980028
0.0,0.0047685583
3.49650756146648,3.6822848
0.0,-0.00573921
0.0,-0.021570612
3.295836866004329,2.9423397
2.70805020110221,2.8147166
0.0,0.041739833
0.0,-0.003377912
4.060443010546419,3.804711
0.0,-0.002463843
0.0,0.0062951273
3.610917912644224,3.7948842
3.295836866004329,4.1978807
1.3862943611198906,1.0800922
0.0,0.048625246
1.0986122886681096,2.2789214
1.9459101490553128,1.7124462
3.58351893845611,3.769014
3.4011973816621555,2.4919984
0.0,-0.008831085
0.0,-0.013619964
3.1780538303479458,3.203354
0.0,-0.0036191638
0.0,0.0047231293
4.343805421853684,4.1986804
0.6931471805599453,1.1058358
3.5263605246161616,3.1932793
3.332204510175204,3.621776
0.0,0.026483981
3.1780538303479458,3.6773007
4.418840607796598,4.508866
0.0,-0.021141171
0.0,0.0025674305
0.0,-0.0026773138
0.0,0.04371194
0.6931471805599453,1.023621
0.0,0.0011732654
3.218875824868201,3.3347366
3.091042453358316,2.742981
2.995732273553991,3.0410805
4.574710978503383,4.71032
3.1354942159291497,3.17494
3.091042453358316,3.289895
0.0,-0.012626925
0.0,-0.03127149
1.3862943611198906,1.2669914
0.0,0.0063203573
4.859812404361672,4.2356305
3.555348061489413,2.914991
3.9889840465642745,3.9458761
2.833213344056216,3.2823925
0.0,-0.00065608916
2.9444389791664403,2.3415148
0.0,-0.03511775
0.0,0.0052861455
0.0,0.011391334
0.0,-0.075030215
0.0,-0.00599003
5.017279836814924,5.164248
0.0,-0.0040512206
0.0,0.023291575
0.0,-0.028394932
0.0,0.005048756
0.0,0.031766325
2.8903717578961645,3.472291
0.0,0.0037410525
0.0,0.0035895752
1.791759469228055,1.5138218
2.70805020110221,2.455775
3.332204510175204,3.3078473
0.0,0.003617352
3.6375861597263857,3.943893
0.6931471805599453,1.4714127
4.219507705176107,4.239199
1.3862943611198906,1.4626889
2.5649493574615367,2.412639
0.0,0.039386652
0.0,0.021213073
1.3862943611198906,1.1102182
1.3862943611198906,1.2675132
0.6931471805599453,1.0677447
4.584967478670572,4.5828047
1.0986122886681096,1.0781448
0.6931471805599453,1.1100847
0.0,0.0026018703
0.0,0.008952078
2.772588722239781,1.9023033
0.0,-0.0129174255
0.0,-0.0018536968
4.02535169073515,3.9357128
0.6931471805599453,1.6570213
0.0,0.05540983
0.0,0.00381574
0.0,-0.013271488
1.6094379124341005,1.5395536
0.0,0.02051577
0.0,-0.015717153
3.58351893845611,3.8352718
3.49650756146648,3.8015742
5.501258210544727,5.491364
4.941642422609304,4.6481004
0.0,-0.023311533
3.044522437723423,1.4404683
1.0986122886681096,1.0656649
5.111987788356544,4.902433
0.0,-0.0028962397
4.262679877041316,4.2869396
0.0,-0.09259547
0.0,-0.0012023984
0.0,0.00035340068
0.0,-0.018211538
0.6931471805599453,1.4567615
0.0,0.0017224917
0.0,-0.41517934
2.19722457733622,3.292205
0.6931471805599453,1.2766739
0.0,0.0052262056
0.0,0.016891293
0.0,0.062089898
3.80666248977032,3.9590256
5.017279836814924,5.436836
0.0,-0.012633741
3.49650756146648,4.12485
4.158883083359672,4.1998377
3.912023005428146,4.1901073
2.19722457733622,2.5389273
0.0,0.023669912
4.158883083359672,4.307877
0.0,0.010328313
1.0986122886681096,1.1364269
2.302585092994046,2.196618
0.0,-0.10687542
4.787491742782046,5.050242
1.0986122886681096,2.318518
3.713572066704308,3.9026074
0.0,-0.0044354848
2.995732273553991,3.0394928
2.772588722239781,2.623111
1.3862943611198906,1.1862944
2.772588722239781,2.7156794
1.0986122886681096,1.7621676
0.0,-0.018325388
4.727387818712341,4.6172833
4.356708826689592,3.8281982
1.3862943611198906,1.2171876
0.0,-0.021978095
4.330733340286331,3.9961753
4.110873864173311,3.9890006
2.70805020110221,2.6263683
3.1354942159291497,3.0606434
3.9318256327243257,3.9397876
0.0,0.009569398
0.0,-0.007409715
3.7612001156935615,4.421168
4.624972813284271,4.3057313
1.0986122886681096,1.4229872
0.0,-0.014989495
4.248495242049359,4.2662644
0.0,-0.0036442806
0.0,0.012017144
0.0,0.004190243
1.3862943611198906,1.1330932
0.0,0.049743477
0.0,-0.019472767
4.454347296253507,4.3479424
2.8903717578961645,2.9595685
0.6931471805599453,1.2102761
3.58351893845611,4.119021
3.58351893845611,4.0193343
0.6931471805599453,1.2983379
0.0,0.0009319789
3.713572066704308,3.2898736
1.0986122886681096,1.0596998
1.0986122886681096,1.0705949
0.0,-0.0010195072
0.0,-0.005227749
0.0,0.023755964
1.6094379124341005,0.96397823
3.6635616461296463,4.0387564
0.6931471805599453,1.1816319
0.0,-0.005150614
2.4849066497880004,2.8483572
3.49650756146648,3.4614465
0.6931471805599453,1.1737696
0.0,-0.014440571
4.189654742026425,4.136619
0.0,-0.009562177
0.0,-0.06737621
5.3706380281276624,5.4257727
0.0,-0.016605284
0.0,0.016299706
3.4011973816621555,3.577529
3.784189633918261,1.6278812
0.0,-0.015321636
3.828641396489095,3.9708407
0.0,0.005219695
1.0986122886681096,1.0645618
3.610917912644224,3.9385097
0.0,0.01980287
1.0986122886681096,1.0440726
0.0,-0.037488915
4.897839799950911,4.6487947
0.6931471805599453,1.2744968
0.0,-0.017321613
0.0,0.001164174
0.0,-0.00020524999
0.0,-0.0852342
0.0,-0.0077125626
0.0,0.021357348
0.0,-0.010583444
3.295836866004329,3.6018987
4.406719247264253,4.167444
1.3862943611198906,1.5711285
0.0,0.02911685
0.0,-0.003939538
4.5217885770490405,4.7952557
0.0,0.010545455
1.0986122886681096,1.0814503
2.772588722239781,3.4794683
1.0986122886681096,1.2764119
0.0,-0.021485617
3.6635616461296463,4.614138
0.0,-0.008623841
0.6931471805599453,1.2336638
0.0,-0.027404398
0.0,-0.046573367
0.0,0.022627987
0.0,0.02624961
0.6931471805599453,1.5407367
4.564348191467836,4.579468
3.218875824868201,2.576162
1.791759469228055,1.1128873
3.9889840465642745,4.098431
3.4339872044851463,3.288472
0.0,0.008895852
1.791759469228055,2.5466216
1.6094379124341005,1.112436
0.0,0.00327737
0.0,0.024923166
3.7612001156935615,4.077289
0.0,0.0135393655
1.6094379124341005,1.6282656
0.0,0.0056576286
0.6931471805599453,1.1814381
2.8903717578961645,1.958616
3.688879454113936,3.773285
0.0,-0.09871542
0.0,-0.0025427104
0.0,-0.018027488
0.0,0.017274527
0.6931471805599453,1.1636598
1.0986122886681096,1.7412863
0.0,0.001432366
0.6931471805599453,1.423379
1.791759469228055,1.5125444
0.0,-0.017523771
4.418840607796598,4.0907726
4.68213122712422,4.366827
0.0,0.028664947
0.0,0.010077558
0.0,0.011889182
0.0,-0.0010831959
0.0,-0.029346205
4.406719247264253,4.062737
0.0,-0.005434852
3.784189633918261,4.392018
1.6094379124341005,1.0287268
4.394449154672439,3.7881615
2.995732273553991,2.2014647
2.639057329615259,2.2817268
0.0,-0.0029473794
3.8712010109078903,3.7876942
0.6931471805599453,1.1993935
4.304065093204169,3.8832898
3.555348061489413,3.638294
3.58351893845611,3.4383903
4.290459441148391,4.1728888
1.0986122886681096,1.5313295
0.0,-0.026385507
0.0,-0.0012819654
4.007333185232471,4.013727
1.9459101490553128,3.689107
4.68213122712422,4.81691
5.170483995038151,4.368631
0.0,-0.07233425
0.0,0.0059796004
0.6931471805599453,1.1266311
0.6931471805599453,1.1579118
4.23410650459726,4.276217
0.6931471805599453,1.2850296
0.0,-0.012861243
4.912654885736052,4.4711437
0.0,-0.023995949
0.0,-0.017839143
1.0986122886681096,0.9324534
3.49650756146648,3.486746
0.0,0.0063385083
0.0,0.029018441
1.0986122886681096,1.501078
0.0,-0.0038675908
0.0,0.03566884
5.25227342804663,4.6478314
4.276666119016055,4.0065207
0.0,0.048037734
0.0,0.009780952
0.0,-0.005585547
0.0,0.0045984103
0.0,-0.01940006
1.0986122886681096,0.7371473
1.6094379124341005,2.5412424
3.970291913552122,4.20204
0.0,0.14955607
4.127134385045092,4.2355
3.044522437723423,2.9231288
0.6931471805599453,1.0327343
3.9889840465642745,4.4804654
2.3978952727983707,2.5581195
0.0,0.008314503
0.0,0.009297758
0.0,-0.007446072
2.19722457733622,1.9894043
4.219507705176107,4.2185144
0.0,0.014763858
3.58351893845611,3.7879138
1.9459101490553128,2.4514384
4.653960350157523,4.276114
4.605170185988092,4.440226
0.0,0.0076269847
0.0,0.0002170234
0.0,0.0060644224
1.3862943611198906,1.5194795
0.0,0.07181755
2.70805020110221,2.3691773
0.0,-0.015309886
5.666426688112432,5.2404633
1.0986122886681096,0.9847316
0.0,0.00815284
1.9459101490553128,1.7578759
0.0,-0.0040741153
0.0,0.008762877
0.0,0.00747335
0.0,-0.033600543
0.0,-0.003685703
0.0,-0.012945533
4.110873864173311,3.6871352
0.0,-0.014782299
0.0,0.002833631
0.0,0.03928521
0.0,-0.017761735
0.0,-0.0099544525
3.49650756146648,3.6708996
1.0986122886681096,1.4389176
0.0,-0.023070078
0.0,-0.016207352
0.0,-0.009347428
3.610917912644224,3.8738143
0.0,-0.009378227
0.6931471805599453,0.73244023
0.0,-0.0043458347
0.0,-0.0032128096
0.0,-0.011103493
3.044522437723423,3.3456314
0.6931471805599453,1.0503614
0.0,-0.13035037
3.5263605246161616,3.8719969
0.6931471805599453,0.9290469
0.0,0.0042599174
0.0,0.047177095
1.0986122886681096,1.0446744
0.0,0.010328597
1.6094379124341005,1.1856196
0.0,-0.029773727
0.0,-0.0019404409
0.0,-0.005996026
0.0,0.027320208
0.0,0.0077064545
1.3862943611198906,1.3475679
0.0,-0.0006715378
3.7612001156935615,3.4486747
0.0,0.005853437
1.3862943611198906,1.5347301
0.0,-0.017157
0.0,0.0038927663
0.0,0.016594207
0.0,0.058925226
1.3862943611198906,0.823419
0.0,-0.035591714
0.0,0.022172581
0.0,0.015729956
0.0,0.00016626462
0.0,-0.0077944435
4.927253685157205,4.2044287
0.0,-0.013423246
1.6094379124341005,1.5909336
0.0,0.0018332055
0.6931471805599453,0.78029346
2.3978952727983707,1.5648344
1.3862943611198906,1.2607954
1.3862943611198906,1.0306282
3.80666248977032,3.6693935
0.0,-0.0017490265
3.091042453358316,3.4553976
3.091042453358316,2.996088
1.3862943611198906,1.1224732
1.0986122886681096,1.2099203
2.302585092994046,1.5604377
3.1780538303479458,2.5478537
2.19722457733622,2.2814803
2.70805020110221,2.250239
3.737669618283368,3.3575644
0.0,-0.014893664
3.80666248977032,3.9649172
4.343805421853684,4.091231
0.0,-0.022019435
1.791759469228055,1.7034967
4.653960350157523,4.236199
0.0,-0.004422861
0.0,0.025854358
0.6931471805599453,0.8470407
3.295836866004329,3.153649
0.6931471805599453,1.8942617
3.7612001156935615,3.9322789
0.0,-0.013613705
0.0,-0.0020124393
1.0986122886681096,2.2726746
4.127134385045092,4.061316
0.0,0.030499801
3.828641396489095,3.8932831
0.0,0.0047491724
0.0,0.0034755582
0.0,-0.012468445
0.0,-0.064795874
2.639057329615259,1.9059982
0.0,0.026343437
0.0,-0.09165337
0.0,-0.022566795
1.0986122886681096,1.0121404
2.772588722239781,3.4202454
2.5649493574615367,3.1982582
0.0,-0.017404873
0.0,0.019465413
0.0,-0.078350514
3.4339872044851463,3.2368906
0.0,0.01955938
2.3978952727983707,1.4228207
1.0986122886681096,1.0948671
0.0,-0.0018487566
0.0,0.0033053386
4.844187086458591,4.322802
2.833213344056216,3.7017756
0.0,0.052827373
4.48863636973214,4.1602063
0.0,0.0011906339
4.418840607796598,4.3786697
4.430816798843313,4.199377
0.0,-0.011143704
0.0,-0.008072248
1.3862943611198906,1.3895352
0.0,-0.011454941
0.6931471805599453,0.7062104
0.0,-0.006600824
0.0,0.0151474895
0.0,0.03191116
0.0,0.02373936
2.8903717578961645,3.0620434
4.394449154672439,3.9521801
0.0,0.00019266116
0.0,0.09799745
0.0,0.037857555
2.70805020110221,2.5978718
4.143134726391533,3.824696
0.0,0.0035249477
4.276666119016055,4.0258102
0.0,0.0019042982
3.58351893845611,3.1563256
0.0,0.017114487
0.0,0.025690144
2.079441541679836,1.6350749
0.0,0.008163846
5.365976015021851,4.7180977
3.8712010109078903,4.2635264
0.0,-0.020103337
0.0,-0.0065728575
1.0986122886681096,1.3926321
1.0986122886681096,0.94388807
4.110873864173311,3.6873343
0.0,0.011676161
0.0,0.04021845
2.302585092994046,1.5512481
4.406719247264253,4.109888
0.0,0.00884249
0.0,0.006250689
1.0986122886681096,1.3095142
0.0,0.029881567
0.6931471805599453,1.2119427
0.0,-0.029148921
4.007333185232471,4.1127357
3.688879454113936,3.5581415
0.0,0.008046285
0.6931471805599453,1.271885
0.0,-0.048077453
0.0,-0.014396118
2.9444389791664403,3.1572526
3.555348061489413,3.5449727
3.4011973816621555,3.4466782
0.0,-0.112387806
1.3862943611198906,1.7012026
0.0,0.007879371
1.0986122886681096,1.4236434
0.0,0.0034343996
2.833213344056216,2.829585
4.262679877041316,4.051099
4.430816798843313,4.3276615
0.6931471805599453,0.9098723
4.564348191467836,4.4686103
1.9459101490553128,2.5598636
0.0,-0.0011113051
0.0,-0.14548385
0.6931471805599453,1.1001322
3.1354942159291497,3.2843425
2.9444389791664403,4.0289483
1.9459101490553128,1.6027753
1.9459101490553128,1.5419242
4.110873864173311,4.376221
2.9444389791664403,2.9552116
4.02535169073515,4.072367
0.0,-0.01137058
3.367295829986474,3.0044768
0.0,-0.005578185
4.48863636973214,4.3751936
1.3862943611198906,2.0661826
0.0,0.004426434
0.0,0.0014757055
4.584967478670572,4.7042127
0.0,0.032883916
0.0,0.012789398
0.0,0.019560745
2.302585092994046,2.2493956
1.0986122886681096,2.2895873
0.0,-0.004198905
0.0,0.024083955
4.02535169073515,3.9906483
1.791759469228055,1.0534987
0.0,-0.044189308
1.9459101490553128,2.0637107
0.0,0.034159865
0.0,0.0025869575
0.0,0.05585319
0.0,-0.016567843
4.02535169073515,4.071717
4.290459441148391,3.5720387
1.6094379124341005,1.6512356
4.499809670330265,4.150304
0.6931471805599453,1.1288816
0.0,0.006500274
0.0,-0.003292163
0.0,-7.079299e-05
0.0,0.010372061
3.6375861597263857,3.7777727
0.0,0.0011638802
2.19722457733622,3.6513908
2.8903717578961645,3.8341587
0.0,-0.023529282
0.0,-0.0061898865
2.5649493574615367,2.6787724
1.3862943611198906,0.9572329
4.262679877041316,3.6078966
4.454347296253507,4.526432
0.0,-0.004156495
0.0,0.0077097476
4.189654742026425,4.083487
0.0,-0.026991291
0.0,-0.014838542
2.995732273553991,3.6777587
3.1354942159291497,2.9726176
4.31748811353631,4.036831
2.995732273553991,3.3079758
3.7612001156935615,4.046085
4.174387269895637,3.8989987
3.295836866004329,3.9080172
3.713572066704308,3.8723466
3.784189633918261,3.9876258
0.0,0.002643301
3.713572066704308,3.692081
0.0,-0.0048574717
0.0,0.03594174
4.060443010546419,4.125286
0.0,-0.068570144
0.0,-0.0851424
4.574710978503383,4.559636
0.0,0.07201967
0.0,-0.0048175734
0.0,-0.07134948
3.610917912644224,3.4690864
4.820281565605037,4.6384225
3.951243718581428,3.846648
0.0,-0.016322767
4.59511985013459,4.6094856
3.80666248977032,3.498467
0.0,-0.052589476
0.6931471805599453,1.0362014
0.6931471805599453,1.1068445
4.127134385045092,4.2125826
5.3612921657094255,5.12197
3.49650756146648,3.327649
0.0,0.01419219
3.218875824868201,2.7499018
0.0,0.029726323
4.919980925828125,5.0682
5.424950017481403,5.180263
4.3694478524670215,4.503941
0.0,-0.019516256
0.0,0.007957083
0.0,-0.0101742875
0.0,0.0047179735
0.0,-0.015088013
0.0,-0.009301214
0.0,0.0014767973
0.0,-0.003981346
0.0,0.014485363
4.820281565605037,5.0541625
5.153291594497779,5.1528344
0.0,-0.0022246337
1.791759469228055,1.8597449
0.0,-0.18207617
0.0,0.0062465924
1.791759469228055,2.119949
0.0,0.011122915
0.0,-0.057447646
0.0,0.0128970165
4.23410650459726,4.0036473
0.0,0.020477211
0.0,0.057555094
0.0,0.030052844
0.0,0.047022026
3.737669618283368,3.7650354
3.332204510175204,1.5967133
3.4339872044851463,3.9573252
0.0,0.011424514
0.0,-0.0032821214
0.0,-0.057564355
0.0,0.0025779754
4.574710978503383,4.2942805
0.6931471805599453,1.0298069
0.0,-0.008551665
3.610917912644224,3.7520866
1.791759469228055,1.3787442
0.0,0.13169318
0.0,-0.005093288
0.6931471805599453,1.0388864
3.218875824868201,3.1034236
1.0986122886681096,1.1510342
0.6931471805599453,0.76505923
3.555348061489413,3.024117
0.0,0.0143249985
0.6931471805599453,1.2249798
4.976733742420574,4.8801785
5.14166355650266,4.6168127
0.0,0.002905511
2.19722457733622,2.5360577
1.6094379124341005,1.222167
0.0,0.011194531
0.0,0.035824988
0.0,0.032769017
0.0,-0.039012905
0.0,-0.035666544
0.0,-0.004481298
0.0,-0.03496992
0.0,-0.028912146
0.0,0.011873384
0.0,-0.0029537634
1.6094379124341005,1.1076542
0.0,0.1407615
1.0986122886681096,1.6482899
0.0,0.013481449
4.499809670330265,4.269742
0.6931471805599453,1.483915
4.969813299576001,4.4762373
0.6931471805599453,1.0990918
2.639057329615259,2.4597197
0.0,0.0014353228
1.3862943611198906,1.6184461
4.219507705176107,2.8333044
3.58351893845611,3.7815716
1.3862943611198906,1.8076707
0.0,-0.014564404
0.0,-0.0100818705
0.0,0.009154582
0.0,-0.0008159444
0.0,-0.041344482
0.0,0.0070481915
4.382026634673881,4.479094
0.6931471805599453,0.70222986
0.0,0.024551395
4.663439094112067,4.1485014
0.0,-0.01054849
4.7535901911063645,4.257071
5.170483995038151,5.051797
0.0,0.049735818
3.970291913552122,4.4015164
1.6094379124341005,1.5555927
4.736198448394496,4.8811517
0.6931471805599453,1.1419889
0.0,0.01614642
4.204692619390966,4.107802
1.3862943611198906,1.7725731
0.0,-0.024155742
0.0,-0.0068188086
0.0,-0.011816379
0.0,0.031134728
0.0,-0.0029594572
1.6094379124341005,1.3619194
3.970291913552122,4.4955506
0.0,0.0058953133
4.007333185232471,3.8668678
0.6931471805599453,1.5163835
0.6931471805599453,1.5103009
1.3862943611198906,1.2095191
0.0,-0.006307155
3.912023005428146,3.9613144
0.0,-0.027690953
4.219507705176107,3.5899656
0.0,0.0081841815
3.044522437723423,3.3571105
0.0,-0.0030313546
0.0,0.013631755
0.0,-0.0035652185
1.791759469228055,1.2039818
0.0,0.007031638
0.0,-0.002556695
3.49650756146648,3.205543
1.6094379124341005,1.5567743
0.0,0.029910011
1.3862943611198906,0.9522663
0.0,0.039541326
0.6931471805599453,0.8689713
0.0,-0.018227607
0.0,0.011441022
0.0,-0.013507574
0.0,-0.004003939
0.6931471805599453,0.83646977
1.3862943611198906,0.9869552
0.6931471805599453,1.135925
0.0,0.042880516
0.0,-0.01581916
4.189654742026425,4.40973
0.0,-0.0022030014
2.079441541679836,1.1556911
0.0,-0.005465801
3.688879454113936,3.5786328
3.4011973816621555,3.9516037
1.6094379124341005,1.5850165
0.6931471805599453,1.3268282
4.02535169073515,4.3669457
0.0,0.04901375
2.639057329615259,2.678493
0.0,0.0032030384
2.772588722239781,2.755891
0.6931471805599453,0.93448174
0.0,0.020435551
0.0,-0.0041984357
3.912023005428146,3.5435326
4.691347882229144,4.5248947
4.330733340286331,4.3447914
0.0,0.0021912728
3.828641396489095,3.720325
0.0,-0.006379189
3.951243718581428,3.8327386
1.9459101490553128,1.4389334
0.0,-0.030164558
0.0,0.011768514
0.0,0.019954192
0.0,0.012734752
0.0,0.05797226
3.091042453358316,2.902581
1.9459101490553128,1.05823
3.555348061489413,3.9095078
0.0,-0.011723936
1.0986122886681096,1.1473781
0.0,0.033657856
4.875197323201151,4.83453
0.0,0.023074105
4.356708826689592,3.7498043
1.791759469228055,1.8419955
2.079441541679836,2.314174
3.49650756146648,3.9637587
1.3862943611198906,1.5190598
0.6931471805599453,1.2542315
4.174387269895637,3.8679705
1.0986122886681096,1.4557916
0.0,-0.090676874
0.6931471805599453,1.4536523
0.0,-0.01832266
0.0,-0.035010807
0.0,-0.011536082
1.0986122886681096,0.90307057
0.0,-0.095021166
4.060443010546419,3.450189
0.0,0.002629666
1.0986122886681096,1.3154088
0.0,0.02302128
1.6094379124341005,1.4863524
4.394449154672439,4.4539557
2.9444389791664403,2.430931
0.0,0.0020495292
0.0,0.005274637
0.0,0.03532459
1.3862943611198906,1.1793128
0.0,0.00570334
0.0,-0.009211614
0.0,-0.009437628
0.0,0.01591575
0.0,-0.0037395316
0.0,-0.006896437
0.0,-0.017071497
0.0,-0.11553659
1.0986122886681096,1.2754914
2.5649493574615367,3.20366
0.0,-0.01568653
0.0,0.0036565938
0.0,-0.019256102
3.828641396489095,3.9068303
5.438079308923196,5.1057596
2.19722457733622,2.4223425
4.382026634673881,4.3645887
0.6931471805599453,0.85867965
0.6931471805599453,4.0415497
3.1780538303479458,3.0829866
0.0,-0.0016571641
1.3862943611198906,1.4695942
0.0,0.0074080294
3.332204510175204,3.1102889
4.927253685157205,4.658162
0.0,-0.0019057619
0.0,0.010993404
4.454347296253507,4.3344245
0.0,0.012096954
4.304065093204169,3.830122
0.0,-0.0023097713
1.9459101490553128,2.559764
0.0,-0.017462566
4.007333185232471,3.9526985
4.304065093204169,4.110184
1.3862943611198906,0.8707933
3.9889840465642745,4.092506
0.0,0.01156644
3.7612001156935615,3.7506108
0.0,-0.009442099
4.990432586778736,4.786286
0.0,-0.0036402075
1.3862943611198906,1.584813
1.0986122886681096,1.0320833
1.0986122886681096,1.3222995
0.0,-0.01729523
0.0,0.0018321704
4.290459441148391,4.2816734
2.19722457733622,2.5519307
0.0,-0.013320075
3.828641396489095,3.7267315
2.19722457733622,1.6185157
0.0,-0.004956769
4.23410650459726,4.384193
0.0,0.0021352617
0.0,-0.00035768622
1.0986122886681096,1.2120243
0.0,-0.0013959205
2.19722457733622,1.1592216
0.0,-0.011954526
0.0,0.016863147
0.0,0.04975576
0.6931471805599453,1.2042006
0.0,-0.008999426
0.0,0.012740442
4.110873864173311,4.5407114
0.0,-0.0055888975
0.0,-0.043569323
0.0,0.018750673
0.6931471805599453,1.1448845
0.0,-0.009197922
0.0,-0.022694224
0.0,0.004973394
0.0,0.009469341
0.0,-0.108223245
0.0,-0.027676877
2.639057329615259,3.864955
0.0,-0.032947265
0.0,-0.012761687
0.0,0.0044395137
1.791759469228055,1.2055005
3.8918202981106265,3.8415875
4.290459441148391,4.2347107
0.0,-0.010525881
4.290459441148391,3.924811
0.0,-0.00058086345
4.5217885770490405,4.2679925
4.158883083359672,3.9484155
0.0,-0.09038021
0.6931471805599453,1.1115023
0.0,0.022991246
2.9444389791664403,2.720631
0.0,-0.010024711
0.0,-0.013235542
3.912023005428146,4.06903
4.465908118654584,4.3223996
0.0,0.03895376
5.262690188904886,5.2798924
0.0,-0.0029573166
0.0,0.008255032
0.0,-0.030063473
3.295836866004329,3.7075295
3.6375861597263857,3.6211135
2.079441541679836,1.8804735
0.0,0.0073624277
0.0,0.018533925
1.3862943611198906,1.1259369
0.0,-0.02600891
0.0,0.10450115
0.0,-0.041102
4.836281906951478,4.4520473
4.5217885770490405,4.6033845
3.9318256327243257,4.055179
0.0,0.01945312
2.079441541679836,1.331932
0.0,0.0052900063
0.0,-0.0025006963
0.0,-0.0152919935
0.0,-0.0016654779
4.48863636973214,3.8489437
4.060443010546419,4.1917305
0.0,0.014758088
0.0,-0.030064132
4.406719247264253,4.038722
4.955827057601261,5.0726333
1.3862943611198906,1.7231599
0.0,-0.0042164787
2.19722457733622,3.4046314
3.7612001156935615,3.9458344
0.0,0.008683193
4.574710978503383,4.4793196
0.6931471805599453,1.3335439
0.0,-0.007620245
4.812184355372417,4.7642603
0.0,-0.005896739
0.0,-0.0052198647
0.0,-0.013462121
2.19722457733622,2.4736927
5.220355825078325,4.416387
0.0,-0.03399562
4.77912349311153,4.2177076
4.276666119016055,4.008269
4.454347296253507,4.357202
0.0,0.0046200515
0.0,0.02284175
1.9459101490553128,2.8354337
0.0,0.0045563797
2.302585092994046,1.5523015
0.0,-0.0017244065
0.0,0.0021851184
3.58351893845611,3.4407325
4.158883083359672,3.1269798
1.0986122886681096,1.3732972
0.0,-0.008022971
0.0,-0.0040604644
3.58351893845611,2.5530205
1.3862943611198906,1.2689683
0.0,0.044775862
2.9444389791664403,3.6919188
0.0,0.009578595
0.0,-0.013370758
0.6931471805599453,0.88116527
2.995732273553991,2.5908287
0.0,0.012522361
2.5649493574615367,1.5456262
3.5263605246161616,3.8699496
0.6931471805599453,1.0120808
0.0,0.01799358
2.19722457733622,2.3286078
0.0,-0.0039639673
0.6931471805599453,1.0964335
2.833213344056216,1.8713017
0.0,-0.0099656135
0.0,0.0141480435
1.0986122886681096,2.5099707
2.70805020110221,2.932869
3.784189633918261,3.836746
4.394449154672439,4.0822277
0.0,-0.009312966
0.6931471805599453,1.2139878
0.0,-0.040805005
4.6443908991413725,3.7784984
0.6931471805599453,1.7567745
0.0,-0.02861977
4.060443010546419,4.1606855
3.218875824868201,1.9142727
3.8712010109078903,4.0283628
0.0,-0.060606025
0.0,0.004650706
3.6375861597263857,3.8464286
4.477336814478207,4.302145
0.0,0.104913875
0.0,-0.024482287
4.477336814478207,4.5196924
0.0,0.013663414
3.912023005428146,4.493434
2.3978952727983707,2.4193912
2.833213344056216,3.69969
1.0986122886681096,1.148196
2.8903717578961645,3.0962346
2.639057329615259,2.6958797
3.713572066704308,3.6528778
0.0,-0.010266329
4.477336814478207,4.0533495
2.772588722239781,3.0549023
0.0,-0.0134863295
0.0,-0.0062110056
0.6931471805599453,1.4472287
0.0,-0.09319825
3.8918202981106265,3.8182044
0.0,0.013021714
0.0,0.017543737
0.0,0.013612077
0.0,-0.06780679
4.736198448394496,4.121355
0.0,-0.020663079
1.791759469228055,2.3330402
0.0,0.020540444
0.6931471805599453,1.2763699
0.0,-0.016409446
0.0,-0.024546156
5.41164605185504,5.303571
1.3862943611198906,1.9958099
4.007333185232471,4.3407545
0.0,0.101393595
0.0,0.003973479
2.4849066497880004,3.4656255
0.0,0.06684557
3.8712010109078903,4.2736855
3.258096538021482,2.6197097
0.0,-0.0049314513
2.833213344056216,2.7996256
2.302585092994046,2.1583364
4.418840607796598,4.536325
3.4657359027997265,3.575344
0.0,-0.0043229847
4.290459441148391,3.878023
0.0,0.09562594
4.219507705176107,4.184493
0.0,0.013792935
0.0,0.003681464
3.4339872044851463,3.2149377
3.1780538303479458,3.579386
0.0,0.003194531
0.6931471805599453,1.6216488
4.663439094112067,4.532378
0.0,-0.00970634
0.0,-0.0023891283
0.0,0.0030166814
2.772588722239781,2.789097
0.0,-0.0068884175
0.0,-0.04542246
0.0,-0.0011553371
0.0,0.00042708288
0.0,-0.039396264
4.442651256490317,4.2171183
4.204692619390966,3.7048728
3.912023005428146,3.980829
3.044522437723423,2.9720898
0.0,-0.044639535
0.0,-0.05169849
0.6931471805599453,1.1320146
4.174387269895637,3.8807945
